{"type":"FeatureCollection","features":[{"type":"Feature","geometry":{"type":"Polygon","coordinates":[[[-96.76928702236334,32.92017870214496],[-96.77121481344203,32.920165934830806],[-96.77128494833376,32.920153253711],[-96.77141579941005,32.920104360570704],[-96.77147405629599,32.92006906835515],[-96.77157077551306,32.91998009691044],[-96.771607419047,32.919928090005165],[-96.77165384124865,32.91981390843083],[-96.77167112021849,32.91968488431886],[-96.77167268437096,32.91960403533606],[-96.7728581882741,32.919598691891665],[-96.77275825740617,32.919794140618386],[-96.77269630849645,32.91988693256187],[-96.7726267694597,32.919975815871595],[-96.77237054481527,32.92024977749591],[-96.77229898684591,32.920340034646046],[-96.77217792455515,32.920531550019554],[-96.77212895171174,32.92063196480085],[-96.772055207299,32.92083989552573],[-96.77201474730657,32.92105423010948],[-96.7720072452675,32.92116262206692],[-96.771974547044,32.92119090027415],[-96.76933025704588,32.92117184843987],[-96.76928160829092,32.921130266295805],[-96.76928702236334,32.92017870214496]]]},"properties":{"sponsor":"dallas_hfc","sponsor_label":"Dallas Housing Finance Corp","owner":"DHFC THE BRISCOE APTS LLC","name":"THE BRISCOE APARTMENTS","address":"12639 COIT RD","city":"DALLAS","value":106516700,"land_value":9407900,"improvement_value":97108800,"exempt":true,"exemption":"OTHER PUBLIC PROPERTY","tax_forgone":2395774,"units":322,"building":"APARTMENT (BRICK EXTERIOR)","year_built":"2016","deed_date":"12/01/2022","accounts":1,"acres":9.0,"dcad_account":"007731000C0020000","street_view":"https://www.google.com/maps/@?api=1&map_action=pano&viewpoint=32.920366,-96.770777"}},{"type":"Feature","geometry":{"type":"Polygon","coordinates":[[[-96.76709796036678,32.88543416561134],[-96.7670920595425,32.88686721732609],[-96.76536831874795,32.886848193913565],[-96.7653742491485,32.88541513817791],[-96.76709796036678,32.88543416561134]]]},"properties":{"sponsor":"local","sponsor_label":"Other Dallas County PFC or HFC","owner":"NTHP MANDERVILLE INC","name":"THE SEVENS APTS","address":"7777 MANDERVILLE LN","city":"DALLAS","value":103388810,"land_value":5517640,"improvement_value":97871170,"exempt":true,"exemption":"OTHER PUBLIC PROPERTY","tax_forgone":2325421,"units":475,"building":"APARTMENT (BRICK EXTERIOR)","year_built":"2024","deed_date":"12/21/2021","accounts":1,"acres":6.33,"dcad_account":"006136000B06B0000","street_view":"https://www.google.com/maps/@?api=1&map_action=pano&viewpoint=32.885834,-96.766234"}},{"type":"Feature","geometry":{"type":"Polygon","coordinates":[[[-96.78878084194695,32.809235535132984],[-96.79012758776666,32.80813435981526],[-96.79072511505706,32.808655905753575],[-96.79027499310355,32.809021211155105],[-96.79018498140542,32.809109348233335],[-96.7900890668736,32.809223106730336],[-96.78998091200972,32.809390815487625],[-96.78942417758753,32.810431310701226],[-96.78925783104106,32.810367172640255],[-96.78878315155359,32.80995063992012],[-96.78876428267804,32.80992695229923],[-96.78875639334362,32.80988492473066],[-96.78877436629902,32.8098451712328],[-96.78913633508175,32.80954639759906],[-96.78878084194695,32.809235535132984]]]},"properties":{"sponsor":"outside","sponsor_label":"HFC from outside Dallas County","owner":"PECOS HOUSING FINANCE CORP","name":"INNOVA","address":"2781 N CARROLL AVE","city":"DALLAS","value":97030000,"land_value":10957500,"improvement_value":86072500,"exempt":false,"exemption":"","tax_forgone":0,"units":430,"building":"APARTMENT (BRICK EXTERIOR)","year_built":"2019","deed_date":"12/06/2024","accounts":1,"acres":5.01,"dcad_account":"002006001801D0000","street_view":"https://www.google.com/maps/@?api=1&map_action=pano&viewpoint=32.809294,-96.789436"}},{"type":"Feature","geometry":{"type":"Polygon","coordinates":[[[-96.7662235920075,32.89479025975538],[-96.76627063595215,32.894670319498246],[-96.76628581559581,32.8946084151863],[-96.76629904051218,32.89448257241808],[-96.76631409039591,32.89340694134516],[-96.76637444012177,32.89231165820576],[-96.76636662018102,32.89216298422326],[-96.76632710598702,32.89201794598552],[-96.76633294734832,32.89199456828237],[-96.7663565323031,32.89195127067393],[-96.76643278374429,32.891856989584994],[-96.7664521026456,32.891814762637246],[-96.76646836141747,32.89172551811013],[-96.76649132272624,32.891677903646986],[-96.76655574278199,32.891623794273244],[-96.76672377382526,32.891564621405884],[-96.76686047516928,32.891529202271926],[-96.76700227167437,32.891513567375945],[-96.76718317611606,32.89152208929134],[-96.76712612561468,32.891937407447756],[-96.76706292259802,32.89255319855399],[-96.76702547456804,32.893170486029874],[-96.76701642462393,32.893479451417804],[-96.76736033155969,32.893484034211795],[-96.76730971282818,32.89723561510599],[-96.76688167027565,32.897265431624454],[-96.7667374949713,32.89724959326907],[-96.7666660689971,32.89723148388803],[-96.76653276709092,32.89717546703961],[-96.7664178209966,32.89709558562261],[-96.76632712422578,32.89699593535267],[-96.76626532692245,32.8968816255278],[-96.76582753691868,32.89574018610161],[-96.76583736244335,32.895623535447804],[-96.76586947361244,32.895509771722004],[-96.7662235920075,32.89479025975538]]]},"properties":{"sponsor":"dallas_hfc","sponsor_label":"Dallas Housing Finance Corp","owner":"DHFC DOMAIN AT MIDTOWN PARK","name":"DWELL AT MIDTOWN  PARK","address":"8169 MIDTOWN BLVD","city":"DALLAS","value":92642800,"land_value":11013740,"improvement_value":81629060,"exempt":true,"exemption":"OTHER PUBLIC PROPERTY","tax_forgone":2083722,"units":395,"building":"APARTMENT (BRICK EXTERIOR)","year_built":"2015","deed_date":"03/14/2024","accounts":1,"acres":14.88,"dcad_account":"007291000A01A0000","street_view":"https://www.google.com/maps/@?api=1&map_action=pano&viewpoint=32.894051,-96.766829"}},{"type":"Feature","geometry":{"type":"Polygon","coordinates":[[[-96.93843678632288,32.876780374356606],[-96.93792269956326,32.876499415065055],[-96.9379094369328,32.8765167158694],[-96.93713909203427,32.87609569980005],[-96.93796683371666,32.875030921113115],[-96.93931835326993,32.87577810246468],[-96.93877964219831,32.87647102610429],[-96.9387057980865,32.87648062464038],[-96.9386445195772,32.87651669587461],[-96.93843678632288,32.876780374356606]]]},"properties":{"sponsor":"outside","sponsor_label":"HFC from outside Dallas County","owner":"PECOS HOUSING FINANCE CORP","name":"JEFFERSON PROMENADE II","address":"515 PROMENADE PKWY","city":"IRVING","value":92000000,"land_value":6724770,"improvement_value":85275230,"exempt":false,"exemption":"","tax_forgone":0,"units":433,"building":"APARTMENT (BRICK EXTERIOR)","year_built":"2020","deed_date":"12/16/2024","accounts":1,"acres":5.14,"dcad_account":"322422200A0020000","street_view":"https://www.google.com/maps/@?api=1&map_action=pano&viewpoint=32.875937,-96.938229"}},{"type":"Feature","geometry":{"type":"Polygon","coordinates":[[[-96.85849695699606,32.759768113728434],[-96.8585309442638,32.758314027876004],[-96.85851592603686,32.758255106623416],[-96.86212845775633,32.75825658282667],[-96.86265583408148,32.759015201546966],[-96.86101162681237,32.75983439440594],[-96.86047462740632,32.759064865362184],[-96.85849851178787,32.760053393192116],[-96.85849695699606,32.759768113728434]]]},"properties":{"sponsor":"dallas_hfc","sponsor_label":"Dallas Housing Finance Corp","owner":"DHFC AXIS KESSLER PARK","name":"AXIS KESSLER PARK","address":"2400 FORT WORTH AVE","city":"DALLAS","value":91492560,"land_value":6591290,"improvement_value":84901270,"exempt":true,"exemption":"OTHER PUBLIC PROPERTY","tax_forgone":2057851,"units":299,"building":"APARTMENT (BRICK EXTERIOR)","year_built":"2017","deed_date":"08/08/2024","accounts":1,"acres":12.61,"dcad_account":"004689000A0010000","street_view":"https://www.google.com/maps/@?api=1&map_action=pano&viewpoint=32.759200,-96.859346"}},{"type":"Feature","geometry":{"type":"Polygon","coordinates":[[[-96.7927153521415,32.78770697843435],[-96.79277716180135,32.786796671150505],[-96.79332876201627,32.787262495902645],[-96.79287862052104,32.78763739281395],[-96.7927153521415,32.78770697843435]]]},"properties":{"sponsor":"dallas_hfc","sponsor_label":"Dallas Housing Finance Corp","owner":"DALLAS CITY OF HOUSING FINANCE CORP","name":"GALBRAITH EXEMPT","address":"2400 BRYAN ST","city":"DALLAS","value":88265320,"land_value":3671880,"improvement_value":84593440,"exempt":true,"exemption":"CITY PROPERTY","tax_forgone":1985264,"units":217,"building":"APARTMENT (BRICK EXTERIOR)","year_built":"2020","deed_date":"07/16/2019","accounts":1,"acres":0.72,"dcad_account":"00000105778000000","street_view":"https://www.google.com/maps/@?api=1&map_action=pano&viewpoint=32.787049,-96.792920"}},{"type":"Feature","geometry":{"type":"Polygon","coordinates":[[[-96.88496927403922,32.8993351509073],[-96.88475557171778,32.89933702893527],[-96.88477414700552,32.89529363612491],[-96.88598259348214,32.89532067530155],[-96.88597834026913,32.89603307598841],[-96.88588945946181,32.8960327306691],[-96.88587871327626,32.898598376441576],[-96.88682250436719,32.89860033964268],[-96.88682131288456,32.898819024356804],[-96.88587741065844,32.89881051155514],[-96.88587284618188,32.8995534523656],[-96.8849684657925,32.899546055371985],[-96.88496927403922,32.8993351509073]]]},"properties":{"sponsor":"dallas_pfc","sponsor_label":"Dallas Public Facility Corp","owner":"DALLAS PUBLIC FACILITY CORP","name":"THE STANDARD AT ROYAL LANE","address":"2737 ROYAL LN","city":"DALLAS","value":86272980,"land_value":4691610,"improvement_value":81581370,"exempt":true,"exemption":"OTHER PUBLIC PROPERTY","tax_forgone":1940452,"units":300,"building":"APARTMENT (BRICK EXTERIOR)","year_built":"2023","deed_date":"06/29/2022","accounts":1,"acres":12.75,"dcad_account":"00000609031000100","street_view":"https://www.google.com/maps/@?api=1&map_action=pano&viewpoint=32.897400,-96.885325"}},{"type":"Feature","geometry":{"type":"Polygon","coordinates":[[[-96.65393665847759,32.97589684696833],[-96.65447614098429,32.97641160755361],[-96.6546613276383,32.976290766764464],[-96.65476252627573,32.97624050800033],[-96.65486734501303,32.976195830401714],[-96.65508609892179,32.976123932585466],[-96.65531398116869,32.97607625921295],[-96.65543493721309,32.97606244290516],[-96.65577142233099,32.97606483586185],[-96.65568045728241,32.97619299013123],[-96.65594919262351,32.97635820974557],[-96.65604884270668,32.97621025969738],[-96.65613084109872,32.976259865306304],[-96.65603109487141,32.976408598862996],[-96.65629983152112,32.976573817716385],[-96.65639982035971,32.97642258311222],[-96.65739739990494,32.97702927363956],[-96.65600440065968,32.9783859272153],[-96.65565873098393,32.9781310167681],[-96.65505040017798,32.97811529389262],[-96.65503473106749,32.97808165076167],[-96.65306421593557,32.978107954514336],[-96.65307630523172,32.97749528104162],[-96.65309615824715,32.97725307319905],[-96.65314745164352,32.97701416837493],[-96.65322956458108,32.97678145703216],[-96.65334150336139,32.97655775467796],[-96.6534819134603,32.97634576780166],[-96.6539255891468,32.975944928324985],[-96.65389984984175,32.97592001132668],[-96.65393665847759,32.97589684696833]],[[-96.6559389194566,32.97652400707901],[-96.65578175050865,32.97667470720325],[-96.65603157345133,32.97685981824644],[-96.65618874567767,32.97670911236275],[-96.6559389194566,32.97652400707901]],[[-96.65561305524298,32.97628254932405],[-96.65546249398892,32.976426915326],[-96.65548196423602,32.97645257905556],[-96.65570570943677,32.97661835802074],[-96.6558628833622,32.97646765531536],[-96.65561305524298,32.97628254932405]]]},"properties":{"sponsor":"local","sponsor_label":"Other Dallas County PFC or HFC","owner":"GARLAND HOUSING FINANCE CO","name":"THE HENDRY APARTMENTS","address":"1759 W CAMPBELL RD","city":"GARLAND (DALLAS CO)","value":84820610,"land_value":9037820,"improvement_value":75782790,"exempt":true,"exemption":"OTHER PUBLIC PROPERTY","tax_forgone":1907785,"units":399,"building":"APARTMENT (BRICK EXTERIOR)","year_built":"2016","deed_date":"07/20/2023","accounts":1,"acres":17.49,"dcad_account":"26212220010010000","street_view":"https://www.google.com/maps/@?api=1&map_action=pano&viewpoint=32.977104,-96.655211"}},{"type":"Feature","geometry":{"type":"Polygon","coordinates":[[[-96.82136892379496,32.76872536139008],[-96.82145846479472,32.76870017765573],[-96.82143350909138,32.76863189019381],[-96.82134274923176,32.76865373793119],[-96.82110604483181,32.768006011611185],[-96.82102891448378,32.767878982166735],[-96.82264390357572,32.76788400965372],[-96.82266010891396,32.76789780189189],[-96.82265619698138,32.76879542058141],[-96.82242227706269,32.76883447957286],[-96.82145399094553,32.7689581410208],[-96.82136892379496,32.76872536139008]]]},"properties":{"sponsor":"dallas_pfc","sponsor_label":"Dallas Public Facility Corp","owner":"DALLAS PUBLIC FACILITY","name":"BANYAN FLATS","address":"2022 N BECKLEY AVE","city":"DALLAS","value":78927450,"land_value":6304880,"improvement_value":72622570,"exempt":true,"exemption":"OTHER PUBLIC PROPERTY","tax_forgone":1775236,"units":289,"building":"APARTMENT (BRICK EXTERIOR)","year_built":"2023","deed_date":"11/20/2023","accounts":1,"acres":3.62,"dcad_account":"003406000204A0000","street_view":"https://www.google.com/maps/@?api=1&map_action=pano&viewpoint=32.768328,-96.821939"}},{"type":"Feature","geometry":{"type":"Polygon","coordinates":[[[-96.5920532218481,32.674363959909854],[-96.59197191903638,32.67407142715997],[-96.5916066614355,32.673444665334266],[-96.59079247689766,32.67294033692461],[-96.59079973598551,32.67245634919115],[-96.59098994253608,32.67170159203855],[-96.58995239069846,32.67134673907609],[-96.58989573685847,32.67143347668956],[-96.5898131784909,32.67139474209708],[-96.59010090928103,32.670973168226965],[-96.59074618360167,32.671269432085964],[-96.59106199235543,32.67135505012456],[-96.59343466311104,32.67247106848782],[-96.59403819109461,32.672799352425244],[-96.59345512988304,32.67336646579439],[-96.59423723270726,32.67387655097607],[-96.59307707522859,32.674832394453574],[-96.59260468206682,32.67443041383286],[-96.59236867185331,32.67442688797835],[-96.59216937633202,32.67444092262361],[-96.5920532218481,32.674363959909854]]]},"properties":{"sponsor":"dallas_hfc","sponsor_label":"Dallas Housing Finance Corp","owner":"DHFC THE CROSSING AT","name":"THE CROSSING AT CLEAR CREEK","address":"14201 C F HAWN FWY","city":"DALLAS","value":77790610,"land_value":4531980,"improvement_value":73258630,"exempt":true,"exemption":"OTHER PUBLIC PROPERTY","tax_forgone":1749666,"units":264,"building":"APARTMENT (FRAME EXTERIOR)","year_built":"2025","deed_date":"07/27/2023","accounts":1,"acres":17.25,"dcad_account":"00881300002660000","street_view":"https://www.google.com/maps/@?api=1&map_action=pano&viewpoint=32.672869,-96.592368"}},{"type":"Feature","geometry":{"type":"Polygon","coordinates":[[[-96.64981011481422,32.86008258026171],[-96.64980746839252,32.859562983712685],[-96.64997193304667,32.85956238384588],[-96.64997227919883,32.859631100994605],[-96.64990551448854,32.85963134016335],[-96.64990778066237,32.86008240048855],[-96.6506959570925,32.86008082489535],[-96.65069239235258,32.85958595292985],[-96.65076315194737,32.85962093419143],[-96.65131531020249,32.85997102000401],[-96.65118818864507,32.86011389038832],[-96.65120367085599,32.86180190751015],[-96.65069242066394,32.86180511356455],[-96.65069255552814,32.8618807856184],[-96.64852801315037,32.86189579690654],[-96.64852449091951,32.86063504795592],[-96.64858201910306,32.8606466405006],[-96.6487904879169,32.86062221492007],[-96.64926948643834,32.86061960596907],[-96.6492680806505,32.860117031270185],[-96.64930892080909,32.86011694990259],[-96.64930882752397,32.86008357945305],[-96.64981011481422,32.86008258026171]]]},"properties":{"sponsor":"local","sponsor_label":"Other Dallas County PFC or HFC","owner":"GARLAND PUBLIC FACILITY CORP","name":"FILAMENTS APTS","address":"4689 SATURN RD","city":"GARLAND (DALLAS CO)","value":77769520,"land_value":4124260,"improvement_value":73645260,"exempt":true,"exemption":"OTHER PUBLIC PROPERTY","tax_forgone":1749192,"units":298,"building":"APARTMENT (BRICK EXTERIOR)","year_built":"2024","deed_date":"06/28/2018","accounts":1,"acres":11.84,"dcad_account":"26157550011R40000","street_view":"https://www.google.com/maps/@?api=1&map_action=pano&viewpoint=32.861224,-96.649862"}},{"type":"Feature","geometry":{"type":"Polygon","coordinates":[[[-97.0217562854831,32.67122301759073],[-97.0227390114348,32.671784468344995],[-97.02234842555214,32.6747485870103],[-97.02034119696769,32.67455746339766],[-97.0205170931142,32.67323613058854],[-97.02112391014941,32.671076017519134],[-97.0217562854831,32.67122301759073]]]},"properties":{"sponsor":"outside","sponsor_label":"HFC from outside Dallas County","owner":"PECOS HOUSING FINANCE CORP","name":"JEFFERSON VINE","address":"1225 IH 20","city":"GRAND PRAIRIE (DALLAS CO)","value":76000000,"land_value":3235310,"improvement_value":72764690,"exempt":false,"exemption":"","tax_forgone":0,"units":380,"building":"APARTMENT (BRICK EXTERIOR)","year_built":"2021","deed_date":"12/20/2024","accounts":1,"acres":16.51,"dcad_account":"28103730010020000","street_view":"https://www.google.com/maps/@?api=1&map_action=pano&viewpoint=32.672996,-97.021585"}},{"type":"Feature","geometry":{"type":"Polygon","coordinates":[[[-96.87281513051339,32.71561776868157],[-96.87407333931735,32.71561312584515],[-96.87410282224423,32.71786942953576],[-96.87284449367245,32.717868215991054],[-96.87281513051339,32.71561776868157]]]},"properties":{"sponsor":"dallas_hfc","sponsor_label":"Dallas Housing Finance Corp","owner":"DHFC ART HOUSE LOFTS","name":"WESTMORELAND STATION","address":"2700 S WESTMORELAND RD","city":"DALLAS","value":74477920,"land_value":1261440,"improvement_value":73216480,"exempt":true,"exemption":"OTHER PUBLIC PROPERTY","tax_forgone":1675157,"units":248,"building":"APARTMENT (FRAME EXTERIOR)","year_built":"2023","deed_date":"07/20/2021","accounts":1,"acres":7.28,"dcad_account":"00000513709000000","street_view":"https://www.google.com/maps/@?api=1&map_action=pano&viewpoint=32.716744,-96.873459"}},{"type":"Feature","geometry":{"type":"Polygon","coordinates":[[[-96.9505218762744,32.858921606117505],[-96.95058301735874,32.85440878682172],[-96.95106269499425,32.85441568349854],[-96.951141489147,32.854437863491526],[-96.95117688064761,32.85445640781851],[-96.95123812582176,32.85450942286572],[-96.9513113650526,32.85462724783037],[-96.95141037604836,32.8547612655924],[-96.95153721740718,32.85489437684307],[-96.95161325882275,32.85496015780744],[-96.95178005369993,32.855078178539124],[-96.9518700657919,32.855129893715066],[-96.95206578306454,32.855218993756765],[-96.95216857914448,32.85525489871583],[-96.952381659689,32.855308584939074],[-96.95260140927724,32.855337322565944],[-96.95390972227821,32.85535838408216],[-96.95388335366059,32.85679253101361],[-96.95336071397678,32.85678601531936],[-96.95335355929565,32.8589377829456],[-96.9505218762744,32.858921606117505]]]},"properties":{"sponsor":"outside","sponsor_label":"HFC from outside Dallas County","owner":"CAMERON COUNTY HOUSING","name":"LAS COLINAS HEIGHTS","address":"3701 N OCONNOR RD","city":"IRVING","value":74420000,"land_value":13197800,"improvement_value":61222200,"exempt":false,"exemption":"","tax_forgone":0,"units":513,"building":"APARTMENT (BRICK EXTERIOR)","year_built":"1980","deed_date":"04/03/2023","accounts":1,"acres":30.31,"dcad_account":"32065600000010000","street_view":"https://www.google.com/maps/@?api=1&map_action=pano&viewpoint=32.856579,-96.952220"}},{"type":"Feature","geometry":{"type":"Polygon","coordinates":[[[-96.82869598204066,32.96853789121809],[-96.82719301851621,32.96852134130139],[-96.82720631062209,32.96766409826478],[-96.82858486215132,32.96766839170994],[-96.82858782257814,32.9675209695159],[-96.82970224482587,32.967527016044976],[-96.82970301357932,32.9680225547614],[-96.82973595800978,32.96824126072961],[-96.82973625537939,32.968431148165905],[-96.82967118314471,32.96848845771977],[-96.82908279104203,32.968514658928044],[-96.82869639286,32.96851016455316],[-96.82869598204066,32.96853789121809]]]},"properties":{"sponsor":"local","sponsor_label":"Other Dallas County PFC or HFC","owner":"GARLAND HOUSING FINANCE","name":"ADDISON KELLER SPRINGS","address":"4800 KELLER SPRINGS RD","city":"ADDISON","value":71044080,"land_value":3843950,"improvement_value":67200130,"exempt":false,"exemption":"","tax_forgone":0,"units":353,"building":"APARTMENT (BRICK EXTERIOR)","year_built":"2012","deed_date":"05/18/2023","accounts":1,"acres":5.9,"dcad_account":"104500000A0010000","street_view":"https://www.google.com/maps/@?api=1&map_action=pano&viewpoint=32.968115,-96.828460"}},{"type":"Feature","geometry":{"type":"Polygon","coordinates":[[[-96.76509805986491,32.843016632562524],[-96.76284165322909,32.843536944516025],[-96.76284432950752,32.842808785368845],[-96.76284752630828,32.8427911195603],[-96.76286456050576,32.84276868220543],[-96.76289228284827,32.84275593268353],[-96.76456528501664,32.84236995266487],[-96.76468402134998,32.84235731111174],[-96.7648022007547,32.84237324330453],[-96.764858103807,32.84239161392735],[-96.76495793952616,32.84244732493835],[-96.76503530041663,32.842524407138704],[-96.76508399627929,32.84261669269352],[-96.76509627764017,32.842666260942494],[-96.76509805986491,32.843016632562524]]]},"properties":{"sponsor":"outside","sponsor_label":"HFC from outside Dallas County","owner":"LA VILLA HOUSING FINANCE CORP","name":"TEAK APTS","address":"4601 AMESBURY DR","city":"DALLAS","value":69000000,"land_value":7493200,"improvement_value":61506800,"exempt":false,"exemption":"","tax_forgone":0,"units":0,"building":"PARKING GARAGE","year_built":"2013","deed_date":"05/19/2025","accounts":1,"acres":4.3,"dcad_account":"005403000A0010000","street_view":"https://www.google.com/maps/@?api=1&map_action=pano&viewpoint=32.842913,-96.763971"}},{"type":"Feature","geometry":{"type":"Polygon","coordinates":[[[-96.76940221618827,32.72094831188074],[-96.7698278340873,32.71932750198831],[-96.76986935335606,32.71922351601635],[-96.76991789744257,32.7191381184012],[-96.77001062151739,32.71902664192283],[-96.77006758583926,32.71897525259917],[-96.77022818673842,32.7188710287522],[-96.77123856586063,32.718381432010176],[-96.77133332223909,32.71852559849891],[-96.77188788087304,32.718256636782236],[-96.77259726566723,32.717956133238594],[-96.77370528184758,32.71741627447067],[-96.77375286026009,32.717663676712746],[-96.77376488859856,32.71778863337792],[-96.7737652525813,32.718039283509164],[-96.77375358712452,32.71816426475863],[-96.77370672679153,32.71841176496648],[-96.77367166500444,32.71853358064984],[-96.77357877589425,32.71877161344443],[-96.77352121245978,32.718887154174155],[-96.77338466507679,32.71910964364931],[-96.77322088286014,32.719318585199325],[-96.77193947395713,32.72063131955979],[-96.77154159401226,32.720348070117495],[-96.77120279440858,32.72068812657968],[-96.77120772197586,32.720808616066634],[-96.77092986308645,32.72098482003201],[-96.77071977917487,32.72105031806003],[-96.77070182433293,32.7210119819327],[-96.76985892726557,32.721289618459885],[-96.7696275659258,32.721315162398064],[-96.76952186810907,32.72117939064927],[-96.76937200305152,32.72117278403512],[-96.76940221618827,32.72094831188074]]]},"properties":{"sponsor":"dallas_hfc","sponsor_label":"Dallas Housing Finance Corp","owner":"DHFC THE TERRACE AT SOUTHERN","name":"TERRACE AT SOUTHERN OAKS","address":"3324 SOUTHERN OAKS BLVD","city":"DALLAS","value":64721160,"land_value":1438260,"improvement_value":63282900,"exempt":true,"exemption":"OTHER PUBLIC PROPERTY","tax_forgone":1455708,"units":300,"building":"APARTMENT (BRICK EXTERIOR)","year_built":"2024","deed_date":"07/28/2022","accounts":1,"acres":22.0,"dcad_account":"00609100040010000","street_view":"https://www.google.com/maps/@?api=1&map_action=pano&viewpoint=32.719361,-96.771493"}},{"type":"Feature","geometry":{"type":"Polygon","coordinates":[[[-96.8269572074298,32.82528090575804],[-96.824857073641,32.82706441685076],[-96.82452027756531,32.826781859830106],[-96.82381921083544,32.82616543660485],[-96.82590836931581,32.824400532879636],[-96.82595433656064,32.82440033768523],[-96.82695706637577,32.82524203886451],[-96.8269572074298,32.82528090575804]]]},"properties":{"sponsor":"outside","sponsor_label":"HFC from outside Dallas County","owner":"PECOS HOUSING FINANCE CORP","name":"KADE","address":"3301 HUDNALL ST","city":"DALLAS","value":64000000,"land_value":20913150,"improvement_value":43086850,"exempt":false,"exemption":"","tax_forgone":0,"units":348,"building":"APARTMENT (BRICK EXTERIOR)","year_built":"2014","deed_date":"05/16/2025","accounts":1,"acres":9.64,"dcad_account":"005703004A0010000","street_view":"https://www.google.com/maps/@?api=1&map_action=pano&viewpoint=32.825723,-96.825390"}},{"type":"Feature","geometry":{"type":"Polygon","coordinates":[[[-96.66204454187296,32.97031552950572],[-96.66420196489902,32.97038685011206],[-96.66424258408429,32.97052540368398],[-96.66504847538292,32.97213337214023],[-96.66508816929623,32.97225055890672],[-96.66514544783888,32.972489383108815],[-96.6651727566515,32.97273194889846],[-96.66516754512195,32.9734712807556],[-96.66201208731276,32.97345777389844],[-96.66204454187296,32.97031552950572]]]},"properties":{"sponsor":"outside","sponsor_label":"HFC from outside Dallas County","owner":"PLEASANTON HOUSING FINANCE CORP","name":"EQUINOX ON THE PARK","address":"6200 N SHILOH RD","city":"GARLAND (DALLAS CO)","value":64000000,"land_value":4748570,"improvement_value":59251430,"exempt":false,"exemption":"","tax_forgone":0,"units":338,"building":"APARTMENT (BRICK EXTERIOR)","year_built":"1999","deed_date":"03/20/2025","accounts":1,"acres":22.4,"dcad_account":"26174700010010000","street_view":"https://www.google.com/maps/@?api=1&map_action=pano&viewpoint=32.971954,-96.663499"}},{"type":"Feature","geometry":{"type":"Polygon","coordinates":[[[-96.6569452340391,32.9776730941791],[-96.65688101068076,32.97773617225157],[-96.65676117637395,32.97764987206551],[-96.65793009145064,32.97650965702252],[-96.65866532335039,32.97695365489325],[-96.65912610314987,32.97728923203073],[-96.65851716837649,32.977881698453274],[-96.65852025137023,32.97791545618363],[-96.65841542327652,32.9779810415319],[-96.65803840072016,32.97835127961533],[-96.65804036800967,32.97841913853647],[-96.65801347115077,32.97844577287743],[-96.6569452340391,32.9776730941791]]]},"properties":{"sponsor":"local","sponsor_label":"Other Dallas County PFC or HFC","owner":"GARLAND HOUSING FINANCE CORP","name":"OFFICE SPACE","address":"6868 N PRESIDENT GEORGE BUSH HWY","city":"GARLAND (DALLAS CO)","value":63808180,"land_value":2908160,"improvement_value":60900020,"exempt":true,"exemption":"OTHER PUBLIC PROPERTY","tax_forgone":1435174,"units":0,"building":"OFFICE BUILDING","year_built":"2024","deed_date":"12/21/2021","accounts":1,"acres":5.73,"dcad_account":"26C57050000000001","street_view":"https://www.google.com/maps/@?api=1&map_action=pano&viewpoint=32.977470,-96.657943"}},{"type":"Feature","geometry":{"type":"Polygon","coordinates":[[[-96.77163938190299,32.918452317302794],[-96.77089230977572,32.91854063227485],[-96.77066852405416,32.9185393516584],[-96.77044753666138,32.91850956876568],[-96.77033968355539,32.91848417741276],[-96.77013235462441,32.9184131237962],[-96.76994013376897,32.91831646593719],[-96.7696741154536,32.918152050172154],[-96.76957968191931,32.918106160062614],[-96.76938101022465,32.91803077404417],[-96.7693489188321,32.91799137655034],[-96.76935075630035,32.91784650141031],[-96.76946249507877,32.91783275276267],[-96.76946389122392,32.917722810780276],[-96.76927053272468,32.91774660155407],[-96.76927825499591,32.91713796600169],[-96.77132628854702,32.91715643639295],[-96.77135821740679,32.91734100941228],[-96.77146121189305,32.91742232547373],[-96.77163938190299,32.918452317302794]]]},"properties":{"sponsor":"outside","sponsor_label":"HFC from outside Dallas County","owner":"PLEASANTON HOUSING FINANCE","name":"7900 AT PARK CENTRAL","address":"7900 CHURCHILL WAY","city":"DALLAS","value":62500000,"land_value":9044370,"improvement_value":53455630,"exempt":false,"exemption":"","tax_forgone":0,"units":308,"building":"APARTMENT (BRICK EXTERIOR)","year_built":"1998","deed_date":"03/03/2025","accounts":1,"acres":7.0,"dcad_account":"007731000A0020000","street_view":"https://www.google.com/maps/@?api=1&map_action=pano&viewpoint=32.917805,-96.770496"}},{"type":"Feature","geometry":{"type":"Polygon","coordinates":[[[-96.76735376986954,32.67418486565599],[-96.76732502666538,32.67370951481524],[-96.7686024327277,32.673643280172435],[-96.76860293955664,32.67406860705213],[-96.7692614051052,32.67374966154934],[-96.77016017046545,32.67515406697713],[-96.77064477531022,32.67585398088644],[-96.76767883671594,32.677219167875016],[-96.76632892970072,32.67527308598203],[-96.76684473412698,32.67503044546797],[-96.76699710065425,32.67492736483835],[-96.76712664069895,32.67480396051943],[-96.76722961656387,32.67466379326738],[-96.7673030570877,32.67451090750484],[-96.76734484336498,32.6743497146161],[-96.76735376986954,32.67418486565599]]]},"properties":{"sponsor":"dallas_hfc","sponsor_label":"Dallas Housing Finance Corp","owner":"DHFC THE TERRACE AT HIGHLAND","name":"THE TERRACE AT HIGHLAND HILLS","address":"5761 HIGHLAND HILLS DR","city":"DALLAS","value":62303970,"land_value":686280,"improvement_value":61617690,"exempt":true,"exemption":"OTHER PUBLIC PROPERTY","tax_forgone":1401341,"units":300,"building":"APARTMENT (BRICK EXTERIOR)","year_built":"2024","deed_date":"07/27/2023","accounts":1,"acres":22.88,"dcad_account":"00000639602000000","street_view":"https://www.google.com/maps/@?api=1&map_action=pano&viewpoint=32.675428,-96.768393"}},{"type":"Feature","geometry":{"type":"Polygon","coordinates":[[[-96.58613843377043,32.71824408911978],[-96.5860695153949,32.71790875676498],[-96.58601768375715,32.717749434961874],[-96.58576364786325,32.7172433760786],[-96.58603234658972,32.71713354579593],[-96.58628802932056,32.71700339121412],[-96.58652855070788,32.71685400444756],[-96.58686153416537,32.71660855633085],[-96.58713534571525,32.71684354937138],[-96.58702183785584,32.71693806656883],[-96.58820640703102,32.71795467536657],[-96.58842254872707,32.71815881735221],[-96.58748025020995,32.718934092733136],[-96.58679966680093,32.71834294885073],[-96.58632964257974,32.71873283998657],[-96.5862714642604,32.718613709968906],[-96.58617574925208,32.718369051746905],[-96.58613843377043,32.71824408911978]]]},"properties":{"sponsor":"local","sponsor_label":"Other Dallas County PFC or HFC","owner":"BALCH SPRINGS PUBLIC FACILITY CORPORATION","name":"PARMORE  ARCADIA TRAILS","address":"1501 MERCURY RD","city":"BALCH SPRINGS","value":59349180,"land_value":810600,"improvement_value":58538580,"exempt":true,"exemption":"OTHER PUBLIC PROPERTY","tax_forgone":1334882,"units":200,"building":"SENIOR CITIZEN HOUSING","year_built":"2022","deed_date":"08/31/2021","accounts":1,"acres":8.14,"dcad_account":"12055450000010000","street_view":"https://www.google.com/maps/@?api=1&map_action=pano&viewpoint=32.717804,-96.587041"}},{"type":"Feature","geometry":{"type":"Polygon","coordinates":[[[-97.00878455759599,32.75997590830161],[-97.00828359922438,32.7599696042925],[-97.00839002119169,32.76005963448468],[-97.00838999357438,32.76007337785125],[-97.00867997472157,32.76008080013302],[-97.00868000229399,32.76006705676643],[-97.00878455759599,32.75997590830161],[-97.01052199480219,32.760018127678194],[-97.00962193634706,32.76104147886103],[-97.00904204888704,32.762050847362254],[-97.00825471940684,32.762997743675534],[-97.00806654858616,32.764648555750014],[-97.00731856286107,32.76474132977829],[-97.00723834919425,32.7641477480173],[-97.00725900923216,32.763571086589224],[-97.00729054876174,32.761557629413545],[-97.00730535090644,32.76107696324036],[-97.00731019886456,32.75994076016747],[-97.00878455759599,32.75997590830161]]]},"properties":{"sponsor":"local","sponsor_label":"Other Dallas County PFC or HFC","owner":"GRAND PRAIRIE HOUSING FINANCE","name":"DERBY PARK","address":"606 W IH 30","city":"GRAND PRAIRIE (DALLAS CO)","value":59085000,"land_value":1746760,"improvement_value":57338240,"exempt":true,"exemption":"OTHER PUBLIC PROPERTY","tax_forgone":1328940,"units":360,"building":"APARTMENT (BRICK EXTERIOR)","year_built":"1984","deed_date":"06/28/2024","accounts":1,"acres":20.0,"dcad_account":"28069670000000000","street_view":"https://www.google.com/maps/@?api=1&map_action=pano&viewpoint=32.762509,-97.007966"}},{"type":"Feature","geometry":{"type":"Polygon","coordinates":[[[-96.68869289258579,32.84495607508311],[-96.68914235985369,32.844587384285305],[-96.68921904448112,32.84465410396811],[-96.68930647653208,32.8445823841699],[-96.68952084559317,32.844533854052855],[-96.68955465431982,32.84450613990638],[-96.6902274098773,32.84504726873828],[-96.6901866900596,32.84508026396602],[-96.69153241857009,32.846236253642516],[-96.68906720749995,32.846234344920546],[-96.68869289258579,32.84495607508311]]]},"properties":{"sponsor":"dallas_pfc","sponsor_label":"Dallas Public Facility Corp","owner":"DALLAS PUBLIC FACILITY","name":"THE HAYDEN GARAGE 80%","address":"10715 GARLAND RD","city":"DALLAS","value":58447360,"land_value":1896670,"improvement_value":56550690,"exempt":true,"exemption":"OTHER PUBLIC PROPERTY","tax_forgone":1314598,"units":0,"building":"PARKING GARAGE","year_built":"2025","deed_date":"10/27/2023","accounts":1,"acres":7.21,"dcad_account":"005361000Y0010000","street_view":"https://www.google.com/maps/@?api=1&map_action=pano&viewpoint=32.845314,-96.689633"}},{"type":"Feature","geometry":{"type":"Polygon","coordinates":[[[-96.88130978680518,32.65859645234555],[-96.87929649316894,32.65896261808002],[-96.87901622075871,32.65782291889083],[-96.88068451725229,32.65751671043312],[-96.88077732869985,32.657479456903154],[-96.88079937655645,32.65746153549914],[-96.88081689436676,32.65742591501449],[-96.88080601650091,32.657375717831876],[-96.88092627433811,32.65747967082385],[-96.88097723454011,32.65753834039804],[-96.88105857464762,32.657666483607414],[-96.88108823728673,32.65773482730919],[-96.88130978680518,32.65859645234555]]]},"properties":{"sponsor":"dallas_hfc","sponsor_label":"Dallas Housing Finance Corp","owner":"DHFC REDBIRD LANDOWNER LLC","name":"PALLADIUM REDBIRD","address":"7202 S WESTMORELAND RD","city":"DALLAS","value":57273500,"land_value":1339030,"improvement_value":55934470,"exempt":true,"exemption":"OTHER PUBLIC PROPERTY","tax_forgone":1288196,"units":300,"building":"APARTMENT (BRICK EXTERIOR)","year_built":"2020","deed_date":"03/15/2021","accounts":1,"acres":6.14,"dcad_account":"00693100A10030000","street_view":"https://www.google.com/maps/@?api=1&map_action=pano&viewpoint=32.658210,-96.880162"}},{"type":"Feature","geometry":{"type":"Polygon","coordinates":[[[-96.81092355918017,32.9452227606149],[-96.81098552510872,32.94509614354164],[-96.81102303574303,32.94496287159111],[-96.81103515256942,32.94482627961511],[-96.81103948823585,32.94456036503938],[-96.81106852748634,32.94445992336172],[-96.81113024133256,32.94435720898291],[-96.8113378412943,32.94410168050522],[-96.81147442190608,32.94414590135468],[-96.81218282464691,32.944139861468805],[-96.81249670888302,32.94428388445538],[-96.81249476465032,32.944259641812664],[-96.81314667862252,32.944253414055126],[-96.81312896160894,32.943758875899135],[-96.81429445294832,32.94370990488168],[-96.81435102899404,32.94416584285262],[-96.81438989840568,32.94436624976152],[-96.81445604196902,32.9445615102511],[-96.8145485690873,32.94474899469553],[-96.8126642246195,32.945187212190795],[-96.81282686426549,32.94570493977726],[-96.81261588894681,32.94564676625527],[-96.81234709879142,32.945812869077045],[-96.81218495846188,32.945739237349834],[-96.81181400891238,32.945797540957784],[-96.8116589221093,32.945675201761155],[-96.80982748228142,32.94533241318071],[-96.80986506402412,32.94526545603722],[-96.80994018773019,32.94497180806958],[-96.81002632954721,32.94486080744723],[-96.81043007277957,32.94506807294718],[-96.81064147021974,32.94510807377271],[-96.81062055499059,32.94516542794742],[-96.81092355918017,32.9452227606149]]]},"properties":{"sponsor":"outside","sponsor_label":"HFC from outside Dallas County","owner":"LA VILLA HOUSING FINANCE CORP","name":"LANA (ECU)","address":"14332 MONTFORT DR","city":"DALLAS","value":56084600,"land_value":8218460,"improvement_value":47866140,"exempt":false,"exemption":"","tax_forgone":0,"units":336,"building":"APARTMENT (BRICK EXTERIOR)","year_built":"1993","deed_date":"05/19/2025","accounts":1,"acres":12.44,"dcad_account":"008166000B01B0000","street_view":"https://www.google.com/maps/@?api=1&map_action=pano&viewpoint=32.944786,-96.812665"}},{"type":"Feature","geometry":{"type":"Polygon","coordinates":[[[-96.95854834111229,32.67637268567375],[-96.9583157875658,32.67607857079272],[-96.95849879401833,32.67575350908698],[-96.95869546242298,32.67377779606682],[-96.96115764160224,32.67335512448176],[-96.96115504935923,32.67318727133873],[-96.96228698689839,32.67299764575089],[-96.96292812238063,32.67457158122762],[-96.96285766908349,32.674678407284766],[-96.96269402233393,32.674895395159574],[-96.96255507694256,32.67512437211453],[-96.96249525639537,32.67524273336694],[-96.96191913989092,32.67653866578838],[-96.96055690461547,32.676530184759635],[-96.96021330744964,32.67637603798409],[-96.95990237364734,32.67652149871523],[-96.95901968858315,32.67650873345416],[-96.95854834111229,32.67637268567375]]]},"properties":{"sponsor":"dallas_pfc","sponsor_label":"Dallas Public Facility Corp","owner":"DALLAS PUBLIC FACILITY CORPORATION","name":"ASCENT AT MOUNTAIN CREEK","address":"4868 S MERRIFIELD RD","city":"DALLAS","value":56000000,"land_value":1430550,"improvement_value":54569450,"exempt":true,"exemption":"OTHER PUBLIC PROPERTY","tax_forgone":1259552,"units":324,"building":"APARTMENT (BRICK EXTERIOR)","year_built":"2023","deed_date":"10/04/2022","accounts":1,"acres":31.21,"dcad_account":"00611302110160000","street_view":"https://www.google.com/maps/@?api=1&map_action=pano&viewpoint=32.674706,-96.960710"}},{"type":"Feature","geometry":{"type":"Polygon","coordinates":[[[-96.87176725510585,32.70821964448594],[-96.86593669637918,32.70822537446771],[-96.86597136301489,32.70581103923243],[-96.86716971077097,32.70581486274899],[-96.86748686298078,32.705783154894846],[-96.86836426292642,32.70563768052111],[-96.86857726437336,32.70562739195744],[-96.86890659568716,32.70564277130316],[-96.86901967429523,32.705657099450754],[-96.86913036143658,32.705681343643015],[-96.86932308277262,32.70575058645869],[-96.86946680546369,32.7058295678375],[-96.86977030815531,32.7060479991862],[-96.86986451895889,32.70610509518268],[-96.87002798220904,32.706179592738415],[-96.87020321696052,32.70623155360281],[-96.87042707011335,32.706262636238876],[-96.8706333115079,32.70625906356131],[-96.87082834255573,32.706227074784],[-96.87115977938336,32.70613691803987],[-96.87125234963197,32.706124750456866],[-96.87135936412055,32.70612263995742],[-96.87149191483424,32.706137717294034],[-96.87161935432171,32.70617202739534],[-96.87173781133362,32.70622452575115],[-96.87184016301751,32.706290888216486],[-96.87177513917148,32.70635168690166],[-96.87176725510585,32.70821964448594]]]},"properties":{"sponsor":"local","sponsor_label":"Other Dallas County PFC or HFC","owner":"TEXAS ESSENTIAL HOUSING","name":"THE MUSE","address":"3035 W PENTAGON PKWY","city":"DALLAS","value":55978130,"land_value":5971500,"improvement_value":50006630,"exempt":true,"exemption":"OTHER PUBLIC PROPERTY","tax_forgone":1259060,"units":547,"building":"APARTMENT (BRICK EXTERIOR)","year_built":"1969","deed_date":"10/24/2023","accounts":1,"acres":34.56,"dcad_account":"00000513763000000","street_view":"https://www.google.com/maps/@?api=1&map_action=pano&viewpoint=32.707039,-96.868863"}},{"type":"Feature","geometry":{"type":"Polygon","coordinates":[[[-96.80752058791393,32.945125575400674],[-96.80750404954497,32.94512413839407],[-96.80745991347698,32.945662211069234],[-96.80815801395705,32.945756411872004],[-96.80820604111064,32.945455812952595],[-96.80823968942633,32.9451828005809],[-96.80827407099461,32.944883080200164],[-96.80829481947777,32.94459990672912],[-96.80935710471154,32.94503574008823],[-96.80939963300914,32.94506421184487],[-96.80939134448873,32.94505699034401],[-96.80948268438904,32.94491736062239],[-96.81022266637719,32.94360306348503],[-96.81025309806259,32.943563638259796],[-96.81029505435802,32.94352973965921],[-96.81032480080523,32.94348808822391],[-96.81033823524375,32.943439607318155],[-96.81034776525306,32.94335012739861],[-96.81069933881312,32.94334912773158],[-96.81069944612017,32.94340410041805],[-96.81055275235211,32.94340430215627],[-96.81055285791234,32.94345927619454],[-96.8104041100274,32.943459480142316],[-96.81038544782012,32.94352746909431],[-96.81034791669263,32.94357724489763],[-96.8102938309889,32.943614652400235],[-96.81025243891233,32.94369938690845],[-96.8095384098551,32.94495307635122],[-96.80944464497938,32.94509557482044],[-96.80986506402412,32.94526545603722],[-96.80980033013131,32.94539656346253],[-96.80969456145272,32.94544197764704],[-96.8097150740144,32.945677483256326],[-96.80968522460107,32.94587458595871],[-96.8095281759969,32.945935379270125],[-96.80957282315131,32.94607035688661],[-96.80965235482667,32.94617664046211],[-96.80969867295181,32.94633828441206],[-96.80982622822967,32.94632244858052],[-96.80985485515639,32.946565712050315],[-96.80983150555944,32.9467322222616],[-96.80953608051155,32.94696486669973],[-96.80952660608581,32.94746126182492],[-96.80919905704631,32.94719129662756],[-96.80855142718133,32.94739474411088],[-96.80749306241914,32.94723834134058],[-96.80710081172288,32.94689992692298],[-96.80710679491553,32.946443012813226],[-96.80607051129007,32.94629967809906],[-96.80648317957551,32.944091890229764],[-96.80744301389744,32.94424907897233],[-96.80758086267038,32.94430584598447],[-96.80761978984239,32.94397786132995],[-96.80767486476873,32.94398305469232],[-96.80752058791393,32.945125575400674]]]},"properties":{"sponsor":"outside","sponsor_label":"HFC from outside Dallas County","owner":"LA VILLA HOUSING FINANCE CORP","name":"LANA (ECU)","address":"5711 PRESTON OAKS RD","city":"DALLAS","value":54415400,"land_value":9982100,"improvement_value":44433300,"exempt":false,"exemption":"","tax_forgone":0,"units":326,"building":"APARTMENT (BRICK EXTERIOR)","year_built":"1995","deed_date":"05/19/2025","accounts":1,"acres":20.34,"dcad_account":"008166000F01B0000","street_view":"https://www.google.com/maps/@?api=1&map_action=pano&viewpoint=32.945409,-96.808980"}},{"type":"Feature","geometry":{"type":"Polygon","coordinates":[[[-96.88913422575705,32.66701218027731],[-96.89121969073794,32.66699519773211],[-96.8912267326498,32.66931971921733],[-96.88713011287425,32.669336613693865],[-96.88714189686948,32.669284039455526],[-96.88712934913434,32.66900636004984],[-96.88713920825398,32.66889778413178],[-96.88712838720673,32.66859096632235],[-96.88712745071743,32.66818688399048],[-96.88713524422012,32.66807141817598],[-96.88712654613558,32.66779608422622],[-96.88712478811058,32.66703870470155],[-96.88913422575705,32.66701218027731]]]},"properties":{"sponsor":"outside","sponsor_label":"HFC from outside Dallas County","owner":"PECOS HOUSING FINANCE CORPORATION","name":"ARBORSTONE II   CORAL CREEK APTS","address":"6500 S COCKRELL HILL RD","city":"DALLAS","value":53500000,"land_value":4778960,"improvement_value":48721040,"exempt":false,"exemption":"","tax_forgone":0,"units":0,"building":"OFFICE BUILDING","year_built":"1983","deed_date":"04/03/2025","accounts":1,"acres":24.34,"dcad_account":"006938000A01A0000","street_view":"https://www.google.com/maps/@?api=1&map_action=pano&viewpoint=32.668156,-96.889177"}},{"type":"Feature","geometry":{"type":"Polygon","coordinates":[[[-96.8995778755762,32.752670696219916],[-96.89959922779205,32.753169184225804],[-96.89989489230658,32.75376569945988],[-96.89917113714228,32.75401170018935],[-96.89866614575872,32.75261457004602],[-96.89843678418048,32.75188046746713],[-96.89812942352636,32.75067321945107],[-96.8976850240346,32.74996644484076],[-96.89859015903889,32.74997960005693],[-96.89909194480313,32.75002952187537],[-96.9007230090093,32.75007560493631],[-96.9019997209075,32.750302603072996],[-96.90138893007713,32.750851542469746],[-96.90098291804112,32.75066103812204],[-96.90025802344705,32.75112166977544],[-96.89963641301156,32.75124236856696],[-96.89948616088958,32.7515051959057],[-96.89970403065925,32.752146149277706],[-96.89975009470072,32.75233769732448],[-96.8995778755762,32.752670696219916]]]},"properties":{"sponsor":"outside","sponsor_label":"HFC from outside Dallas County","owner":"PECOS HOUSING FINANCE CORP","name":"THE ABBOTT","address":"4599 W DAVIS ST","city":"DALLAS","value":53500000,"land_value":7078500,"improvement_value":46421500,"exempt":false,"exemption":"","tax_forgone":0,"units":332,"building":"APARTMENT (BRICK EXTERIOR)","year_built":"2003","deed_date":"05/15/2025","accounts":1,"acres":16.23,"dcad_account":"007209000A0040000","street_view":"https://www.google.com/maps/@?api=1&map_action=pano&viewpoint=32.752013,-96.899069"}},{"type":"Feature","geometry":{"type":"Polygon","coordinates":[[[-96.99660837679642,32.676859507010775],[-96.99659730061532,32.67575534640484],[-96.99589934298865,32.67574784732342],[-96.99455052884312,32.675762978277895],[-96.99453041397,32.674262090765595],[-96.99801269463983,32.674917325173446],[-96.99808108548534,32.67498844358051],[-96.99809294255382,32.676092873097296],[-96.99803697603569,32.67633213320403],[-96.99804182813558,32.676755740713304],[-96.99794748490318,32.67680784582738],[-96.99707385016798,32.676810741030316],[-96.99698441595282,32.676838643237176],[-96.99660837679642,32.676859507010775]]]},"properties":{"sponsor":"local","sponsor_label":"Other Dallas County PFC or HFC","owner":"GRAND PRAIRIE HOUSING FINANCE CORP","name":"PRAIRIE GATE APTS","address":"3951 DECHMAN DR","city":"GRAND PRAIRIE (DALLAS CO)","value":52300000,"land_value":3162450,"improvement_value":49137550,"exempt":true,"exemption":"OTHER PUBLIC PROPERTY","tax_forgone":1176332,"units":264,"building":"APARTMENT (BRICK EXTERIOR)","year_built":"2018","deed_date":"05/23/2025","accounts":1,"acres":14.52,"dcad_account":"281865500A0010000","street_view":"https://www.google.com/maps/@?api=1&map_action=pano&viewpoint=32.675551,-96.996317"}},{"type":"Feature","geometry":{"type":"Polygon","coordinates":[[[-96.56719406449402,32.85041943838151],[-96.56608068614288,32.850405062036224],[-96.5663173838064,32.84860816059491],[-96.56769656466066,32.84862562494906],[-96.56802287042542,32.848660124042205],[-96.56827597476074,32.84866340307036],[-96.56827449303096,32.848717885340186],[-96.56828139319444,32.84871801856881],[-96.56826511463437,32.849316604924965],[-96.56788649148231,32.84967362853713],[-96.56720687089408,32.849943197251264],[-96.56719406449402,32.85041943838151]]]},"properties":{"sponsor":"local","sponsor_label":"Other Dallas County PFC or HFC","owner":"GARLAND HOUSING FINANCE CORPORATION","name":"THE OLSEN","address":"4245 BOBTOWN RD","city":"GARLAND (DALLAS CO)","value":52278080,"land_value":656910,"improvement_value":51621170,"exempt":true,"exemption":"OTHER PUBLIC PROPERTY","tax_forgone":1175839,"units":238,"building":"APARTMENT (FRAME EXTERIOR)","year_built":"2024","deed_date":"08/07/2023","accounts":1,"acres":7.54,"dcad_account":"26586750010010000","street_view":"https://www.google.com/maps/@?api=1&map_action=pano&viewpoint=32.849476,-96.567141"}},{"type":"Feature","geometry":{"type":"Polygon","coordinates":[[[-96.83035339915027,32.74815688103562],[-96.83198232900011,32.7481633455961],[-96.83201495594494,32.748190962248785],[-96.83201603702759,32.748490161174225],[-96.83032204698472,32.748483439048684],[-96.83032097161123,32.74818424010839],[-96.83035339915027,32.74815688103562]]]},"properties":{"sponsor":"dallas_pfc","sponsor_label":"Dallas Public Facility Corp","owner":"DALLAS PUBLIC FACILITY CORP","name":"COPPER BISHOP APARTMENTS","address":"505 W 8TH ST","city":"DALLAS","value":51880290,"land_value":4017000,"improvement_value":47863290,"exempt":true,"exemption":"OTHER PUBLIC PROPERTY","tax_forgone":1166891,"units":232,"building":"APARTMENT (BRICK EXTERIOR)","year_built":"2024","deed_date":"12/29/2023","accounts":1,"acres":1.42,"dcad_account":"003144000401A0000","street_view":"https://www.google.com/maps/@?api=1&map_action=pano&viewpoint=32.748337,-96.831169"}},{"type":"Feature","geometry":{"type":"Polygon","coordinates":[[[-96.73032664022685,32.8811739296746],[-96.73408256851096,32.88128646235931],[-96.73391635652688,32.88040627418112],[-96.73389229593484,32.88037693537489],[-96.73393274563628,32.880385902888875],[-96.73397312440014,32.88037671057029],[-96.73400273959537,32.880351792621546],[-96.73401261529065,32.88030590393014],[-96.73436658908811,32.880318820247496],[-96.73465560210042,32.88039281199442],[-96.73458467960361,32.88105258801763],[-96.73454133722568,32.88135892169215],[-96.73443175799422,32.88196893800164],[-96.73418767860949,32.88192404730794],[-96.73418060116995,32.881762520028914],[-96.73352322372195,32.881721634259364],[-96.73359536520604,32.88186508854845],[-96.73357090490586,32.88191537982507],[-96.73328790927064,32.88191213378731],[-96.73322666243598,32.88207698009629],[-96.73280010395595,32.882719794830464],[-96.73258859911279,32.88292187485715],[-96.73259294605381,32.88312068795659],[-96.73039884554312,32.883100968030156],[-96.73032156663655,32.882899272052825],[-96.73025386878267,32.882588199395855],[-96.73023138304383,32.882431171479375],[-96.73020932580128,32.88211544578163],[-96.73020979112333,32.88195727629069],[-96.73023370555761,32.881641646862505],[-96.7302571145739,32.8814847150461],[-96.73032664022685,32.8811739296746]]]},"properties":{"sponsor":"outside","sponsor_label":"HFC from outside Dallas County","owner":"PECOS HOUSING FINANCE CORP","name":"KENDRICK","address":"7324 SKILLMAN ST","city":"DALLAS","value":50500000,"land_value":10807920,"improvement_value":39692080,"exempt":false,"exemption":"","tax_forgone":0,"units":405,"building":"APARTMENT (BRICK EXTERIOR)","year_built":"1984","deed_date":"04/02/2025","accounts":1,"acres":16.82,"dcad_account":"008125000501D0000","street_view":"https://www.google.com/maps/@?api=1&map_action=pano&viewpoint=32.881699,-96.731877"}},{"type":"Feature","geometry":{"type":"Polygon","coordinates":[[[-96.96815536911626,32.87866906631655],[-96.96835432848407,32.878541203481845],[-96.9685818079395,32.87855181439653],[-96.96892256525781,32.87853200593111],[-96.97044722957696,32.87829371532313],[-96.97090856033005,32.87805358498914],[-96.97184836251975,32.87933965435838],[-96.97175160749512,32.87939001860851],[-96.97169357730581,32.87931064224155],[-96.97164367363858,32.879336617908926],[-96.97162987149672,32.879317738775065],[-96.97150389339178,32.87938331439005],[-96.97147037237117,32.87933746323799],[-96.97074676258119,32.87971411536708],[-96.97078028334623,32.87975996808639],[-96.97065275069399,32.87982635120556],[-96.97072458072162,32.879924605893564],[-96.97030316529138,32.88014395708265],[-96.97025185786745,32.88007377420401],[-96.96975700281203,32.88033134350757],[-96.96960994668214,32.88024639889733],[-96.96932892068989,32.880061514048336],[-96.969066926581,32.87985769923711],[-96.96882574992755,32.879636343631006],[-96.96860703437684,32.879398955941845],[-96.96841227045023,32.87914715414012],[-96.96813466200618,32.87872055045112],[-96.96815536911626,32.87866906631655]]]},"properties":{"sponsor":"outside","sponsor_label":"HFC from outside Dallas County","owner":"PECOS HOUSING FINANCE","name":"RANCHO MIRAGE","address":"1200 HIDDEN RIDGE DR","city":"IRVING","value":49986730,"land_value":6716650,"improvement_value":43270080,"exempt":false,"exemption":"","tax_forgone":0,"units":310,"building":"APARTMENT (BRICK EXTERIOR)","year_built":"1990","deed_date":"05/08/2025","accounts":1,"acres":11.83,"dcad_account":"32023410000020000","street_view":"https://www.google.com/maps/@?api=1&map_action=pano&viewpoint=32.879230,-96.970121"}},{"type":"Feature","geometry":{"type":"Polygon","coordinates":[[[-96.58807148686734,32.71560230803503],[-96.58952910024556,32.71685323405307],[-96.58820640703102,32.71795467536657],[-96.58702183785584,32.71693806656883],[-96.58713534571525,32.71684354937138],[-96.58686153416537,32.71660855633085],[-96.58807148686734,32.71560230803503]]]},"properties":{"sponsor":"local","sponsor_label":"Other Dallas County PFC or HFC","owner":"BALCH SPRINGS PUBLIC FACILITY CORP","name":"TORRINGTON ARCADIA TRAILS APARTMENTS","address":"1001 MERCURY RD","city":"BALCH SPRINGS","value":49702980,"land_value":800000,"improvement_value":48902980,"exempt":true,"exemption":"OTHER PUBLIC PROPERTY","tax_forgone":1117919,"units":250,"building":"APARTMENT (BRICK EXTERIOR)","year_built":"2023","deed_date":"06/24/2022","accounts":1,"acres":8.24,"dcad_account":"12082200000010000","street_view":"https://www.google.com/maps/@?api=1&map_action=pano&viewpoint=32.716731,-96.588195"}},{"type":"Feature","geometry":{"type":"Polygon","coordinates":[[[-96.71190265408141,32.90158063304613],[-96.7121331341422,32.90067522772096],[-96.7121739807577,32.90056791204526],[-96.71223430899491,32.90046733644959],[-96.712312634913,32.90037598128238],[-96.71240698869788,32.900296182457076],[-96.71252779181656,32.900223416071235],[-96.7126898327258,32.90016122073195],[-96.71286368646277,32.90012891249358],[-96.71304172982215,32.90012800387208],[-96.71321604487758,32.90015846370028],[-96.71339181026653,32.90022528718295],[-96.71353432536732,32.90031530311485],[-96.71365138023391,32.90042843092989],[-96.7137378604129,32.90055973142519],[-96.71378696257874,32.90069104549207],[-96.71380492217521,32.900815342458024],[-96.71381708974178,32.90161338789227],[-96.71379553473216,32.90173373662456],[-96.71374990611412,32.90183100497163],[-96.7136812466024,32.90191812862959],[-96.71331707941056,32.9022217651027],[-96.71325299821859,32.902288665875936],[-96.71317309704845,32.90240639036656],[-96.71312191455121,32.90253500099051],[-96.71307874813087,32.90257152186373],[-96.71280239792868,32.902561892679536],[-96.71267220551431,32.90253937827853],[-96.71256179971081,32.90250851559988],[-96.71246102590914,32.90246866408528],[-96.71235020066044,32.90241013926029],[-96.71225847365562,32.90234831470079],[-96.71216409234147,32.9022678405611],[-96.71208228076193,32.90217814491053],[-96.7120219803008,32.9020931566406],[-96.71196693608456,32.90198993481514],[-96.7119315284421,32.901895489656184],[-96.71190539651286,32.9017806419124],[-96.71189685024173,32.901687379703354],[-96.71190265408141,32.90158063304613]]]},"properties":{"sponsor":"outside","sponsor_label":"HFC from outside Dallas County","owner":"PECOS HOUSING FINANCE","name":"THE EMERSON","address":"9900 ADLETA BLVD","city":"DALLAS","value":47000000,"land_value":1682110,"improvement_value":45317890,"exempt":false,"exemption":"","tax_forgone":0,"units":486,"building":"APARTMENT (BRICK EXTERIOR)","year_built":"1986","deed_date":"05/19/2025","accounts":1,"acres":9.4,"dcad_account":"0080690B0001A0000","street_view":"https://www.google.com/maps/@?api=1&map_action=pano&viewpoint=32.901296,-96.712894"}},{"type":"Feature","geometry":{"type":"Polygon","coordinates":[[[-96.76159054564528,32.843524693211386],[-96.76159301629252,32.8428547239089],[-96.76166016360833,32.84230514750164],[-96.76166083766797,32.842122083702456],[-96.76237809546043,32.84195622549953],[-96.76261944194738,32.842697213177345],[-96.76270032557089,32.84269733078027],[-96.76267560641418,32.842746443244145],[-96.76266773508402,32.84279938949094],[-96.76266416701002,32.843769710761585],[-96.76267272777409,32.84400421115217],[-96.76270154852946,32.84424052700896],[-96.76267352532247,32.844267601967395],[-96.76160409006738,32.84426473931084],[-96.7615716292738,32.84423716464343],[-96.76157310645546,32.843836732960405],[-96.76158052230691,32.84380049628293],[-96.76161837039717,32.84374629192703],[-96.76163634909513,32.84370258231784],[-96.76163938778296,32.8435248215899],[-96.76159054564528,32.843524693211386]]]},"properties":{"sponsor":"outside","sponsor_label":"HFC from outside Dallas County","owner":"LA VILLA HOUSING FINANCE CORP","name":"LIVE OAKS AT THE BRANCH","address":"4670 AMESBURY DR","city":"DALLAS","value":46400000,"land_value":10107680,"improvement_value":36292320,"exempt":false,"exemption":"","tax_forgone":0,"units":196,"building":"APARTMENT (BRICK EXTERIOR)","year_built":"2013","deed_date":"05/19/2025","accounts":1,"acres":5.8,"dcad_account":"005403000B0010000","street_view":"https://www.google.com/maps/@?api=1&map_action=pano&viewpoint=32.843303,-96.762129"}},{"type":"Feature","geometry":{"type":"Polygon","coordinates":[[[-97.03366059847421,32.678865008301266],[-97.03362876511196,32.680751613612664],[-97.02992242180338,32.68070696758605],[-97.02975221025905,32.680694922490886],[-97.02966825026945,32.6806814663028],[-97.02939419322475,32.68060482067064],[-97.03005772500448,32.67911533059179],[-97.03028716976206,32.67891689995956],[-97.03036833422244,32.67879074427866],[-97.03153190082897,32.678776747871936],[-97.03366059847421,32.678865008301266]]]},"properties":{"sponsor":"outside","sponsor_label":"HFC from outside Dallas County","owner":"PLEASANTON HOUSING FINANCE","name":"SPRINGS AT GRAND PRAIRIE","address":"2136 SARA JANE PKY","city":"GRAND PRAIRIE (DALLAS CO)","value":46000000,"land_value":8269870,"improvement_value":37730130,"exempt":false,"exemption":"","tax_forgone":0,"units":276,"building":"APARTMENT (BRICK EXTERIOR)","year_built":"2021","deed_date":"02/25/2025","accounts":1,"acres":18.98,"dcad_account":"220334900A0010000","street_view":"https://www.google.com/maps/@?api=1&map_action=pano&viewpoint=32.679883,-97.031684"}},{"type":"Feature","geometry":{"type":"Polygon","coordinates":[[[-96.81925761663777,32.817400414102124],[-96.81858151865764,32.816826053795566],[-96.81858095768669,32.81678660520597],[-96.81986173680254,32.815645009108664],[-96.81990714246434,32.81564449110621],[-96.82022710891947,32.81591467387673],[-96.81965938681726,32.816420553360224],[-96.82005495508857,32.81673305707118],[-96.8193030114583,32.81740000062647],[-96.81925761663777,32.817400414102124]]]},"properties":{"sponsor":"dallas_hfc","sponsor_label":"Dallas Housing Finance Corp","owner":"DHFC THE DYLAN APARTMENTS","name":"THE DYLAN RESIDENCES/ CONDOS & TOWNHOMES","address":"4533 CEDAR SPRINGS RD","city":"DALLAS","value":45870000,"land_value":6537290,"improvement_value":39332710,"exempt":true,"exemption":"OTHER PUBLIC PROPERTY","tax_forgone":1031708,"units":125,"building":"APARTMENT (BRICK EXTERIOR)","year_built":"2008","deed_date":"12/21/2022","accounts":1,"acres":3.32,"dcad_account":"002304000B01A0000","street_view":"https://www.google.com/maps/@?api=1&map_action=pano&viewpoint=32.816585,-96.819346"}},{"type":"Feature","geometry":{"type":"Polygon","coordinates":[[[-96.56854088893925,32.90576285340548],[-96.56689067091061,32.905759086949054],[-96.5668567676315,32.90602721042704],[-96.566189129342,32.906040266898906],[-96.56616591062956,32.905147421291375],[-96.5661755109392,32.90512171582811],[-96.5662067745027,32.90509137636341],[-96.56655607965325,32.905080975527746],[-96.5667944164828,32.90504787497894],[-96.56702494700357,32.90498704630306],[-96.5673711672549,32.904875428936556],[-96.5675567506959,32.904835783157694],[-96.5676513819294,32.90482337395891],[-96.5678424747018,32.90481362536917],[-96.56854325809789,32.90481487372935],[-96.56854088893925,32.90576285340548]]]},"properties":{"sponsor":"outside","sponsor_label":"HFC from outside Dallas County","owner":"PLEASANTON HOUSING FINANCE","name":"ROWLETT STATION APTS BLDG 1 & 2","address":"3601 MELCER DR","city":"ROWLETT (DALLAS CO)","value":45615890,"land_value":2471740,"improvement_value":43144150,"exempt":false,"exemption":"","tax_forgone":0,"units":224,"building":"APARTMENT (BRICK EXTERIOR)","year_built":"2020","deed_date":"03/24/2025","accounts":1,"acres":5.56,"dcad_account":"446820000201R0000","street_view":"https://www.google.com/maps/@?api=1&map_action=pano&viewpoint=32.905462,-96.567357"}},{"type":"Feature","geometry":{"type":"Polygon","coordinates":[[[-96.66598341007749,32.84301501065633],[-96.66643839550046,32.842915332354515],[-96.66804974080503,32.842935489890976],[-96.6680535529413,32.84304553973622],[-96.66806289638376,32.84309030499737],[-96.66810129364342,32.843175042841054],[-96.66824496345326,32.843347144584136],[-96.66833990350365,32.84341654614839],[-96.6683715493084,32.84346608128093],[-96.66837941750941,32.843493532566775],[-96.66836750347379,32.84412290634956],[-96.66845523107729,32.84419976722571],[-96.66871852459623,32.84420103195662],[-96.66894676003359,32.844400993616254],[-96.66909849824921,32.844401721142646],[-96.66925706260282,32.84454228058189],[-96.66895021100875,32.84479272607792],[-96.66900113680495,32.84483718804165],[-96.66807091483206,32.845598552716076],[-96.66786146836202,32.84546757277828],[-96.66780747447936,32.845443340219305],[-96.66769182500443,32.845410218571374],[-96.66757046118568,32.8453987310539],[-96.66704799823545,32.84539698554947],[-96.66705057706966,32.84484724580761],[-96.66607840484677,32.84484399288971],[-96.66608798920704,32.844119031473774],[-96.66606692273528,32.843910952422384],[-96.66601722946265,32.84370637124737],[-96.66594625880181,32.843520755390614],[-96.66585895364453,32.84335521194508],[-96.66575101267584,32.843198580147],[-96.66577011395312,32.84312454153393],[-96.66598341007749,32.84301501065633]]]},"properties":{"sponsor":"dallas_hfc","sponsor_label":"Dallas Housing Finance Corp","owner":"DHFC SHILOH LANDOWNER LLC","name":"ESTATES AT SHILOH","address":"10725 SHILOH RD","city":"DALLAS","value":44671880,"land_value":1939160,"improvement_value":42732720,"exempt":true,"exemption":"OTHER PUBLIC PROPERTY","tax_forgone":1004760,"units":224,"building":"APARTMENT (BRICK EXTERIOR)","year_built":"2020","deed_date":"12/23/2019","accounts":1,"acres":14.84,"dcad_account":"00571400010030000","street_view":"https://www.google.com/maps/@?api=1&map_action=pano&viewpoint=32.844281,-96.667460"}},{"type":"Feature","geometry":{"type":"Polygon","coordinates":[[[-96.84460928966813,32.925149174947066],[-96.84371865370466,32.92514545679303],[-96.84372579457415,32.923674942899986],[-96.84461121213866,32.92330184892322],[-96.84460928966813,32.925149174947066]]]},"properties":{"sponsor":"outside","sponsor_label":"HFC from outside Dallas County","owner":"PLEASANTON HOUSING FINANCE CORP","name":"PRESIDIUM VALLEY VIEW","address":"4040 VALLEY VIEW LN","city":"FARMERS BRANCH","value":43500000,"land_value":2880640,"improvement_value":40619360,"exempt":false,"exemption":"","tax_forgone":0,"units":338,"building":"APARTMENT (BRICK EXTERIOR)","year_built":"2023","deed_date":"03/03/2025","accounts":1,"acres":3.77,"dcad_account":"241475800A0010000","street_view":"https://www.google.com/maps/@?api=1&map_action=pano&viewpoint=32.924412,-96.844166"}},{"type":"Feature","geometry":{"type":"Polygon","coordinates":[[[-96.69176354499308,32.81508561414451],[-96.69152202505539,32.81475097975074],[-96.69246657443847,32.814270053953415],[-96.69259383909217,32.81433124451006],[-96.69355025630374,32.81442252242667],[-96.69396492551667,32.815016387549335],[-96.69239416328867,32.81582194395408],[-96.6922907331679,32.81580019774634],[-96.69177188540426,32.815081327147034],[-96.69176354499308,32.81508561414451]]]},"properties":{"sponsor":"dallas_hfc","sponsor_label":"Dallas Housing Finance Corp","owner":"DHFC ESTATES AT FERGUSON","name":"ESTATES AT FERGUSON (80% COMPLETE)","address":"9220 FERGUSON RD","city":"DALLAS","value":43474920,"land_value":870150,"improvement_value":42604770,"exempt":true,"exemption":"OTHER PUBLIC PROPERTY","tax_forgone":977838,"units":164,"building":"SENIOR CITIZEN HOUSING","year_built":"2024","deed_date":"12/21/2023","accounts":1,"acres":5.68,"dcad_account":"007392000A01A0000","street_view":"https://www.google.com/maps/@?api=1&map_action=pano&viewpoint=32.815048,-96.692799"}},{"type":"Feature","geometry":{"type":"Polygon","coordinates":[[[-96.85207315650763,32.86171081219535],[-96.85188028415104,32.861199463952964],[-96.8519401718353,32.86096151008033],[-96.8519656577846,32.86096607970988],[-96.85204686142207,32.86064343072324],[-96.85146085297835,32.860530906681426],[-96.85130247132028,32.86013039417422],[-96.85148302762441,32.86008792126491],[-96.85321219222439,32.86048488937481],[-96.8533838959624,32.86093579110249],[-96.85301188435383,32.86103538923701],[-96.85291016072692,32.8607670676406],[-96.85197231104888,32.86101810151307],[-96.85191849326985,32.86122933527083],[-96.85211224308613,32.86169848613306],[-96.85207315650763,32.86171081219535]]]},"properties":{"sponsor":"dallas_pfc","sponsor_label":"Dallas Public Facility Corp","owner":"DALLAS PUBLIC FACILITY CO","name":"BLUFFVIEW HIGHLINE APARTMENTS","address":"3842 W NORTHWEST HWY","city":"DALLAS","value":43190740,"land_value":4575720,"improvement_value":38615020,"exempt":true,"exemption":"OTHER PUBLIC PROPERTY","tax_forgone":971446,"units":0,"building":"PARKING GARAGE","year_built":"2023","deed_date":"07/13/2023","accounts":1,"acres":2.63,"dcad_account":"005089000A03B0000","street_view":"https://www.google.com/maps/@?api=1&map_action=pano&viewpoint=32.860840,-96.852310"}},{"type":"Feature","geometry":{"type":"Polygon","coordinates":[[[-96.65304941509211,32.97975040435528],[-96.6547321225475,32.979756605786434],[-96.65473309560889,32.979569230674336],[-96.65516898290058,32.97957083838714],[-96.65517650081507,32.978115732431924],[-96.65565873098393,32.9781310167681],[-96.65600440065968,32.9783859272153],[-96.65613919990108,32.97825656149024],[-96.65707455602448,32.97874784328571],[-96.65706108208254,32.979692774017614],[-96.65561653875474,32.97969606411376],[-96.65561721837985,32.97986087432514],[-96.65304661126659,32.97983821437882],[-96.65304941509211,32.97975040435528]]]},"properties":{"sponsor":"local","sponsor_label":"Other Dallas County PFC or HFC","owner":"GARLAND HOUSING FINANCE CORP","name":"ONE90 FIREWHEEL, BLD#1667, 1679, 1683","address":"1675 W CAMPBELL RD","city":"GARLAND (DALLAS CO)","value":42979460,"land_value":3849300,"improvement_value":39130160,"exempt":true,"exemption":"OTHER PUBLIC PROPERTY","tax_forgone":966694,"units":203,"building":"APARTMENT (BRICK EXTERIOR)","year_built":"2018","deed_date":"03/01/2017","accounts":1,"acres":7.45,"dcad_account":"26776220010060000","street_view":"https://www.google.com/maps/@?api=1&map_action=pano&viewpoint=32.978886,-96.656122"}},{"type":"Feature","geometry":{"type":"Polygon","coordinates":[[[-96.8426196816175,32.77771559349548],[-96.84216652825025,32.77771623430402],[-96.84216913721293,32.77726199525429],[-96.84278405197519,32.77726130844656],[-96.84277810950967,32.77764956508154],[-96.8426212663033,32.77764904024642],[-96.8426196816175,32.77771559349548]]]},"properties":{"sponsor":"dallas_pfc","sponsor_label":"Dallas Public Facility Corp","owner":"DALLAS PUBLIC FACILITY CORP","name":"CO/OP SINGLETON","address":"2901 BORGER ST","city":"DALLAS","value":42488960,"land_value":1054870,"improvement_value":41434090,"exempt":true,"exemption":"OTHER PUBLIC PROPERTY","tax_forgone":955662,"units":176,"building":"APARTMENT (BRICK EXTERIOR)","year_built":"2024","deed_date":"10/23/2023","accounts":1,"acres":0.69,"dcad_account":"007257000052A0000","street_view":"https://www.google.com/maps/@?api=1&map_action=pano&viewpoint=32.777507,-96.842474"}},{"type":"Feature","geometry":{"type":"Polygon","coordinates":[[[-96.78557949853244,32.67181521817728],[-96.78776891926712,32.67076270298244],[-96.78964088081199,32.66984965327898],[-96.79020199135482,32.67105265790071],[-96.79028741634694,32.67125083692157],[-96.78663857517576,32.673353594646514],[-96.78604666800298,32.67347973164347],[-96.78592204819905,32.67315224622361],[-96.78566833735705,32.67254288228743],[-96.78573042464052,32.67203840888758],[-96.78557949853244,32.67181521817728]]]},"properties":{"sponsor":"dallas_hfc","sponsor_label":"Dallas Housing Finance Corp","owner":"DHFC THE RIDGE AT","name":"THE RIDGE AT LANCASTER","address":"2101 CROUCH RD","city":"DALLAS","value":42385380,"land_value":512350,"improvement_value":41873030,"exempt":true,"exemption":"OTHER PUBLIC PROPERTY","tax_forgone":953332,"units":300,"building":"APARTMENT (FRAME EXTERIOR)","year_built":"2022","deed_date":"07/14/2021","accounts":1,"acres":20.46,"dcad_account":"006895000A0010000","street_view":"https://www.google.com/maps/@?api=1&map_action=pano&viewpoint=32.671534,-96.787985"}},{"type":"Feature","geometry":{"type":"Polygon","coordinates":[[[-96.84517404918552,32.77136667847201],[-96.84592450849071,32.7713683345359],[-96.84591836482707,32.772633734834955],[-96.84328027341824,32.77264320221635],[-96.84327985607919,32.77202759589983],[-96.84435427225267,32.77181722514949],[-96.84484265955774,32.77166892695014],[-96.84517404918552,32.77136667847201]]]},"properties":{"sponsor":"dallas_pfc","sponsor_label":"Dallas Public Facility Corp","owner":"DALLAS PUBLIC FACILITY","name":"INSULATION SUPPLY COMPANY","address":"1400 W COMMERCE ST","city":"DALLAS","value":42126570,"land_value":3834070,"improvement_value":38292500,"exempt":true,"exemption":"OTHER PUBLIC PROPERTY","tax_forgone":947511,"units":0,"building":"STORAGE WAREHOUSE","year_built":"1945","deed_date":"12/06/2024","accounts":1,"acres":6.48,"dcad_account":"00000703069000000","street_view":"https://www.google.com/maps/@?api=1&map_action=pano&viewpoint=32.771936,-96.844869"}},{"type":"Feature","geometry":{"type":"Polygon","coordinates":[[[-96.81051107229146,32.758371174419416],[-96.81045442614555,32.758303216743364],[-96.81047252149024,32.75809574530389],[-96.81064464053799,32.7580952995213],[-96.81064444076266,32.758040325938566],[-96.81047460097147,32.758040766957265],[-96.81047495232116,32.757909301486436],[-96.81045616953163,32.757646906779094],[-96.8111475711418,32.75764610641233],[-96.81139077105101,32.758161776375516],[-96.81157620736107,32.75851952591545],[-96.81152742297971,32.75858057772579],[-96.8113726866271,32.75856733257646],[-96.81108811144941,32.758517265565196],[-96.81080040409755,32.7584522647554],[-96.81051107229146,32.758371174419416]]]},"properties":{"sponsor":"dallas_pfc","sponsor_label":"Dallas Public Facility Corp","owner":"DALLAS PUBLIC FACILITY CORP","name":"PARKING GARAGE","address":"900 E COLORADO BLVD","city":"DALLAS","value":41245180,"land_value":2237030,"improvement_value":39008150,"exempt":true,"exemption":"OTHER PUBLIC PROPERTY","tax_forgone":927687,"units":0,"building":"PARKING GARAGE","year_built":"2024","deed_date":"04/01/2022","accounts":1,"acres":1.89,"dcad_account":"003015003402A0000","street_view":"https://www.google.com/maps/@?api=1&map_action=pano&viewpoint=32.758129,-96.810924"}},{"type":"Feature","geometry":{"type":"Polygon","coordinates":[[[-96.74928231930235,32.917323044172406],[-96.75033295172734,32.91808205127962],[-96.75001077500383,32.91882964334317],[-96.74967278217477,32.91921216581052],[-96.74968618623198,32.91934416968037],[-96.74961340689505,32.919381514335896],[-96.74830238959076,32.91889763574151],[-96.74834045565528,32.918120198596725],[-96.74840626743895,32.91811210605553],[-96.7484897723958,32.91806700138916],[-96.74851026960081,32.91804478687633],[-96.74853656200173,32.91799326165453],[-96.74854315646238,32.917905127903026],[-96.74856788095859,32.91786181050235],[-96.74928231930235,32.917323044172406]]]},"properties":{"sponsor":"outside","sponsor_label":"HFC from outside Dallas County","owner":"CAMERON COUNTY HOUSING FINANCE CORP","name":"LBJ STATION PARKING GARAGE","address":"8997 VANTAGE POINT DR","city":"DALLAS","value":40375000,"land_value":3522500,"improvement_value":36852500,"exempt":false,"exemption":"","tax_forgone":0,"units":0,"building":"PARKING GARAGE","year_built":"2015","deed_date":"02/06/2025","accounts":1,"acres":6.76,"dcad_account":"008408000C0090000","street_view":"https://www.google.com/maps/@?api=1&map_action=pano&viewpoint=32.918458,-96.749245"}},{"type":"Feature","geometry":{"type":"Polygon","coordinates":[[[-96.57455919022227,32.849282918109715],[-96.57441943281783,32.849034647823466],[-96.57474270498751,32.8489049879676],[-96.57477065590075,32.84895464168101],[-96.57534815490357,32.848723115110744],[-96.57555309685605,32.84908716644367],[-96.57555219704682,32.84996557390934],[-96.57607845929897,32.84996802442115],[-96.57607947000488,32.848977470171576],[-96.5758279663115,32.848530748168926],[-96.57587396666177,32.84851230591334],[-96.575985775797,32.84871091976964],[-96.57604471422972,32.84868752965115],[-96.575932904992,32.84848891584732],[-96.57638896184605,32.848307926728474],[-96.5763610086026,32.84825827335018],[-96.57761048662717,32.847761926775355],[-96.57760692344348,32.8480106956311],[-96.57767416989394,32.84801123959555],[-96.57766918479633,32.84871625775749],[-96.57732130326684,32.848715107466106],[-96.57731697518227,32.84972951437512],[-96.57766200942989,32.84973065499857],[-96.57765295432465,32.85101088357367],[-96.5738149164581,32.85098795000672],[-96.57383273225749,32.84925475196616],[-96.5743606081473,32.849058242381254],[-96.57450036545407,32.84930651135885],[-96.57455919022227,32.849282918109715]]]},"properties":{"sponsor":"outside","sponsor_label":"HFC from outside Dallas County","owner":"PECOS HOUSING FINANCE CORP","name":"REPUBLIC WEST APARTMENTS","address":"241 E IH 30","city":"GARLAND (DALLAS CO)","value":40237650,"land_value":5217580,"improvement_value":35020070,"exempt":false,"exemption":"","tax_forgone":0,"units":410,"building":"APARTMENT (BRICK EXTERIOR)","year_built":"1983","deed_date":"03/24/2025","accounts":1,"acres":21.43,"dcad_account":"26178370010010000","street_view":"https://www.google.com/maps/@?api=1&map_action=pano&viewpoint=32.849497,-96.574692"}},{"type":"Feature","geometry":{"type":"Polygon","coordinates":[[[-96.5849729279634,32.68842726357089],[-96.58718932235847,32.68659326682112],[-96.5875867478126,32.68693672472247],[-96.58708725312084,32.68735005088865],[-96.58785701389372,32.6880152760872],[-96.58614011165454,32.68943596429635],[-96.5849729279634,32.68842726357089]]]},"properties":{"sponsor":"dallas_hfc","sponsor_label":"Dallas Housing Finance Corp","owner":"DHFC MEADOWBROOK LANDOWNER LLC","name":"THE MEADOWBROOK APARTMENTS","address":"910 S BELTLINE RD","city":"DALLAS","value":39932970,"land_value":833270,"improvement_value":39099700,"exempt":true,"exemption":"OTHER PUBLIC PROPERTY","tax_forgone":898172,"units":180,"building":"APARTMENT (FRAME EXTERIOR)","year_built":"2022","deed_date":"11/23/2021","accounts":1,"acres":9.57,"dcad_account":"008818000K0010000","street_view":"https://www.google.com/maps/@?api=1&map_action=pano&viewpoint=32.688215,-96.586422"}},{"type":"Feature","geometry":{"type":"Polygon","coordinates":[[[-96.62363299174389,32.83667905824964],[-96.62439483827286,32.836038569482696],[-96.62462433240687,32.83623311992708],[-96.62542024133468,32.835563978101035],[-96.62586573922621,32.8358741246887],[-96.62729194490883,32.83586951041152],[-96.62727671028152,32.83597943020858],[-96.62727389356994,32.83617196610543],[-96.62730117911045,32.8363631338643],[-96.62735809043113,32.836549593885756],[-96.62744363349763,32.83672808879155],[-96.6275563140666,32.83689550033162],[-96.62769416377928,32.83704890386205],[-96.62786244663965,32.83719667218241],[-96.62702248618764,32.83816346497256],[-96.62363299174389,32.83667905824964]]]},"properties":{"sponsor":"local","sponsor_label":"Other Dallas County PFC or HFC","owner":"MESQUITE HOUSING FINANCE CORP THE","name":"WOODED LAKE APARTMENTS 95%","address":"1410 WOODED LAKE DR","city":"MESQUITE (DALLAS CO)","value":39901230,"land_value":1297520,"improvement_value":38603710,"exempt":true,"exemption":"OTHER PUBLIC PROPERTY","tax_forgone":897458,"units":288,"building":"APARTMENT (FRAME EXTERIOR)","year_built":"2025","deed_date":"10/02/2024","accounts":1,"acres":14.9,"dcad_account":"380574600A3R10000","street_view":"https://www.google.com/maps/@?api=1&map_action=pano&viewpoint=32.836827,-96.625718"}},{"type":"Feature","geometry":{"type":"Polygon","coordinates":[[[-96.80717754115636,32.961086795267526],[-96.80668163539174,32.96146880598925],[-96.80648163465698,32.96160396453763],[-96.80618484148208,32.96177116753487],[-96.8058944326009,32.961902453137235],[-96.80559081896003,32.96201044214111],[-96.80527662332459,32.96209420166952],[-96.80499510368364,32.96214700270565],[-96.80467336863175,32.96218314660352],[-96.80469698555187,32.96029713248484],[-96.80864290423585,32.960316283363795],[-96.80868025156845,32.96042614426511],[-96.80838502661793,32.9605049935948],[-96.80823581613595,32.96055281665331],[-96.8079447963199,32.960663359497616],[-96.80780345289217,32.96072590231407],[-96.80744625395386,32.960913179863056],[-96.80717754115636,32.961086795267526]]]},"properties":{"sponsor":"outside","sponsor_label":"HFC from outside Dallas County","owner":"PECOS HOUSING FINANCE CORP","name":"EVALINE","address":"5990 ARAPAHO RD","city":"DALLAS","value":39673600,"land_value":7350230,"improvement_value":32323370,"exempt":false,"exemption":"","tax_forgone":0,"units":257,"building":"APARTMENT (BRICK EXTERIOR)","year_built":"1980","deed_date":"04/02/2025","accounts":1,"acres":11.03,"dcad_account":"00000799898000000","street_view":"https://www.google.com/maps/@?api=1&map_action=pano&viewpoint=32.961241,-96.805820"}},{"type":"Feature","geometry":{"type":"Polygon","coordinates":[[[-96.7125768470574,32.90435879239586],[-96.70941766908336,32.90431697887187],[-96.70953702162547,32.90385479960543],[-96.70971830294637,32.90322227467136],[-96.71092838770247,32.903231087950886],[-96.71092780452614,32.9032599726054],[-96.71149738541148,32.90326815478846],[-96.71149386305211,32.90344267198204],[-96.71175449661996,32.90344641518421],[-96.71175767848386,32.90328874507703],[-96.71260594165324,32.903300923998295],[-96.71315880619792,32.90318621448117],[-96.71320219067518,32.90327940707674],[-96.71329985779502,32.9034282347143],[-96.713453876808,32.9035815349867],[-96.71345626812801,32.903624565188615],[-96.7125768470574,32.90435879239586]]]},"properties":{"sponsor":"outside","sponsor_label":"HFC from outside Dallas County","owner":"PECOS HOUSING FINANCE CORP","name":"THE EVERLY","address":"9350 SKILLMAN ST","city":"DALLAS","value":39612400,"land_value":1900820,"improvement_value":37711580,"exempt":false,"exemption":"","tax_forgone":0,"units":420,"building":"APARTMENT (BRICK EXTERIOR)","year_built":"1983","deed_date":"05/19/2025","accounts":1,"acres":9.8,"dcad_account":"0080700A000010100","street_view":"https://www.google.com/maps/@?api=1&map_action=pano&viewpoint=32.903739,-96.711433"}},{"type":"Feature","geometry":{"type":"Polygon","coordinates":[[[-96.91750062992381,32.98482700249825],[-96.91995569173838,32.98483596478571],[-96.91995852891598,32.98582198937954],[-96.91982593114382,32.98582509211561],[-96.91956271730047,32.98585217551853],[-96.91930556187972,32.98590669893517],[-96.91695962015618,32.98667368002036],[-96.916234185552,32.985097781373774],[-96.9165010734007,32.984996540166144],[-96.91677859294563,32.984918191588875],[-96.91706398761258,32.98486351386451],[-96.91735442262411,32.98483305009597],[-96.91750062992381,32.98482700249825]]]},"properties":{"sponsor":"outside","sponsor_label":"HFC from outside Dallas County","owner":"PECOS HOUSING FINANCE CORP","name":"BRIARCREST APTS","address":"1330 MAC ARTHUR DR","city":"CARROLLTON (DALLAS CO)","value":39480000,"land_value":4116980,"improvement_value":35363020,"exempt":false,"exemption":"","tax_forgone":0,"units":238,"building":"APARTMENT (BRICK EXTERIOR)","year_built":"1983","deed_date":"05/22/2025","accounts":1,"acres":12.12,"dcad_account":"14006580000000000","street_view":"https://www.google.com/maps/@?api=1&map_action=pano&viewpoint=32.985461,-96.918174"}},{"type":"Feature","geometry":{"type":"Polygon","coordinates":[[[-96.81586017435026,32.81319731784591],[-96.8165534704023,32.812636250452435],[-96.81660063190743,32.81263610794672],[-96.81722020660169,32.81312118802309],[-96.81683437004979,32.813436729067625],[-96.8169057055643,32.81349304284019],[-96.81655496343164,32.813779880525445],[-96.8158603338772,32.81323521193596],[-96.81586017435026,32.81319731784591]]]},"properties":{"sponsor":"dallas_hfc","sponsor_label":"Dallas Housing Finance Corp","owner":"DHFC 2929 WYCLIFF LANDOWNER  LLC","name":"2929 WYCLIFF APTS GARAGE","address":"2929 WYCLIFF AVE","city":"DALLAS","value":39456560,"land_value":5360520,"improvement_value":34096040,"exempt":true,"exemption":"OTHER PUBLIC PROPERTY","tax_forgone":887457,"units":0,"building":"PARKING GARAGE","year_built":"2006","deed_date":"11/27/2024","accounts":1,"acres":2.05,"dcad_account":"001616001101A0000","street_view":"https://www.google.com/maps/@?api=1&map_action=pano&viewpoint=32.813225,-96.816472"}},{"type":"Feature","geometry":{"type":"Polygon","coordinates":[[[-96.81788139231084,32.93462927917746],[-96.81635169089013,32.934630009019536],[-96.81634275083542,32.93344808683682],[-96.81635319971834,32.933405102164336],[-96.81638612278309,32.93333733944377],[-96.81652878556339,32.93333625874437],[-96.81652433551444,32.93297708139751],[-96.81784654218215,32.93297840550397],[-96.81787917697739,32.93300596001964],[-96.81788139231084,32.93462927917746]]]},"properties":{"sponsor":"outside","sponsor_label":"HFC from outside Dallas County","owner":"PECOS HOUSING FINANCE CORP","name":"VILLAGE ON THE GREEN","address":"5301 ALPHA RD","city":"DALLAS","value":39200000,"land_value":3374540,"improvement_value":35825460,"exempt":false,"exemption":"","tax_forgone":0,"units":202,"building":"APARTMENT (BRICK EXTERIOR)","year_built":"2005","deed_date":"05/13/2025","accounts":1,"acres":6.32,"dcad_account":"00C79640000000100","street_view":"https://www.google.com/maps/@?api=1&map_action=pano&viewpoint=32.934061,-96.817113"}},{"type":"Feature","geometry":{"type":"Polygon","coordinates":[[[-96.63176046722312,32.796022050422714],[-96.63150155264626,32.79589803604867],[-96.63140868782558,32.79556379945282],[-96.6312243075243,32.79549290338128],[-96.63110242662697,32.79560900421849],[-96.63099161722864,32.79561462568263],[-96.63056995926883,32.79530030343046],[-96.63056363144345,32.795242386496554],[-96.63073954741883,32.79506357338776],[-96.63054239384107,32.794915946157445],[-96.63040380630007,32.795009216291156],[-96.63023838212229,32.79492940223221],[-96.63021896534025,32.79481146115371],[-96.63016346098807,32.794806512541655],[-96.62990129580865,32.79497920454712],[-96.62980889234487,32.79483957956278],[-96.62969859682637,32.794709549199155],[-96.62893670623023,32.79389523636361],[-96.628576062059,32.793531432784455],[-96.63029424523651,32.792829524881284],[-96.63036771697536,32.79282936482565],[-96.63040251563451,32.79391942082598],[-96.63034851831667,32.79432975365283],[-96.63162546660554,32.79492471121069],[-96.63335627010753,32.79571327655684],[-96.63304327925489,32.795972973826935],[-96.63292304826972,32.79611863957705],[-96.63213380666866,32.796749837407425],[-96.63187923010486,32.796523328694526],[-96.6318266646931,32.79656479101891],[-96.63158547641041,32.79634666292768],[-96.63176046722312,32.796022050422714]]]},"properties":{"sponsor":"outside","sponsor_label":"HFC from outside Dallas County","owner":"PLEASTANTON HOUSING FINANCE","name":"ANTHEM","address":"2101 E US HWY 80","city":"MESQUITE (DALLAS CO)","value":39173170,"land_value":1107380,"improvement_value":38065790,"exempt":false,"exemption":"","tax_forgone":0,"units":267,"building":"APARTMENT (BRICK EXTERIOR)","year_built":"1998","deed_date":"03/27/2025","accounts":1,"acres":12.87,"dcad_account":"38003430011RA0000","street_view":"https://www.google.com/maps/@?api=1&map_action=pano&viewpoint=32.794753,-96.630505"}},{"type":"Feature","geometry":{"type":"Polygon","coordinates":[[[-96.99858442353992,32.832077427623226],[-96.9980748089528,32.831303950911575],[-96.99770158138135,32.83060177026553],[-96.99755783716019,32.82981495516574],[-96.99726148789466,32.82880979901079],[-96.99938183451893,32.82935803074385],[-97.00067847978784,32.8295824699127],[-97.00073644587621,32.82961099780667],[-97.00076989986569,32.82966010170707],[-97.00077414274884,32.82968271318583],[-97.0007179807583,32.83030757250593],[-97.00073525290689,32.83046378599745],[-97.0007840899612,32.830615163764506],[-96.99902767757717,32.831153709158755],[-96.99903162181604,32.832552712699794],[-96.99858442353992,32.832077427623226]]]},"properties":{"sponsor":"outside","sponsor_label":"HFC from outside Dallas County","owner":"CAMERON COUNTY HOUSING","name":"MONTORO APARTMENTS","address":"3701 W PIONEER DR","city":"IRVING","value":39000000,"land_value":5737480,"improvement_value":33262520,"exempt":false,"exemption":"","tax_forgone":0,"units":324,"building":"APARTMENT (BRICK EXTERIOR)","year_built":"1984","deed_date":"12/07/2022","accounts":1,"acres":16.05,"dcad_account":"32441150000000000","street_view":"https://www.google.com/maps/@?api=1&map_action=pano&viewpoint=32.830884,-96.998857"}},{"type":"Feature","geometry":{"type":"Polygon","coordinates":[[[-96.90919068708637,32.728207141146335],[-96.90903937777529,32.727938481830144],[-96.90895203453789,32.72774755263394],[-96.9110027720676,32.7277548919252],[-96.91252197275553,32.72777309757884],[-96.9125337380661,32.728003393431216],[-96.91253338965376,32.72904458195942],[-96.91257217621596,32.72914560765642],[-96.90974141159693,32.72914504531118],[-96.90965754994582,32.729020806143126],[-96.90952491570381,32.72878964903631],[-96.90947936327291,32.72862860078223],[-96.90946586891663,32.728628257637084],[-96.90924008775175,32.72822533172745],[-96.90919068708637,32.728207141146335]]]},"properties":{"sponsor":"outside","sponsor_label":"HFC from outside Dallas County","owner":"PECOS HOUSING FINANCE CORP","name":"THE ALONA","address":"1531 DUNCANVILLE RD","city":"DALLAS","value":39000000,"land_value":975830,"improvement_value":38024170,"exempt":false,"exemption":"","tax_forgone":0,"units":216,"building":"APARTMENT (BRICK EXTERIOR)","year_built":"2003","deed_date":"05/15/2025","accounts":1,"acres":11.37,"dcad_account":"00767100130010000","street_view":"https://www.google.com/maps/@?api=1&map_action=pano&viewpoint=32.728371,-96.910923"}},{"type":"Feature","geometry":{"type":"Polygon","coordinates":[[[-96.8403466624757,32.57648882577529],[-96.84034664530489,32.576479479971816],[-96.84043754529743,32.57647937088406],[-96.84043781818669,32.576642235484705],[-96.84106645499745,32.57664147885919],[-96.84119165968931,32.57653516413592],[-96.84146234514537,32.57653483674797],[-96.8414609269945,32.57569355271445],[-96.84197174463992,32.57569293464543],[-96.84200894126377,32.575682651971114],[-96.84202810644891,32.5756635966886],[-96.84203496519922,32.57563925110645],[-96.84203451685177,32.57537503993793],[-96.84229018466557,32.57537755197488],[-96.8422903154892,32.575454847466084],[-96.84211460361466,32.575658521294784],[-96.84211479087043,32.575769708468364],[-96.84161332213242,32.57577031602237],[-96.84157898362142,32.5757798065736],[-96.8415577940441,32.57580457593574],[-96.84155608199501,32.57648419228508],[-96.84161747095116,32.576483771681396],[-96.84161745657538,32.57663629991101],[-96.8419096335307,32.576635946799726],[-96.84190867161062,32.57606769597456],[-96.8430447490222,32.57606631242825],[-96.8430045186,32.57899128762206],[-96.8422772039543,32.57899217499475],[-96.8422765113671,32.57858398464091],[-96.8421202454255,32.57850189239802],[-96.84200305506124,32.578477912887934],[-96.84197449167695,32.57845727627104],[-96.84195101253707,32.578414254875426],[-96.84194824063844,32.57773464645055],[-96.84004076231169,32.577723705633616],[-96.84003869634509,32.57648919486667],[-96.8403466624757,32.57648882577529]]]},"properties":{"sponsor":"outside","sponsor_label":"HFC from outside Dallas County","owner":"PECOS HOUSING FINANCE CORP","name":"THE ABIGAIL","address":"821 S POLK ST","city":"DESOTO","value":38000000,"land_value":1207050,"improvement_value":36792950,"exempt":false,"exemption":"","tax_forgone":0,"units":198,"building":"APARTMENT (BRICK EXTERIOR)","year_built":"2007","deed_date":"05/15/2025","accounts":1,"acres":13.86,"dcad_account":"200547500A0020000","street_view":"https://www.google.com/maps/@?api=1&map_action=pano&viewpoint=32.577193,-96.841534"}},{"type":"Feature","geometry":{"type":"Polygon","coordinates":[[[-96.95549175259703,32.9274203381817],[-96.95550762667314,32.92738419686328],[-96.9555254808722,32.92737170022532],[-96.95555893095651,32.92736429731239],[-96.95723185271164,32.9273719741441],[-96.95723162294365,32.92766003786755],[-96.95724527725329,32.9278623016637],[-96.95726893219891,32.92803059360574],[-96.95732471727231,32.92827845824197],[-96.95740479472565,32.9285219646198],[-96.95747089335532,32.9286795483886],[-96.95759138809956,32.92891383693608],[-96.95769586596232,32.929082107210775],[-96.9572420263432,32.9292941835246],[-96.95701030653473,32.929487485293315],[-96.95547843464097,32.92948045268359],[-96.95549175259703,32.9274203381817]]]},"properties":{"sponsor":"outside","sponsor_label":"HFC from outside Dallas County","owner":"PECOS HOUSING FINANCE","name":"AVALON 8801","address":"8801 RODEO DR","city":"IRVING","value":36250000,"land_value":2644700,"improvement_value":33605300,"exempt":false,"exemption":"","tax_forgone":0,"units":212,"building":"APARTMENT (BRICK EXTERIOR)","year_built":"1986","deed_date":"03/26/2025","accounts":1,"acres":10.12,"dcad_account":"325597700A0010000","street_view":"https://www.google.com/maps/@?api=1&map_action=pano&viewpoint=32.928388,-96.956424"}},{"type":"Feature","geometry":{"type":"Polygon","coordinates":[[[-97.03244342072212,32.75899262715617],[-97.03138297162883,32.75874690633663],[-97.03044498975292,32.758850531507626],[-97.030441749966,32.758158799154046],[-97.03008251027472,32.75785764154502],[-97.03008037601255,32.75740108047848],[-97.03225539073554,32.7572327809009],[-97.03365299729586,32.75723031092374],[-97.03351046187633,32.75805991795899],[-97.0339320162584,32.75806038980471],[-97.03375374039123,32.75904656165233],[-97.03333246444564,32.7590702040693],[-97.03268358214582,32.75899293283003],[-97.03244342072212,32.75899262715617]]]},"properties":{"sponsor":"outside","sponsor_label":"HFC from outside Dallas County","owner":"PLEASANTON HOUSING FINANCE","name":"BELMONT","address":"1920 W TARRANT RD","city":"GRAND PRAIRIE (DALLAS CO)","value":36250000,"land_value":1583560,"improvement_value":34666440,"exempt":false,"exemption":"","tax_forgone":0,"units":260,"building":"APARTMENT (BRICK EXTERIOR)","year_built":"1983","deed_date":"03/21/2025","accounts":1,"acres":14.41,"dcad_account":"282175200A0010000","street_view":"https://www.google.com/maps/@?api=1&map_action=pano&viewpoint=32.758111,-97.032140"}},{"type":"Feature","geometry":{"type":"Polygon","coordinates":[[[-96.8339823433921,32.823572028147495],[-96.83407783104823,32.8234782715051],[-96.83493035978262,32.822771946588766],[-96.83558009510818,32.82333744262702],[-96.83456781618358,32.824166186985934],[-96.8342620753948,32.82387824265962],[-96.8339823433921,32.823572028147495]]]},"properties":{"sponsor":"local","sponsor_label":"Other Dallas County PFC or HFC","owner":"NTHP INWOOD INC","name":"INWOOD STATION BLDG 1","address":"2727 INWOOD RD","city":"DALLAS","value":35450000,"land_value":4805600,"improvement_value":30644400,"exempt":true,"exemption":"OTHER PUBLIC PROPERTY","tax_forgone":797341,"units":183,"building":"APARTMENT (BRICK EXTERIOR)","year_built":"2016","deed_date":"05/01/2020","accounts":1,"acres":2.78,"dcad_account":"005710000A05B0000","street_view":"https://www.google.com/maps/@?api=1&map_action=pano&viewpoint=32.823408,-96.834828"}},{"type":"Feature","geometry":{"type":"Polygon","coordinates":[[[-96.6312243075243,32.79549290338128],[-96.63140868782558,32.79556379945282],[-96.63150155264626,32.79589803604867],[-96.63176046722312,32.796022050422714],[-96.63158547641041,32.79634666292768],[-96.6318266646931,32.79656479101891],[-96.63187923010486,32.796523328694526],[-96.63213380666866,32.796749837407425],[-96.63292304826972,32.79611863957705],[-96.63304327925489,32.795972973826935],[-96.63335627010753,32.79571327655684],[-96.63355689505445,32.795804579715],[-96.6312888940933,32.797680240449765],[-96.63041234839368,32.79790068552873],[-96.63006035101785,32.79543462287134],[-96.63001844258176,32.79524726689921],[-96.6299864893367,32.795155776131736],[-96.62990129580865,32.79497920454712],[-96.63016346098807,32.794806512541655],[-96.63021896534025,32.79481146115371],[-96.63023838212229,32.79492940223221],[-96.63040380630007,32.795009216291156],[-96.63054239384107,32.794915946157445],[-96.63073954741883,32.79506357338776],[-96.63056363144345,32.795242386496554],[-96.63056995926883,32.79530030343046],[-96.63099161722864,32.79561462568263],[-96.63110242662697,32.79560900421849],[-96.6312243075243,32.79549290338128]]]},"properties":{"sponsor":"outside","sponsor_label":"HFC from outside Dallas County","owner":"PLEASANTON HOUSING FINANCE","name":"ANTHEM","address":"2145 E US HWY 80","city":"MESQUITE (DALLAS CO)","value":35358560,"land_value":901260,"improvement_value":34457300,"exempt":false,"exemption":"","tax_forgone":0,"units":241,"building":"APARTMENT (BRICK EXTERIOR)","year_built":"2000","deed_date":"03/27/2025","accounts":1,"acres":10.35,"dcad_account":"38003430010020000","street_view":"https://www.google.com/maps/@?api=1&map_action=pano&viewpoint=32.796395,-96.630923"}},{"type":"Feature","geometry":{"type":"Polygon","coordinates":[[[-96.63080196738679,32.93391597309729],[-96.63217339553222,32.93391259469663],[-96.6321734863929,32.93478984455734],[-96.6330819154757,32.934787194966674],[-96.63308355521431,32.93518627416927],[-96.63370612891569,32.935706529388575],[-96.63264859924875,32.936589138408415],[-96.63164414400552,32.93574043165123],[-96.63144273053699,32.93553454042735],[-96.63126617703841,32.93531301674349],[-96.63111617810607,32.93507798706875],[-96.63105159684838,32.93495610803699],[-96.63094404560465,32.93470508418005],[-96.63090133381053,32.934576542117306],[-96.6308385502675,32.93431494025817],[-96.63081862920627,32.934182508616125],[-96.63080196738679,32.93391597309729]]]},"properties":{"sponsor":"local","sponsor_label":"Other Dallas County PFC or HFC","owner":"GARLAND HOUSING FINANCE","name":"PRIMROSE @ CRIST SENIOR HOUSING","address":"110 N BELTLINE RD","city":"GARLAND (DALLAS CO)","value":34995710,"land_value":2657510,"improvement_value":32338200,"exempt":true,"exemption":"CITY PROPERTY","tax_forgone":787124,"units":0,"building":"MINI-WAREHOUSE","year_built":"2005","deed_date":"01/20/2005","accounts":1,"acres":10.06,"dcad_account":"26457520010010000","street_view":"https://www.google.com/maps/@?api=1&map_action=pano&viewpoint=32.935270,-96.632214"}},{"type":"Feature","geometry":{"type":"Polygon","coordinates":[[[-96.71309853488354,32.90284597340022],[-96.7131138831996,32.90303832813693],[-96.71315880619792,32.90318621448117],[-96.71260594165324,32.903300923998295],[-96.71175767848386,32.90328874507703],[-96.71175449661996,32.90344641518421],[-96.71149386305211,32.90344267198204],[-96.71149738541148,32.90326815478846],[-96.71092780452614,32.9032599726054],[-96.71092838770247,32.903231087950886],[-96.70971830294637,32.90322227467136],[-96.71008876200072,32.90192963893473],[-96.7117425983901,32.90191732598728],[-96.71177778329249,32.90201504211234],[-96.71186013715639,32.902174160648684],[-96.71197095678576,32.9023204669644],[-96.71210751900581,32.90245036569396],[-96.7122850668957,32.90256217806827],[-96.71238091332012,32.902609179097844],[-96.71254764668792,32.90267108870036],[-96.71273642721077,32.90271465289926],[-96.71284418621674,32.90272941747839],[-96.7130621227988,32.90273823603463],[-96.71310391964283,32.902772869672106],[-96.71309853488354,32.90284597340022]]]},"properties":{"sponsor":"outside","sponsor_label":"HFC from outside Dallas County","owner":"PECOS HOUSING FINANCE","name":"THE EVERLY","address":"9340 SKILLMAN ST","city":"DALLAS","value":33387600,"land_value":1481180,"improvement_value":31906420,"exempt":false,"exemption":"","tax_forgone":0,"units":354,"building":"APARTMENT (BRICK EXTERIOR)","year_built":"1983","deed_date":"05/19/2025","accounts":1,"acres":8.91,"dcad_account":"0080700A000010000","street_view":"https://www.google.com/maps/@?api=1&map_action=pano&viewpoint=32.902684,-96.711281"}},{"type":"Feature","geometry":{"type":"Polygon","coordinates":[[[-96.63209356438774,32.81648820966723],[-96.63329587440772,32.816172234450924],[-96.63341397886103,32.81651627695564],[-96.63466900170097,32.81721551887714],[-96.63512309990904,32.81772121819875],[-96.63483989595183,32.81779137419051],[-96.63277842914043,32.818345504264045],[-96.63209356438774,32.81648820966723]]]},"properties":{"sponsor":"outside","sponsor_label":"HFC from outside Dallas County","owner":"PECOS HOUSING FINANCE CORP","name":"THE RALEIGH","address":"2305 DRIFTWOOD DR","city":"MESQUITE (DALLAS CO)","value":33000000,"land_value":2360860,"improvement_value":30639140,"exempt":false,"exemption":"","tax_forgone":0,"units":264,"building":"APARTMENT (BRICK EXTERIOR)","year_built":"1984","deed_date":"04/02/2025","accounts":1,"acres":9.08,"dcad_account":"382160000A03A0000","street_view":"https://www.google.com/maps/@?api=1&map_action=pano&viewpoint=32.817236,-96.633533"}},{"type":"Feature","geometry":{"type":"Polygon","coordinates":[[[-96.95494094100081,32.66594991788742],[-96.95524624908103,32.66583851009532],[-96.95529690375544,32.66588189887548],[-96.9573623325037,32.666061158608066],[-96.9576973609793,32.66621272784268],[-96.95765944142367,32.667633622123866],[-96.95584961996886,32.66747032513648],[-96.9549080386016,32.66782157132319],[-96.95494094100081,32.66594991788742]]]},"properties":{"sponsor":"outside","sponsor_label":"HFC from outside Dallas County","owner":"PECOS HOUSING FINANCE","name":"CEDAR LAKE APTS","address":"7455 W CAMP WISDOM RD","city":"DALLAS","value":32982700,"land_value":734030,"improvement_value":32248670,"exempt":false,"exemption":"","tax_forgone":0,"units":196,"building":"APARTMENT (BRICK EXTERIOR)","year_built":"2022","deed_date":"04/02/2025","accounts":1,"acres":11.35,"dcad_account":"00868300030010000","street_view":"https://www.google.com/maps/@?api=1&map_action=pano&viewpoint=32.666854,-96.956303"}},{"type":"Feature","geometry":{"type":"Polygon","coordinates":[[[-96.916234185552,32.985097781373774],[-96.91695962015618,32.98667368002036],[-96.91304542666485,32.98795956885191],[-96.91273177817216,32.987299333393175],[-96.91360121366974,32.98700685926105],[-96.91379671887617,32.986934012305134],[-96.91404523354113,32.98682241477415],[-96.91429462888861,32.98668613750239],[-96.91454072545979,32.98652332533258],[-96.91465680099202,32.9864348916171],[-96.91487376179828,32.98624491731027],[-96.9150689363848,32.986038840668414],[-96.9152498127653,32.985819795007345],[-96.91534857720076,32.98571351250899],[-96.91556531663464,32.98551481533801],[-96.91568269070606,32.985422951530985],[-96.9158907008852,32.98528180100293],[-96.91611259683289,32.98515656828744],[-96.916234185552,32.985097781373774]]]},"properties":{"sponsor":"local","sponsor_label":"Other Dallas County PFC or HFC","owner":"GARLAND HOUSING FINANCE","name":"GREENTREE APTS","address":"1120 MAC ARTHUR DR","city":"CARROLLTON (DALLAS CO)","value":32465750,"land_value":4143530,"improvement_value":28322220,"exempt":false,"exemption":"","tax_forgone":0,"units":237,"building":"APARTMENT (BRICK EXTERIOR)","year_built":"1983","deed_date":"11/30/2022","accounts":1,"acres":11.36,"dcad_account":"14065900000010000","street_view":"https://www.google.com/maps/@?api=1&map_action=pano&viewpoint=32.986581,-96.915702"}},{"type":"Feature","geometry":{"type":"Polygon","coordinates":[[[-96.91854382062498,32.74027308076054],[-96.91834080162359,32.74205233435252],[-96.9150832153602,32.74209938757308],[-96.91466466073365,32.74049980747461],[-96.91579576288856,32.74029832815006],[-96.91854382062498,32.74027308076054]]]},"properties":{"sponsor":"dallas_hfc","sponsor_label":"Dallas Housing Finance Corp","owner":"DHFC RIDGECREST LANDOWNER LLC","name":"LEASING OFFICE","address":"400 S WALTON WALKER BLVD","city":"DALLAS","value":32339660,"land_value":1417790,"improvement_value":30921870,"exempt":true,"exemption":"OTHER PUBLIC PROPERTY","tax_forgone":727384,"units":0,"building":"OFFICE BUILDING","year_built":"2022","deed_date":"12/16/2020","accounts":1,"acres":16.21,"dcad_account":"00000760680000000","street_view":"https://www.google.com/maps/@?api=1&map_action=pano&viewpoint=32.740913,-96.916619"}},{"type":"Feature","geometry":{"type":"Polygon","coordinates":[[[-96.81686811473689,32.81424852941392],[-96.81654520541984,32.81451061160284],[-96.81535627557365,32.81357204493937],[-96.81568307175796,32.813306466631595],[-96.81573023332419,32.81330625435037],[-96.81686787503759,32.814210634249626],[-96.81686811473689,32.81424852941392]]]},"properties":{"sponsor":"dallas_hfc","sponsor_label":"Dallas Housing Finance Corp","owner":"DHFC 2929 WYCLIFF LANDOWNER  LLC","name":"2929 WYCLIFF APTS GARAGE","address":"4420 DICKASON AVE","city":"DALLAS","value":31789950,"land_value":4488360,"improvement_value":27301590,"exempt":true,"exemption":"OTHER PUBLIC PROPERTY","tax_forgone":715020,"units":0,"building":"PARKING GARAGE","year_built":"2006","deed_date":"11/27/2024","accounts":1,"acres":1.7,"dcad_account":"001616001011A0000","street_view":"https://www.google.com/maps/@?api=1&map_action=pano&viewpoint=32.813891,-96.816113"}},{"type":"Feature","geometry":{"type":"Polygon","coordinates":[[[-96.83527982302776,32.824722011054014],[-96.83530457074359,32.824697835626225],[-96.83472617309988,32.82426232899522],[-96.83569313131055,32.823445141714146],[-96.8361144241537,32.82381408545486],[-96.83581866699576,32.82413814153205],[-96.83613014361644,32.82440582224147],[-96.83571008096693,32.82472681491137],[-96.83553723211008,32.82491327829566],[-96.83527982302776,32.824722011054014]]]},"properties":{"sponsor":"local","sponsor_label":"Other Dallas County PFC or HFC","owner":"NTHP INWOOD INC","name":"INWOOD STATION BLDG 2","address":"5747 SADLER CIR","city":"DALLAS","value":31770250,"land_value":3557100,"improvement_value":28213150,"exempt":true,"exemption":"OTHER PUBLIC PROPERTY","tax_forgone":714576,"units":164,"building":"APARTMENT (BRICK EXTERIOR)","year_built":"2016","deed_date":"05/01/2020","accounts":1,"acres":2.72,"dcad_account":"005710000B13A0000","street_view":"https://www.google.com/maps/@?api=1&map_action=pano&viewpoint=32.824201,-96.835354"}},{"type":"Feature","geometry":{"type":"Polygon","coordinates":[[[-96.87733143168118,32.649307430713854],[-96.88190868799786,32.649358889852486],[-96.88143225030902,32.649802867266324],[-96.88108227511034,32.65009860249578],[-96.88090042710608,32.650240449585674],[-96.88052365557179,32.650511599291036],[-96.88032899948014,32.65064070941221],[-96.87983502721087,32.65094550467545],[-96.87971262512424,32.65081356944435],[-96.87885829428919,32.6498126692107],[-96.87778924937885,32.6504630527607],[-96.87747655031588,32.65007633699613],[-96.87740839148192,32.64995552185774],[-96.87736679120056,32.64982636048487],[-96.8773530829249,32.64969299337358],[-96.87735133442851,32.64944914716302],[-96.87733143168118,32.649307430713854]]]},"properties":{"sponsor":"dallas_hfc","sponsor_label":"Dallas Housing Finance Corp","owner":"DHFC WEST VIRGINIA LANDOWNER LLC","name":"WEST VIRGINIA PARK-TXA20040405","address":"8004 WEST VIRGINIA DR","city":"DALLAS","value":31620000,"land_value":3206850,"improvement_value":28413150,"exempt":true,"exemption":"OTHER PUBLIC PROPERTY","tax_forgone":711197,"units":204,"building":"APARTMENT (BRICK EXTERIOR)","year_built":"2003","deed_date":"08/06/2024","accounts":1,"acres":10.54,"dcad_account":"00754700020040000","street_view":"https://www.google.com/maps/@?api=1&map_action=pano&viewpoint=32.650138,-96.880071"}},{"type":"Feature","geometry":{"type":"Polygon","coordinates":[[[-96.74936382142889,32.86916176746453],[-96.74874560573548,32.86904944822808],[-96.74817600485376,32.868917899798696],[-96.7474596515766,32.86733445315332],[-96.74894315556448,32.86685316872948],[-96.74946554776884,32.86799793606302],[-96.74892112229126,32.86817550252958],[-96.74936382142889,32.86916176746453]]]},"properties":{"sponsor":"outside","sponsor_label":"HFC from outside Dallas County","owner":"CAMERON COUNTY HOUSING","name":"TIDES ON PARK LANE","address":"8780 PARK LN","city":"DALLAS","value":30750000,"land_value":4564400,"improvement_value":26185600,"exempt":false,"exemption":"","tax_forgone":0,"units":343,"building":"APARTMENT (BRICK EXTERIOR)","year_built":"1975","deed_date":"03/10/2025","accounts":1,"acres":6.99,"dcad_account":"00000368152000000","street_view":"https://www.google.com/maps/@?api=1&map_action=pano&viewpoint=32.868077,-96.748494"}},{"type":"Feature","geometry":{"type":"Polygon","coordinates":[[[-97.0026064161912,32.71149781954267],[-97.00293507284547,32.711513540614185],[-97.00305726041381,32.71153185220268],[-97.00341068245787,32.711618158089344],[-97.00364591212372,32.71165639673771],[-97.00388504648872,32.7116681595623],[-97.00428376638885,32.71166980941511],[-97.00428287293366,32.71242678653703],[-97.00430126445292,32.71326684860758],[-97.00266107475899,32.71324824503197],[-97.00259643291255,32.71319253641617],[-97.0026064161912,32.71149781954267]]]},"properties":{"sponsor":"local","sponsor_label":"Other Dallas County PFC or HFC","owner":"GRAND PRAIRIE HOUSING FIN","name":"MOUNTAIN CREEK  RETIREMENT CENTER (ALL BILLS PAID)","address":"2305 CORN VALLEY RD","city":"GRAND PRAIRIE (DALLAS CO)","value":30583070,"land_value":944950,"improvement_value":29638120,"exempt":true,"exemption":"OTHER PUBLIC PROPERTY","tax_forgone":687874,"units":124,"building":"SENIOR CITIZEN HOUSING","year_built":"2004","deed_date":"09/24/2003","accounts":1,"acres":7.17,"dcad_account":"28074220010010000","street_view":"https://www.google.com/maps/@?api=1&map_action=pano&viewpoint=32.712275,-97.003442"}},{"type":"Feature","geometry":{"type":"Polygon","coordinates":[[[-96.65601320027979,32.95136852905063],[-96.65432952426083,32.9513435571421],[-96.65429095252064,32.94919139825627],[-96.6558701451677,32.9492272356273],[-96.6559946227637,32.9492361556672],[-96.65601320027979,32.95136852905063]]]},"properties":{"sponsor":"outside","sponsor_label":"HFC from outside Dallas County","owner":"PECOS HOUSING FINANCE CORP","name":"THE HUXLEY","address":"1802 APOLLO RD","city":"GARLAND (DALLAS CO)","value":30000000,"land_value":1742420,"improvement_value":28257580,"exempt":false,"exemption":"","tax_forgone":0,"units":236,"building":"APARTMENT (BRICK EXTERIOR)","year_built":"1983","deed_date":"04/02/2025","accounts":1,"acres":9.3,"dcad_account":"26578520010010000","street_view":"https://www.google.com/maps/@?api=1&map_action=pano&viewpoint=32.950703,-96.655163"}},{"type":"Feature","geometry":{"type":"Polygon","coordinates":[[[-96.99903388197966,32.833354576939406],[-96.99902767757717,32.831153709158755],[-97.0007840899612,32.830615163764506],[-97.00086446833211,32.83075999535652],[-97.00097368886574,32.83089067936641],[-97.00152112341746,32.831352607380815],[-97.00036207925396,32.8323562656719],[-96.99970584510856,32.833350545621975],[-96.99903388197966,32.833354576939406]]]},"properties":{"sponsor":"outside","sponsor_label":"HFC from outside Dallas County","owner":"PECOS HOUSING FINANCE CO","name":"WYTHE APTS (2018 RENO)","address":"1814 ESTRADA PKWY","city":"IRVING","value":29850000,"land_value":1998110,"improvement_value":27851890,"exempt":false,"exemption":"","tax_forgone":0,"units":248,"building":"APARTMENT (BRICK EXTERIOR)","year_built":"1985","deed_date":"05/20/2025","accounts":1,"acres":10.19,"dcad_account":"325355400A0010000","street_view":"https://www.google.com/maps/@?api=1&map_action=pano&viewpoint=32.831843,-96.999986"}},{"type":"Feature","geometry":{"type":"Polygon","coordinates":[[[-96.82588420338092,32.82180029449383],[-96.82620882764381,32.822083194340586],[-96.82620830779044,32.82212230114979],[-96.8258263533417,32.82244139560734],[-96.82556169275702,32.822213956166934],[-96.8249835093211,32.82269400966268],[-96.82463527658722,32.822390621487685],[-96.82558561669147,32.82161334184558],[-96.8257439497427,32.82169652490105],[-96.82588420338092,32.82180029449383]]]},"properties":{"sponsor":"dallas_hfc","sponsor_label":"Dallas Housing Finance Corp","owner":"DALLAS CITY OF HOUSING FINANCE CORP","name":"MARTHAS VINEYARD PLACE","address":"3110 CRESTVIEW DR","city":"DALLAS","value":29416220,"land_value":4166500,"improvement_value":25249720,"exempt":true,"exemption":"OTHER PUBLIC PROPERTY","tax_forgone":661630,"units":101,"building":"APARTMENT (BRICK EXTERIOR)","year_built":"2017","deed_date":"10/01/2015","accounts":1,"acres":1.93,"dcad_account":"002341000001A0000","street_view":"https://www.google.com/maps/@?api=1&map_action=pano&viewpoint=32.822171,-96.825527"}},{"type":"Feature","geometry":{"type":"Polygon","coordinates":[[[-96.87405134437628,32.65584404307642],[-96.87410243007254,32.65595236605768],[-96.87408779818512,32.65598123227533],[-96.87336019027755,32.657143966930924],[-96.87275175676317,32.657961132559755],[-96.87077022000771,32.65689137817694],[-96.87089173341518,32.65681476510189],[-96.87107192675013,32.65664137594473],[-96.87168075052482,32.65659778814795],[-96.87199895535021,32.656256544915166],[-96.87212951817423,32.65607557313107],[-96.87202144048725,32.65602725687825],[-96.87248190529887,32.6554782529784],[-96.87296072141336,32.65488640563504],[-96.87358879343003,32.65560398406263],[-96.87369286658772,32.65568757982038],[-96.87375103657929,32.65572322459197],[-96.87387737486686,32.65578081782764],[-96.87405134437628,32.65584404307642]]]},"properties":{"sponsor":"dallas_hfc","sponsor_label":"Dallas Housing Finance Corp","owner":"DALLAS HOUSING FINANCE CORPORATION","name":"PARK AT CLIFFCREEK-TXA1996190","address":"7310 MARVIN D LOVE FWY","city":"DALLAS","value":29399260,"land_value":3062090,"improvement_value":26337170,"exempt":true,"exemption":"OTHER PUBLIC PROPERTY","tax_forgone":661248,"units":280,"building":"APARTMENT (BRICK EXTERIOR)","year_built":"1996","deed_date":"02/12/2015","accounts":1,"acres":11.6,"dcad_account":"006930000A02A0000","street_view":"https://www.google.com/maps/@?api=1&map_action=pano&viewpoint=32.656440,-96.872816"}},{"type":"Feature","geometry":{"type":"Polygon","coordinates":[[[-96.86799618246035,32.87106124046965],[-96.87043302972425,32.87108937189832],[-96.87042429400606,32.87200760216346],[-96.87047695846177,32.87200644973217],[-96.87047117986432,32.87304028828122],[-96.87039701004342,32.87303989463025],[-96.87039816985528,32.87320185579081],[-96.86981835635413,32.87319901984849],[-96.86981534716439,32.87372401971644],[-96.8679933492336,32.873699431167864],[-96.86799618246035,32.87106124046965]]]},"properties":{"sponsor":"outside","sponsor_label":"HFC from outside Dallas County","owner":"LA VILLA HOUSING FINANCE CORP","name":"SPANISH CREEK APTS-TXA19950410","address":"3109 CHAPEL CREEK DR","city":"DALLAS","value":28900000,"land_value":4448130,"improvement_value":24451870,"exempt":false,"exemption":"","tax_forgone":0,"units":302,"building":"APARTMENT (BRICK EXTERIOR)","year_built":"1970","deed_date":"04/22/2025","accounts":1,"acres":15.75,"dcad_account":"00000595754000000","street_view":"https://www.google.com/maps/@?api=1&map_action=pano&viewpoint=32.872475,-96.869235"}},{"type":"Feature","geometry":{"type":"Polygon","coordinates":[[[-96.8676521348621,32.64463789576844],[-96.86740436616634,32.64404879259146],[-96.86558816208074,32.64404829904],[-96.86559796180251,32.64343290052439],[-96.86991307682779,32.64341334656658],[-96.87158754407237,32.64344196012651],[-96.87158189238129,32.645662642048265],[-96.86982223594649,32.645675848455696],[-96.86815442179635,32.645648838567624],[-96.8676521348621,32.64463789576844]]]},"properties":{"sponsor":"outside","sponsor_label":"HFC from outside Dallas County","owner":"PECOS HOUSING FINANCE","name":"THE GREEN AT HICKORY TRAIL","address":"8609 OLD HICKORY TRL","city":"DALLAS","value":28500000,"land_value":6540010,"improvement_value":21959990,"exempt":false,"exemption":"","tax_forgone":0,"units":250,"building":"APARTMENT (BRICK EXTERIOR)","year_built":"1999","deed_date":"04/29/2025","accounts":1,"acres":25.47,"dcad_account":"007553000A0080000","street_view":"https://www.google.com/maps/@?api=1&map_action=pano&viewpoint=32.644382,-96.869559"}},{"type":"Feature","geometry":{"type":"Polygon","coordinates":[[[-96.73039884554312,32.883100968030156],[-96.73259294605381,32.88312068795659],[-96.73256237825206,32.88365571049854],[-96.73267491818622,32.884027550872155],[-96.73225832630608,32.884097698221446],[-96.73187015239328,32.88445613585811],[-96.73166360570379,32.88594362856595],[-96.73149891560972,32.88594896608015],[-96.73146307115408,32.88559255898683],[-96.73117881903573,32.88563225471604],[-96.73111469401576,32.88528670919535],[-96.73102594688945,32.8849450631633],[-96.73091290208703,32.88460856447829],[-96.73076734449286,32.88412465777913],[-96.73039884554312,32.883100968030156]]]},"properties":{"sponsor":"outside","sponsor_label":"HFC from outside Dallas County","owner":"CAMERON COUNTY HOUSING FINANCE CORP THE","name":"INFINITY ON THE OAKS","address":"9236 CHURCH RD","city":"DALLAS","value":28500000,"land_value":5733320,"improvement_value":22766680,"exempt":false,"exemption":"","tax_forgone":0,"units":208,"building":"APARTMENT (BRICK EXTERIOR)","year_built":"1979","deed_date":"04/01/2025","accounts":1,"acres":8.62,"dcad_account":"00000792887000000","street_view":"https://www.google.com/maps/@?api=1&map_action=pano&viewpoint=32.884532,-96.731373"}},{"type":"Feature","geometry":{"type":"Polygon","coordinates":[[[-96.60705056130165,32.85345832510019],[-96.60705397408549,32.85342265715326],[-96.60704239188149,32.853377807104074],[-96.60618755480697,32.85158381171578],[-96.6061137449427,32.85145295548417],[-96.60603476931432,32.85133370452708],[-96.60587465444064,32.85113552722789],[-96.60698730471334,32.850217439622746],[-96.60894300996931,32.85195085653531],[-96.60707066170559,32.853501454527795],[-96.60705056130165,32.85345832510019]]]},"properties":{"sponsor":"outside","sponsor_label":"HFC from outside Dallas County","owner":"PECOS HOUSING FINANCE CORP","name":"BARRETT APARTMENT HOMES","address":"238 E OATES RD","city":"GARLAND (DALLAS CO)","value":28500000,"land_value":2144610,"improvement_value":26355390,"exempt":false,"exemption":"","tax_forgone":0,"units":200,"building":"APARTMENT (BRICK EXTERIOR)","year_built":"1981","deed_date":"04/30/2025","accounts":1,"acres":12.49,"dcad_account":"26381700010010000","street_view":"https://www.google.com/maps/@?api=1&map_action=pano&viewpoint=32.851895,-96.607615"}},{"type":"Feature","geometry":{"type":"Polygon","coordinates":[[[-96.65700707837995,32.74925486949633],[-96.65798387253602,32.74925331920155],[-96.6579849395381,32.748841476167165],[-96.660132574621,32.74883804010665],[-96.66012775511074,32.74903420657478],[-96.660115784661,32.74912670644861],[-96.66006911996693,32.749308467202056],[-96.66003465302262,32.749396842560486],[-96.65994428861545,32.749566432546764],[-96.65982687330639,32.74972374441215],[-96.65968469234969,32.74986571621282],[-96.65960516212765,32.749930072855676],[-96.65943115761405,32.75004396142103],[-96.65924008956569,32.75013627711584],[-96.65700151060125,32.751049048362525],[-96.65700707837995,32.74925486949633]]]},"properties":{"sponsor":"local","sponsor_label":"Other Dallas County PFC or HFC","owner":"CITY OF DALLAS  HOUSING FINANCE CORP","name":"RETAIL/MIXED USE","address":"9415 BRUTON RD","city":"DALLAS","value":28040000,"land_value":2929080,"improvement_value":25110920,"exempt":true,"exemption":"CITY PROPERTY","tax_forgone":630676,"units":0,"building":"RETAIL STRIP","year_built":"2015","deed_date":"08/01/2013","accounts":1,"acres":11.2,"dcad_account":"00673500000030000","street_view":"https://www.google.com/maps/@?api=1&map_action=pano&viewpoint=32.749941,-96.658284"}},{"type":"Feature","geometry":{"type":"Polygon","coordinates":[[[-96.71928520293399,32.909383906755245],[-96.71929477081022,32.908902952179],[-96.71790997194583,32.9088891494093],[-96.71790893135059,32.90855198557881],[-96.71849138066598,32.908461599453396],[-96.71901772952944,32.9081512505192],[-96.71985966484404,32.907971347119066],[-96.72002046109246,32.90753189372428],[-96.72028391732633,32.90647406913878],[-96.72090140835962,32.906058824369026],[-96.72095228551457,32.909400103815926],[-96.71928520293399,32.909383906755245]]]},"properties":{"sponsor":"outside","sponsor_label":"HFC from outside Dallas County","owner":"PECOS HOUSING FINANCE CORP","name":"THE MARION","address":"9750 FOREST LN","city":"DALLAS","value":28000000,"land_value":1492890,"improvement_value":26507110,"exempt":false,"exemption":"","tax_forgone":0,"units":326,"building":"APARTMENT (FRAME EXTERIOR)","year_built":"1983","deed_date":"12/31/2024","accounts":1,"acres":11.38,"dcad_account":"00000791059100000","street_view":"https://www.google.com/maps/@?api=1&map_action=pano&viewpoint=32.907661,-96.720453"}},{"type":"Feature","geometry":{"type":"Polygon","coordinates":[[[-96.83875931084678,32.82345868489686],[-96.83882859012851,32.82345862716703],[-96.83914091844717,32.8237196877622],[-96.83862137423984,32.824156410389705],[-96.83827374413777,32.823866844751855],[-96.83875931084678,32.82345868489686]]]},"properties":{"sponsor":"dallas_pfc","sponsor_label":"Dallas Public Facility Corp","owner":"DALLAS PUBLIC FACILITY CORPORATION","name":"5908 MAPLE HIGHLINE","address":"5908 MAPLE AVE","city":"DALLAS","value":27000000,"land_value":1684850,"improvement_value":25315150,"exempt":true,"exemption":"OTHER PUBLIC PROPERTY","tax_forgone":607284,"units":74,"building":"APARTMENT (BRICK EXTERIOR)","year_built":"2023","deed_date":"01/05/2022","accounts":1,"acres":0.77,"dcad_account":"005713000E01A0000","street_view":"https://www.google.com/maps/@?api=1&map_action=pano&viewpoint=32.823776,-96.838727"}},{"type":"Feature","geometry":{"type":"MultiPolygon","coordinates":[[[[-96.69083390341139,32.71409379602804],[-96.69068437971423,32.71409388581316],[-96.69053711591899,32.71411578011782],[-96.6903965274339,32.714158822485786],[-96.69022880503276,32.71422524600462],[-96.68997661149781,32.71428617764369],[-96.68974979618912,32.71430953040707],[-96.68963547618779,32.71431043706141],[-96.68940818254687,32.71429068576614],[-96.68917639574393,32.71423978531376],[-96.68886343252888,32.714127837638046],[-96.68872517065098,32.71409958927683],[-96.68860650316189,32.71409247468846],[-96.6886066835328,32.71371902808357],[-96.69000932557371,32.7137333622873],[-96.69027228908605,32.71372399113848],[-96.69084090589891,32.71352517103316],[-96.69085015980872,32.71410113790994],[-96.69083390341139,32.71409379602804]]],[[[-96.6908179492071,32.71475136047782],[-96.6907206724187,32.71510320062067],[-96.69068816534596,32.716755483683464],[-96.69007187396923,32.7167557331538],[-96.69005827381739,32.716935717298384],[-96.68990725956475,32.7168346332451],[-96.68991137161399,32.716481978164694],[-96.68932626067894,32.716483506988666],[-96.68924849399352,32.716447844383616],[-96.68925625683482,32.71511392520628],[-96.68860601023749,32.7151071445495],[-96.68860643224055,32.7142385568353],[-96.68868217141834,32.71424812146855],[-96.6888288188861,32.71428441308713],[-96.68905434158269,32.71437173647563],[-96.68927741808594,32.71442818982112],[-96.68939188547148,32.714446499725106],[-96.6896239383439,32.714462847685006],[-96.68985643912977,32.714451959743585],[-96.69008493632909,32.71441404436323],[-96.69019631114507,32.71438515833732],[-96.69055249165713,32.714259329983356],[-96.6908176440287,32.71421716946202],[-96.6908179492071,32.71475136047782]]]]},"properties":{"sponsor":"local","sponsor_label":"Other Dallas County PFC or HFC","owner":"TEXAS ESSENTIAL HOUSING PUBLIC","name":"BELLA VIDA","address":"7651 C F HAWN FWY","city":"DALLAS","value":26400000,"land_value":2402520,"improvement_value":23997480,"exempt":true,"exemption":"OTHER PUBLIC PROPERTY","tax_forgone":593789,"units":256,"building":"APARTMENT (BRICK EXTERIOR)","year_built":"1970","deed_date":"06/20/2023","accounts":1,"acres":12.83,"dcad_account":"00000557891000000","street_view":"https://www.google.com/maps/@?api=1&map_action=pano&viewpoint=32.713906,-96.689727"}},{"type":"Feature","geometry":{"type":"Polygon","coordinates":[[[-96.65342989213416,32.76210663854039],[-96.65342291658965,32.760496460814885],[-96.65325891718241,32.76049564673964],[-96.65325746085642,32.75964413398724],[-96.65472293486057,32.75965093817749],[-96.6547197266713,32.762161151123756],[-96.65473231928364,32.76218873617221],[-96.65476416882066,32.762202165698035],[-96.65396941813177,32.76219268876213],[-96.65363472374996,32.76212645066582],[-96.65342989213416,32.76210663854039]]]},"properties":{"sponsor":"outside","sponsor_label":"HFC from outside Dallas County","owner":"PECOS HOUSING FINANCE CORP","name":"HOLBROOK","address":"9760 SCYENE RD","city":"DALLAS","value":26295380,"land_value":574340,"improvement_value":25721040,"exempt":false,"exemption":"","tax_forgone":0,"units":232,"building":"APARTMENT (BRICK EXTERIOR)","year_built":"1984","deed_date":"05/19/2025","accounts":1,"acres":8.75,"dcad_account":"00675500020010000","street_view":"https://www.google.com/maps/@?api=1&map_action=pano&viewpoint=32.761448,-96.654073"}},{"type":"Feature","geometry":{"type":"Polygon","coordinates":[[[-96.65175860988509,32.7621381062278],[-96.65220633510896,32.75869210758226],[-96.65246902878832,32.75869189639149],[-96.65246905061748,32.75870757244206],[-96.65255598980124,32.75870662389252],[-96.6525492574953,32.75964156217195],[-96.65325746085642,32.75964413398724],[-96.65325891718241,32.76049564673964],[-96.65342291658965,32.760496460814885],[-96.65342989213416,32.76210663854039],[-96.65297808064535,32.7620572433771],[-96.65232750699239,32.762041628379016],[-96.65175860988509,32.7621381062278]]]},"properties":{"sponsor":"outside","sponsor_label":"HFC from outside Dallas County","owner":"PECOS HOUSING FINANCE CORP","name":"HOLBROOK","address":"9860 SCYENE RD","city":"DALLAS","value":26295160,"land_value":656640,"improvement_value":25638520,"exempt":false,"exemption":"","tax_forgone":0,"units":232,"building":"APARTMENT (BRICK EXTERIOR)","year_built":"1986","deed_date":"05/19/2025","accounts":1,"acres":9.97,"dcad_account":"00675500020020000","street_view":"https://www.google.com/maps/@?api=1&map_action=pano&viewpoint=32.760307,-96.652629"}},{"type":"Feature","geometry":{"type":"Polygon","coordinates":[[[-96.6422339740116,32.96166919031548],[-96.64047012938504,32.96310618644751],[-96.63984962973339,32.96259671734008],[-96.64094230204824,32.96165109807036],[-96.64110780452481,32.961654740660855],[-96.64143861126101,32.96164420523848],[-96.64176715653636,32.96160999056768],[-96.64209105960809,32.96155234457884],[-96.6422339740116,32.96166919031548]]]},"properties":{"sponsor":"outside","sponsor_label":"HFC from outside Dallas County","owner":"PLEASANTON HOUSING FINANCE","name":"FIREWHEEL TOWN VILLAGE SENIOR LIVING","address":"5151 N PRESIDENT GEORGE BUSH HWY","city":"GARLAND (DALLAS CO)","value":26200000,"land_value":2091420,"improvement_value":24108580,"exempt":false,"exemption":"","tax_forgone":0,"units":154,"building":"SENIOR CITIZEN HOUSING","year_built":"2017","deed_date":"10/31/2024","accounts":1,"acres":4.0,"dcad_account":"261792400101R0000","street_view":"https://www.google.com/maps/@?api=1&map_action=pano&viewpoint=32.962134,-96.641024"}},{"type":"Feature","geometry":{"type":"Polygon","coordinates":[[[-96.65305930280392,32.97908520984412],[-96.65403345205159,32.97908881378454],[-96.65403380866309,32.97902039950063],[-96.6551718177664,32.97902460021711],[-96.65516898290058,32.97957083838714],[-96.65473309560889,32.979569230674336],[-96.6547321225475,32.979756605786434],[-96.65304941509211,32.97975040435528],[-96.65305930280392,32.97908520984412]]]},"properties":{"sponsor":"local","sponsor_label":"Other Dallas County PFC or HFC","owner":"GARLAND HOUSING FINANCE CORP","name":"One 90 Firewheel Phase II","address":"1675 W CAMPBELL RD","city":"GARLAND (DALLAS CO)","value":25658780,"land_value":1876030,"improvement_value":23782750,"exempt":true,"exemption":"OTHER PUBLIC PROPERTY","tax_forgone":577117,"units":123,"building":"APARTMENT (BRICK EXTERIOR)","year_built":"2018","deed_date":"03/01/2017","accounts":1,"acres":3.59,"dcad_account":"26776220010070000","street_view":"https://www.google.com/maps/@?api=1&map_action=pano&viewpoint=32.979328,-96.654113"}},{"type":"Feature","geometry":{"type":"Polygon","coordinates":[[[-96.59221598816552,32.84624109267223],[-96.59230100658817,32.84627091770852],[-96.59234661419545,32.84627702296532],[-96.59243839272261,32.84627086483116],[-96.59248228501957,32.846258754330655],[-96.59256065408218,32.846217966359006],[-96.59289035518425,32.8459783586352],[-96.59371918927229,32.846809105429905],[-96.59292873739939,32.847383027795075],[-96.59330674075284,32.84769791207498],[-96.59278727335212,32.84807258391116],[-96.5901136037268,32.845766229238386],[-96.58979091460294,32.84576045829684],[-96.5897927942079,32.84570495662639],[-96.590118287854,32.84571281599388],[-96.59013336941895,32.84526770499802],[-96.58980787580704,32.84525984427055],[-96.58980981207591,32.84520269396405],[-96.58984008075129,32.845173588507514],[-96.59036133855643,32.84527782778058],[-96.59221598816552,32.84624109267223]]]},"properties":{"sponsor":"outside","sponsor_label":"HFC from outside Dallas County","owner":"PECOS HOUSING FINANCE CORP","name":"THE ABRAM","address":"608 ROWLETT RD","city":"GARLAND (DALLAS CO)","value":25500000,"land_value":1758780,"improvement_value":23741220,"exempt":false,"exemption":"","tax_forgone":0,"units":144,"building":"APARTMENT (BRICK EXTERIOR)","year_built":"2008","deed_date":"05/15/2025","accounts":1,"acres":10.09,"dcad_account":"26511800010010000","street_view":"https://www.google.com/maps/@?api=1&map_action=pano&viewpoint=32.846531,-96.592219"}},{"type":"Feature","geometry":{"type":"Polygon","coordinates":[[[-96.70328935024295,32.863400841448765],[-96.70065359679576,32.86339913600316],[-96.70069107932501,32.863230477896636],[-96.70072026780782,32.86314823519462],[-96.70079881660051,32.86298995828071],[-96.70090291002602,32.86284255266336],[-96.70138011626175,32.862262925796465],[-96.70152677657046,32.862315538602836],[-96.70163232653218,32.862327490633675],[-96.70288026477807,32.8623287651453],[-96.70292728429939,32.86236946553313],[-96.70297314151125,32.862391935963075],[-96.70302521089422,32.86240039829133],[-96.7030776761683,32.86239390725468],[-96.70314444663028,32.8623581597616],[-96.70318468369705,32.86229485403062],[-96.70321320707248,32.862281512316095],[-96.70317674380475,32.86221901536694],[-96.70339327702878,32.8618574092179],[-96.70355640165116,32.86194704839477],[-96.70363178889183,32.862055717390874],[-96.70365607766281,32.862114300685526],[-96.70365886839586,32.86214536236147],[-96.70364897176557,32.86230905302284],[-96.70388869522728,32.8626847148246],[-96.70389838125176,32.86272991827331],[-96.70388189485189,32.86277369701871],[-96.70385802174034,32.86279698390259],[-96.7035653857012,32.862974671885716],[-96.70328935024295,32.863400841448765]]]},"properties":{"sponsor":"outside","sponsor_label":"HFC from outside Dallas County","owner":"PECOS HOUSING FINANCE","name":"MELVILLE","address":"11201 E LAKE HIGHLANDS DR","city":"DALLAS","value":25170630,"land_value":3407260,"improvement_value":21763370,"exempt":false,"exemption":"","tax_forgone":0,"units":0,"building":"APARTMENT (BRICK EXTERIOR)","year_built":"2000","deed_date":"03/24/2025","accounts":1,"acres":7.86,"dcad_account":"00000737176000000","street_view":"https://www.google.com/maps/@?api=1&map_action=pano&viewpoint=32.862522,-96.702490"}},{"type":"Feature","geometry":{"type":"Polygon","coordinates":[[[-96.71320689053324,32.924083060704],[-96.7138888401436,32.92414333260103],[-96.71414176039931,32.92415877244138],[-96.71464863665577,32.92417190462625],[-96.715793826414,32.92417658459391],[-96.71599159903542,32.92419876531256],[-96.71608877342071,32.924217982840766],[-96.71627762172389,32.92427226155716],[-96.71701442652969,32.92457327370743],[-96.71724056209572,32.9246413022118],[-96.71747453991112,32.924686704966504],[-96.71759348168764,32.92470071715908],[-96.71789853461065,32.92471073334948],[-96.71790234222819,32.92516200269504],[-96.71241352234567,32.925150088935034],[-96.71227904326706,32.92408204180696],[-96.71320689053324,32.924083060704]]]},"properties":{"sponsor":"outside","sponsor_label":"HFC from outside Dallas County","owner":"PECOS HOUSING FINANCE","name":"TIDES OF LAWLER EAST","address":"13030 AUDELIA RD","city":"DALLAS","value":25036360,"land_value":6912970,"improvement_value":18123390,"exempt":false,"exemption":"","tax_forgone":0,"units":204,"building":"APARTMENT (BRICK EXTERIOR)","year_built":"1981","deed_date":"05/19/2025","accounts":1,"acres":12.67,"dcad_account":"008432000C0010000","street_view":"https://www.google.com/maps/@?api=1&map_action=pano&viewpoint=32.924640,-96.714880"}},{"type":"Feature","geometry":{"type":"Polygon","coordinates":[[[-96.7182128161427,32.92407858740405],[-96.71995154077418,32.92407761978038],[-96.71996262196635,32.92543912527104],[-96.7182357667974,32.92543928180262],[-96.7182128161427,32.92407858740405]]]},"properties":{"sponsor":"outside","sponsor_label":"HFC from outside Dallas County","owner":"PECOS HOUSING FINANCE CORPORATION","name":"THE CHARLIE","address":"13015 AUDELIA RD","city":"DALLAS","value":24500000,"land_value":3157220,"improvement_value":21342780,"exempt":false,"exemption":"","tax_forgone":0,"units":314,"building":"APARTMENT (BRICK EXTERIOR)","year_built":"1982","deed_date":"05/19/2025","accounts":1,"acres":6.04,"dcad_account":"0086780A000020000","street_view":"https://www.google.com/maps/@?api=1&map_action=pano&viewpoint=32.924759,-96.719091"}},{"type":"Feature","geometry":{"type":"Polygon","coordinates":[[[-96.79635754045098,32.73943898848389],[-96.79611233702578,32.7390352396804],[-96.79579527607564,32.73915134054504],[-96.79593673604404,32.73875304642375],[-96.79593384789806,32.7385495030973],[-96.79695886864124,32.738009498168694],[-96.79760003535702,32.73803639852451],[-96.79860854366312,32.73809952694444],[-96.79859068728615,32.738194511402156],[-96.79784602806143,32.73855959542059],[-96.79754752829426,32.738929027638896],[-96.79759313379719,32.73901715623217],[-96.79728973652695,32.739070980989716],[-96.79717485954838,32.739100270549905],[-96.79692518177265,32.73918913123814],[-96.79680516326621,32.7392423053916],[-96.7965762191611,32.73886533390819],[-96.79627709445583,32.73897486815316],[-96.79651659655666,32.73936911043762],[-96.79635754045098,32.73943898848389]]]},"properties":{"sponsor":"dallas_pfc","sponsor_label":"Dallas Public Facility Corp","owner":"DALLAS PUBLIC FACILITY CORP","name":"THE FINCH APARTMENT HOMES","address":"1710 MORRELL AVE","city":"DALLAS","value":24484250,"land_value":1097800,"improvement_value":23386450,"exempt":true,"exemption":"OTHER PUBLIC PROPERTY","tax_forgone":550700,"units":153,"building":"APARTMENT (BRICK EXTERIOR)","year_built":"2023","deed_date":"10/17/2023","accounts":1,"acres":4.98,"dcad_account":"005896000202B0000","street_view":"https://www.google.com/maps/@?api=1&map_action=pano&viewpoint=32.738664,-96.796844"}},{"type":"Feature","geometry":{"type":"Polygon","coordinates":[[[-96.9549765285353,32.93512252512477],[-96.95505123605042,32.935339813987994],[-96.9550773983895,32.93545080772213],[-96.9551069106628,32.93567567195182],[-96.95511016359224,32.9357888037767],[-96.95238917056554,32.935778207236744],[-96.95235560392761,32.935772173093696],[-96.95232636845834,32.935757012837676],[-96.95230483669084,32.935734475320764],[-96.9522934924719,32.93570716041707],[-96.95229456891317,32.93524374742788],[-96.95249780211013,32.93523183828237],[-96.9525980812683,32.93521642519278],[-96.95279322764196,32.93516710267177],[-96.95297762586746,32.93509407144061],[-96.95315643745266,32.93500190422537],[-96.95325248911364,32.93496093672245],[-96.95345458497395,32.93489880223358],[-96.95355936534938,32.934878023809304],[-96.95377311883585,32.93485769348319],[-96.95398800116801,32.934866014375956],[-96.95409418598395,32.93488088201939],[-96.9545100818026,32.934987013098],[-96.95461725200008,32.93500701696952],[-96.95486377203477,32.93503528657717],[-96.9549309331738,32.93506544741456],[-96.9549765285353,32.93512252512477]]]},"properties":{"sponsor":"outside","sponsor_label":"HFC from outside Dallas County","owner":"PECOS HOUSING FINANCE CORP","name":"CASA VALLEY APTS","address":"500 SANTA FE TRL","city":"IRVING","value":24467000,"land_value":3571620,"improvement_value":20895380,"exempt":false,"exemption":"","tax_forgone":0,"units":151,"building":"APARTMENT (BRICK EXTERIOR)","year_built":"1985","deed_date":"04/02/2025","accounts":1,"acres":5.46,"dcad_account":"320558000A0010000","street_view":"https://www.google.com/maps/@?api=1&map_action=pano&viewpoint=32.935378,-96.953679"}},{"type":"Feature","geometry":{"type":"Polygon","coordinates":[[[-96.87994077253056,32.983716504523926],[-96.87663456209931,32.983709154521314],[-96.87695992326469,32.98251648101036],[-96.87993605391655,32.9825230860051],[-96.87994077253056,32.983716504523926]]]},"properties":{"sponsor":"outside","sponsor_label":"HFC from outside Dallas County","owner":"PECOS HOUSING FINANCE","name":"KNOLLS OF CARROLTON","address":"2500 GUERRERO DR","city":"CARROLLTON (DALLAS CO)","value":24419970,"land_value":2111350,"improvement_value":22308620,"exempt":false,"exemption":"","tax_forgone":0,"units":0,"building":"LAUNDROMAT","year_built":"1981","deed_date":"03/24/2025","accounts":1,"acres":9.6,"dcad_account":"14107340510010000","street_view":"https://www.google.com/maps/@?api=1&map_action=pano&viewpoint=32.983115,-96.878370"}},{"type":"Feature","geometry":{"type":"Polygon","coordinates":[[[-96.75784760987062,32.936454349261275],[-96.75668620572031,32.93645857208919],[-96.75669249553236,32.935423964402645],[-96.75795722334514,32.935418352407076],[-96.75792306372213,32.93611727329003],[-96.75784760987062,32.936454349261275]]]},"properties":{"sponsor":"dallas_hfc","sponsor_label":"Dallas Housing Finance Corp","owner":"DHFC MIDPARK LANDOWNER LLC","name":"MIDPARK TOWERS INDEPENDENT SENIOR LIVING","address":"8550 MIDPARK RD","city":"DALLAS","value":24000000,"land_value":604610,"improvement_value":23395390,"exempt":true,"exemption":"OTHER PUBLIC PROPERTY","tax_forgone":539808,"units":202,"building":"APARTMENT (BRICK EXTERIOR)","year_built":"1978","deed_date":"06/28/2021","accounts":1,"acres":3.27,"dcad_account":"00000769003000000","street_view":"https://www.google.com/maps/@?api=1&map_action=pano&viewpoint=32.935771,-96.757315"}},{"type":"Feature","geometry":{"type":"Polygon","coordinates":[[[-96.8128119927066,32.75288332622879],[-96.81338917570348,32.752882905862265],[-96.8133902482399,32.753733914517305],[-96.81281285963031,32.753734334922356],[-96.81279658077293,32.753720603562236],[-96.81279574297335,32.752897082070426],[-96.8128119927066,32.75288332622879]]]},"properties":{"sponsor":"dallas_pfc","sponsor_label":"Dallas Public Facility Corp","owner":"DALLAS PUBLIC FACILITY CORP","name":"APARTMENTS THE BOWIE AT BISHOP RIDGE","address":"405 N EWING AVE","city":"DALLAS","value":23396300,"land_value":1976630,"improvement_value":21419670,"exempt":true,"exemption":"OTHER PUBLIC PROPERTY","tax_forgone":526230,"units":75,"building":"APARTMENT (BRICK EXTERIOR)","year_built":"2024","deed_date":"02/02/2024","accounts":1,"acres":1.3,"dcad_account":"00305100700060000","street_view":"https://www.google.com/maps/@?api=1&map_action=pano&viewpoint=32.753362,-96.813093"}},{"type":"Feature","geometry":{"type":"Polygon","coordinates":[[[-96.83029572806521,32.74768481391868],[-96.83181090875519,32.74769082637185],[-96.83181113996628,32.74800967950183],[-96.83032939975604,32.748003796039406],[-96.83029677500464,32.747976180340004],[-96.83029572806521,32.74768481391868]]]},"properties":{"sponsor":"dallas_pfc","sponsor_label":"Dallas Public Facility Corp","owner":"DALLAS PUBLIC FACILITY CORP","name":"SOUTH APARTMENTS","address":"510 W 8TH ST","city":"DALLAS","value":23186780,"land_value":3504740,"improvement_value":19682040,"exempt":true,"exemption":"OTHER PUBLIC PROPERTY","tax_forgone":521517,"units":0,"building":"RESIDENTIAL GARAGE","year_built":"2024","deed_date":"12/29/2023","accounts":1,"acres":1.24,"dcad_account":"003145002511A0000","street_view":"https://www.google.com/maps/@?api=1&map_action=pano&viewpoint=32.747841,-96.831054"}},{"type":"Feature","geometry":{"type":"Polygon","coordinates":[[[-96.83708786923913,32.69855679967785],[-96.83578882104642,32.69855833361074],[-96.83579317337608,32.696351091538524],[-96.83709394514248,32.69634954669955],[-96.83709624805631,32.69773216487961],[-96.83708649569046,32.69773217729311],[-96.83708786923913,32.69855679967785]]]},"properties":{"sponsor":"outside","sponsor_label":"HFC from outside Dallas County","owner":"LA VILLA HOUSING FINANCE","name":"(45% VACANT) THE ANDERSON APTS","address":"3800 S TYLER ST","city":"DALLAS","value":23000000,"land_value":1285540,"improvement_value":21714460,"exempt":false,"exemption":"","tax_forgone":0,"units":278,"building":"APARTMENT (BRICK EXTERIOR)","year_built":"1985","deed_date":"03/13/2025","accounts":1,"acres":7.38,"dcad_account":"005984000007A0000","street_view":"https://www.google.com/maps/@?api=1&map_action=pano&viewpoint=32.697389,-96.836443"}},{"type":"Feature","geometry":{"type":"Polygon","coordinates":[[[-96.87401059765718,32.70822640448721],[-96.87176725510585,32.70821964448594],[-96.87177513917148,32.70635168690166],[-96.87184016301751,32.706290888216486],[-96.87198303496876,32.70639498343007],[-96.87213944081401,32.70647962188916],[-96.87229012753768,32.70653666833952],[-96.87246896885988,32.70657894562199],[-96.87269473159476,32.70659773192702],[-96.87321273692947,32.70658436879134],[-96.87331825682749,32.706593673186404],[-96.87340855790949,32.70661193817416],[-96.87350763403428,32.706644015241444],[-96.87358926725634,32.706681417031945],[-96.87379442992541,32.70681661895258],[-96.87390151387602,32.70687530847646],[-96.87416018688161,32.706974904423795],[-96.87419054913447,32.70702984064411],[-96.87411824745814,32.70726293847784],[-96.87407025105445,32.70750047657782],[-96.87404692485471,32.70774064810427],[-96.8740432121046,32.70819901477307],[-96.87401059765718,32.70822640448721]]]},"properties":{"sponsor":"local","sponsor_label":"Other Dallas County PFC or HFC","owner":"TEXAS ESSENTIAL HOUSING","name":"MUSE","address":"3035 W PENTAGON PKWY","city":"DALLAS","value":22823130,"land_value":1673580,"improvement_value":21149550,"exempt":true,"exemption":"OTHER PUBLIC PROPERTY","tax_forgone":513338,"units":0,"building":"APARTMENT (BRICK EXTERIOR)","year_built":"1966","deed_date":"10/24/2023","accounts":1,"acres":9.61,"dcad_account":"006116000101A0000","street_view":"https://www.google.com/maps/@?api=1&map_action=pano&viewpoint=32.707271,-96.872942"}},{"type":"Feature","geometry":{"type":"Polygon","coordinates":[[[-96.69502661950295,32.71226204591047],[-96.69499847607756,32.71220222103521],[-96.69495860906353,32.712142510378165],[-96.69485915697254,32.712045597148816],[-96.69479486063453,32.712003802383435],[-96.69472430998331,32.7119699786011],[-96.69458002431108,32.71193021052812],[-96.69445887367559,32.71192204732581],[-96.69423118906052,32.71193860666554],[-96.69400556575309,32.71196437359479],[-96.69370780522735,32.71201418708419],[-96.69349882555812,32.71201728361714],[-96.69332398137698,32.71200571320068],[-96.69337706187646,32.711655943332616],[-96.69348711971624,32.711655571023236],[-96.69345603353389,32.71110856830006],[-96.69367712037081,32.711076637451804],[-96.69394888905765,32.71101852046743],[-96.6942136345446,32.71094060039763],[-96.69441901381212,32.710864397160734],[-96.69466607963393,32.71075242251873],[-96.69490066000573,32.71062266730933],[-96.69512097225125,32.71047612152013],[-96.69537684427947,32.71027689849714],[-96.69550330723588,32.710203231137726],[-96.69561018627202,32.7101580449966],[-96.69570641026574,32.71012832746539],[-96.69611329863413,32.71004509287446],[-96.69601724633343,32.70967281440515],[-96.69656775140658,32.70956370460969],[-96.69655051542011,32.70949677376593],[-96.69757155753234,32.709299990545695],[-96.69757796840916,32.71143937918565],[-96.69665555517531,32.711434344075414],[-96.69591359223175,32.71226007529393],[-96.69502661950295,32.71226204591047]]]},"properties":{"sponsor":"deal_llc","sponsor_label":"Private landowner LLC, public exemption","owner":"MURDEAUX VILLAS LANDOWNER LLC","name":"MURDEAUX VILLAS - TDHCA# 21614","address":"125 S MURDEAUX LN","city":"DALLAS","value":22500000,"land_value":2357470,"improvement_value":20142530,"exempt":true,"exemption":"OTHER PUBLIC PROPERTY","tax_forgone":506070,"units":301,"building":"APARTMENT (BRICK EXTERIOR)","year_built":"2003","deed_date":"03/05/2026","accounts":1,"acres":17.99,"dcad_account":"006264000N0010000","street_view":"https://www.google.com/maps/@?api=1&map_action=pano&viewpoint=32.710786,-96.696109"}},{"type":"Feature","geometry":{"type":"Polygon","coordinates":[[[-96.67236930303004,32.81063032694367],[-96.67018909465851,32.81062187596366],[-96.67021247152606,32.80716957567192],[-96.67158518351101,32.80717259595752],[-96.67158515402741,32.80835707221366],[-96.67237029627563,32.808359113968656],[-96.67236930303004,32.81063032694367]]]},"properties":{"sponsor":"dallas_hfc","sponsor_label":"Dallas Housing Finance Corp","owner":"DHFC ASH CREEK LANDOWNER LLC","name":"ROSEMONT ASH CREEK APTS-TXA20040280","address":"2605 JOHN WEST RD","city":"DALLAS","value":22400000,"land_value":2934270,"improvement_value":19465730,"exempt":true,"exemption":"OTHER PUBLIC PROPERTY","tax_forgone":503821,"units":280,"building":"APARTMENT (FRAME EXTERIOR)","year_built":"2003","deed_date":"07/19/2023","accounts":1,"acres":16.84,"dcad_account":"00736200000010000","street_view":"https://www.google.com/maps/@?api=1&map_action=pano&viewpoint=32.809484,-96.671283"}},{"type":"Feature","geometry":{"type":"Polygon","coordinates":[[[-96.65054064025449,32.79715412515866],[-96.65029605315907,32.79709825381644],[-96.64995490087314,32.79706843715001],[-96.649805149365,32.79703047043856],[-96.64989999717048,32.796891674455246],[-96.65005550156016,32.79673178740792],[-96.65160430217999,32.79543109716213],[-96.65173710702763,32.79554028793348],[-96.65187152718022,32.7956110143872],[-96.6520237176241,32.79564901487759],[-96.65224556937889,32.79566330776757],[-96.6523716427672,32.795705043534895],[-96.65245358786116,32.7957557456792],[-96.65280845164281,32.79606479841754],[-96.65113685441544,32.79747914261002],[-96.65099265843178,32.797369781897295],[-96.65082548439591,32.797269701413896],[-96.65071509509532,32.797217200695094],[-96.65054064025449,32.79715412515866]]]},"properties":{"sponsor":"local","sponsor_label":"Other Dallas County PFC or HFC","owner":"TEXAS ESSENTIAL HOUSING","name":"TRADEWIND APTS PH 1","address":"3700 N TOWN EAST BLVD","city":"MESQUITE (DALLAS CO)","value":22377850,"land_value":976830,"improvement_value":21401020,"exempt":true,"exemption":"OTHER PUBLIC PROPERTY","tax_forgone":503323,"units":200,"building":"APARTMENT (BRICK EXTERIOR)","year_built":"1967","deed_date":"06/20/2023","accounts":1,"acres":7.36,"dcad_account":"38208500090010000","street_view":"https://www.google.com/maps/@?api=1&map_action=pano&viewpoint=32.796398,-96.651434"}},{"type":"Feature","geometry":{"type":"Polygon","coordinates":[[[-96.72530510053564,32.91111034837982],[-96.72530784598703,32.91105463595187],[-96.72436179359606,32.91105137973224],[-96.72438836289464,32.90970228889368],[-96.72565581590922,32.90973318153945],[-96.72583233985623,32.909734365344356],[-96.72619416536665,32.909716559926885],[-96.72648528807015,32.910176306154575],[-96.72595838102708,32.91042248716355],[-96.7259515722552,32.91069581468509],[-96.72574594314057,32.910691483153606],[-96.7256487891267,32.91075981586163],[-96.72565762860135,32.9111126225974],[-96.72530510053564,32.91111034837982]]]},"properties":{"sponsor":"outside","sponsor_label":"HFC from outside Dallas County","owner":"PLEASANTON HOUSING FINACE CORP","name":"FOREST HILLS APTS","address":"9659 FOREST LN","city":"DALLAS","value":21500000,"land_value":755280,"improvement_value":20744720,"exempt":false,"exemption":"","tax_forgone":0,"units":216,"building":"APARTMENT (BRICK EXTERIOR)","year_built":"1984","deed_date":"04/07/2025","accounts":1,"acres":5.8,"dcad_account":"008421000702A0000","street_view":"https://www.google.com/maps/@?api=1&map_action=pano&viewpoint=32.910386,-96.725194"}},{"type":"Feature","geometry":{"type":"Polygon","coordinates":[[[-96.88755851658324,32.71370431088927],[-96.88769191342601,32.713856357300735],[-96.88779423906958,32.71393897795064],[-96.88791424667498,32.71400235407174],[-96.88797934815489,32.71402596914756],[-96.88815858755952,32.714059932075635],[-96.89083606890767,32.71407839223974],[-96.89097722322171,32.71406982867637],[-96.891202149176,32.71402331284012],[-96.89118207348264,32.7152498450405],[-96.88705806947172,32.71524454666217],[-96.88701019627355,32.71359883392157],[-96.88712898569933,32.713573543598656],[-96.88719126109007,32.7135705176975],[-96.88731479258944,32.713583773164274],[-96.88743083712137,32.71362195250356],[-96.88748385887139,32.71364973165836],[-96.88755851658324,32.71370431088927]]]},"properties":{"sponsor":"local","sponsor_label":"Other Dallas County PFC or HFC","owner":"TEXAS ESSENTIAL HOUSING","name":"HIGHLAND ROAD VILLAGE","address":"4355 WYOMING ST","city":"DALLAS","value":21451950,"land_value":1479530,"improvement_value":19972420,"exempt":true,"exemption":"OTHER PUBLIC PROPERTY","tax_forgone":482497,"units":172,"building":"APARTMENT (BRICK EXTERIOR)","year_built":"1968","deed_date":"06/20/2023","accounts":1,"acres":13.41,"dcad_account":"00000660886500000","street_view":"https://www.google.com/maps/@?api=1&map_action=pano&viewpoint=32.714649,-96.889116"}},{"type":"Feature","geometry":{"type":"Polygon","coordinates":[[[-96.71758321118362,32.90788438245214],[-96.71757276310673,32.90885141664486],[-96.71748521685771,32.908915072412256],[-96.71736721731668,32.90907651458672],[-96.71709147339652,32.90926969636744],[-96.71677093811122,32.9093442862555],[-96.71630285239792,32.9093387303078],[-96.71607504393066,32.909323070309995],[-96.71596258445703,32.909305621568386],[-96.715743080561,32.90925187845116],[-96.71534855137006,32.90910142384088],[-96.71515533517601,32.909045104254474],[-96.71515920543399,32.907873715057335],[-96.71758321118362,32.90788438245214]]]},"properties":{"sponsor":"outside","sponsor_label":"HFC from outside Dallas County","owner":"PLEASANTON HOUSING FINANCE","name":"RIVIERIA","address":"11700 AUDELIA RD","city":"DALLAS","value":20750000,"land_value":1458000,"improvement_value":19292000,"exempt":false,"exemption":"","tax_forgone":0,"units":247,"building":"APARTMENT (BRICK EXTERIOR)","year_built":"1980","deed_date":"03/24/2025","accounts":1,"acres":8.37,"dcad_account":"00000787230000000","street_view":"https://www.google.com/maps/@?api=1&map_action=pano&viewpoint=32.908363,-96.716368"}},{"type":"Feature","geometry":{"type":"Polygon","coordinates":[[[-96.87905370819482,32.98167731704169],[-96.87919179489147,32.98177586413628],[-96.8792531064753,32.98183202311583],[-96.87935816324531,32.98195618584223],[-96.87943746493076,32.98209325969191],[-96.87950301935528,32.98227474320648],[-96.8799249675403,32.98227567624087],[-96.87993605391655,32.9825230860051],[-96.87695992326469,32.98251648101036],[-96.87729460117706,32.98130102125457],[-96.87735515480993,32.981112243331054],[-96.87749295749188,32.98073880812823],[-96.87905370819482,32.98167731704169]]]},"properties":{"sponsor":"outside","sponsor_label":"HFC from outside Dallas County","owner":"PECOS HOUSING FINANCE","name":"THE HOLDEN","address":"2500 GUERRERO DR","city":"CARROLLTON (DALLAS CO)","value":19980030,"land_value":1661800,"improvement_value":18318230,"exempt":false,"exemption":"","tax_forgone":0,"units":144,"building":"APARTMENT (BRICK EXTERIOR)","year_built":"1981","deed_date":"03/24/2025","accounts":1,"acres":7.53,"dcad_account":"14107320000010000","street_view":"https://www.google.com/maps/@?api=1&map_action=pano&viewpoint=32.981583,-96.878066"}},{"type":"Feature","geometry":{"type":"Polygon","coordinates":[[[-96.65870061690154,32.97788375328419],[-96.65956090232193,32.978505925625],[-96.65981111697754,32.978727343323754],[-96.65825028696972,32.97873904269172],[-96.65824895015953,32.97861609432356],[-96.65801347115077,32.97844577287743],[-96.65804036800967,32.97841913853647],[-96.65803840072016,32.97835127961533],[-96.65841542327652,32.9779810415319],[-96.65852025137023,32.97791545618363],[-96.65851716837649,32.977881698453274],[-96.65912610314987,32.97728923203073],[-96.6592322159801,32.97736651227197],[-96.65870061690154,32.97788375328419]]]},"properties":{"sponsor":"local","sponsor_label":"Other Dallas County PFC or HFC","owner":"GARLAND HOUSING FINANCE CORP","name":"WATERMERE AT FIREWHEEL","address":"6800 N PRESIDENT GEORGE BUSH HWY","city":"GARLAND (DALLAS CO)","value":19296400,"land_value":1343080,"improvement_value":17953320,"exempt":true,"exemption":"OTHER PUBLIC PROPERTY","tax_forgone":434015,"units":68,"building":"APARTMENT (BRICK EXTERIOR)","year_built":"2024","deed_date":"08/15/2022","accounts":1,"acres":2.57,"dcad_account":"26776250010080000","street_view":"https://www.google.com/maps/@?api=1&map_action=pano&viewpoint=32.978173,-96.658668"}},{"type":"Feature","geometry":{"type":"Polygon","coordinates":[[[-96.88826401355595,32.713897019294116],[-96.88833448427775,32.71373778908299],[-96.88827882549194,32.71365384047465],[-96.88824342384801,32.71362266922998],[-96.88809024033343,32.713523059142325],[-96.88797455358011,32.71337902246116],[-96.88789441059603,32.71323620848721],[-96.88782913444044,32.71316853465385],[-96.88779758015194,32.71314204615717],[-96.88772320409475,32.71310114361417],[-96.8875615206777,32.71304468429368],[-96.8874938594598,32.71299458609306],[-96.88738768691027,32.71289017825802],[-96.88747472431295,32.712847905510394],[-96.89120490718118,32.712873056029046],[-96.8912049206973,32.71385417108454],[-96.89094609343945,32.71390254741791],[-96.89080717498092,32.71391068227763],[-96.88826401355595,32.713897019294116]]]},"properties":{"sponsor":"local","sponsor_label":"Other Dallas County PFC or HFC","owner":"TEXAS ESSENTIAL HOUSING","name":"HIGHLAND ROAD VILLAGE","address":"2704 S COCKRELL HILL RD","city":"DALLAS","value":19121620,"land_value":964090,"improvement_value":18157530,"exempt":true,"exemption":"OTHER PUBLIC PROPERTY","tax_forgone":430083,"units":160,"building":"APARTMENT (BRICK EXTERIOR)","year_built":"1965","deed_date":"06/20/2023","accounts":1,"acres":8.7,"dcad_account":"00000660886000000","street_view":"https://www.google.com/maps/@?api=1&map_action=pano&viewpoint=32.713389,-96.889587"}},{"type":"Feature","geometry":{"type":"Polygon","coordinates":[[[-96.72496292153494,32.90703018308654],[-96.72411444508732,32.90702117306236],[-96.72413358386403,32.905651158133914],[-96.7233396760956,32.90566095901144],[-96.72333876271802,32.90444659867118],[-96.72378001999842,32.90466365558012],[-96.72405665871499,32.90481323722307],[-96.72541492196328,32.905621612615796],[-96.72475661208941,32.90562932603148],[-96.72474765255507,32.90617901401125],[-96.72487791432357,32.90617748820726],[-96.72487668292639,32.906259942042944],[-96.72497442903259,32.9062587979662],[-96.72496292153494,32.90703018308654]]]},"properties":{"sponsor":"outside","sponsor_label":"HFC from outside Dallas County","owner":"PLEASANTON HOUSING FINANCE CORP","name":"NORTH STAR","address":"9600 LBJ FWY","city":"DALLAS","value":18774640,"land_value":783520,"improvement_value":17991120,"exempt":false,"exemption":"","tax_forgone":0,"units":196,"building":"APARTMENT (BRICK EXTERIOR)","year_built":"1979","deed_date":"03/13/2025","accounts":1,"acres":6.03,"dcad_account":"008097000A01B0000","street_view":"https://www.google.com/maps/@?api=1&map_action=pano&viewpoint=32.905924,-96.724441"}},{"type":"Feature","geometry":{"type":"Polygon","coordinates":[[[-96.67252906792312,32.808359525067665],[-96.6725299294126,32.80717481929602],[-96.67360256760449,32.807176986270726],[-96.67362615254785,32.8092841213435],[-96.67363114206641,32.81063330028497],[-96.67353857088084,32.810633543814056],[-96.67328048491177,32.81112543113843],[-96.67156057678349,32.811116190678824],[-96.67155412265265,32.81283517992995],[-96.670339323013,32.81282886275563],[-96.67034655004349,32.8106222209416],[-96.67236930303004,32.81063032694367],[-96.67237029627563,32.808359113968656],[-96.67252906792312,32.808359525067665]]]},"properties":{"sponsor":"dallas_hfc","sponsor_label":"Dallas Housing Finance Corp","owner":"DHFC POSITANO LANDOWNER LLC","name":"POSITANO -TXA00000459","address":"2519 JOHN WEST RD","city":"DALLAS","value":18560000,"land_value":3451750,"improvement_value":15108250,"exempt":true,"exemption":"OTHER PUBLIC PROPERTY","tax_forgone":417452,"units":232,"building":"APARTMENT (BRICK EXTERIOR)","year_built":"2005","deed_date":"08/22/2023","accounts":1,"acres":19.81,"dcad_account":"007363000A0010000","street_view":"https://www.google.com/maps/@?api=1&map_action=pano&viewpoint=32.809949,-96.672999"}},{"type":"Feature","geometry":{"type":"Polygon","coordinates":[[[-96.87606772346557,32.70780296993734],[-96.87606034934205,32.7095388744526],[-96.87437518886672,32.70953374628761],[-96.87438664453899,32.70768885622312],[-96.8743979036381,32.707566530497076],[-96.8744417563227,32.70732403203167],[-96.87447424298892,32.70720445021905],[-96.87448999146571,32.70720785618004],[-96.87454468086875,32.70702711892398],[-96.87481442157296,32.70708904069218],[-96.87503305024696,32.707164857395206],[-96.87513717679037,32.707212192021],[-96.87533255050327,32.70732457564459],[-96.87550269442227,32.70744201899725],[-96.87562305916514,32.70755580867456],[-96.87570786026733,32.7076595290685],[-96.87579263245313,32.70772807787432],[-96.87589528967946,32.707776065765195],[-96.87595123494033,32.70779129656481],[-96.87606772346557,32.70780296993734]]]},"properties":{"sponsor":"outside","sponsor_label":"HFC from outside Dallas County","owner":"PECOS HOUSING","name":"WESTWOOD APTS","address":"3315 W PENTAGON PKWY","city":"DALLAS","value":18480000,"land_value":1641690,"improvement_value":16838310,"exempt":false,"exemption":"","tax_forgone":0,"units":187,"building":"APARTMENT (BRICK EXTERIOR)","year_built":"1969","deed_date":"04/02/2025","accounts":1,"acres":9.41,"dcad_account":"00000660352500000","street_view":"https://www.google.com/maps/@?api=1&map_action=pano&viewpoint=32.708675,-96.875221"}},{"type":"Feature","geometry":{"type":"Polygon","coordinates":[[[-96.89619747594807,32.70254256703229],[-96.89618313364653,32.70234983718821],[-96.89745220938852,32.70237001790632],[-96.89745873221497,32.70275282304879],[-96.89745703085437,32.70559534042011],[-96.89585030151075,32.70559306049198],[-96.89583616266934,32.703889264329845],[-96.8958192373923,32.70283346428196],[-96.89608910266955,32.70269043139005],[-96.89619747594807,32.70254256703229]]]},"properties":{"sponsor":"outside","sponsor_label":"HFC from outside Dallas County","owner":"CAMERON COUNTY HOUSING FINANCE CORP","name":"ESTRELLA  AT KIEST (ALL BILLS)","address":"4542 W KIEST BLVD","city":"DALLAS","value":18386510,"land_value":1170420,"improvement_value":17216090,"exempt":false,"exemption":"","tax_forgone":0,"units":232,"building":"APARTMENT (BRICK EXTERIOR)","year_built":"1968","deed_date":"05/21/2025","accounts":1,"acres":13.15,"dcad_account":"00000657048000100","street_view":"https://www.google.com/maps/@?api=1&map_action=pano&viewpoint=32.704270,-96.896648"}},{"type":"Feature","geometry":{"type":"Polygon","coordinates":[[[-96.61023034291092,32.92053277795599],[-96.61047308583449,32.920588124165484],[-96.61047995521486,32.92197621390555],[-96.60958090428234,32.921960063799084],[-96.60935438343417,32.9219436527343],[-96.60913223669526,32.92190284488351],[-96.60902395761437,32.92187348780321],[-96.60881522962956,32.921797475087594],[-96.60861980317219,32.92169948603569],[-96.60844091410645,32.921581143170606],[-96.60745517713421,32.92073988641112],[-96.60822454725282,32.92010193528597],[-96.60813821727653,32.91966353113657],[-96.60845051481871,32.91962078462347],[-96.60852007997543,32.91951846657828],[-96.6087789228808,32.919353546583544],[-96.60907169099968,32.91948575144545],[-96.60924676037924,32.91971632275923],[-96.60939831232453,32.920049272185516],[-96.60968086240369,32.919986668945334],[-96.60991238733637,32.920093051496686],[-96.61010056362372,32.92009013530636],[-96.61017168013807,32.920147281781055],[-96.61014707789552,32.92040816060775],[-96.61023034291092,32.92053277795599]]]},"properties":{"sponsor":"local","sponsor_label":"Other Dallas County PFC or HFC","owner":"GARLAND HOUSING FIN CORP","name":"HOMETOWNE AT GARLAND-TXA2012822","address":"1802 CASTLE DR","city":"GARLAND (DALLAS CO)","value":18375000,"land_value":924520,"improvement_value":17450480,"exempt":true,"exemption":"OTHER PUBLIC PROPERTY","tax_forgone":413290,"units":168,"building":"APARTMENT (BRICK EXTERIOR)","year_built":"2011","deed_date":"05/16/2003","accounts":1,"acres":12.82,"dcad_account":"26275080010020000","street_view":"https://www.google.com/maps/@?api=1&map_action=pano&viewpoint=32.920665,-96.609023"}},{"type":"Feature","geometry":{"type":"Polygon","coordinates":[[[-96.88227866035716,32.65269067865289],[-96.88089487467616,32.65387358516822],[-96.88058961326954,32.65360785762783],[-96.8814811354298,32.65211147360881],[-96.88170353396528,32.65221693933401],[-96.88182060615647,32.65229363548796],[-96.88227866035716,32.65269067865289]]]},"properties":{"sponsor":"local","sponsor_label":"Other Dallas County PFC or HFC","owner":"TEXAS ESSENTIAL HOUSING","name":"THE INTERLACE APTS (ECU)","address":"3801 GANNON LN","city":"DALLAS","value":18128690,"land_value":1060080,"improvement_value":17068610,"exempt":true,"exemption":"OTHER PUBLIC PROPERTY","tax_forgone":407750,"units":204,"building":"APARTMENT (BRICK EXTERIOR)","year_built":"1986","deed_date":"06/20/2023","accounts":1,"acres":3.21,"dcad_account":"00693200080040000","street_view":"https://www.google.com/maps/@?api=1&map_action=pano&viewpoint=32.653148,-96.881302"}},{"type":"Feature","geometry":{"type":"Polygon","coordinates":[[[-96.68359605815485,32.8099547304509],[-96.68079423147313,32.80990298221039],[-96.68078775560022,32.8087447866349],[-96.68322837801813,32.80879329341751],[-96.68359605815485,32.8099547304509]]]},"properties":{"sponsor":"outside","sponsor_label":"HFC from outside Dallas County","owner":"PECOS HOUSING FINANCE CORP","name":"CASA BELLA (2019 RENO)","address":"2970 PEAVY RD","city":"DALLAS","value":18000000,"land_value":939270,"improvement_value":17060730,"exempt":false,"exemption":"","tax_forgone":0,"units":176,"building":"APARTMENT (BRICK EXTERIOR)","year_built":"1974","deed_date":"04/03/2025","accounts":1,"acres":7.78,"dcad_account":"00000725357000000","street_view":"https://www.google.com/maps/@?api=1&map_action=pano&viewpoint=32.809296,-96.682093"}},{"type":"Feature","geometry":{"type":"Polygon","coordinates":[[[-96.91500644384338,32.985679212110746],[-96.91470214558922,32.986042782660576],[-96.91450013835279,32.98623671848724],[-96.91427526084499,32.98641186651873],[-96.91415500120385,32.98649179109522],[-96.91390047569432,32.986635254341344],[-96.91362960341746,32.98675559409908],[-96.91342839372753,32.98682710127979],[-96.91336480632478,32.9868041474182],[-96.91330071089223,32.9866609192174],[-96.91326777999518,32.98656680613595],[-96.91324190385726,32.98647114036009],[-96.91321169365837,32.986276656203295],[-96.91321385525382,32.985159378688664],[-96.91561211062746,32.9851718926575],[-96.91539248707656,32.985325503717476],[-96.91519005657445,32.985495063807384],[-96.91500644384338,32.985679212110746]]]},"properties":{"sponsor":"local","sponsor_label":"Other Dallas County PFC or HFC","owner":"GARLAND HOUSING FINANCE","name":"GREENTREE APARTMENTS PHASE II","address":"1115 MAC ARTHUR DR","city":"CARROLLTON (DALLAS CO)","value":17534250,"land_value":2143150,"improvement_value":15391100,"exempt":false,"exemption":"","tax_forgone":0,"units":128,"building":"APARTMENT (BRICK EXTERIOR)","year_built":"1984","deed_date":"11/30/2022","accounts":1,"acres":6.13,"dcad_account":"14041070000010000","street_view":"https://www.google.com/maps/@?api=1&map_action=pano&viewpoint=32.985981,-96.913978"}},{"type":"Feature","geometry":{"type":"Polygon","coordinates":[[[-96.8667765886745,32.874389068156425],[-96.86665827683649,32.87439933535324],[-96.86654660015047,32.87443386182993],[-96.86644843082375,32.87449052294665],[-96.86636980989628,32.87456583196921],[-96.86631557549988,32.874655154624165],[-96.86629871114826,32.87470337807546],[-96.86625519881244,32.87493761716932],[-96.86619852106323,32.875118213006516],[-96.86616181442241,32.87520637304625],[-96.86581004347094,32.87509386257291],[-96.86596296425725,32.87473693171917],[-96.8661262211034,32.874736989465745],[-96.86613976580551,32.87453122277535],[-96.86615013120942,32.873706657231274],[-96.86616562992232,32.87355389478969],[-96.86618347714135,32.87347867338247],[-96.86623886875617,32.87333265109289],[-96.8664021339822,32.87305335861749],[-96.86785547651014,32.873073493517026],[-96.86783620223898,32.8744086893652],[-96.8667765886745,32.874389068156425]]]},"properties":{"sponsor":"outside","sponsor_label":"HFC from outside Dallas County","owner":"LA VILLA HOUSING FINANCE","name":"SPANISH PUEBLO","address":"9727 DALE CREST DR","city":"DALLAS","value":15800030,"land_value":1783500,"improvement_value":14016530,"exempt":false,"exemption":"","tax_forgone":0,"units":128,"building":"APARTMENT (BRICK EXTERIOR)","year_built":"1972","deed_date":"04/22/2025","accounts":1,"acres":6.29,"dcad_account":"00000595780580000","street_view":"https://www.google.com/maps/@?api=1&map_action=pano&viewpoint=32.874055,-96.866994"}},{"type":"Feature","geometry":{"type":"Polygon","coordinates":[[[-96.64781125721349,32.85334384276068],[-96.64523256639387,32.85110876949497],[-96.64581852419813,32.85062712405378],[-96.64675321666422,32.851437281474134],[-96.64685993466423,32.85154701694216],[-96.64694318591005,32.851670378269816],[-96.64697523710775,32.85173607567572],[-96.64700058290515,32.85180382782598],[-96.64706375579529,32.85206312574805],[-96.64713568027798,32.852248693406146],[-96.6472370185952,32.8524242055103],[-96.64736586354162,32.85258635860095],[-96.64751979014825,32.85273210064254],[-96.64769590131796,32.852858688473056],[-96.6478908823513,32.85296373944108],[-96.64799431424612,32.853007553790945],[-96.64781125721349,32.85334384276068]]]},"properties":{"sponsor":"outside","sponsor_label":"HFC from outside Dallas County","owner":"PECOS HOUSING FINANCE","name":"ESTARA","address":"11200 WOODMEADOW PKWY","city":"DALLAS","value":15780520,"land_value":616350,"improvement_value":15164170,"exempt":false,"exemption":"","tax_forgone":0,"units":116,"building":"APARTMENT (BRICK EXTERIOR)","year_built":"1971","deed_date":"03/17/2025","accounts":1,"acres":4.72,"dcad_account":"00000815847050000","street_view":"https://www.google.com/maps/@?api=1&map_action=pano&viewpoint=32.852010,-96.646658"}},{"type":"Feature","geometry":{"type":"Polygon","coordinates":[[[-96.64009880296402,32.91168961965281],[-96.63839885465619,32.91167279651899],[-96.63840392683299,32.91132877066192],[-96.63831216662814,32.91132803672837],[-96.63831804187929,32.91093184437775],[-96.64010937300101,32.910946189015846],[-96.64009880296402,32.91168961965281]]]},"properties":{"sponsor":"local","sponsor_label":"Other Dallas County PFC or HFC","owner":"GARLAND HOUSING FINANCE","name":"CITY SQUARE LOFTS","address":"705 W AVE B","city":"GARLAND (DALLAS CO)","value":15750000,"land_value":1740660,"improvement_value":14009340,"exempt":true,"exemption":"OTHER PUBLIC PROPERTY","tax_forgone":354249,"units":126,"building":"APARTMENT (BRICK EXTERIOR)","year_built":"2018","deed_date":"05/11/2020","accounts":1,"acres":3.33,"dcad_account":"26070530010010000","street_view":"https://www.google.com/maps/@?api=1&map_action=pano&viewpoint=32.911303,-96.639208"}},{"type":"Feature","geometry":{"type":"Polygon","coordinates":[[[-96.72579333792535,32.90250577597439],[-96.72589160452358,32.90239443576639],[-96.72594905895261,32.90234390128047],[-96.7261327970911,32.902241036180186],[-96.72621317823662,32.902186777389346],[-96.72657499756892,32.9024241811812],[-96.72662715011741,32.902425237323975],[-96.72660795946271,32.9025502704045],[-96.72679076380591,32.90259070672982],[-96.72681248916706,32.90249671810813],[-96.72682025757129,32.90239504495662],[-96.72715577165394,32.902401840074134],[-96.7272684524455,32.90227238407246],[-96.7276634910226,32.90253444271063],[-96.72822715478384,32.90264926641801],[-96.72831040840428,32.9028632581707],[-96.72799945821458,32.903183913683996],[-96.72819636938668,32.90345811835409],[-96.72643550990969,32.903454052635965],[-96.7264501797775,32.9029387105354],[-96.72579333792535,32.90250577597439]]]},"properties":{"sponsor":"outside","sponsor_label":"HFC from outside Dallas County","owner":"PECOS HOUSING FINANCE","name":"WYNDHAM ON THE CREEK","address":"9633 FERRIS BRANCH BLVD","city":"DALLAS","value":15600000,"land_value":1118600,"improvement_value":14481400,"exempt":false,"exemption":"","tax_forgone":0,"units":151,"building":"APARTMENT (BRICK EXTERIOR)","year_built":"1984","deed_date":"05/02/2025","accounts":1,"acres":5.06,"dcad_account":"00815000140010000","street_view":"https://www.google.com/maps/@?api=1&map_action=pano&viewpoint=32.902741,-96.727198"}},{"type":"Feature","geometry":{"type":"Polygon","coordinates":[[[-96.81261230050609,32.75390061322707],[-96.81261428506399,32.754724133756746],[-96.8125980526168,32.75473790218136],[-96.81196415476964,32.75473883687519],[-96.81196211010271,32.75388783000141],[-96.81259600352544,32.75388689396584],[-96.81261230050609,32.75390061322707]]]},"properties":{"sponsor":"dallas_pfc","sponsor_label":"Dallas Public Facility Corp","owner":"DALLAS PUBLIC FACILITY CORP","name":"BURNETT LOFTS @ BISHOP RIDGE","address":"512 N EWING AVE","city":"DALLAS","value":15146480,"land_value":1855500,"improvement_value":13290980,"exempt":true,"exemption":"OTHER PUBLIC PROPERTY","tax_forgone":340675,"units":86,"building":"APARTMENT (BRICK EXTERIOR)","year_built":"2024","deed_date":"03/07/2025","accounts":1,"acres":1.42,"dcad_account":"003043006201C0000","street_view":"https://www.google.com/maps/@?api=1&map_action=pano&viewpoint=32.754308,-96.812288"}},{"type":"Feature","geometry":{"type":"Polygon","coordinates":[[[-96.86575977118024,32.87473685804681],[-96.86529644009094,32.87462947090376],[-96.86524758667635,32.87462879361665],[-96.86529006473853,32.87244826389228],[-96.8664689990108,32.87246460914144],[-96.86648843018206,32.87264196916157],[-96.86648729571777,32.87272608406253],[-96.8664606340009,32.87289267120247],[-96.8664021339822,32.87305335861749],[-96.86623886875618,32.87333265109289],[-96.86618347714135,32.87347867338247],[-96.86616562992232,32.87355389478969],[-96.86615013120942,32.873706657231274],[-96.86613976580551,32.87453122277535],[-96.8661262211034,32.874736989465745],[-96.86575977118024,32.87473685804681]]]},"properties":{"sponsor":"outside","sponsor_label":"HFC from outside Dallas County","owner":"LA VILLA HOUSING FINANCE CORP","name":"ANDORA","address":"3302 LINDA DR","city":"DALLAS","value":15000000,"land_value":1609280,"improvement_value":13390720,"exempt":false,"exemption":"","tax_forgone":0,"units":136,"building":"APARTMENT (BRICK EXTERIOR)","year_built":"1968","deed_date":"04/09/2025","accounts":1,"acres":5.7,"dcad_account":"00000595753420000","street_view":"https://www.google.com/maps/@?api=1&map_action=pano&viewpoint=32.873586,-96.865714"}},{"type":"Feature","geometry":{"type":"Polygon","coordinates":[[[-96.70178543729563,32.86145417715588],[-96.7018320290138,32.86096434033336],[-96.70248614099259,32.86096856562661],[-96.70255768231355,32.860985226035076],[-96.70259590374825,32.86101214046242],[-96.70284570744904,32.86136905339296],[-96.70335974307365,32.861840112941614],[-96.70339327702878,32.8618574092179],[-96.70317674380475,32.86221901536694],[-96.70313050784284,32.86213983864231],[-96.70310384245344,32.86214940097049],[-96.70304352794516,32.862137126164185],[-96.70299140174444,32.862141317986506],[-96.7029436213028,32.86215939634183],[-96.7028897858835,32.86219675473443],[-96.7016350181524,32.86219480221884],[-96.70154578045789,32.862183192467654],[-96.70146408671171,32.86215073819828],[-96.70159454611438,32.86196568127965],[-96.70164862088208,32.86186809978699],[-96.70173327841658,32.86166496419918],[-96.70178543729563,32.86145417715588]]]},"properties":{"sponsor":"outside","sponsor_label":"HFC from outside Dallas County","owner":"PECOS HOUSING FINANCE","name":"MELVILLE","address":"11160 E LAKE HIGHLANDS DR","city":"DALLAS","value":14829370,"land_value":1794980,"improvement_value":13034390,"exempt":false,"exemption":"","tax_forgone":0,"units":0,"building":"APARTMENT (BRICK EXTERIOR)","year_built":"2004","deed_date":"03/24/2025","accounts":1,"acres":4.11,"dcad_account":"00000737173000000","street_view":"https://www.google.com/maps/@?api=1&map_action=pano&viewpoint=32.861623,-96.702441"}},{"type":"Feature","geometry":{"type":"Polygon","coordinates":[[[-96.86488589023752,32.87155956561135],[-96.86486799090885,32.87154448565652],[-96.86488331718671,32.87021025731949],[-96.86709353490049,32.87022240142794],[-96.86707771775214,32.87036193464786],[-96.86702471061344,32.87049668460755],[-96.86693670278783,32.87061805486284],[-96.86664934578344,32.87095783246085],[-96.86655009901641,32.87109684128239],[-96.86643875494444,32.87131039809663],[-96.86638090251503,32.87147849722546],[-96.86635497697797,32.8715931219466],[-96.8657569691705,32.87156701867809],[-96.86488589023752,32.87155956561135]]]},"properties":{"sponsor":"outside","sponsor_label":"HFC from outside Dallas County","owner":"LA VILLA HOUSING FINANCE CORP","name":"CHASE PLACE","address":"3304 CHAPEL CREEK DR","city":"DALLAS","value":14500000,"land_value":1750090,"improvement_value":12749910,"exempt":false,"exemption":"","tax_forgone":0,"units":125,"building":"APARTMENT (BRICK EXTERIOR)","year_built":"1963","deed_date":"04/22/2025","accounts":1,"acres":6.41,"dcad_account":"00000595729000000","street_view":"https://www.google.com/maps/@?api=1&map_action=pano&viewpoint=32.870890,-96.865787"}},{"type":"Feature","geometry":{"type":"Polygon","coordinates":[[[-96.84210134423259,32.649360116552764],[-96.84205313274371,32.64935255328269],[-96.84201502938208,32.64933299217522],[-96.8419869776302,32.64930369071758],[-96.84197054016583,32.649249228063866],[-96.84198543316994,32.64777596207214],[-96.84394210592048,32.647764782283225],[-96.8439171778672,32.64924244061876],[-96.84390891578262,32.64927947067557],[-96.84388636057392,32.64931196623337],[-96.8438319087742,32.64934411700284],[-96.84378807593274,32.64935081990375],[-96.84210134423259,32.649360116552764]]]},"properties":{"sponsor":"outside","sponsor_label":"HFC from outside Dallas County","owner":"PECOS HOUSING FINANCE CORP","name":"ADIRA APARTMENTS","address":"1301 W WHEATLAND RD","city":"DALLAS","value":14500000,"land_value":1792060,"improvement_value":12707940,"exempt":false,"exemption":"","tax_forgone":0,"units":164,"building":"APARTMENT (FRAME EXTERIOR)","year_built":"1972","deed_date":"04/11/2025","accounts":1,"acres":7.93,"dcad_account":"00000750862900000","street_view":"https://www.google.com/maps/@?api=1&map_action=pano&viewpoint=32.648509,-96.842954"}},{"type":"Feature","geometry":{"type":"Polygon","coordinates":[[[-96.8950815645479,32.66045951937682],[-96.89507039554303,32.659174941818286],[-96.8950557895076,32.65901245047795],[-96.89506061250052,32.657371194743405],[-96.89571666102952,32.657366385902],[-96.89571843966199,32.657940184543364],[-96.89570708508586,32.65835904615536],[-96.89568292518072,32.66078317216864],[-96.89553749806042,32.66078318191067],[-96.89517626396879,32.66057818778108],[-96.89514737693074,32.66055839163658],[-96.89510270733898,32.66050836898034],[-96.8950815645479,32.66045951937682]]]},"properties":{"sponsor":"outside","sponsor_label":"HFC from outside Dallas County","owner":"PECOS HOUSING FINANCE","name":"LAS VENTANAS","address":"523 N ALEXANDER AVE","city":"DUNCANVILLE","value":14500000,"land_value":1076800,"improvement_value":13423200,"exempt":false,"exemption":"","tax_forgone":0,"units":158,"building":"APARTMENT (BRICK EXTERIOR)","year_built":"1978","deed_date":"03/24/2025","accounts":1,"acres":5.41,"dcad_account":"22059500010010000","street_view":"https://www.google.com/maps/@?api=1&map_action=pano&viewpoint=32.659068,-96.895380"}},{"type":"Feature","geometry":{"type":"Polygon","coordinates":[[[-96.86784286115358,32.873073318487094],[-96.8664021339822,32.87305335861749],[-96.8664606340009,32.87289267120247],[-96.86647800957546,32.87280983861638],[-96.86648843018206,32.87264196916157],[-96.86639799538833,32.8719297844494],[-96.86638869901925,32.871709391291844],[-96.86718207668385,32.87177448484897],[-96.86751368253928,32.87177948554696],[-96.86773684601594,32.87177276205908],[-96.86778710398762,32.87178555965363],[-96.86782992737582,32.87181118367852],[-96.8678708183556,32.871867547501125],[-96.86787838807369,32.87191138499375],[-96.86785636327235,32.872986849855124],[-96.86784286115358,32.873073318487094]]]},"properties":{"sponsor":"outside","sponsor_label":"HFC from outside Dallas County","owner":"LA VILLA HOUSING FINANCE","name":"COURTNEY PLACE (ECU)","address":"3211 CHAPEL CREEK DR","city":"DALLAS","value":14280460,"land_value":1345940,"improvement_value":12934520,"exempt":false,"exemption":"","tax_forgone":0,"units":115,"building":"APARTMENT (BRICK EXTERIOR)","year_built":"1966","deed_date":"04/22/2025","accounts":1,"acres":4.75,"dcad_account":"00000595741000000","street_view":"https://www.google.com/maps/@?api=1&map_action=pano&viewpoint=32.872207,-96.867153"}},{"type":"Feature","geometry":{"type":"Polygon","coordinates":[[[-96.86799900452343,32.87161953642737],[-96.86745115637133,32.87165303826694],[-96.86718374218974,32.87165302546957],[-96.86635497697797,32.8715931219466],[-96.86638090251503,32.87147849722546],[-96.86643875494444,32.87131039809663],[-96.86655009901641,32.87109684128239],[-96.86664934578344,32.87095783246085],[-96.86693670278783,32.87061805486284],[-96.86702471061344,32.87049668460755],[-96.86707771775214,32.87036193464786],[-96.86709353490049,32.87022240142794],[-96.86762493813882,32.87022531648693],[-96.86799449424088,32.87074419879568],[-96.86799900452343,32.87161953642737]]]},"properties":{"sponsor":"outside","sponsor_label":"HFC from outside Dallas County","owner":"LA VILLA HOUSING FINANCE","name":"COURTNEY PLACE (ECU)","address":"3232 CHAPEL CREEK DR","city":"DALLAS","value":14219540,"land_value":1255870,"improvement_value":12963670,"exempt":false,"exemption":"","tax_forgone":0,"units":106,"building":"APARTMENT (BRICK EXTERIOR)","year_built":"1965","deed_date":"04/22/2025","accounts":1,"acres":4.41,"dcad_account":"00000595735000000","street_view":"https://www.google.com/maps/@?api=1&map_action=pano&viewpoint=32.870910,-96.867347"}},{"type":"Feature","geometry":{"type":"Polygon","coordinates":[[[-96.83035099753397,32.72461475034504],[-96.83130584897764,32.724730775140706],[-96.83133975328445,32.72491134228395],[-96.83135393788695,32.725129010834344],[-96.831340232122,32.7253544611534],[-96.83130209689827,32.72557229284996],[-96.83122668095379,32.72588485493519],[-96.8311058380023,32.72627474021931],[-96.83093845042471,32.72671199805462],[-96.83074457605673,32.72714136733079],[-96.83052473172687,32.72756170259784],[-96.8303652573801,32.727835483880845],[-96.8293952752731,32.72742824252061],[-96.82963672635184,32.72693495111529],[-96.82974641783069,32.72668462790352],[-96.82994338916055,32.72617741108139],[-96.8300305456478,32.72592083547364],[-96.83018192741734,32.72540255406159],[-96.83024605792669,32.72514117318852],[-96.83035099753397,32.72461475034504]]]},"properties":{"sponsor":"dallas_hfc","sponsor_label":"Dallas Housing Finance Corp","owner":"DHFC HIGHPOINT @ WYNNEWOOD","name":"HIGHPOINT AT WYNNEWOOD","address":"1805 S ZANG BLVD","city":"DALLAS","value":13818380,"land_value":774100,"improvement_value":13044280,"exempt":true,"exemption":"OTHER PUBLIC PROPERTY","tax_forgone":310803,"units":220,"building":"APARTMENT (BRICK EXTERIOR)","year_built":"2024","deed_date":"02/28/2025","accounts":1,"acres":8.85,"dcad_account":"005973000H0020000","street_view":"https://www.google.com/maps/@?api=1&map_action=pano&viewpoint=32.726226,-96.830524"}},{"type":"Feature","geometry":{"type":"Polygon","coordinates":[[[-96.65306372926011,32.97820140843383],[-96.65403805140906,32.97820501367064],[-96.65403345205159,32.97908881378454],[-96.65305930280392,32.97908520984412],[-96.65306372926011,32.97820140843383]]]},"properties":{"sponsor":"local","sponsor_label":"Other Dallas County PFC or HFC","owner":"GARLAND HOUSING FINANCE CORP","name":"ONE90 FIREWHEEL, BLD#1659","address":"1675 W CAMPBELL RD","city":"GARLAND (DALLAS CO)","value":13761900,"land_value":1152590,"improvement_value":12609310,"exempt":true,"exemption":"OTHER PUBLIC PROPERTY","tax_forgone":309533,"units":65,"building":"APARTMENT (BRICK EXTERIOR)","year_built":"2018","deed_date":"03/01/2017","accounts":1,"acres":2.21,"dcad_account":"267762200104R0000","street_view":"https://www.google.com/maps/@?api=1&map_action=pano&viewpoint=32.978611,-96.653549"}},{"type":"Feature","geometry":{"type":"Polygon","coordinates":[[[-96.71614734582776,32.803525546204014],[-96.71755024815339,32.80238030083775],[-96.71812206289503,32.80288866003022],[-96.71817527553115,32.803243407747914],[-96.71828894903254,32.803489232529934],[-96.7185707814087,32.80391144675432],[-96.71735180203255,32.8045180167102],[-96.71696171977995,32.80418390787313],[-96.71694702384896,32.80421048191621],[-96.71614734582776,32.803525546204014]]]},"properties":{"sponsor":"dallas_hfc","sponsor_label":"Dallas Housing Finance Corp","owner":"DHFC THE MONDELLO LANDOWNER","name":"MONDELLO","address":"2000 HIGHLAND RD","city":"DALLAS","value":13725000,"land_value":1230310,"improvement_value":12494690,"exempt":true,"exemption":"OTHER PUBLIC PROPERTY","tax_forgone":308703,"units":0,"building":"OFFICE BUILDING","year_built":"2005","deed_date":"07/16/2024","accounts":1,"acres":7.06,"dcad_account":"007029000A0010000","street_view":"https://www.google.com/maps/@?api=1&map_action=pano&viewpoint=32.803353,-96.717304"}},{"type":"Feature","geometry":{"type":"Polygon","coordinates":[[[-96.5680419256033,32.851609990198156],[-96.568606328727,32.85138290699834],[-96.5688558721495,32.85182488352258],[-96.56893773977488,32.851939529495475],[-96.5690443665698,32.8520386188944],[-96.56910573517598,32.852081129841956],[-96.56923235556295,32.852146242325645],[-96.56930040568837,32.85217123166104],[-96.56944316160173,32.85220503941307],[-96.56959081505553,32.85221642617121],[-96.57111827740957,32.85221637278398],[-96.57122844400187,32.85241830503354],[-96.57131221982684,32.852629073097546],[-96.57136863125622,32.85284622794567],[-96.57139702260727,32.85306724631806],[-96.57140059474526,32.85317840271273],[-96.57140867495463,32.8531801540718],[-96.56574349472274,32.853183843664986],[-96.56582825733206,32.85252511833921],[-96.56800920198526,32.85162315110555],[-96.5680122839409,32.85176361885576],[-96.5680448728301,32.851761202402734],[-96.5680419256033,32.851609990198156]]]},"properties":{"sponsor":"outside","sponsor_label":"HFC from outside Dallas County","owner":"PECOS HOUSING FINANCE CORP","name":"LANDMARK AT LAKE VILLAGE NORTH (151 UNITS)","address":"613 E IH 30","city":"GARLAND (DALLAS CO)","value":13565710,"land_value":2817110,"improvement_value":10748600,"exempt":false,"exemption":"","tax_forgone":0,"units":148,"building":"APARTMENT (BRICK EXTERIOR)","year_built":"1983","deed_date":"03/24/2025","accounts":1,"acres":16.14,"dcad_account":"26178410010010000","street_view":"https://www.google.com/maps/@?api=1&map_action=pano&viewpoint=32.852330,-96.568797"}},{"type":"Feature","geometry":{"type":"Polygon","coordinates":[[[-96.83851685660937,32.82289573025235],[-96.83883737517412,32.82262207142233],[-96.83923417559075,32.822956649520684],[-96.83887872774224,32.82325910818572],[-96.83851707240756,32.82295416730604],[-96.83851685660937,32.82289573025235]]]},"properties":{"sponsor":"dallas_pfc","sponsor_label":"Dallas Public Facility Corp","owner":"DALLAS PUBLIC FACILITY CORPORATION","name":"5907 MAPLE HIGHLINE","address":"5907 MAPLE AVE","city":"DALLAS","value":12934670,"land_value":1327250,"improvement_value":11607420,"exempt":true,"exemption":"OTHER PUBLIC PROPERTY","tax_forgone":290927,"units":56,"building":"APARTMENT (BRICK EXTERIOR)","year_built":"2023","deed_date":"12/19/2023","accounts":1,"acres":0.61,"dcad_account":"002370000D01A0000","street_view":"https://www.google.com/maps/@?api=1&map_action=pano&viewpoint=32.822926,-96.838860"}},{"type":"Feature","geometry":{"type":"Polygon","coordinates":[[[-96.65613919990108,32.97825656149024],[-96.65676189940008,32.97765039271676],[-96.65688101068076,32.97773617225157],[-96.6569452340391,32.9776730941791],[-96.65824895015953,32.97861609432356],[-96.65825028696972,32.97873904269172],[-96.65707455602448,32.97874784328571],[-96.65613919990108,32.97825656149024]]]},"properties":{"sponsor":"local","sponsor_label":"Other Dallas County PFC or HFC","owner":"GARLAND HOUSING FINANCE CORP","name":"ONE90 FIREWHEEL","address":"1 W CAMPBELL RD","city":"GARLAND (DALLAS CO)","value":12614980,"land_value":1655980,"improvement_value":10959000,"exempt":true,"exemption":"OTHER PUBLIC PROPERTY","tax_forgone":283736,"units":60,"building":"APARTMENT (BRICK EXTERIOR)","year_built":"2024","deed_date":"05/01/2017","accounts":1,"acres":3.17,"dcad_account":"26776250010090000","street_view":"https://www.google.com/maps/@?api=1&map_action=pano&viewpoint=32.978151,-96.656938"}},{"type":"Feature","geometry":{"type":"Polygon","coordinates":[[[-96.81426082866444,32.75596468326318],[-96.81425950477127,32.75544929575363],[-96.8148572345954,32.75544819852901],[-96.8148580859326,32.75577942066409],[-96.81484182164596,32.755779451734696],[-96.81480544947087,32.75583998989716],[-96.81485824410271,32.75583989320777],[-96.81485859870452,32.75597733061504],[-96.81427712801448,32.7559783968295],[-96.81426082866444,32.75596468326318]]]},"properties":{"sponsor":"dallas_pfc","sponsor_label":"Dallas Public Facility Corp","owner":"DALLAS PUBLIC FACILITY CORP","name":"THE CAMBRIDGE APARTMENTS","address":"627 N LANCASTER AVE","city":"DALLAS","value":12349730,"land_value":1053780,"improvement_value":11295950,"exempt":true,"exemption":"OTHER PUBLIC PROPERTY","tax_forgone":277770,"units":42,"building":"APARTMENT (BRICK EXTERIOR)","year_built":"2024","deed_date":"04/18/2022","accounts":1,"acres":0.81,"dcad_account":"003036005505A0000","street_view":"https://www.google.com/maps/@?api=1&map_action=pano&viewpoint=32.755614,-96.814559"}},{"type":"Feature","geometry":{"type":"Polygon","coordinates":[[[-96.78535016017717,32.76882568876272],[-96.78520802809801,32.76897603292524],[-96.78496053082327,32.76880622156186],[-96.7850823587078,32.768677355390956],[-96.7851278696482,32.76867319967883],[-96.78535016017717,32.76882568876272]]]},"properties":{"sponsor":"dallas_pfc","sponsor_label":"Dallas Public Facility Corp","owner":"DALLAS PUBLIC FACILITY CORP","name":"THE MARCUS (80% COMPLETE)","address":"2016 S ERVAY ST","city":"DALLAS","value":12009090,"land_value":245160,"improvement_value":11763930,"exempt":true,"exemption":"OTHER PUBLIC PROPERTY","tax_forgone":270108,"units":76,"building":"APARTMENT (BRICK EXTERIOR)","year_built":"2025","deed_date":"09/09/2024","accounts":1,"acres":0.16,"dcad_account":"00000133684000000","street_view":"https://www.google.com/maps/@?api=1&map_action=pano&viewpoint=32.768900,-96.785187"}},{"type":"Feature","geometry":{"type":"Polygon","coordinates":[[[-96.65024069781583,32.79409397758201],[-96.6504849838946,32.794437131516794],[-96.65086122653926,32.7947739995155],[-96.65101705292066,32.79483267399719],[-96.65133895989318,32.79484845602922],[-96.65175541854988,32.794817532189505],[-96.65183726462499,32.794833868846304],[-96.65188727070505,32.79485523061794],[-96.65193146798728,32.794882004362734],[-96.65197938919904,32.79492532835886],[-96.6511045685482,32.79563123022413],[-96.64867702530233,32.79362157382477],[-96.64973525577223,32.79331944416044],[-96.65006772945056,32.79372576700899],[-96.65024069781583,32.79409397758201]]]},"properties":{"sponsor":"local","sponsor_label":"Other Dallas County PFC or HFC","owner":"TEXAS ESSENTIAL HOUSING","name":"TRADEWINDS APTS PH II","address":"3800 ANTHONY DR","city":"MESQUITE (DALLAS CO)","value":11972150,"land_value":746970,"improvement_value":11225180,"exempt":true,"exemption":"OTHER PUBLIC PROPERTY","tax_forgone":269278,"units":107,"building":"APARTMENT (BRICK EXTERIOR)","year_built":"1967","deed_date":"06/20/2023","accounts":1,"acres":5.51,"dcad_account":"65146263510330100","street_view":"https://www.google.com/maps/@?api=1&map_action=pano&viewpoint=32.794599,-96.650262"}},{"type":"Feature","geometry":{"type":"Polygon","coordinates":[[[-96.87089095257379,32.87537356663653],[-96.87029595207265,32.874614668976996],[-96.87019456024346,32.874531551480985],[-96.87013645613293,32.874497438370526],[-96.87000885310277,32.8744461122327],[-96.8699408605668,32.87442950512017],[-96.8698004973031,32.87441538074323],[-96.86802537612046,32.874410732489565],[-96.86801882453673,32.87374383641273],[-96.8702211743271,32.87377104898586],[-96.87134471732774,32.875219353530326],[-96.87136290598318,32.87529086844072],[-96.87135265598452,32.87569439641766],[-96.87099355838699,32.87568371862131],[-96.87099252374418,32.87562922605671],[-96.87097073115952,32.875521934569974],[-96.87095020193311,32.87547026156757],[-96.87089095257379,32.87537356663653]]]},"properties":{"sponsor":"outside","sponsor_label":"HFC from outside Dallas County","owner":"LA VILLA HOUSING FINANCE","name":"SPANISH PUEBLO APARTMENTS","address":"9701 DALE CREST DR","city":"DALLAS","value":11849970,"land_value":1681570,"improvement_value":10168400,"exempt":false,"exemption":"","tax_forgone":0,"units":96,"building":"APARTMENT (BRICK EXTERIOR)","year_built":"1972","deed_date":"04/22/2025","accounts":1,"acres":5.87,"dcad_account":"00000595781000000","street_view":"https://www.google.com/maps/@?api=1&map_action=pano&viewpoint=32.874930,-96.870834"}},{"type":"Feature","geometry":{"type":"Polygon","coordinates":[[[-96.85241781590972,32.82373894111153],[-96.85201036358434,32.823417945395384],[-96.8523161349876,32.82302073413973],[-96.8522395938232,32.82254542893956],[-96.8525039211626,32.82230212159703],[-96.85408674647412,32.82231845107563],[-96.85407499036772,32.82327847375106],[-96.85477757759553,32.82328452847805],[-96.85423992616388,32.82381814790546],[-96.854187068968,32.823774975692594],[-96.85412493914701,32.82383777665326],[-96.85403361750058,32.82376318369777],[-96.85350573587169,32.82377862824657],[-96.85340576477874,32.82379502102947],[-96.8533166761423,32.82383668031629],[-96.85327900039788,32.82386579929441],[-96.85295385846523,32.82416032641942],[-96.85258399586776,32.82387107473517],[-96.85304337760596,32.82348025433758],[-96.8528769934271,32.82334833854329],[-96.85241781590972,32.82373894111153]]]},"properties":{"sponsor":"dallas_hfc","sponsor_label":"Dallas Housing Finance Corp","owner":"CITY OF DALLAS HOUSING FINANCE CORPORATION","name":"PROVIDENCETOWERS LAND ACCT - COMM SPTD CODE","address":"1893 W MOCKINGBIRD LN","city":"DALLAS","value":22500000,"land_value":11565610,"improvement_value":10934390,"exempt":true,"exemption":"OTHER PUBLIC PROPERTY","tax_forgone":506070,"units":0,"building":"LAND ONLY","year_built":"0","deed_date":"10/18/2012","accounts":2,"acres":7.6,"dcad_account":"006061000A0080000","street_view":"https://www.google.com/maps/@?api=1&map_action=pano&viewpoint=32.823147,-96.853152"}},{"type":"Feature","geometry":{"type":"Polygon","coordinates":[[[-96.83394821816172,32.69765079363955],[-96.83496404590234,32.69715266873413],[-96.8350884614836,32.697098997533985],[-96.83515454800518,32.69707971250604],[-96.835291629962,32.69705707484118],[-96.83579180168195,32.69704638203913],[-96.83578928074438,32.70007867326959],[-96.83491277504353,32.70007146355113],[-96.83491012461796,32.700773024035655],[-96.83458656394944,32.70076701014636],[-96.83458987876338,32.69961746632079],[-96.83457803852205,32.699480179893804],[-96.8345307901212,32.69933116150713],[-96.83445511242134,32.69920100658365],[-96.83440672784218,32.69914103367581],[-96.83421221361668,32.698952012746346],[-96.8341718033371,32.69890223918753],[-96.83413719292936,32.698849433117935],[-96.83408657864375,32.69873667330765],[-96.83407103639793,32.698677748056454],[-96.83406018914901,32.69855748925707],[-96.8340709611541,32.69794036127984],[-96.83406181592036,32.69788202100487],[-96.83402294807452,32.697769157761336],[-96.83394821816172,32.69765079363955]]]},"properties":{"sponsor":"outside","sponsor_label":"HFC from outside Dallas County","owner":"LA VILLA HOUSING FINANCE","name":"THE BROOKMOORE (59% OCCUPIED)","address":"706 FAWN RIDGE DR","city":"DALLAS","value":11540810,"land_value":2064740,"improvement_value":9476070,"exempt":false,"exemption":"","tax_forgone":0,"units":152,"building":"APARTMENT (BRICK EXTERIOR)","year_built":"1967","deed_date":"03/13/2025","accounts":1,"acres":11.88,"dcad_account":"00000474118000000","street_view":"https://www.google.com/maps/@?api=1&map_action=pano&viewpoint=32.698887,-96.834972"}},{"type":"Feature","geometry":{"type":"Polygon","coordinates":[[[-96.57454654278774,32.85264954973198],[-96.57453246798808,32.85219380976757],[-96.57486770865793,32.85219785529917],[-96.57486951573706,32.851648113760284],[-96.57495487040246,32.851553644538946],[-96.57545132120964,32.8515538975495],[-96.57545091840616,32.85122396256015],[-96.576585136799,32.85121890526545],[-96.57655650682185,32.85136524955568],[-96.57652463581128,32.851460707343634],[-96.57648293743334,32.85155342625125],[-96.57643163134543,32.85164266326285],[-96.57536234662308,32.85292097252235],[-96.57475933443585,32.8526183974104],[-96.57476017278111,32.85264901284611],[-96.57454654278774,32.85264954973198]]]},"properties":{"sponsor":"outside","sponsor_label":"HFC from outside Dallas County","owner":"PECOS HOUSING FINANCE CORP","name":"REPUBLIC WEST APARTMENTS (114 UNITS)","address":"3501 EASTON MEADOWS DR","city":"GARLAND (DALLAS CO)","value":11188030,"land_value":932670,"improvement_value":10255360,"exempt":false,"exemption":"","tax_forgone":0,"units":114,"building":"APARTMENT (BRICK EXTERIOR)","year_built":"1983","deed_date":"03/24/2025","accounts":1,"acres":4.88,"dcad_account":"26178420010010300","street_view":"https://www.google.com/maps/@?api=1&map_action=pano&viewpoint=32.851933,-96.575524"}},{"type":"Feature","geometry":{"type":"Polygon","coordinates":[[[-96.64671678872367,32.84988875241945],[-96.64827669144464,32.85118614343594],[-96.64823887810181,32.851238378074385],[-96.64823531857304,32.85135906472127],[-96.64788849307256,32.85183815681227],[-96.64723154685969,32.85193833822768],[-96.64718922883408,32.85176087198307],[-96.64712054023128,32.85160117204939],[-96.64707443497454,32.85152557515555],[-96.64696035590589,32.85138559829583],[-96.64595850248097,32.85051206304112],[-96.64671678872367,32.84988875241945]]]},"properties":{"sponsor":"outside","sponsor_label":"HFC from outside Dallas County","owner":"PECOS HOUSING FINANCE","name":"ESTERA","address":"11321 WOODMEADOW PKWY","city":"DALLAS","value":11035940,"land_value":748630,"improvement_value":10287310,"exempt":false,"exemption":"","tax_forgone":0,"units":100,"building":"APARTMENT (BRICK EXTERIOR)","year_built":"1971","deed_date":"03/17/2025","accounts":1,"acres":5.73,"dcad_account":"00000815847050100","street_view":"https://www.google.com/maps/@?api=1&map_action=pano&viewpoint=32.850849,-96.647110"}},{"type":"Feature","geometry":{"type":"Polygon","coordinates":[[[-96.68313408228855,32.71949249292775],[-96.6831429420954,32.717868580593915],[-96.68340664457315,32.7178711081957],[-96.68348030492682,32.71781025205732],[-96.68375501172379,32.71781288343389],[-96.68507852632813,32.718794144136936],[-96.6850659688597,32.719508220057136],[-96.6842542381289,32.71951765780522],[-96.6831585757572,32.71951339136911],[-96.68313408228855,32.71949249292775]]]},"properties":{"sponsor":"dallas_hfc","sponsor_label":"Dallas Housing Finance Corp","owner":"DHFC BUCKNER STATION","name":"PALLADIUM PARKING GARAGE NC/65%","address":"8008 ELAM RD","city":"DALLAS","value":10239980,"land_value":1318000,"improvement_value":8921980,"exempt":false,"exemption":"","tax_forgone":0,"units":0,"building":"PARKING GARAGE","year_built":"2025","deed_date":"07/16/2025","accounts":1,"acres":6.76,"dcad_account":"006270000A0010100","street_view":"https://www.google.com/maps/@?api=1&map_action=pano&viewpoint=32.718327,-96.683801"}},{"type":"Feature","geometry":{"type":"Polygon","coordinates":[[[-96.81190201692542,32.75719786235244],[-96.81190010440693,32.756333434964965],[-96.81196516810277,32.75633333153607],[-96.81196591344158,32.75666904714426],[-96.81217372111173,32.75666767359457],[-96.81218368421916,32.756810992613545],[-96.8121705857039,32.75694462824329],[-96.81217688935418,32.75695651293356],[-96.81217490821362,32.7571968048527],[-96.81190201692542,32.75719786235244]]]},"properties":{"sponsor":"dallas_pfc","sponsor_label":"Dallas Public Facility Corp","owner":"DALLAS PUBLIC FACILITY CORP","name":"PARKER AT BISHOP RIDGE","address":"812 COMAL ST","city":"DALLAS","value":9890090,"land_value":678300,"improvement_value":9211790,"exempt":true,"exemption":"OTHER PUBLIC PROPERTY","tax_forgone":222448,"units":127,"building":"APARTMENT (BRICK EXTERIOR)","year_built":"2025","deed_date":"09/04/2024","accounts":1,"acres":0.43,"dcad_account":"00000249382000000","street_view":"https://www.google.com/maps/@?api=1&map_action=pano&viewpoint=32.756740,-96.812040"}},{"type":"Feature","geometry":{"type":"Polygon","coordinates":[[[-96.89564045920112,32.85908290112902],[-96.89578103467716,32.85911320411811],[-96.89589035865278,32.859073530235605],[-96.89593348412767,32.85901560034324],[-96.89593175853807,32.85894805220027],[-96.89587676137464,32.85880612960926],[-96.89588050579194,32.85874337343049],[-96.8959208608868,32.85867923487969],[-96.89603860677097,32.85860150594695],[-96.89609198043009,32.85854744813334],[-96.89612458046052,32.8584655539064],[-96.89609204678067,32.85838309109673],[-96.89597405873435,32.85824036363787],[-96.89589245770318,32.85810907368881],[-96.89583430949835,32.857942419992774],[-96.8967273627674,32.857234619174505],[-96.89679374069134,32.857164525066345],[-96.8968341103716,32.85708151333124],[-96.89684521935119,32.85699227211623],[-96.8968394260007,32.856947558500195],[-96.89678440924352,32.856766589597505],[-96.89677553792629,32.856698752784226],[-96.89678006326882,32.85656245298441],[-96.89681404740405,32.8564291507724],[-96.89684176620096,32.85636503719151],[-96.89691748783073,32.856244589781916],[-96.8971078015061,32.856296016411065],[-96.89749030160418,32.856429632602875],[-96.8974938391313,32.85778752097273],[-96.89863368718905,32.85778540101528],[-96.8986379562216,32.85941582374947],[-96.89601625932355,32.85942068580911],[-96.89560811366755,32.85943099733313],[-96.89520127331375,32.859460393991924],[-96.89519752265339,32.859316891391714],[-96.89520469234274,32.85925360209801],[-96.8953006771889,32.85912754563861],[-96.895337282283,32.859102278378174],[-96.89547562991868,32.8590745332438],[-96.89555481166087,32.859072877824545],[-96.89564045920112,32.85908290112902]]]},"properties":{"sponsor":"dallas_pfc","sponsor_label":"Dallas Public Facility Corp","owner":"DALLAS PUBLIC FACILITY CORP","name":"9999 W TECHNOLOGY BLVD","address":"9999 W TECHNOLOGY BLVD","city":"DALLAS","value":9819950,"land_value":9819950,"improvement_value":0,"exempt":true,"exemption":"OTHER PUBLIC PROPERTY","tax_forgone":220870,"units":0,"building":"LAND ONLY","year_built":"0","deed_date":"07/24/2023","accounts":1,"acres":15.03,"dcad_account":"006499000E01B0000","street_view":"https://www.google.com/maps/@?api=1&map_action=pano&viewpoint=32.857873,-96.897289"}},{"type":"Feature","geometry":{"type":"Polygon","coordinates":[[[-96.86488187873908,32.87165924683047],[-96.865874648986,32.871675793227624],[-96.86638869901925,32.871709391291844],[-96.86639799538833,32.8719297844494],[-96.8664689990108,32.87246460914144],[-96.86486661382642,32.872442390264396],[-96.86488187873908,32.87165924683047]]]},"properties":{"sponsor":"outside","sponsor_label":"HFC from outside Dallas County","owner":"LA VILLA HOUSING FINANCE CORP","name":"CHASE PLACE","address":"9825 WEBBS CHAPEL RD","city":"DALLAS","value":9500000,"land_value":871790,"improvement_value":8628210,"exempt":false,"exemption":"","tax_forgone":0,"units":81,"building":"APARTMENT (BRICK EXTERIOR)","year_built":"1964","deed_date":"04/21/2025","accounts":1,"acres":3.08,"dcad_account":"00000595738000000","street_view":"https://www.google.com/maps/@?api=1&map_action=pano&viewpoint=32.872186,-96.865653"}},{"type":"Feature","geometry":{"type":"Polygon","coordinates":[[[-96.83423527672257,32.699176073786525],[-96.83432977706077,32.69928712033516],[-96.83436652425246,32.699348159114756],[-96.8344171097723,32.69947810698927],[-96.8344304230937,32.6995456674951],[-96.83443533060377,32.700750330089555],[-96.833666959123,32.70075528599912],[-96.83356016121843,32.70077406126868],[-96.83342069845162,32.70083063249187],[-96.83328074596425,32.70085561366719],[-96.83325564768055,32.697918749973276],[-96.83338159372673,32.69790678119993],[-96.83350388620039,32.697878644471814],[-96.83382498444621,32.69776578497515],[-96.83387563804071,32.697842963760216],[-96.8338929849546,32.69788466213554],[-96.83391062976153,32.6979716586032],[-96.83390437334639,32.69864010429594],[-96.83392386173557,32.698766269663544],[-96.83397177628193,32.698886884260574],[-96.83404631610854,32.69899741448682],[-96.83423527672257,32.699176073786525]]]},"properties":{"sponsor":"outside","sponsor_label":"HFC from outside Dallas County","owner":"LA VILLA HOUSING FINANCE","name":"MESA RIDGE VILLAGE EAST ((ECU 49% VACANT))","address":"3504 FAWN VALLEY DR","city":"DALLAS","value":9482480,"land_value":1261500,"improvement_value":8220980,"exempt":false,"exemption":"","tax_forgone":0,"units":140,"building":"APARTMENT (BRICK EXTERIOR)","year_built":"1969","deed_date":"03/13/2025","accounts":1,"acres":7.03,"dcad_account":"00000474083000000","street_view":"https://www.google.com/maps/@?api=1&map_action=pano&viewpoint=32.699310,-96.833808"}},{"type":"Feature","geometry":{"type":"Polygon","coordinates":[[[-96.64387913238899,32.89975164506547],[-96.6431529344906,32.89891526322076],[-96.64300455025058,32.898728895153255],[-96.64293953907048,32.89863090509802],[-96.64282883043855,32.898426747802745],[-96.64274492220183,32.89821369318337],[-96.64268879693626,32.89799423663317],[-96.64273547294154,32.898057751908574],[-96.64285746953242,32.898083066650116],[-96.64440814062918,32.89810046362707],[-96.64440778175214,32.89812802931439],[-96.6444894565281,32.898129496636706],[-96.64478082821172,32.89906653800789],[-96.64478295000852,32.89917998628251],[-96.64475247575893,32.899290497747714],[-96.64469121575094,32.89939150717489],[-96.64465011212035,32.89943654126428],[-96.64455001219797,32.89951232146005],[-96.64443115428979,32.899565421516215],[-96.64436686528104,32.899582422325146],[-96.64430059951164,32.89959268685076],[-96.64414979006949,32.89959887704386],[-96.6440586520229,32.89962182546927],[-96.64397918715068,32.89966591552723],[-96.64391810946465,32.89972742204685],[-96.64387913238899,32.89975164506547]]]},"properties":{"sponsor":"local","sponsor_label":"Other Dallas County PFC or HFC","owner":"GARLAND HOUSING FINANCE CORP","name":"HUNTINGTON PLACE SENIOR GARLAND","address":"1540 EDGEFIELD DR","city":"GARLAND (DALLAS CO)","value":9372830,"land_value":781050,"improvement_value":8591780,"exempt":true,"exemption":"OTHER PUBLIC PROPERTY","tax_forgone":210814,"units":204,"building":"APARTMENT (FRAME EXTERIOR)","year_built":"2026","deed_date":"07/26/2024","accounts":1,"acres":5.88,"dcad_account":"263135000A0010000","street_view":"https://www.google.com/maps/@?api=1&map_action=pano&viewpoint=32.898882,-96.643922"}},{"type":"Feature","geometry":{"type":"Polygon","coordinates":[[[-96.8134820079188,32.75545749350707],[-96.81407974689888,32.7554560070236],[-96.81407792130967,32.75596758145669],[-96.81407143174725,32.75597309747124],[-96.81348037520158,32.75597157776695],[-96.8134820079188,32.75545749350707]]]},"properties":{"sponsor":"dallas_pfc","sponsor_label":"Dallas Public Facility Corp","owner":"DALLAS PUPLIC FACILITY","name":"FERGUSON FLATS APTS","address":"624 N LANCASTER AVE","city":"DALLAS","value":9284440,"land_value":1037460,"improvement_value":8246980,"exempt":true,"exemption":"OTHER PUBLIC PROPERTY","tax_forgone":208826,"units":42,"building":"APARTMENT (BRICK EXTERIOR)","year_built":"2024","deed_date":"02/18/1999","accounts":1,"acres":0.79,"dcad_account":"003035005403A0000","street_view":"https://www.google.com/maps/@?api=1&map_action=pano&viewpoint=32.755593,-96.813780"}},{"type":"Feature","geometry":{"type":"Polygon","coordinates":[[[-96.77255371956956,32.98650976311375],[-96.77155420885143,32.98649192588405],[-96.77156133706922,32.986170932331355],[-96.77210916225943,32.986179571301854],[-96.77210885655488,32.98619331228038],[-96.7724023352878,32.98619793986258],[-96.77240263931628,32.98618419886075],[-96.77256088954461,32.98618669460608],[-96.77255371956956,32.98650976311375]]]},"properties":{"sponsor":"outside","sponsor_label":"HFC from outside Dallas County","owner":"PECOS HOUSING FINANCE","name":"TIDES ON MCCALLUM NORTH","address":"7760 MCCALLUM BLVD","city":"DALLAS","value":7685200,"land_value":199840,"improvement_value":7485360,"exempt":false,"exemption":"","tax_forgone":0,"units":68,"building":"APARTMENT (BRICK EXTERIOR)","year_built":"1988","deed_date":"06/05/2025","accounts":1,"acres":0.81,"dcad_account":"008199002212A0100","street_view":"https://www.google.com/maps/@?api=1&map_action=pano&viewpoint=32.986346,-96.772057"}},{"type":"Feature","geometry":{"type":"Polygon","coordinates":[[[-96.57368182962814,32.947452623872586],[-96.57368206167483,32.947463617179494],[-96.5745537438248,32.94745059457619],[-96.57453296126322,32.94760796449669],[-96.57453729322128,32.94795651885664],[-96.5708605945811,32.94801142488853],[-96.57086102057106,32.94727476945283],[-96.57215372811123,32.94725548380861],[-96.57215932540313,32.94747535386734],[-96.57368182962814,32.947452623872586]]]},"properties":{"sponsor":"outside","sponsor_label":"HFC from outside Dallas County","owner":"PECOS HOUSING FINANCE COR","name":"(N/C 33%) MERRITT PARK APARTMENTS","address":"3201 WOOLWICH DR","city":"ROWLETT (DALLAS CO)","value":7227090,"land_value":679120,"improvement_value":6547970,"exempt":false,"exemption":"","tax_forgone":0,"units":0,"building":"APARTMENT (FRAME EXTERIOR)","year_built":"2026","deed_date":"01/17/2025","accounts":1,"acres":5.57,"dcad_account":"440147800C0010000","street_view":"https://www.google.com/maps/@?api=1&map_action=pano&viewpoint=32.947619,-96.572697"}},{"type":"Feature","geometry":{"type":"Polygon","coordinates":[[[-96.79984552094172,32.74610176400378],[-96.8002134024215,32.746098888844024],[-96.80021228488484,32.746409710160194],[-96.7998518340912,32.74641214127252],[-96.79984552094172,32.74610176400378]]]},"properties":{"sponsor":"outside","sponsor_label":"HFC from outside Dallas County","owner":"CAMERON COUNTY HOUSING FINANCE CORP","name":"SPHINX AT FIJI LOFTS","address":"229 AVE A","city":"DALLAS","value":6755030,"land_value":90220,"improvement_value":6664810,"exempt":true,"exemption":"OTHER PUBLIC PROPERTY","tax_forgone":151934,"units":32,"building":"APARTMENT (BRICK EXTERIOR)","year_built":"2022","deed_date":"12/15/2021","accounts":1,"acres":0.29,"dcad_account":"00000335533000000","street_view":"https://www.google.com/maps/@?api=1&map_action=pano&viewpoint=32.746212,-96.800030"}},{"type":"Feature","geometry":{"type":"Polygon","coordinates":[[[-96.7998465302911,32.74615139906526],[-96.79960107793501,32.74615167314853],[-96.79955778929364,32.74582613732155],[-96.7998399587152,32.745828274802086],[-96.7998465302911,32.74615139906526]]]},"properties":{"sponsor":"outside","sponsor_label":"HFC from outside Dallas County","owner":"CAMERON COUNTY HOUSING FINANCE CORP","name":"SPHINX AT FIJI LOFTS","address":"215 S CORINTH ST RD","city":"DALLAS","value":6741050,"land_value":76240,"improvement_value":6664810,"exempt":true,"exemption":"OTHER PUBLIC PROPERTY","tax_forgone":151620,"units":32,"building":"APARTMENT (BRICK EXTERIOR)","year_built":"2022","deed_date":"12/15/2021","accounts":1,"acres":0.22,"dcad_account":"00000335536000000","street_view":"https://www.google.com/maps/@?api=1&map_action=pano&viewpoint=32.746015,-96.799714"}},{"type":"Feature","geometry":{"type":"Polygon","coordinates":[[[-96.80021342050063,32.74521281293223],[-96.7998274640455,32.745213906815046],[-96.79982373025655,32.74502457194517],[-96.80001879036244,32.74499805814659],[-96.80018199814529,32.74499917402268],[-96.80021450858604,32.74502703950499],[-96.80021342050063,32.74521281293223]]]},"properties":{"sponsor":"outside","sponsor_label":"HFC from outside Dallas County","owner":"CAMERON COUNTY HOUSING FINANCE CORP","name":"SPHINX AT FIJI LOFTS","address":"331 AVE A","city":"DALLAS","value":6736940,"land_value":72130,"improvement_value":6664810,"exempt":true,"exemption":"OTHER PUBLIC PROPERTY","tax_forgone":151527,"units":30,"building":"APARTMENT (BRICK EXTERIOR)","year_built":"2022","deed_date":"12/15/2021","accounts":1,"acres":0.21,"dcad_account":"00000335560000000","street_view":"https://www.google.com/maps/@?api=1&map_action=pano&viewpoint=32.745144,-96.800020"}},{"type":"Feature","geometry":{"type":"Polygon","coordinates":[[[-96.79960922443985,32.74534951742353],[-96.79960394300902,32.745054446092134],[-96.79982373025655,32.74502457194517],[-96.79983026575854,32.74535161182813],[-96.79960922443985,32.74534951742353]]]},"properties":{"sponsor":"local","sponsor_label":"Other Dallas County PFC or HFC","owner":"DALLAS COUNTY HOUSING FINANCE","name":"SPHINX AT FIJI LOFTS","address":"1581 AVE B","city":"DALLAS","value":6726590,"land_value":61780,"improvement_value":6664810,"exempt":false,"exemption":"","tax_forgone":0,"units":30,"building":"APARTMENT (BRICK EXTERIOR)","year_built":"2022","deed_date":"05/22/2026","accounts":1,"acres":0.18,"dcad_account":"00000335548000000","street_view":"https://www.google.com/maps/@?api=1&map_action=pano&viewpoint=32.745146,-96.799715"}},{"type":"Feature","geometry":{"type":"Polygon","coordinates":[[[-96.79332876201627,32.787262495902645],[-96.79283289201692,32.78684042381458],[-96.79287655696504,32.78680403278787],[-96.79272719011041,32.786675556889975],[-96.79280679155876,32.78636970500091],[-96.79359642305401,32.787041736996194],[-96.79332876201627,32.787262495902645]]]},"properties":{"sponsor":"dallas_hfc","sponsor_label":"Dallas Housing Finance Corp","owner":"DALLAS CITY OF HOUSING FINANCE CORP","name":"VACANT","address":"2214 BRYAN ST","city":"DALLAS","value":4113600,"land_value":4113600,"improvement_value":0,"exempt":true,"exemption":"CITY PROPERTY","tax_forgone":92523,"units":0,"building":"LAND ONLY","year_built":"0","deed_date":"07/16/2019","accounts":1,"acres":0.79,"dcad_account":"00000105556000100","street_view":"https://www.google.com/maps/@?api=1&map_action=pano&viewpoint=32.786826,-96.793101"}},{"type":"Feature","geometry":{"type":"Polygon","coordinates":[[[-96.64822660826577,32.73311325307705],[-96.64633430790447,32.73313123911944],[-96.64633000761557,32.7320140138347],[-96.64822257499887,32.73201522276895],[-96.64822660826577,32.73311325307705]]]},"properties":{"sponsor":"outside","sponsor_label":"HFC from outside Dallas County","owner":"CAMERON COUNTY HOUSING FINANCE","name":"LAKE JUNE VILLAGE","address":"1220 N MASTERS DR","city":"DALLAS","value":3585000,"land_value":1857400,"improvement_value":1727600,"exempt":false,"exemption":"","tax_forgone":0,"units":100,"building":"APARTMENT (FRAME EXTERIOR)","year_built":"1975","deed_date":"12/01/2022","accounts":1,"acres":5.38,"dcad_account":"00000624321000000","street_view":"https://www.google.com/maps/@?api=1&map_action=pano&viewpoint=32.732578,-96.647278"}},{"type":"Feature","geometry":{"type":"Polygon","coordinates":[[[-96.79984205303323,32.74593123937713],[-96.8002140917567,32.74592748501836],[-96.8002134024215,32.746098888844024],[-96.79984552094172,32.74610176400378],[-96.79984205303323,32.74593123937713]]]},"properties":{"sponsor":"local","sponsor_label":"Other Dallas County PFC or HFC","owner":"DALLAS COUNTY HOUSING FINANCE","name":"SPHINX AT FUJI LOFTS","address":"303 AVE A","city":"DALLAS","value":3388990,"land_value":56590,"improvement_value":3332400,"exempt":false,"exemption":"","tax_forgone":0,"units":296,"building":"PARKING GARAGE","year_built":"2022","deed_date":"05/22/2026","accounts":1,"acres":0.16,"dcad_account":"00000335581000000","street_view":"https://www.google.com/maps/@?api=1&map_action=pano&viewpoint=32.745998,-96.800029"}},{"type":"Feature","geometry":{"type":"Polygon","coordinates":[[[-96.79960107793501,32.74615167314853],[-96.7998465302911,32.74615139906526],[-96.7998518340912,32.74641214127252],[-96.799662336305,32.746410148544534],[-96.79961965471529,32.746282344582255],[-96.79960107793501,32.74615167314853]]]},"properties":{"sponsor":"local","sponsor_label":"Other Dallas County PFC or HFC","owner":"DALLAS COUNTY HOUSING FINANCE","name":"SPHINX AT FIJI LOFTS","address":"201 S CORINTH ST RD","city":"DALLAS","value":3385300,"land_value":52900,"improvement_value":3332400,"exempt":false,"exemption":"","tax_forgone":0,"units":16,"building":"APARTMENT (BRICK EXTERIOR)","year_built":"2022","deed_date":"05/22/2026","accounts":1,"acres":0.15,"dcad_account":"00000335539000000","street_view":"https://www.google.com/maps/@?api=1&map_action=pano&viewpoint=32.746219,-96.799729"}},{"type":"Feature","geometry":{"type":"Polygon","coordinates":[[[-96.80021396317963,32.74579004750684],[-96.8002140917567,32.74592748501836],[-96.79984205303323,32.74593123937713],[-96.79983922959202,32.745792373952796],[-96.80021396317963,32.74579004750684]]]},"properties":{"sponsor":"local","sponsor_label":"Other Dallas County PFC or HFC","owner":"DALLAS COUNTY HOUSING FINANCE","name":"SPHINX AT FIJI LOFTS","address":"307 AVE A","city":"DALLAS","value":3378330,"land_value":45930,"improvement_value":3332400,"exempt":false,"exemption":"","tax_forgone":0,"units":16,"building":"APARTMENT (BRICK EXTERIOR)","year_built":"2022","deed_date":"05/22/2026","accounts":1,"acres":0.13,"dcad_account":"00000335578000000","street_view":"https://www.google.com/maps/@?api=1&map_action=pano&viewpoint=32.745860,-96.800027"}},{"type":"Feature","geometry":{"type":"Polygon","coordinates":[[[-96.7998274640455,32.745213906815046],[-96.80021342050063,32.74521281293223],[-96.8002135293558,32.745328260128225],[-96.7998298136859,32.745329441024325],[-96.7998274640455,32.745213906815046]]]},"properties":{"sponsor":"outside","sponsor_label":"HFC from outside Dallas County","owner":"CAMERON COUNTY HOUSING FINANCE CORP","name":"SPHINX AT FIJI LOFTS","address":"327 AVE A","city":"DALLAS","value":3372160,"land_value":39760,"improvement_value":3332400,"exempt":true,"exemption":"OTHER PUBLIC PROPERTY","tax_forgone":75847,"units":16,"building":"APARTMENT (BRICK EXTERIOR)","year_built":"2022","deed_date":"12/15/2021","accounts":1,"acres":0.11,"dcad_account":"00000335563000000","street_view":"https://www.google.com/maps/@?api=1&map_action=pano&viewpoint=32.745271,-96.800021"}},{"type":"Feature","geometry":{"type":"Polygon","coordinates":[[[-96.799832162838,32.745444916120206],[-96.7998298136859,32.745329441024325],[-96.8002135293558,32.745328260128225],[-96.80021363658517,32.7454437073011],[-96.799832162838,32.745444916120206]]]},"properties":{"sponsor":"local","sponsor_label":"Other Dallas County PFC or HFC","owner":"DALLAS COUNTY HOUSING FINANCE","name":"SPHINX AT FIJI LOFTS","address":"323 AVE A","city":"DALLAS","value":3371880,"land_value":39480,"improvement_value":3332400,"exempt":false,"exemption":"","tax_forgone":0,"units":16,"building":"APARTMENT (BRICK EXTERIOR)","year_built":"2022","deed_date":"05/22/2026","accounts":1,"acres":0.11,"dcad_account":"00000335566000000","street_view":"https://www.google.com/maps/@?api=1&map_action=pano&viewpoint=32.745387,-96.800022"}},{"type":"Feature","geometry":{"type":"Polygon","coordinates":[[[-96.83347753712962,32.697680108835726],[-96.83337597204782,32.697722597905106],[-96.83326267757205,32.69772778225524],[-96.83326143755245,32.6971995821797],[-96.8332666300802,32.69716495719541],[-96.83328462166116,32.69713354484783],[-96.83333116954017,32.69709946100848],[-96.83437917551872,32.696606858426094],[-96.83469446975707,32.69708071295252],[-96.83347753712962,32.697680108835726]]]},"properties":{"sponsor":"outside","sponsor_label":"HFC from outside Dallas County","owner":"LA VILLA HOUSING FINANCE","name":"FAWN RIDGE VILLAGE EAST (ECU 49% VACANT)","address":"630 BOW ARROW DR","city":"DALLAS","value":3310510,"land_value":362070,"improvement_value":2948440,"exempt":false,"exemption":"","tax_forgone":0,"units":48,"building":"APARTMENT (BRICK EXTERIOR)","year_built":"1969","deed_date":"03/13/2025","accounts":1,"acres":2.09,"dcad_account":"00000474154000000","street_view":"https://www.google.com/maps/@?api=1&map_action=pano&viewpoint=32.697165,-96.833888"}},{"type":"Feature","geometry":{"type":"Polygon","coordinates":[[[-96.5756514769927,32.84860150737416],[-96.57571709197809,32.848718065834],[-96.57554061959806,32.84878884851778],[-96.57563845919412,32.84896263326375],[-96.57563832600562,32.84909182331598],[-96.57582845650991,32.84905219916756],[-96.57579890243407,32.848869732879024],[-96.57600539612706,32.84884590121032],[-96.57607947000488,32.848977470171576],[-96.57607845929897,32.84996802442115],[-96.57555219704682,32.84996557390934],[-96.57555309685605,32.84908716644367],[-96.57534815490357,32.848723115110744],[-96.5756514769927,32.84860150737416]]]},"properties":{"sponsor":"outside","sponsor_label":"HFC from outside Dallas County","owner":"PECOS HOUSING FINANCE CORP","name":"REPUBLIC WEST APARTMENTS (32 UNITS)","address":"269 E IH 30","city":"GARLAND (DALLAS CO)","value":3140500,"land_value":370960,"improvement_value":2769540,"exempt":false,"exemption":"","tax_forgone":0,"units":32,"building":"APARTMENT (BRICK EXTERIOR)","year_built":"1983","deed_date":"03/24/2025","accounts":1,"acres":1.55,"dcad_account":"26178370010010800","street_view":"https://www.google.com/maps/@?api=1&map_action=pano&viewpoint=32.849529,-96.575816"}},{"type":"Feature","geometry":{"type":"Polygon","coordinates":[[[-96.57270700982926,32.85221840144961],[-96.57356016572123,32.852206901577],[-96.57356097010293,32.852724522360944],[-96.5727118279151,32.85273409956795],[-96.57270700982926,32.85221840144961]]]},"properties":{"sponsor":"outside","sponsor_label":"HFC from outside Dallas County","owner":"PECOS HOUSING FINANCE CORP","name":"REPUBLIC WEST APARTMENTS (30 UNITS)","address":"3701 EASTON MEADOWS DR","city":"GARLAND (DALLAS CO)","value":3042360,"land_value":100470,"improvement_value":2941890,"exempt":false,"exemption":"","tax_forgone":0,"units":31,"building":"APARTMENT (BRICK EXTERIOR)","year_built":"1983","deed_date":"03/24/2025","accounts":1,"acres":1.13,"dcad_account":"26178420010010500","street_view":"https://www.google.com/maps/@?api=1&map_action=pano&viewpoint=32.852516,-96.573135"}},{"type":"Feature","geometry":{"type":"Polygon","coordinates":[[[-96.75883483470948,32.786338283451535],[-96.75952508902863,32.785756443564175],[-96.75977627034825,32.78597519070347],[-96.75910017056376,32.786530130783134],[-96.7590541985836,32.78652954493495],[-96.75883483470948,32.786338283451535]]]},"properties":{"sponsor":"dallas_hfc","sponsor_label":"Dallas Housing Finance Corp","owner":"CITY OF DALLAS HOUSING FINANCE CORP","name":"GURLEY PLACE SENIOR APARTMENTS","address":"4538 GURLEY AVE","city":"DALLAS","value":2962020,"land_value":390980,"improvement_value":2571040,"exempt":true,"exemption":"OTHER PUBLIC PROPERTY","tax_forgone":66622,"units":24,"building":"APARTMENT (FRAME EXTERIOR)","year_built":"2011","deed_date":"07/03/2012","accounts":1,"acres":0.75,"dcad_account":"001402000006B0000","street_view":"https://www.google.com/maps/@?api=1&map_action=pano&viewpoint=32.786107,-96.759363"}},{"type":"Feature","geometry":{"type":"Polygon","coordinates":[[[-96.57146297723541,32.85223514337367],[-96.57234977056528,32.85222320947431],[-96.57235521978932,32.85303516886924],[-96.57237801365575,32.85303490886588],[-96.57237858047047,32.8531204473299],[-96.57168356685045,32.853126029483875],[-96.57167872480572,32.85284615130569],[-96.571650301644,32.852716924236766],[-96.57158487817055,32.852506385933474],[-96.57152879822686,32.85236920713358],[-96.57146297723541,32.85223514337367]]]},"properties":{"sponsor":"outside","sponsor_label":"HFC from outside Dallas County","owner":"PECOS HOUSING FINANCE CORP","name":"REPUBLIC WEST APARTMENTS (30 UNITS)","address":"3805 EASTON MEADOWS DR","city":"GARLAND (DALLAS CO)","value":2944220,"land_value":161470,"improvement_value":2782750,"exempt":false,"exemption":"","tax_forgone":0,"units":30,"building":"APARTMENT (BRICK EXTERIOR)","year_built":"1983","deed_date":"03/24/2025","accounts":1,"acres":1.69,"dcad_account":"26178420010010600","street_view":"https://www.google.com/maps/@?api=1&map_action=pano&viewpoint=32.852687,-96.571997"}},{"type":"Feature","geometry":{"type":"Polygon","coordinates":[[[-96.57356115837266,32.85285346858515],[-96.57356016572123,32.852206901577],[-96.57453246798808,32.85219380976757],[-96.57455264542344,32.852846900371546],[-96.57356115837266,32.85285346858515]]]},"properties":{"sponsor":"outside","sponsor_label":"HFC from outside Dallas County","owner":"PECOS HOUSING FINANCE CORP","name":"REPUBLIC WEST APARTMENTS (30 UNITS)","address":"3601 EASTON MEADOWS DR","city":"GARLAND (DALLAS CO)","value":2944220,"land_value":149400,"improvement_value":2794820,"exempt":false,"exemption":"","tax_forgone":0,"units":30,"building":"APARTMENT (BRICK EXTERIOR)","year_built":"1983","deed_date":"03/24/2025","accounts":1,"acres":1.64,"dcad_account":"26178420010011400","street_view":"https://www.google.com/maps/@?api=1&map_action=pano&viewpoint=32.852474,-96.574051"}},{"type":"Feature","geometry":{"type":"Polygon","coordinates":[[[-96.9001742173298,32.7184768851168],[-96.90152915966591,32.71847629634871],[-96.90153531396712,32.72031550135263],[-96.90017677020778,32.72030982717671],[-96.9001742173298,32.7184768851168]]]},"properties":{"sponsor":"dallas_hfc","sponsor_label":"Dallas Housing Finance Corp","owner":"DHFC HILINE ILLINOIS LANDOWNER LLC","name":"4710 W ILLINOIS AVE","address":"4710 W ILLINOIS AVE","city":"DALLAS","value":2427800,"land_value":2427800,"improvement_value":0,"exempt":true,"exemption":"OTHER PUBLIC PROPERTY","tax_forgone":54606,"units":200,"building":"APARTMENT (FRAME EXTERIOR)","year_built":"2025","deed_date":"07/10/2025","accounts":1,"acres":6.4,"dcad_account":"00000784501000000","street_view":"https://www.google.com/maps/@?api=1&map_action=pano&viewpoint=32.719396,-96.900854"}},{"type":"Feature","geometry":{"type":"Polygon","coordinates":[[[-96.83579209248119,32.69689881049517],[-96.83531162956642,32.696889290183925],[-96.83523406753666,32.69689381118784],[-96.83508172276677,32.696919524735215],[-96.83500805211881,32.696940529574114],[-96.83484081447904,32.69701097822986],[-96.834522368005,32.6965439545547],[-96.83486403395112,32.696365527391215],[-96.8349280265353,32.69634482011873],[-96.83579317337608,32.696351091538524],[-96.83579209248119,32.69689881049517]]]},"properties":{"sponsor":"outside","sponsor_label":"HFC from outside Dallas County","owner":"LA VILLA HOUSING FINANCE","name":"FAWN RIDGE VILLAGE EAST (ECU 49% VACANT)","address":"718 BOW ARROW DR","city":"DALLAS","value":2207010,"land_value":290980,"improvement_value":1916030,"exempt":false,"exemption":"","tax_forgone":0,"units":32,"building":"APARTMENT (BRICK EXTERIOR)","year_built":"1969","deed_date":"03/13/2025","accounts":1,"acres":1.64,"dcad_account":"00000474151000000","street_view":"https://www.google.com/maps/@?api=1&map_action=pano&viewpoint=32.696721,-96.835215"}},{"type":"Feature","geometry":{"type":"Polygon","coordinates":[[[-96.56447309118288,32.85348994683356],[-96.56452996644904,32.85304279995147],[-96.56530498127395,32.852734145076354],[-96.56519067248745,32.85365093828192],[-96.5649570082519,32.85363103700916],[-96.56496902743201,32.85353401282907],[-96.56447309118288,32.85348994683356]]]},"properties":{"sponsor":"outside","sponsor_label":"HFC from outside Dallas County","owner":"PECOS HOUSING FINANCE CORP","name":"LANDMARK AT LAKE VILLAGE NORTH (24 UNITS)","address":"703 E IH 30","city":"GARLAND (DALLAS CO)","value":2156220,"land_value":274430,"improvement_value":1881790,"exempt":false,"exemption":"","tax_forgone":0,"units":24,"building":"APARTMENT (BRICK EXTERIOR)","year_built":"1983","deed_date":"03/24/2025","accounts":1,"acres":1.26,"dcad_account":"26178380010010200","street_view":"https://www.google.com/maps/@?api=1&map_action=pano&viewpoint=32.853272,-96.564869"}},{"type":"Feature","geometry":{"type":"Polygon","coordinates":[[[-96.58049413313758,32.84667733189252],[-96.58048185753356,32.8469925362637],[-96.58049039077179,32.847560000208794],[-96.58047308380672,32.84790443453343],[-96.58045008083297,32.84877960418445],[-96.58038995489923,32.848802013761286],[-96.58029030983566,32.84885558041645],[-96.58019885487911,32.8489281149098],[-96.58015760369894,32.84897215103648],[-96.58009206882052,32.849069688643176],[-96.58006846765659,32.84912217431478],[-96.58004082435335,32.84923185201169],[-96.58003704976437,32.84930170233657],[-96.57869565933753,32.84928753162479],[-96.57869647598432,32.848934431781466],[-96.5792662162891,32.84892014475668],[-96.5792856830805,32.84786611139821],[-96.57925377741712,32.84786646431142],[-96.5792758104019,32.847104114107175],[-96.58011015665865,32.846776925896194],[-96.58011860168378,32.8468322032889],[-96.58049413313758,32.84667733189252]]]},"properties":{"sponsor":"local","sponsor_label":"Other Dallas County PFC or HFC","owner":"GARLAND HOUSING FINANCE CORP","name":"LAND ONLY","address":"151 E IH 30","city":"GARLAND (DALLAS CO)","value":1992640,"land_value":1992640,"improvement_value":0,"exempt":true,"exemption":"OTHER PUBLIC PROPERTY","tax_forgone":44818,"units":0,"building":"LAND ONLY","year_built":"0","deed_date":"02/27/2026","accounts":1,"acres":7.55,"dcad_account":"26586780010010000","street_view":"https://www.google.com/maps/@?api=1&map_action=pano&viewpoint=32.848333,-96.579869"}},{"type":"Feature","geometry":{"type":"Polygon","coordinates":[[[-96.71789705016548,32.92453482125911],[-96.71758565195084,32.9245227921255],[-96.71746387145882,32.92450625978941],[-96.71722556237441,32.92445291764014],[-96.71699775499305,32.924373374873916],[-96.71646097926508,32.92414941455048],[-96.71628651208673,32.924086393517314],[-96.7178932195103,32.92408810266604],[-96.71789705016548,32.92453482125911]]]},"properties":{"sponsor":"outside","sponsor_label":"HFC from outside Dallas County","owner":"PECOS HOUSING FINANCE","name":"TIDES OF LAWLER EAST","address":"13030 AUDELIA RD","city":"DALLAS","value":1963640,"land_value":610070,"improvement_value":1353570,"exempt":false,"exemption":"","tax_forgone":0,"units":16,"building":"APARTMENT (BRICK EXTERIOR)","year_built":"1981","deed_date":"05/19/2025","accounts":1,"acres":1.17,"dcad_account":"008432000G0010000","street_view":"https://www.google.com/maps/@?api=1&map_action=pano&viewpoint=32.924270,-96.717312"}},{"type":"Feature","geometry":{"type":"Polygon","coordinates":[[[-96.81027604092688,32.75936494288625],[-96.81040933516343,32.758882158134604],[-96.8108315280845,32.758880784825706],[-96.8108314796385,32.75889452825781],[-96.8113844412626,32.75889680468923],[-96.81187262479664,32.75889715439968],[-96.81186256511653,32.75888337542697],[-96.81193914341775,32.75888351768931],[-96.81218645752561,32.75923962538241],[-96.81230733336716,32.75944960084679],[-96.81235368040456,32.75954000437494],[-96.81235893327394,32.759564471127035],[-96.81016348120758,32.75955980128854],[-96.81027604092688,32.75936494288625]]]},"properties":{"sponsor":"deal_llc","sponsor_label":"Private landowner LLC, public exemption","owner":"LOMA DFW LANDOWNER LLC","name":"VACANT","address":"909 E COLORADO BLVD","city":"DALLAS","value":1961920,"land_value":1961920,"improvement_value":0,"exempt":true,"exemption":"OTHER PUBLIC PROPERTY","tax_forgone":44128,"units":0,"building":"LAND ONLY","year_built":"0","deed_date":"08/27/2025","accounts":1,"acres":3.21,"dcad_account":"00000248942000000","street_view":"https://www.google.com/maps/@?api=1&map_action=pano&viewpoint=32.759210,-96.811249"}},{"type":"Feature","geometry":{"type":"Polygon","coordinates":[[[-96.73479027393249,32.79285953187363],[-96.73478993405394,32.79254942647175],[-96.73526269804104,32.79255069261448],[-96.73525801384973,32.79286146896243],[-96.73479027393249,32.79285953187363]]]},"properties":{"sponsor":"dallas_hfc","sponsor_label":"Dallas Housing Finance Corp","owner":"DHFC TENISON LOFTS","name":"TENISON LOFTS BLDG 2 (15% COMPLETE)","address":"3504 SAMUELL BLVD","city":"DALLAS","value":1923730,"land_value":246300,"improvement_value":1677430,"exempt":false,"exemption":"","tax_forgone":0,"units":60,"building":"APARTMENT (FRAME EXTERIOR)","year_built":"2025","deed_date":"02/18/2025","accounts":1,"acres":0.37,"dcad_account":"00000226042000000","street_view":"https://www.google.com/maps/@?api=1&map_action=pano&viewpoint=32.792676,-96.735025"}},{"type":"Feature","geometry":{"type":"Polygon","coordinates":[[[-96.73348964407681,32.79285238243973],[-96.73231008361846,32.79283562629723],[-96.73197539061468,32.79283087001107],[-96.73212272362929,32.792319835751925],[-96.73233549101633,32.79231968762571],[-96.73348380000469,32.79222832771907],[-96.73348964407681,32.79285238243973]]]},"properties":{"sponsor":"dallas_hfc","sponsor_label":"Dallas Housing Finance Corp","owner":"DHFC TENISON LOFTS","name":"TENISON LOFTS BLDG 1 (5% COMPLETE)","address":"3602 SAMUELL BLVD","city":"DALLAS","value":1897860,"land_value":1347960,"improvement_value":549900,"exempt":true,"exemption":"OTHER PUBLIC PROPERTY","tax_forgone":42687,"units":64,"building":"APARTMENT (FRAME EXTERIOR)","year_built":"2025","deed_date":"02/18/2025","accounts":1,"acres":2.06,"dcad_account":"00000226480000000","street_view":"https://www.google.com/maps/@?api=1&map_action=pano&viewpoint=32.792662,-96.732758"}},{"type":"Feature","geometry":{"type":"Polygon","coordinates":[[[-96.57766200942989,32.84973065499857],[-96.57731697518227,32.84972951437512],[-96.57732130326684,32.848715107466106],[-96.57766918479633,32.84871625775749],[-96.57766200942989,32.84973065499857]]]},"properties":{"sponsor":"outside","sponsor_label":"HFC from outside Dallas County","owner":"PECOS HOUSING FINANCE CORP","name":"REPUBLIC WEST APARTMENTS (18 UNITS)","address":"235 E IH 30","city":"GARLAND (DALLAS CO)","value":1766530,"land_value":218380,"improvement_value":1548150,"exempt":false,"exemption":"","tax_forgone":0,"units":18,"building":"APARTMENT (BRICK EXTERIOR)","year_built":"1983","deed_date":"03/24/2025","accounts":1,"acres":0.9,"dcad_account":"26178370010011100","street_view":"https://www.google.com/maps/@?api=1&map_action=pano&viewpoint=32.848992,-96.577494"}},{"type":"Feature","geometry":{"type":"Polygon","coordinates":[[[-96.79955778929364,32.74582613732155],[-96.79952274011795,32.745627667639155],[-96.79983574249373,32.74562089924549],[-96.7998399587152,32.745828274802086],[-96.79955778929364,32.74582613732155]]]},"properties":{"sponsor":"local","sponsor_label":"Other Dallas County PFC or HFC","owner":"DALLAS COUNTY HOUSING FINANCE","name":"PARKING","address":"301 S CORINTH ST RD","city":"DALLAS","value":1502650,"land_value":54010,"improvement_value":1448640,"exempt":false,"exemption":"","tax_forgone":0,"units":0,"building":"PARKING GARAGE","year_built":"2022","deed_date":"05/22/2026","accounts":1,"acres":0.15,"dcad_account":"00000335545000000","street_view":"https://www.google.com/maps/@?api=1&map_action=pano&viewpoint=32.745724,-96.799689"}},{"type":"Feature","geometry":{"type":"Polygon","coordinates":[[[-96.79949945778074,32.745495825293524],[-96.79947324225823,32.74534737535968],[-96.79983026575854,32.74535161182813],[-96.7998330549266,32.74548878334268],[-96.79949945778074,32.745495825293524]]]},"properties":{"sponsor":"local","sponsor_label":"Other Dallas County PFC or HFC","owner":"DALLAS COUNTY HOUSING FINANCE","name":"PARKING","address":"311 S CORINTH ST RD","city":"DALLAS","value":1492750,"land_value":44110,"improvement_value":1448640,"exempt":false,"exemption":"","tax_forgone":0,"units":0,"building":"PARKING GARAGE","year_built":"2022","deed_date":"05/22/2026","accounts":1,"acres":0.13,"dcad_account":"00000335554000000","street_view":"https://www.google.com/maps/@?api=1&map_action=pano&viewpoint=32.745418,-96.799659"}},{"type":"Feature","geometry":{"type":"Polygon","coordinates":[[[-96.79983451183834,32.74556039946028],[-96.799832162838,32.745444916120206],[-96.80021363658517,32.7454437073011],[-96.80021374544093,32.7455591544953],[-96.79983451183834,32.74556039946028]]]},"properties":{"sponsor":"local","sponsor_label":"Other Dallas County PFC or HFC","owner":"DALLAS COUNTY HOUSING FINANCE","name":"PARKING","address":"319 AVE A","city":"DALLAS","value":1487940,"land_value":39300,"improvement_value":1448640,"exempt":false,"exemption":"","tax_forgone":0,"units":0,"building":"PARKING GARAGE","year_built":"2022","deed_date":"05/22/2026","accounts":1,"acres":0.11,"dcad_account":"00000335569000000","street_view":"https://www.google.com/maps/@?api=1&map_action=pano&viewpoint=32.745502,-96.800023"}},{"type":"Feature","geometry":{"type":"Polygon","coordinates":[[[-96.8002138543233,32.74567460031443],[-96.79983686685277,32.74567624851197],[-96.79983451183834,32.74556039946028],[-96.80021374544093,32.7455591544953],[-96.8002138543233,32.74567460031443]]]},"properties":{"sponsor":"outside","sponsor_label":"HFC from outside Dallas County","owner":"CAMERON COUNTY HOUSING FINANCE CORP","name":"PARKING GARAGE","address":"315 AVE A","city":"DALLAS","value":1487770,"land_value":39130,"improvement_value":1448640,"exempt":true,"exemption":"OTHER PUBLIC PROPERTY","tax_forgone":33463,"units":0,"building":"PARKING GARAGE","year_built":"2022","deed_date":"12/15/2021","accounts":1,"acres":0.11,"dcad_account":"00000335572000000","street_view":"https://www.google.com/maps/@?api=1&map_action=pano&viewpoint=32.745593,-96.800024"}},{"type":"Feature","geometry":{"type":"Polygon","coordinates":[[[-96.79983922959202,32.745792373952796],[-96.79983686685277,32.74567624851197],[-96.8002138543233,32.74567460031443],[-96.80021396317963,32.74579004750684],[-96.79983922959202,32.745792373952796]]]},"properties":{"sponsor":"outside","sponsor_label":"HFC from outside Dallas County","owner":"CAMERON COUNTY HOUSING FINANCE CORP","name":"PARKING GARAGE","address":"311 AVE A","city":"DALLAS","value":1487560,"land_value":38920,"improvement_value":1448640,"exempt":true,"exemption":"OTHER PUBLIC PROPERTY","tax_forgone":33458,"units":0,"building":"PARKING GARAGE","year_built":"2022","deed_date":"12/15/2021","accounts":1,"acres":0.11,"dcad_account":"00000335575000000","street_view":"https://www.google.com/maps/@?api=1&map_action=pano&viewpoint=32.745733,-96.800026"}},{"type":"Feature","geometry":{"type":"Polygon","coordinates":[[[-96.79949945778074,32.745495825293524],[-96.7998330549266,32.74548878334268],[-96.79983574249373,32.74562089924549],[-96.79952274011795,32.745627667639155],[-96.79949945778074,32.745495825293524]]]},"properties":{"sponsor":"outside","sponsor_label":"HFC from outside Dallas County","owner":"CAMERON COUNTY HOUSING FINANCE CORP","name":"PARKING","address":"6 CORINTH ST","city":"DALLAS","value":1486830,"land_value":38190,"improvement_value":1448640,"exempt":true,"exemption":"OTHER PUBLIC PROPERTY","tax_forgone":33442,"units":0,"building":"PARKING GARAGE","year_built":"2022","deed_date":"12/15/2021","accounts":1,"acres":0.11,"dcad_account":"00000335557000000","street_view":"https://www.google.com/maps/@?api=1&map_action=pano&viewpoint=32.745558,-96.799672"}},{"type":"Feature","geometry":{"type":"Polygon","coordinates":[[[-96.87864010387895,32.669400679278404],[-96.88149116267668,32.66939781328115],[-96.88150005219104,32.66993360622118],[-96.88150962008496,32.67005069317989],[-96.88152767931831,32.670167060572396],[-96.88158503735339,32.670416078631185],[-96.88167124872061,32.67067862422099],[-96.88172641378974,32.67080682052173],[-96.88185988096266,32.67105475730681],[-96.88193800535349,32.67117417518284],[-96.8817478000319,32.67141303852335],[-96.88134052101593,32.671640821293636],[-96.8807196562166,32.672903100314386],[-96.87936576607551,32.67197582330731],[-96.87854228184523,32.67169979442846],[-96.87864010387895,32.669400679278404]]]},"properties":{"sponsor":"dallas_hfc","sponsor_label":"Dallas Housing Finance Corp","owner":"DHFC WESTMORELAND TOWNHOMES","name":"VACANT","address":"6600 S WESTMORELAND RD","city":"DALLAS","value":1195180,"land_value":1195180,"improvement_value":0,"exempt":false,"exemption":"","tax_forgone":0,"units":0,"building":"LAND ONLY","year_built":"0","deed_date":"12/22/2025","accounts":1,"acres":21.68,"dcad_account":"00000497422000500","street_view":"https://www.google.com/maps/@?api=1&map_action=pano&viewpoint=32.671093,-96.880235"}},{"type":"Feature","geometry":{"type":"Polygon","coordinates":[[[-96.73502072224342,32.792204608615364],[-96.7352650654056,32.79220584929634],[-96.7352602801108,32.79252171008714],[-96.73502106296154,32.79252125692797],[-96.73502072224342,32.792204608615364]]]},"properties":{"sponsor":"dallas_hfc","sponsor_label":"Dallas Housing Finance Corp","owner":"DHFC TENISON LOFTS","name":"TENISON LOFTS BLDG 3 (15% COMPLETE)","address":"3503 MERRIFIELD AVE","city":"DALLAS","value":1160090,"land_value":127340,"improvement_value":1032750,"exempt":false,"exemption":"","tax_forgone":0,"units":40,"building":"APARTMENT (FRAME EXTERIOR)","year_built":"2025","deed_date":"02/18/2025","accounts":1,"acres":0.2,"dcad_account":"00000226057000000","street_view":"https://www.google.com/maps/@?api=1&map_action=pano&viewpoint=32.792363,-96.735142"}},{"type":"Feature","geometry":{"type":"Polygon","coordinates":[[[-96.57212364790247,32.945828435413254],[-96.57214863036279,32.94701363927901],[-96.57083686439978,32.94703318639898],[-96.57078690261876,32.94679133827376],[-96.57071167332775,32.94655418498065],[-96.5706117708272,32.94632359936618],[-96.5704838136711,32.946064595472215],[-96.57094687256702,32.945906426360686],[-96.57114533072752,32.94582272889252],[-96.57132676095291,32.945761747373886],[-96.5715175223391,32.94572639681848],[-96.57178845959726,32.94569492170324],[-96.57205549692027,32.94564509978661],[-96.57212364790247,32.945828435413254]]]},"properties":{"sponsor":"outside","sponsor_label":"HFC from outside Dallas County","owner":"PECOS HOUSING FINANCE COR","name":"(N/C 4%) MERRITT PARK APARTMENTS","address":"3202 WOOLWICH DR","city":"ROWLETT (DALLAS CO)","value":1134840,"land_value":562880,"improvement_value":571960,"exempt":false,"exemption":"","tax_forgone":0,"units":0,"building":"APARTMENT (FRAME EXTERIOR)","year_built":"2026","deed_date":"01/17/2025","accounts":1,"acres":4.61,"dcad_account":"440147800E0010000","street_view":"https://www.google.com/maps/@?api=1&map_action=pano&viewpoint=32.946392,-96.571387"}},{"type":"Feature","geometry":{"type":"Polygon","coordinates":[[[-96.64333538579437,32.91148096066213],[-96.64333424422068,32.911755831628156],[-96.64271511596921,32.91175138158131],[-96.64271626112122,32.91147650927096],[-96.64333538579437,32.91148096066213]]]},"properties":{"sponsor":"local","sponsor_label":"Other Dallas County PFC or HFC","owner":"GARLAND HOUSING FINANCE CORPORATION","name":"1000 AVE A","address":"1000 W AVE A","city":"GARLAND (DALLAS CO)","value":1103720,"land_value":228000,"improvement_value":875720,"exempt":true,"exemption":"OTHER PUBLIC PROPERTY","tax_forgone":24825,"units":12,"building":"APARTMENT (BRICK EXTERIOR)","year_built":"1967","deed_date":"08/30/2024","accounts":1,"acres":0.44,"dcad_account":"26611500030070000","street_view":"https://www.google.com/maps/@?api=1&map_action=pano&viewpoint=32.911682,-96.643025"}},{"type":"Feature","geometry":{"type":"Polygon","coordinates":[[[-96.82970224482587,32.967527016044976],[-96.82858782257814,32.9675209695159],[-96.82859821872343,32.96700319510272],[-96.82970145143629,32.96701532231274],[-96.82970224482587,32.967527016044976]]]},"properties":{"sponsor":"local","sponsor_label":"Other Dallas County PFC or HFC","owner":"GARLAND HOUSING FINANCE","name":"VACANT LAND","address":"15900 ADDISON RD","city":"ADDISON","value":955920,"land_value":955920,"improvement_value":0,"exempt":false,"exemption":"","tax_forgone":0,"units":0,"building":"LAND ONLY","year_built":"0","deed_date":"05/18/2023","accounts":1,"acres":1.46,"dcad_account":"104500000A0020000","street_view":"https://www.google.com/maps/@?api=1&map_action=pano&viewpoint=32.967265,-96.829147"}},{"type":"Feature","geometry":{"type":"Polygon","coordinates":[[[-96.57345192544632,32.9469568778483],[-96.57345845282879,32.94726619335436],[-96.57241512492469,32.94728177737578],[-96.57240860115448,32.946972463189795],[-96.57345192544632,32.9469568778483]]]},"properties":{"sponsor":"outside","sponsor_label":"HFC from outside Dallas County","owner":"PECOS HOUSING FINANCE COR","name":"(N/C 28%) MERRITT PARK APT - LEASING OFFICES","address":"10001 PICCADILLY WAY","city":"ROWLETT (DALLAS CO)","value":951660,"land_value":100870,"improvement_value":850790,"exempt":false,"exemption":"","tax_forgone":0,"units":0,"building":"APARTMENT (FRAME EXTERIOR)","year_built":"2026","deed_date":"01/17/2025","accounts":1,"acres":0.83,"dcad_account":"440147800B0010000","street_view":"https://www.google.com/maps/@?api=1&map_action=pano&viewpoint=32.947119,-96.572934"}},{"type":"Feature","geometry":{"type":"Polygon","coordinates":[[[-97.0129187415224,32.72655516507035],[-97.0138942949927,32.72656064528886],[-97.01388941910099,32.72697293563737],[-97.01439091804596,32.72697575099691],[-97.01472423172002,32.72724622208144],[-97.01468962603927,32.72734207773217],[-97.01290933747377,32.7273495066201],[-97.0129187415224,32.72655516507035]]]},"properties":{"sponsor":"local","sponsor_label":"Other Dallas County PFC or HFC","owner":"GRAND PRAIRIE HOUSING FINANCE CORP","name":"(VACANT) GRAND PRAIRIE BIBLE CHRUCH","address":"1217 S CARRIER PKWY","city":"GRAND PRAIRIE (DALLAS CO)","value":850000,"land_value":248290,"improvement_value":601710,"exempt":false,"exemption":"","tax_forgone":0,"units":0,"building":"CHURCH BUILDING","year_built":"1977","deed_date":"11/21/2025","accounts":1,"acres":2.65,"dcad_account":"65053437110600000","street_view":"https://www.google.com/maps/@?api=1&map_action=pano&viewpoint=32.726762,-97.013404"}},{"type":"Feature","geometry":{"type":"Polygon","coordinates":[[[-96.57319449341821,32.945287184698536],[-96.57336959032705,32.94565863191392],[-96.57341359765095,32.94578531097955],[-96.57342529625664,32.945850638233864],[-96.57344792343036,32.94676724981547],[-96.57240460321049,32.946782825530306],[-96.57238440304968,32.945824543149584],[-96.57235256696909,32.94569756230877],[-96.57230478822973,32.94558088440018],[-96.57274283774117,32.945428188300816],[-96.57290407596254,32.945384514233446],[-96.57319449341821,32.945287184698536]]]},"properties":{"sponsor":"outside","sponsor_label":"HFC from outside Dallas County","owner":"PECOS HOUSING FINANCE COR","name":"(N/C 3%) MERRITT PARK APARTMENTS","address":"9801 PICCADILLY WAY","city":"ROWLETT (DALLAS CO)","value":833410,"land_value":435910,"improvement_value":397500,"exempt":false,"exemption":"","tax_forgone":0,"units":0,"building":"APARTMENT (FRAME EXTERIOR)","year_built":"2026","deed_date":"01/17/2025","accounts":1,"acres":3.57,"dcad_account":"440147800D0010000","street_view":"https://www.google.com/maps/@?api=1&map_action=pano&viewpoint=32.946334,-96.572917"}},{"type":"Feature","geometry":{"type":"Polygon","coordinates":[[[-96.78532483296519,32.769413069938516],[-96.78504810027636,32.76922225931523],[-96.78540425000877,32.76885134568123],[-96.78567761638922,32.76903784799981],[-96.78532483296519,32.769413069938516]]]},"properties":{"sponsor":"dallas_pfc","sponsor_label":"Dallas Public Facility Corp","owner":"DALLAS PUBLIC FACILITY CORP","name":"PARKING LOT","address":"2000 S ERVAY ST","city":"DALLAS","value":587810,"land_value":587810,"improvement_value":0,"exempt":true,"exemption":"OTHER PUBLIC PROPERTY","tax_forgone":13221,"units":0,"building":"LAND ONLY","year_built":"0","deed_date":"09/09/2024","accounts":1,"acres":0.44,"dcad_account":"00000133723000200","street_view":"https://www.google.com/maps/@?api=1&map_action=pano&viewpoint=32.769096,-96.785397"}},{"type":"Feature","geometry":{"type":"Polygon","coordinates":[[[-96.81135720649094,32.756808134400956],[-96.81130892428001,32.75654587896476],[-96.81190058551026,32.75654831610538],[-96.81190116856537,32.756808729104144],[-96.81135720649094,32.756808134400956]]]},"properties":{"sponsor":"dallas_pfc","sponsor_label":"Dallas Public Facility Corp","owner":"DALLAS PUPLIC FACILITY CORP","name":"VACANT LAND","address":"1305 E JEFFERSON BLVD","city":"DALLAS","value":580860,"land_value":580860,"improvement_value":0,"exempt":true,"exemption":"OTHER PUBLIC PROPERTY","tax_forgone":13065,"units":0,"building":"LAND ONLY","year_built":"0","deed_date":"09/04/2024","accounts":1,"acres":0.38,"dcad_account":"00000249403000000","street_view":"https://www.google.com/maps/@?api=1&map_action=pano&viewpoint=32.756740,-96.811622"}},{"type":"Feature","geometry":{"type":"Polygon","coordinates":[[[-96.78532483296519,32.769413069938516],[-96.78502324925823,32.76972991068811],[-96.78474413474387,32.769539164137235],[-96.78504810027636,32.76922225931523],[-96.78532483296519,32.769413069938516]]]},"properties":{"sponsor":"dallas_pfc","sponsor_label":"Dallas Public Facility Corp","owner":"DALLAS PUBLIC FACILITY CORP","name":"VACANT","address":"1700 LEAR ST","city":"DALLAS","value":527870,"land_value":527870,"improvement_value":0,"exempt":true,"exemption":"OTHER PUBLIC PROPERTY","tax_forgone":11873,"units":0,"building":"LAND ONLY","year_built":"0","deed_date":"09/09/2024","accounts":1,"acres":0.37,"dcad_account":"00000133723000000","street_view":"https://www.google.com/maps/@?api=1&map_action=pano&viewpoint=32.769476,-96.785035"}},{"type":"Feature","geometry":{"type":"Polygon","coordinates":[[[-96.57225289104012,32.94431267668598],[-96.57314608834625,32.94513776480397],[-96.57286914403825,32.945230579601116],[-96.57268861385255,32.94527947878726],[-96.57245118959669,32.945367701381066],[-96.57214196604939,32.94546287681194],[-96.57182278504753,32.94553077327699],[-96.57140450537241,32.94558396735647],[-96.57122374263325,32.945626259361624],[-96.57113632966808,32.945655061833484],[-96.57086321806591,32.945768841505114],[-96.57041361635207,32.9459225043232],[-96.57033693481046,32.945767287219],[-96.57093552683429,32.9452653338945],[-96.57102958819641,32.94528996720905],[-96.57112596151313,32.945272826902325],[-96.57118430185653,32.945206993317825],[-96.57131495735311,32.945085121446155],[-96.57225289104012,32.94431267668598]]]},"properties":{"sponsor":"outside","sponsor_label":"HFC from outside Dallas County","owner":"PECOS HOUSING FINANCE COR","name":"VACANT","address":"3204 WELLINGTON DR","city":"ROWLETT (DALLAS CO)","value":510190,"land_value":510190,"improvement_value":0,"exempt":false,"exemption":"","tax_forgone":0,"units":0,"building":"LAND ONLY","year_built":"0","deed_date":"01/17/2025","accounts":1,"acres":4.18,"dcad_account":"440147800A0010000","street_view":"https://www.google.com/maps/@?api=1&map_action=pano&viewpoint=32.945141,-96.572183"}},{"type":"Feature","geometry":{"type":"Polygon","coordinates":[[[-96.81128207189204,32.75633521681374],[-96.81190010440693,32.756333434964965],[-96.81190058551026,32.75654831610538],[-96.81130892428001,32.75654587896476],[-96.81128207189204,32.75633521681374]]]},"properties":{"sponsor":"dallas_pfc","sponsor_label":"Dallas Public Facility Corp","owner":"DALLAS PUBLIC FACILITY CORP","name":"VACANT LAND","address":"1303 E JEFFERSON BLVD","city":"DALLAS","value":503130,"land_value":503130,"improvement_value":0,"exempt":true,"exemption":"OTHER PUBLIC PROPERTY","tax_forgone":11316,"units":0,"building":"LAND ONLY","year_built":"0","deed_date":"09/04/2024","accounts":1,"acres":0.33,"dcad_account":"00000249409000000","street_view":"https://www.google.com/maps/@?api=1&map_action=pano&viewpoint=32.756474,-96.811600"}},{"type":"Feature","geometry":{"type":"Polygon","coordinates":[[[-96.61251601736143,32.738917261901584],[-96.61418891281058,32.73891571385172],[-96.6141579100402,32.73914439620281],[-96.61390461152754,32.74026667485354],[-96.61369011780192,32.740645913736415],[-96.61366889281325,32.741644891175476],[-96.61380427066888,32.74189741970746],[-96.61381011746279,32.74204227633646],[-96.61336528026094,32.742955636977086],[-96.6132976801636,32.743371685438476],[-96.61275545772627,32.74399502924826],[-96.61263766004797,32.74315903915391],[-96.61256658094209,32.74216775309538],[-96.61253396484075,32.74130490871113],[-96.61251601736143,32.738917261901584]]]},"properties":{"sponsor":"deal_llc","sponsor_label":"Private landowner LLC, public exemption","owner":"MHFC TORRINGTON BRIARWOOD LANDOWNER LLC","name":"VACANT","address":"23701 LBJ FWY","city":"MESQUITE (DALLAS CO)","value":460290,"land_value":460290,"improvement_value":0,"exempt":true,"exemption":"OTHER PUBLIC PROPERTY","tax_forgone":10353,"units":0,"building":"LAND ONLY","year_built":"0","deed_date":"07/11/2025","accounts":1,"acres":14.31,"dcad_account":"65009368610090100","street_view":"https://www.google.com/maps/@?api=1&map_action=pano&viewpoint=32.741475,-96.613106"}},{"type":"Feature","geometry":{"type":"Polygon","coordinates":[[[-96.81217490821362,32.7571968048527],[-96.81217688935418,32.75695651293356],[-96.81261158496025,32.75695569107332],[-96.81262119400246,32.75719451558681],[-96.81217490821362,32.7571968048527]]]},"properties":{"sponsor":"dallas_pfc","sponsor_label":"Dallas Public Facility Corp","owner":"DALLAS PUBLIC FACILITY CORP","name":"VACANT","address":"724 N EWING AVE","city":"DALLAS","value":411180,"land_value":411180,"improvement_value":0,"exempt":true,"exemption":"OTHER PUBLIC PROPERTY","tax_forgone":9248,"units":0,"building":"LAND ONLY","year_built":"0","deed_date":"09/04/2024","accounts":1,"acres":0.27,"dcad_account":"00000249391000000","street_view":"https://www.google.com/maps/@?api=1&map_action=pano&viewpoint=32.757075,-96.812396"}},{"type":"Feature","geometry":{"type":"Polygon","coordinates":[[[-96.84278236647017,32.77264739833905],[-96.84278262952449,32.77220290359585],[-96.84327995559157,32.772198314894595],[-96.84328027341824,32.77264320221635],[-96.84278236647017,32.77264739833905]]]},"properties":{"sponsor":"dallas_pfc","sponsor_label":"Dallas Public Facility Corp","owner":"DALLAS PUBLIC FACILITY","name":"THE CAROLINE","address":"1338 W COMMERCE ST","city":"DALLAS","value":400750,"land_value":400750,"improvement_value":0,"exempt":true,"exemption":"OTHER PUBLIC PROPERTY","tax_forgone":9014,"units":0,"building":"LAND ONLY","year_built":"0","deed_date":"12/06/2024","accounts":1,"acres":0.57,"dcad_account":"00000703006000000","street_view":"https://www.google.com/maps/@?api=1&map_action=pano&viewpoint=32.772412,-96.843031"}},{"type":"Feature","geometry":{"type":"Polygon","coordinates":[[[-96.73455191281884,32.79285854015164],[-96.73387038293598,32.792855736341856],[-96.733870052004,32.7925469780871],[-96.73455156666404,32.792548792033585],[-96.73455191281884,32.79285854015164]]]},"properties":{"sponsor":"dallas_hfc","sponsor_label":"Dallas Housing Finance Corp","owner":"DHFC TENISON LOFTS","name":"TENISON LOFTS","address":"3526 SAMUELL BLVD","city":"DALLAS","value":356880,"land_value":356880,"improvement_value":0,"exempt":false,"exemption":"","tax_forgone":0,"units":0,"building":"LAND ONLY","year_built":"0","deed_date":"02/18/2025","accounts":1,"acres":0.54,"dcad_account":"00000226051000000","street_view":"https://www.google.com/maps/@?api=1&map_action=pano&viewpoint=32.792674,-96.734211"}},{"type":"Feature","geometry":{"type":"Polygon","coordinates":[[[-96.8422499368339,32.77688660622497],[-96.84248414492573,32.77668472111458],[-96.84261911653512,32.776684659095785],[-96.84261761385264,32.77695869446122],[-96.8421708370043,32.77695919342728],[-96.84217070117448,32.776941293755456],[-96.8422499368339,32.77688660622497]]]},"properties":{"sponsor":"dallas_pfc","sponsor_label":"Dallas Public Facility Corp","owner":"DALLAS PUBLIC FACILITY CORP","name":"VACANT","address":"2823 BORGER ST","city":"DALLAS","value":315700,"land_value":315700,"improvement_value":0,"exempt":true,"exemption":"OTHER PUBLIC PROPERTY","tax_forgone":7101,"units":0,"building":"LAND ONLY","year_built":"0","deed_date":"10/23/2023","accounts":1,"acres":0.21,"dcad_account":"00000702835000000","street_view":"https://www.google.com/maps/@?api=1&map_action=pano&viewpoint=32.776825,-96.842474"}},{"type":"Feature","geometry":{"type":"Polygon","coordinates":[[[-96.57234977056528,32.85222320947431],[-96.57270700982926,32.85221840144961],[-96.5727118279151,32.85273409956795],[-96.57356097010293,32.852724522360944],[-96.57356115837266,32.85285346858515],[-96.57455264542344,32.852846900371546],[-96.57454654278774,32.85264954973198],[-96.57476017278111,32.85264901284611],[-96.57475933443585,32.8526183974104],[-96.57539444114342,32.852940138530975],[-96.57526404282557,32.853097273065664],[-96.57237858047047,32.8531204473299],[-96.57237801365575,32.85303490886588],[-96.57235521978932,32.85303516886924],[-96.57234977056528,32.85222320947431]]]},"properties":{"sponsor":"outside","sponsor_label":"HFC from outside Dallas County","owner":"PECOS HOUSING FINANCE CORP","name":"REPUBLIC WEST APARTMENTS (LAND)","address":"3600 EASTON MEADOWS DR","city":"GARLAND (DALLAS CO)","value":310300,"land_value":310300,"improvement_value":0,"exempt":false,"exemption":"","tax_forgone":0,"units":0,"building":"LAND ONLY","year_built":"0","deed_date":"03/24/2025","accounts":1,"acres":3.05,"dcad_account":"26178420010010800","street_view":"https://www.google.com/maps/@?api=1&map_action=pano&viewpoint=32.852715,-96.574754"}},{"type":"Feature","geometry":{"type":"Polygon","coordinates":[[[-96.78520802809801,32.76897603292524],[-96.7850076295269,32.76918801359263],[-96.7847550592029,32.769014751829324],[-96.78495547776969,32.76880275809362],[-96.78520802809801,32.76897603292524]]]},"properties":{"sponsor":"dallas_pfc","sponsor_label":"Dallas Public Facility Corp","owner":"DALLAS PUBLIC FACILITY CORP","name":"VACANT LOT","address":"1705 CORINTH ST","city":"DALLAS","value":309540,"land_value":309540,"improvement_value":0,"exempt":true,"exemption":"OTHER PUBLIC PROPERTY","tax_forgone":6962,"units":0,"building":"LAND ONLY","year_built":"0","deed_date":"09/09/2024","accounts":1,"acres":0.23,"dcad_account":"00000133681000000","street_view":"https://www.google.com/maps/@?api=1&map_action=pano&viewpoint=32.768995,-96.784982"}},{"type":"Feature","geometry":{"type":"Polygon","coordinates":[[[-96.81135720649094,32.756808134400956],[-96.81190116856537,32.756808729104144],[-96.81190147370175,32.7569445068233],[-96.81138915749936,32.75694456741492],[-96.81135720649094,32.756808134400956]]]},"properties":{"sponsor":"dallas_pfc","sponsor_label":"Dallas Public Facility Corp","owner":"DALLAS PUBLIC FACILITY CORP","name":"VACANT","address":"1323 E JEFFERSON BLVD","city":"DALLAS","value":280530,"land_value":280530,"improvement_value":0,"exempt":true,"exemption":"OTHER PUBLIC PROPERTY","tax_forgone":6310,"units":0,"building":"LAND ONLY","year_built":"0","deed_date":"09/04/2024","accounts":1,"acres":0.18,"dcad_account":"00000249406000000","street_view":"https://www.google.com/maps/@?api=1&map_action=pano&viewpoint=32.756876,-96.811637"}},{"type":"Feature","geometry":{"type":"Polygon","coordinates":[[[-96.83582145637473,32.823333730047295],[-96.83623714862098,32.82369888171979],[-96.8361144241537,32.82381408545486],[-96.83569313131055,32.823445141714146],[-96.83582145637473,32.823333730047295]]]},"properties":{"sponsor":"local","sponsor_label":"Other Dallas County PFC or HFC","owner":"NTHP INWOOD INC","name":"LAND ONLY","address":"5747 SADLER CIR","city":"DALLAS","value":279750,"land_value":279750,"improvement_value":0,"exempt":true,"exemption":"OTHER PUBLIC PROPERTY","tax_forgone":6292,"units":0,"building":"LAND ONLY","year_built":"0","deed_date":"05/01/2020","accounts":1,"acres":0.24,"dcad_account":"00000429523000000","street_view":"https://www.google.com/maps/@?api=1&map_action=pano&viewpoint=32.823572,-96.835965"}},{"type":"Feature","geometry":{"type":"Polygon","coordinates":[[[-96.8817478000319,32.67141303852335],[-96.88193800535349,32.67117417518284],[-96.88225407960418,32.671614131422785],[-96.88238470532481,32.67182825814764],[-96.88244005620645,32.67193930834215],[-96.88253009797401,32.67216790593882],[-96.8825645492492,32.67228484515472],[-96.8826118543935,32.67252244965028],[-96.88262997555687,32.67276291130742],[-96.88263040462658,32.67327284321176],[-96.88094809232359,32.672444255326695],[-96.88134052101593,32.671640821293636],[-96.8817478000319,32.67141303852335]]]},"properties":{"sponsor":"dallas_hfc","sponsor_label":"Dallas Housing Finance Corp","owner":"DHFC WESTMORELAND TOWNHOMES","name":"VACANT","address":"6500 S WESTMORELAND RD","city":"DALLAS","value":272520,"land_value":272520,"improvement_value":0,"exempt":false,"exemption":"","tax_forgone":0,"units":0,"building":"LAND ONLY","year_built":"0","deed_date":"12/22/2025","accounts":1,"acres":5.0,"dcad_account":"00000497422000600","street_view":"https://www.google.com/maps/@?api=1&map_action=pano&viewpoint=32.672217,-96.881806"}},{"type":"Feature","geometry":{"type":"Polygon","coordinates":[[[-96.84261659494743,32.7771790358186],[-96.84216981536319,32.77717953475925],[-96.84217051917997,32.77702776627098],[-96.84261729634787,32.77702726868026],[-96.84261659494743,32.7771790358186]]]},"properties":{"sponsor":"dallas_pfc","sponsor_label":"Dallas Public Facility Corp","owner":"DALLAS PUBLIC FACILITY CORP","name":"VACANT","address":"2819 BORGER ST","city":"DALLAS","value":266810,"land_value":266810,"improvement_value":0,"exempt":true,"exemption":"OTHER PUBLIC PROPERTY","tax_forgone":6001,"units":0,"building":"LAND ONLY","year_built":"0","deed_date":"10/23/2023","accounts":1,"acres":0.17,"dcad_account":"00000702841000000","street_view":"https://www.google.com/maps/@?api=1&map_action=pano&viewpoint=32.777138,-96.842393"}},{"type":"Feature","geometry":{"type":"Polygon","coordinates":[[[-96.8421621168982,32.777989292072],[-96.84216550836621,32.77784363763311],[-96.84261863387492,32.777848008013585],[-96.84261520708654,32.77799533204768],[-96.8421621168982,32.777989292072]]]},"properties":{"sponsor":"dallas_pfc","sponsor_label":"Dallas Public Facility Corp","owner":"DALLAS PUBLIC FACILITY CORP","name":"LAND ONLY","address":"2919 BORGER ST","city":"DALLAS","value":258340,"land_value":258340,"improvement_value":0,"exempt":true,"exemption":"OTHER PUBLIC PROPERTY","tax_forgone":5811,"units":0,"building":"LAND ONLY","year_built":"0","deed_date":"10/23/2023","accounts":1,"acres":0.17,"dcad_account":"007257000162A0000","street_view":"https://www.google.com/maps/@?api=1&map_action=pano&viewpoint=32.777950,-96.842390"}},{"type":"Feature","geometry":{"type":"Polygon","coordinates":[[[-96.62472729076676,32.95099767814195],[-96.62514150404772,32.95065565738842],[-96.62564635371082,32.95107608926132],[-96.6252456127375,32.95141406700656],[-96.62519922553504,32.951413105069754],[-96.62472729076676,32.95099767814195]]]},"properties":{"sponsor":"local","sponsor_label":"Other Dallas County PFC or HFC","owner":"GARLAND HOUSING FINANCE CORP","name":"","address":"3501 NAAMAN SCHOOL RD","city":"GARLAND (DALLAS CO)","value":257370,"land_value":257370,"improvement_value":0,"exempt":true,"exemption":"OTHER PUBLIC PROPERTY","tax_forgone":5789,"units":0,"building":"","year_built":"","deed_date":"10/31/2023","accounts":1,"acres":0.91,"dcad_account":"65000206180170000","street_view":"https://www.google.com/maps/@?api=1&map_action=pano&viewpoint=32.951037,-96.625186"}},{"type":"Feature","geometry":{"type":"Polygon","coordinates":[[[-96.84261185724351,32.778139319727764],[-96.84234036899947,32.77813760042803],[-96.84234146057787,32.77811348359141],[-96.84215869067226,32.778136458037785],[-96.8421621168982,32.777989292072],[-96.84261520708654,32.77799533204768],[-96.84261185724351,32.778139319727764]]]},"properties":{"sponsor":"dallas_pfc","sponsor_label":"Dallas Public Facility Corp","owner":"DALLAS PUBLIC FACILITY CORP","name":"LAND ONLY","address":"2921 BORGER ST","city":"DALLAS","value":251090,"land_value":251090,"improvement_value":0,"exempt":true,"exemption":"OTHER PUBLIC PROPERTY","tax_forgone":5648,"units":0,"building":"LAND ONLY","year_built":"0","deed_date":"10/23/2023","accounts":1,"acres":0.16,"dcad_account":"007257000163A0000","street_view":"https://www.google.com/maps/@?api=1&map_action=pano&viewpoint=32.778084,-96.842387"}},{"type":"Feature","geometry":{"type":"Polygon","coordinates":[[[-96.57453246798808,32.85219380976757],[-96.57450360587835,32.851209050405195],[-96.57475298613153,32.85120822273021],[-96.57475290075057,32.8512270793932],[-96.57545091840616,32.85122396256015],[-96.57545132120964,32.8515538975495],[-96.57495487040246,32.851553644538946],[-96.57486951573706,32.851648113760284],[-96.57486770865793,32.85219785529917],[-96.57453246798808,32.85219380976757]]]},"properties":{"sponsor":"outside","sponsor_label":"HFC from outside Dallas County","owner":"PECOS HOUSING FINANCE CORP","name":"REPUBLIC WEST APT (LAND)","address":"3500 EASTON MEADOWS DR","city":"GARLAND (DALLAS CO)","value":248500,"land_value":248500,"improvement_value":0,"exempt":false,"exemption":"","tax_forgone":0,"units":0,"building":"LAND ONLY","year_built":"0","deed_date":"03/24/2025","accounts":1,"acres":1.38,"dcad_account":"26178420010011600","street_view":"https://www.google.com/maps/@?api=1&map_action=pano&viewpoint=32.851920,-96.574696"}},{"type":"Feature","geometry":{"type":"Polygon","coordinates":[[[-96.81261385440501,32.75681432092393],[-96.81218368421916,32.756810992613545],[-96.81217372111173,32.75666767359457],[-96.81261569728719,32.756669632326656],[-96.81261385440501,32.75681432092393]]]},"properties":{"sponsor":"dallas_pfc","sponsor_label":"Dallas Public Facility Corp","owner":"DALLAS PUBLIC FACILITY CORP","name":"LAND","address":"716 N EWING AVE","city":"DALLAS","value":247140,"land_value":247140,"improvement_value":0,"exempt":true,"exemption":"OTHER PUBLIC PROPERTY","tax_forgone":5559,"units":0,"building":"LAND ONLY","year_built":"0","deed_date":"09/04/2024","accounts":1,"acres":0.16,"dcad_account":"00000249385000000","street_view":"https://www.google.com/maps/@?api=1&map_action=pano&viewpoint=32.756741,-96.812397"}},{"type":"Feature","geometry":{"type":"Polygon","coordinates":[[[-96.84261859064644,32.7767810305707],[-96.84278262183308,32.77678167047221],[-96.84278406406415,32.7771788487006],[-96.84261659494743,32.7771790358186],[-96.84261859064644,32.7767810305707]]]},"properties":{"sponsor":"dallas_pfc","sponsor_label":"Dallas Public Facility Corp","owner":"DALLAS PUBLIC FACILITY CORP","name":"VACANT LAND","address":"1311 DULUTH ST","city":"DALLAS","value":245460,"land_value":245460,"improvement_value":0,"exempt":true,"exemption":"OTHER PUBLIC PROPERTY","tax_forgone":5521,"units":0,"building":"LAND ONLY","year_built":"0","deed_date":"10/23/2023","accounts":1,"acres":0.17,"dcad_account":"00000702850000000","street_view":"https://www.google.com/maps/@?api=1&map_action=pano&viewpoint=32.776985,-96.842701"}},{"type":"Feature","geometry":{"type":"Polygon","coordinates":[[[-96.84216550836621,32.77784363763311],[-96.84216652825025,32.77771623430402],[-96.8426196816175,32.77771559349548],[-96.84261863387492,32.777848008013585],[-96.84216550836621,32.77784363763311]]]},"properties":{"sponsor":"dallas_pfc","sponsor_label":"Dallas Public Facility Corp","owner":"DALLAS PUBLIC FACILITY CORP","name":"LAND ONLY","address":"2915 BORGER ST","city":"DALLAS","value":239370,"land_value":239370,"improvement_value":0,"exempt":true,"exemption":"OTHER PUBLIC PROPERTY","tax_forgone":5384,"units":0,"building":"LAND ONLY","year_built":"0","deed_date":"10/23/2023","accounts":1,"acres":0.15,"dcad_account":"00000702856000000","street_view":"https://www.google.com/maps/@?api=1&map_action=pano&viewpoint=32.777811,-96.842392"}},{"type":"Feature","geometry":{"type":"Polygon","coordinates":[[[-96.75894760304702,32.671120414591435],[-96.75830918635258,32.67080275791572],[-96.75823808948321,32.67077501656095],[-96.75808917381339,32.67073439304733],[-96.75784821884542,32.67070375678142],[-96.75783524627923,32.670684476602446],[-96.75769989330027,32.670666666922195],[-96.75761257106006,32.67064679303937],[-96.75744631177015,32.67058700561658],[-96.75729594544221,32.670502303541745],[-96.75702874296623,32.67028670709111],[-96.75690873381141,32.67038157223447],[-96.75691812797727,32.6703898140175],[-96.7563466123621,32.671609607918676],[-96.75626093704395,32.67175923353161],[-96.75615030925057,32.67189665177798],[-96.75601710814418,32.67201890720415],[-96.75586419840653,32.67212337045176],[-96.75578136580533,32.672168211582374],[-96.75563264061915,32.67159409197015],[-96.75511080753319,32.67084890034402],[-96.75487358218177,32.670382242395476],[-96.75518093658648,32.67010054128253],[-96.75547631577071,32.669983344151134],[-96.75591294293325,32.669960940654185],[-96.75575254206613,32.669760511402764],[-96.75684220262826,32.66920854678209],[-96.75833853241919,32.66846508976201],[-96.75974131756088,32.67050387158781],[-96.75894760304702,32.671120414591435]]]},"properties":{"sponsor":"dallas_hfc","sponsor_label":"Dallas Housing Finance Corp","owner":"DHFC TABOR VILLAGE LANDOWNER","name":"VACANT","address":"6200 BARABOO DR","city":"DALLAS","value":239280,"land_value":239280,"improvement_value":0,"exempt":false,"exemption":"","tax_forgone":0,"units":0,"building":"LAND ONLY","year_built":"0","deed_date":"02/02/2026","accounts":1,"acres":19.91,"dcad_account":"00000639449000000","street_view":"https://www.google.com/maps/@?api=1&map_action=pano&viewpoint=32.670354,-96.758369"}},{"type":"Feature","geometry":{"type":"Polygon","coordinates":[[[-96.81218368421916,32.756810992613545],[-96.81261385440501,32.75681432092393],[-96.81261158496025,32.75695569107332],[-96.81217688935418,32.75695651293356],[-96.8121705857039,32.75694462824329],[-96.81218368421916,32.756810992613545]]]},"properties":{"sponsor":"dallas_pfc","sponsor_label":"Dallas Public Facility Corp","owner":"DALLAS PUBLIC FACILITY CORP","name":"LAND","address":"720 N EWING AVE","city":"DALLAS","value":230970,"land_value":230970,"improvement_value":0,"exempt":true,"exemption":"OTHER PUBLIC PROPERTY","tax_forgone":5195,"units":0,"building":"LAND ONLY","year_built":"0","deed_date":"09/04/2024","accounts":1,"acres":0.16,"dcad_account":"00000249388000000","street_view":"https://www.google.com/maps/@?api=1&map_action=pano&viewpoint=32.756879,-96.812395"}},{"type":"Feature","geometry":{"type":"Polygon","coordinates":[[[-96.84437000141808,32.77169969165117],[-96.84390254698693,32.77181602015275],[-96.84390473921505,32.77138816107098],[-96.84501268918649,32.771389190005],[-96.84484926695623,32.771499589337026],[-96.84467838900298,32.7715892709825],[-96.8444963474469,32.77166159482991],[-96.84437000141808,32.77169969165117]]]},"properties":{"sponsor":"dallas_pfc","sponsor_label":"Dallas Public Facility Corp","owner":"DALLAS PUBLIC FACILITY","name":"VACANT","address":"1539 SEALE ST","city":"DALLAS","value":220500,"land_value":220500,"improvement_value":0,"exempt":true,"exemption":"OTHER PUBLIC PROPERTY","tax_forgone":4959,"units":0,"building":"LAND ONLY","year_built":"0","deed_date":"12/06/2024","accounts":1,"acres":0.74,"dcad_account":"00000703027000000","street_view":"https://www.google.com/maps/@?api=1&map_action=pano&viewpoint=32.771604,-96.844269"}},{"type":"Feature","geometry":{"type":"Polygon","coordinates":[[[-96.63973696192372,32.916915922575164],[-96.63997557746765,32.91691616011823],[-96.63996984012223,32.91730122712935],[-96.63972904157394,32.91730090200057],[-96.63973696192372,32.916915922575164]]]},"properties":{"sponsor":"local","sponsor_label":"Other Dallas County PFC or HFC","owner":"GARLAND HOUSING FINANCE CORP","name":"","address":"801 WOODLAND DR","city":"GARLAND (DALLAS CO)","value":215150,"land_value":58500,"improvement_value":156650,"exempt":true,"exemption":"OTHER PUBLIC PROPERTY","tax_forgone":4839,"units":0,"building":"","year_built":"","deed_date":"10/08/2025","accounts":1,"acres":0.24,"dcad_account":"26204500020010000","street_view":"https://www.google.com/maps/@?api=1&map_action=pano&viewpoint=32.917100,-96.639853"}},{"type":"Feature","geometry":{"type":"Polygon","coordinates":[[[-96.8432534728087,32.7713875561579],[-96.84390473921505,32.77138816107098],[-96.84390254698693,32.77181602015275],[-96.84325290351674,32.771981052280644],[-96.8432534728087,32.7713875561579]]]},"properties":{"sponsor":"dallas_pfc","sponsor_label":"Dallas Public Facility Corp","owner":"DALLAS PUBLIC FACILITY","name":"VACANT","address":"1368 POLLARD ST","city":"DALLAS","value":207000,"land_value":207000,"improvement_value":0,"exempt":true,"exemption":"OTHER PUBLIC PROPERTY","tax_forgone":4656,"units":0,"building":"LAND ONLY","year_built":"0","deed_date":"12/06/2024","accounts":1,"acres":0.85,"dcad_account":"00000703024000000","street_view":"https://www.google.com/maps/@?api=1&map_action=pano&viewpoint=32.771602,-96.843578"}},{"type":"Feature","geometry":{"type":"Polygon","coordinates":[[[-96.62602286292146,32.89576450615714],[-96.62602253275405,32.8959789066414],[-96.62569689044969,32.89597768888643],[-96.62569774261941,32.895763296249065],[-96.62602286292146,32.89576450615714]]]},"properties":{"sponsor":"local","sponsor_label":"Other Dallas County PFC or HFC","owner":"GARLAND HOUSING FINANCE","name":"","address":"1802 CUMBERLAND DR","city":"GARLAND (DALLAS CO)","value":206620,"land_value":65000,"improvement_value":141620,"exempt":true,"exemption":"OTHER PUBLIC PROPERTY","tax_forgone":4647,"units":0,"building":"","year_built":"","deed_date":"02/06/2024","accounts":1,"acres":0.18,"dcad_account":"26137500030220000","street_view":"https://www.google.com/maps/@?api=1&map_action=pano&viewpoint=32.895871,-96.625860"}},{"type":"Feature","geometry":{"type":"Polygon","coordinates":[[[-96.62653935672688,32.895764443698454],[-96.6265394222468,32.89598022468904],[-96.62618323001043,32.895976706604294],[-96.62618345218254,32.89576277185398],[-96.62653935672688,32.895764443698454]]]},"properties":{"sponsor":"local","sponsor_label":"Other Dallas County PFC or HFC","owner":"GARLAND HOUSING FINANCE","name":"","address":"1801 CUMBERLAND DR","city":"GARLAND (DALLAS CO)","value":206620,"land_value":65000,"improvement_value":141620,"exempt":true,"exemption":"OTHER PUBLIC PROPERTY","tax_forgone":4647,"units":0,"building":"","year_built":"","deed_date":"02/06/2024","accounts":1,"acres":0.2,"dcad_account":"26137500040040000","street_view":"https://www.google.com/maps/@?api=1&map_action=pano&viewpoint=32.895871,-96.626361"}},{"type":"Feature","geometry":{"type":"Polygon","coordinates":[[[-96.86518148856877,32.874066308608455],[-96.86518039313897,32.87417419276008],[-96.86486198856043,32.87417203131114],[-96.86486308480866,32.874064123801105],[-96.86518148856877,32.874066308608455]]]},"properties":{"sponsor":"outside","sponsor_label":"HFC from outside Dallas County","owner":"LA VILLA HOUSING FINANCE CORP","name":"","address":"9875 WEBB CHAPEL RD","city":"DALLAS","value":198450,"land_value":150000,"improvement_value":48450,"exempt":false,"exemption":"","tax_forgone":0,"units":0,"building":"","year_built":"","deed_date":"04/09/2025","accounts":1,"acres":0.09,"dcad_account":"00000595753320000","street_view":"https://www.google.com/maps/@?api=1&map_action=pano&viewpoint=32.874119,-96.865022"}},{"type":"Feature","geometry":{"type":"Polygon","coordinates":[[[-96.8648734640961,32.873115291995475],[-96.86487458285937,32.87300554428512],[-96.86519071506241,32.8730087232993],[-96.86518959897137,32.87311834733542],[-96.8648734640961,32.873115291995475]]]},"properties":{"sponsor":"outside","sponsor_label":"HFC from outside Dallas County","owner":"LA VILLA HOUSING FINANCE CORP","name":"","address":"9859 WEBB CHAPEL RD","city":"DALLAS","value":198450,"land_value":150000,"improvement_value":48450,"exempt":false,"exemption":"","tax_forgone":0,"units":0,"building":"","year_built":"","deed_date":"04/09/2025","accounts":1,"acres":0.09,"dcad_account":"00000595744120000","street_view":"https://www.google.com/maps/@?api=1&map_action=pano&viewpoint=32.873062,-96.865032"}},{"type":"Feature","geometry":{"type":"Polygon","coordinates":[[[-96.86486198856043,32.87417203131114],[-96.86518039313897,32.87417419276008],[-96.86517928752572,32.874283423807455],[-96.86486086558587,32.874281299244906],[-96.86486198856043,32.87417203131114]]]},"properties":{"sponsor":"outside","sponsor_label":"HFC from outside Dallas County","owner":"LA VILLA HOUSING FINANCE CORP","name":"","address":"9877 WEBB CHAPEL RD","city":"DALLAS","value":198450,"land_value":150000,"improvement_value":48450,"exempt":false,"exemption":"","tax_forgone":0,"units":0,"building":"","year_built":"","deed_date":"04/09/2025","accounts":1,"acres":0.09,"dcad_account":"00000595753340000","street_view":"https://www.google.com/maps/@?api=1&map_action=pano&viewpoint=32.874228,-96.865021"}},{"type":"Feature","geometry":{"type":"Polygon","coordinates":[[[-96.86487793352853,32.872677664598214],[-96.86487944451746,32.87252890349415],[-96.8650927270919,32.87253044034682],[-96.86519458677755,32.87262620773896],[-96.86519403497243,32.87268121158707],[-96.86487793352853,32.872677664598214]]]},"properties":{"sponsor":"outside","sponsor_label":"HFC from outside Dallas County","owner":"LA VILLA HOUSING FINANCE CORP","name":"","address":"9851 WEBB CHAPEL RD","city":"DALLAS","value":198450,"land_value":150000,"improvement_value":48450,"exempt":false,"exemption":"","tax_forgone":0,"units":0,"building":"","year_built":"","deed_date":"04/09/2025","accounts":1,"acres":0.11,"dcad_account":"00000595744200000","street_view":"https://www.google.com/maps/@?api=1&map_action=pano&viewpoint=32.872577,-96.865012"}},{"type":"Feature","geometry":{"type":"Polygon","coordinates":[[[-96.86517701538482,32.87450615985922],[-96.86517661600308,32.87454565560204],[-96.86508517168744,32.87462513902843],[-96.86485738917925,32.874623494238044],[-96.86485860733266,32.87450412207864],[-96.86517701538482,32.87450615985922]]]},"properties":{"sponsor":"outside","sponsor_label":"HFC from outside Dallas County","owner":"LA VILLA HOUSING FINANCE CORP","name":"","address":"9883 WEBB CHAPEL RD","city":"DALLAS","value":198450,"land_value":150000,"improvement_value":48450,"exempt":false,"exemption":"","tax_forgone":0,"units":0,"building":"","year_built":"","deed_date":"04/09/2025","accounts":1,"acres":0.09,"dcad_account":"00000595753400000","street_view":"https://www.google.com/maps/@?api=1&map_action=pano&viewpoint=32.874584,-96.864994"}},{"type":"Feature","geometry":{"type":"Polygon","coordinates":[[[-96.86487458285937,32.87300554428512],[-96.86487568281422,32.872898670450816],[-96.86519179283937,32.872901971508334],[-96.86519071506241,32.8730087232993],[-96.86487458285937,32.87300554428512]]]},"properties":{"sponsor":"outside","sponsor_label":"HFC from outside Dallas County","owner":"LA VILLA HOUSING FINANCE CORP","name":"","address":"9857 WEBB CHAPEL RD","city":"DALLAS","value":198450,"land_value":150000,"improvement_value":48450,"exempt":false,"exemption":"","tax_forgone":0,"units":0,"building":"","year_built":"","deed_date":"04/09/2025","accounts":1,"acres":0.09,"dcad_account":"00000595744140000","street_view":"https://www.google.com/maps/@?api=1&map_action=pano&viewpoint=32.872954,-96.865033"}},{"type":"Feature","geometry":{"type":"Polygon","coordinates":[[[-96.86487680647032,32.87278874548907],[-96.86487793352853,32.872677664598214],[-96.86519403497243,32.87268121158707],[-96.86519291059116,32.872792168803755],[-96.86487680647032,32.87278874548907]]]},"properties":{"sponsor":"outside","sponsor_label":"HFC from outside Dallas County","owner":"LA VILLA HOUSING FINANCE CORP","name":"","address":"9853 WEBB CHAPEL RD","city":"DALLAS","value":198450,"land_value":150000,"improvement_value":48450,"exempt":false,"exemption":"","tax_forgone":0,"units":0,"building":"","year_built":"","deed_date":"04/09/2025","accounts":1,"acres":0.09,"dcad_account":"00000595744180000","street_view":"https://www.google.com/maps/@?api=1&map_action=pano&viewpoint=32.872735,-96.865035"}},{"type":"Feature","geometry":{"type":"Polygon","coordinates":[[[-96.86517813703483,32.87439694277021],[-96.86517701538482,32.87450615985922],[-96.86485860733266,32.87450412207864],[-96.86485971402819,32.874394853933616],[-96.86517813703483,32.87439694277021]]]},"properties":{"sponsor":"outside","sponsor_label":"HFC from outside Dallas County","owner":"LA VILLA HOUSING FINANCE CORP","name":"","address":"9881 WEBB CHAPEL RD","city":"DALLAS","value":198450,"land_value":150000,"improvement_value":48450,"exempt":false,"exemption":"","tax_forgone":0,"units":0,"building":"","year_built":"","deed_date":"04/09/2025","accounts":1,"acres":0.09,"dcad_account":"00000595753380000","street_view":"https://www.google.com/maps/@?api=1&map_action=pano&viewpoint=32.874451,-96.865018"}},{"type":"Feature","geometry":{"type":"Polygon","coordinates":[[[-96.86486546597088,32.87382977995967],[-96.86486662239156,32.873716843862795],[-96.86518502259823,32.87371915371232],[-96.86518386724207,32.87383205408329],[-96.86486546597088,32.87382977995967]]]},"properties":{"sponsor":"outside","sponsor_label":"HFC from outside Dallas County","owner":"LA VILLA HOUSING FINANCE CORP","name":"","address":"9869 WEBB CHAPEL RD","city":"DALLAS","value":198450,"land_value":150000,"improvement_value":48450,"exempt":false,"exemption":"","tax_forgone":0,"units":0,"building":"","year_built":"","deed_date":"04/09/2025","accounts":1,"acres":0.09,"dcad_account":"00000595753260000","street_view":"https://www.google.com/maps/@?api=1&map_action=pano&viewpoint=32.873774,-96.865025"}},{"type":"Feature","geometry":{"type":"Polygon","coordinates":[[[-96.86518610559853,32.87361194290777],[-96.86518502259823,32.87371915371232],[-96.86486662239156,32.873716843862795],[-96.86486770808973,32.87360959597929],[-96.86518610559853,32.87361194290777]]]},"properties":{"sponsor":"outside","sponsor_label":"HFC from outside Dallas County","owner":"LA VILLA HOUSING FINANCE CORP","name":"","address":"9867 WEBB CHAPEL RD","city":"DALLAS","value":198450,"land_value":150000,"improvement_value":48450,"exempt":false,"exemption":"","tax_forgone":0,"units":0,"building":"","year_built":"","deed_date":"04/09/2025","accounts":1,"acres":0.09,"dcad_account":"00000595753240000","street_view":"https://www.google.com/maps/@?api=1&map_action=pano&viewpoint=32.873664,-96.865026"}},{"type":"Feature","geometry":{"type":"Polygon","coordinates":[[[-96.86518386724207,32.87383205408329],[-96.8651826208937,32.873954657377595],[-96.86486421842174,32.873952424476464],[-96.86486546597088,32.87382977995967],[-96.86518386724207,32.87383205408329]]]},"properties":{"sponsor":"outside","sponsor_label":"HFC from outside Dallas County","owner":"LA VILLA HOUSING FINANCE CORP","name":"","address":"9871 WEBB CHAPEL RD","city":"DALLAS","value":198450,"land_value":150000,"improvement_value":48450,"exempt":false,"exemption":"","tax_forgone":0,"units":0,"building":"","year_built":"","deed_date":"04/09/2025","accounts":1,"acres":0.1,"dcad_account":"00000595753280000","street_view":"https://www.google.com/maps/@?api=1&map_action=pano&viewpoint=32.873892,-96.865024"}},{"type":"Feature","geometry":{"type":"Polygon","coordinates":[[[-96.86487568281422,32.872898670450816],[-96.86487680647032,32.87278874548907],[-96.86519291059116,32.872792168803755],[-96.86519179283937,32.872901971508334],[-96.86487568281422,32.872898670450816]]]},"properties":{"sponsor":"outside","sponsor_label":"HFC from outside Dallas County","owner":"LA VILLA HOUSING FINANCE CORP","name":"","address":"9855 WEBB CHAPEL RD","city":"DALLAS","value":198450,"land_value":150000,"improvement_value":48450,"exempt":false,"exemption":"","tax_forgone":0,"units":0,"building":"","year_built":"","deed_date":"04/09/2025","accounts":1,"acres":0.09,"dcad_account":"00000595744160000","street_view":"https://www.google.com/maps/@?api=1&map_action=pano&viewpoint=32.872845,-96.865034"}},{"type":"Feature","geometry":{"type":"Polygon","coordinates":[[[-96.86517928752572,32.874283423807455],[-96.86517813703483,32.87439694277021],[-96.86485971402819,32.874394853933616],[-96.86486086558587,32.874281299244906],[-96.86517928752572,32.874283423807455]]]},"properties":{"sponsor":"outside","sponsor_label":"HFC from outside Dallas County","owner":"LA VILLA HOUSING FINANCE CORP","name":"","address":"9879 WEBB CHAPEL RD","city":"DALLAS","value":198450,"land_value":150000,"improvement_value":48450,"exempt":false,"exemption":"","tax_forgone":0,"units":0,"building":"","year_built":"","deed_date":"04/09/2025","accounts":1,"acres":0.09,"dcad_account":"00000595753360000","street_view":"https://www.google.com/maps/@?api=1&map_action=pano&viewpoint=32.874339,-96.865020"}},{"type":"Feature","geometry":{"type":"Polygon","coordinates":[[[-96.84278405197519,32.77726130844656],[-96.84216913721293,32.77726199525429],[-96.84216981536319,32.77717953475925],[-96.84278406406415,32.7771788487006],[-96.84278405197519,32.77726130844656]]]},"properties":{"sponsor":"dallas_pfc","sponsor_label":"Dallas Public Facility Corp","owner":"DALLAS PUBLIC FACILITY CORP","name":"VACANT","address":"2901 BORGER ST","city":"DALLAS","value":198210,"land_value":198210,"improvement_value":0,"exempt":true,"exemption":"OTHER PUBLIC PROPERTY","tax_forgone":4458,"units":0,"building":"LAND ONLY","year_built":"0","deed_date":"10/23/2023","accounts":1,"acres":0.13,"dcad_account":"00725700000000100","street_view":"https://www.google.com/maps/@?api=1&map_action=pano&viewpoint=32.777223,-96.842477"}},{"type":"Feature","geometry":{"type":"Polygon","coordinates":[[[-96.6479643582277,32.85219258234627],[-96.6477113507112,32.852657378018705],[-96.6475440413096,32.85251058044635],[-96.64742017561612,32.852361841443226],[-96.64732299811182,32.852199588034445],[-96.6472850743938,32.85211444287579],[-96.64723154685969,32.85193833822768],[-96.64788849307256,32.85183815681227],[-96.6479643582277,32.85219258234627]]]},"properties":{"sponsor":"outside","sponsor_label":"HFC from outside Dallas County","owner":"PECOS HOUSING FINANCE","name":"ESTERA LEASING OFFICE","address":"11321 WOODMEADOW PKWY","city":"DALLAS","value":183540,"land_value":123490,"improvement_value":60050,"exempt":false,"exemption":"","tax_forgone":0,"units":0,"building":"OFFICE BUILDING","year_built":"1971","deed_date":"03/17/2025","accounts":1,"acres":0.94,"dcad_account":"00000815847130000","street_view":"https://www.google.com/maps/@?api=1&map_action=pano&viewpoint=32.852245,-96.647639"}},{"type":"Feature","geometry":{"type":"Polygon","coordinates":[[[-96.7849197127569,32.76983868852353],[-96.78464427001316,32.7696434041496],[-96.78474413474387,32.769539164137235],[-96.78502324925823,32.76972991068811],[-96.7849197127569,32.76983868852353]]]},"properties":{"sponsor":"dallas_pfc","sponsor_label":"Dallas Public Facility Corp","owner":"DALLAS PUBLIC FACILITY CORP","name":"VACANT","address":"1800 LEAR ST","city":"DALLAS","value":176000,"land_value":176000,"improvement_value":0,"exempt":true,"exemption":"OTHER PUBLIC PROPERTY","tax_forgone":3959,"units":0,"building":"LAND ONLY","year_built":"0","deed_date":"09/09/2024","accounts":1,"acres":0.13,"dcad_account":"00000133723000100","street_view":"https://www.google.com/maps/@?api=1&map_action=pano&viewpoint=32.769687,-96.784833"}},{"type":"Feature","geometry":{"type":"Polygon","coordinates":[[[-96.60678924768058,32.92016996458707],[-96.60633346685267,32.919673660637045],[-96.6061980425765,32.919574214475354],[-96.6069675237916,32.91897426862049],[-96.60729686676144,32.9192792330067],[-96.60753419975754,32.91922694952815],[-96.60782434166119,32.9194008233009],[-96.60784601338469,32.91943099998312],[-96.60778278154798,32.919404322458846],[-96.60678924768058,32.92016996458707]]]},"properties":{"sponsor":"local","sponsor_label":"Other Dallas County PFC or HFC","owner":"GARLAND HOUSING FINANCE CORP","name":"VACANT LAND","address":"1922 CASTLE DR","city":"GARLAND (DALLAS CO)","value":174650,"land_value":174650,"improvement_value":0,"exempt":true,"exemption":"OTHER PUBLIC PROPERTY","tax_forgone":3928,"units":0,"building":"LAND ONLY","year_built":"0","deed_date":"03/02/2021","accounts":1,"acres":2.31,"dcad_account":"26401500010010000","street_view":"https://www.google.com/maps/@?api=1&map_action=pano&viewpoint=32.919535,-96.606931"}},{"type":"Feature","geometry":{"type":"Polygon","coordinates":[[[-96.81173936650353,32.757198343596045],[-96.81157079285951,32.75719884177232],[-96.81157203544305,32.75694392838022],[-96.81173882397934,32.75694497569844],[-96.81173936650353,32.757198343596045]]]},"properties":{"sponsor":"dallas_pfc","sponsor_label":"Dallas Public Facility Corp","owner":"DALLAS PUBLIC FACILITY CORP","name":"LAND","address":"824 COMAL ST","city":"DALLAS","value":166180,"land_value":166180,"improvement_value":0,"exempt":true,"exemption":"OTHER PUBLIC PROPERTY","tax_forgone":3738,"units":0,"building":"LAND ONLY","year_built":"0","deed_date":"09/04/2024","accounts":1,"acres":0.11,"dcad_account":"00000249400000000","street_view":"https://www.google.com/maps/@?api=1&map_action=pano&viewpoint=32.757071,-96.811655"}},{"type":"Feature","geometry":{"type":"Polygon","coordinates":[[[-96.84217341104176,32.77668484381813],[-96.84221733576963,32.77668482739151],[-96.84248414492573,32.77668472111458],[-96.84232431196902,32.77682726399224],[-96.84217070117448,32.776941293755456],[-96.84217341104176,32.77668484381813]]]},"properties":{"sponsor":"dallas_pfc","sponsor_label":"Dallas Public Facility Corp","owner":"DALLAS PUBLIC FACILITY CORP","name":"LAND ONLY","address":"2823 BORGER ST","city":"DALLAS","value":166080,"land_value":166080,"improvement_value":0,"exempt":true,"exemption":"OTHER PUBLIC PROPERTY","tax_forgone":3735,"units":0,"building":"LAND ONLY","year_built":"0","deed_date":"10/23/2023","accounts":1,"acres":0.11,"dcad_account":"00000702835000100","street_view":"https://www.google.com/maps/@?api=1&map_action=pano&viewpoint=32.776793,-96.842267"}},{"type":"Feature","geometry":{"type":"Polygon","coordinates":[[[-96.86518794704344,32.87343137011726],[-96.86518610559853,32.87361194290777],[-96.86486770808973,32.87360959597929],[-96.86486941218062,32.87344259752798],[-96.86488111249852,32.873429333140216],[-96.86518794704344,32.87343137011726]]]},"properties":{"sponsor":"outside","sponsor_label":"HFC from outside Dallas County","owner":"LA VILLA HOUSING FINANCE CORP","name":"","address":"9865 WEBB CHAPEL RD","city":"DALLAS","value":165500,"land_value":150000,"improvement_value":15500,"exempt":false,"exemption":"","tax_forgone":0,"units":0,"building":"","year_built":"","deed_date":"04/09/2025","accounts":1,"acres":0.15,"dcad_account":"00000595753220000","street_view":"https://www.google.com/maps/@?api=1&map_action=pano&viewpoint=32.873527,-96.865028"}},{"type":"Feature","geometry":{"type":"Polygon","coordinates":[[[-96.86487183953548,32.873275418890294],[-96.8648734640961,32.873115291995475],[-96.86518959897137,32.87311834733542],[-96.86518783809956,32.873292432074976],[-96.86488337208561,32.87329023377005],[-96.86487183953548,32.873275418890294]]]},"properties":{"sponsor":"outside","sponsor_label":"HFC from outside Dallas County","owner":"LA VILLA HOUSING FINANCE CORP","name":"","address":"9861 WEBB CHAPEL RD","city":"DALLAS","value":165500,"land_value":150000,"improvement_value":15500,"exempt":false,"exemption":"","tax_forgone":0,"units":0,"building":"","year_built":"","deed_date":"04/09/2025","accounts":1,"acres":0.14,"dcad_account":"00000595744100000","street_view":"https://www.google.com/maps/@?api=1&map_action=pano&viewpoint=32.873197,-96.865031"}},{"type":"Feature","geometry":{"type":"Polygon","coordinates":[[[-96.8651826208937,32.873954657377595],[-96.86518148856877,32.874066308608455],[-96.86486308480866,32.874064123801105],[-96.86486421842174,32.873952424476464],[-96.8651826208937,32.873954657377595]]]},"properties":{"sponsor":"outside","sponsor_label":"HFC from outside Dallas County","owner":"LA VILLA HOUSING FINANCE CORP","name":"","address":"9873 WEBB CHAPEL RD","city":"DALLAS","value":165500,"land_value":150000,"improvement_value":15500,"exempt":false,"exemption":"","tax_forgone":0,"units":0,"building":"","year_built":"","deed_date":"04/09/2025","accounts":1,"acres":0.09,"dcad_account":"00000595753300000","street_view":"https://www.google.com/maps/@?api=1&map_action=pano&viewpoint=32.874009,-96.865023"}},{"type":"Feature","geometry":{"type":"Polygon","coordinates":[[[-96.73265629672015,32.8841459910922],[-96.73279560554063,32.8839863218436],[-96.73285591298503,32.88397491692886],[-96.73422180371415,32.88282571779491],[-96.73361666954226,32.88484557514141],[-96.73285469744228,32.88467033696317],[-96.73272496431457,32.88447023202183],[-96.73265629672015,32.8841459910922]]]},"properties":{"sponsor":"outside","sponsor_label":"HFC from outside Dallas County","owner":"PECOS HOUSING FINANCE","name":"","address":"7474 SKILLMAN ST","city":"DALLAS","value":8500040,"land_value":2278200,"improvement_value":6221840,"exempt":false,"exemption":"","tax_forgone":0,"units":0,"building":"","year_built":"","deed_date":"05/01/2025","accounts":72,"acres":3.54,"dcad_account":"00C61250000A00103","street_view":"https://www.google.com/maps/@?api=1&map_action=pano&viewpoint=32.883656,-96.733605"}},{"type":"Feature","geometry":{"type":"Polygon","coordinates":[[[-96.78490813997043,32.76929325003614],[-96.78480662050421,32.76940063568825],[-96.78456633821169,32.769235795866365],[-96.78466791041915,32.769128464742785],[-96.78490813997043,32.76929325003614]]]},"properties":{"sponsor":"dallas_pfc","sponsor_label":"Dallas Public Facility Corp","owner":"DALLAS PUBLIC FACILITY CORP","name":"VACANT","address":"1711 CORINTH ST","city":"DALLAS","value":160290,"land_value":160290,"improvement_value":0,"exempt":true,"exemption":"OTHER PUBLIC PROPERTY","tax_forgone":3605,"units":0,"building":"LAND ONLY","year_built":"0","deed_date":"09/09/2024","accounts":1,"acres":0.11,"dcad_account":"00000133690000000","street_view":"https://www.google.com/maps/@?api=1&map_action=pano&viewpoint=32.769265,-96.784737"}},{"type":"Feature","geometry":{"type":"Polygon","coordinates":[[[-96.81173936650353,32.757198343596045],[-96.81173882397934,32.75694497569844],[-96.81190147370175,32.7569445068233],[-96.81190201692542,32.75719786235244],[-96.81173936650353,32.757198343596045]]]},"properties":{"sponsor":"dallas_pfc","sponsor_label":"Dallas Public Facility Corp","owner":"DALLAS PUBLIC FACILITY CORP","name":"LAND","address":"820 COMAL ST","city":"DALLAS","value":159150,"land_value":159150,"improvement_value":0,"exempt":true,"exemption":"OTHER PUBLIC PROPERTY","tax_forgone":3580,"units":0,"building":"LAND ONLY","year_built":"0","deed_date":"09/04/2024","accounts":1,"acres":0.11,"dcad_account":"00000249397000000","street_view":"https://www.google.com/maps/@?api=1&map_action=pano&viewpoint=32.757071,-96.811820"}},{"type":"Feature","geometry":{"type":"Polygon","coordinates":[[[-96.81157203544305,32.75694392838022],[-96.81157079285951,32.75719884177232],[-96.81144448218463,32.75719921550389],[-96.81138915749936,32.75694456741492],[-96.81157203544305,32.75694392838022]]]},"properties":{"sponsor":"dallas_pfc","sponsor_label":"Dallas Public Facility Corp","owner":"DALLAS PUBLIC FACILITY CORP","name":"LAND","address":"824 COMAL ST","city":"DALLAS","value":155510,"land_value":155510,"improvement_value":0,"exempt":true,"exemption":"OTHER PUBLIC PROPERTY","tax_forgone":3498,"units":0,"building":"LAND ONLY","year_built":"0","deed_date":"09/04/2024","accounts":1,"acres":0.1,"dcad_account":"00000249394000000","street_view":"https://www.google.com/maps/@?api=1&map_action=pano&viewpoint=32.757111,-96.811499"}},{"type":"Feature","geometry":{"type":"Polygon","coordinates":[[[-96.62935912275162,32.90739192573803],[-96.62935710109616,32.90753044765438],[-96.62918655963479,32.90769853547247],[-96.62918731010578,32.907529084558874],[-96.62898337558529,32.90752857042517],[-96.62898512068156,32.90739098043132],[-96.62935912275162,32.90739192573803]]]},"properties":{"sponsor":"local","sponsor_label":"Other Dallas County PFC or HFC","owner":"GARLAND HOUSING FINANCE","name":"","address":"600 RAYBURN ST","city":"GARLAND (DALLAS CO)","value":138060,"land_value":60000,"improvement_value":78060,"exempt":true,"exemption":"OTHER PUBLIC PROPERTY","tax_forgone":3105,"units":0,"building":"","year_built":"","deed_date":"11/01/2023","accounts":1,"acres":0.17,"dcad_account":"26555500010090100","street_view":"https://www.google.com/maps/@?api=1&map_action=pano&viewpoint=32.907616,-96.629228"}},{"type":"Feature","geometry":{"type":"Polygon","coordinates":[[[-96.73455478361284,32.79220228378761],[-96.73478991728038,32.792203449648994],[-96.73479024295818,32.792520812531265],[-96.73455515930827,32.79252036216341],[-96.73455478361284,32.79220228378761]]]},"properties":{"sponsor":"dallas_hfc","sponsor_label":"Dallas Housing Finance Corp","owner":"DHFC TENISON LOFTS","name":"VACANT","address":"3515 MERRIFIELD AVE","city":"DALLAS","value":125270,"land_value":125270,"improvement_value":0,"exempt":false,"exemption":"","tax_forgone":0,"units":0,"building":"LAND ONLY","year_built":"0","deed_date":"02/18/2025","accounts":1,"acres":0.19,"dcad_account":"00000226063000000","street_view":"https://www.google.com/maps/@?api=1&map_action=pano&viewpoint=32.792362,-96.734673"}},{"type":"Feature","geometry":{"type":"Polygon","coordinates":[[[-96.73387038293598,32.792855736341856],[-96.73361835285024,32.792854686171225],[-96.73361397980227,32.792546282860215],[-96.733870052004,32.7925469780871],[-96.73387038293598,32.792855736341856]]]},"properties":{"sponsor":"dallas_hfc","sponsor_label":"Dallas Housing Finance Corp","owner":"DHFC TENISON LOFTS","name":"PAVED PARKING","address":"3536 SAMUELL BLVD","city":"DALLAS","value":124490,"land_value":124490,"improvement_value":0,"exempt":false,"exemption":"","tax_forgone":0,"units":0,"building":"LAND ONLY","year_built":"0","deed_date":"02/18/2025","accounts":1,"acres":0.2,"dcad_account":"00000226054000000","street_view":"https://www.google.com/maps/@?api=1&map_action=pano&viewpoint=32.792673,-96.733743"}},{"type":"Feature","geometry":{"type":"Polygon","coordinates":[[[-96.73502106296154,32.79252125692797],[-96.73479024295818,32.792520812531265],[-96.73478991728038,32.792203449648994],[-96.73502072224342,32.792204608615364],[-96.73502106296154,32.79252125692797]]]},"properties":{"sponsor":"dallas_hfc","sponsor_label":"Dallas Housing Finance Corp","owner":"DHFC TENISON LOFTS","name":"VACANT","address":"3511 MERRIFIELD AVE","city":"DALLAS","value":120630,"land_value":120630,"improvement_value":0,"exempt":false,"exemption":"","tax_forgone":0,"units":0,"building":"LAND ONLY","year_built":"0","deed_date":"02/18/2025","accounts":1,"acres":0.19,"dcad_account":"00000226060000000","street_view":"https://www.google.com/maps/@?api=1&map_action=pano&viewpoint=32.792362,-96.734905"}},{"type":"Feature","geometry":{"type":"Polygon","coordinates":[[[-96.84217051917997,32.77702776627098],[-96.8421708370043,32.77695919342728],[-96.84261761385264,32.77695869446122],[-96.84261729634787,32.77702726868026],[-96.84217051917997,32.77702776627098]]]},"properties":{"sponsor":"dallas_pfc","sponsor_label":"Dallas Public Facility Corp","owner":"DALLAS PUBLIC FACILITY CORP","name":"VACANT","address":"2817 BORGER ST","city":"DALLAS","value":120400,"land_value":120400,"improvement_value":0,"exempt":true,"exemption":"OTHER PUBLIC PROPERTY","tax_forgone":2708,"units":0,"building":"LAND ONLY","year_built":"0","deed_date":"10/23/2023","accounts":1,"acres":0.08,"dcad_account":"00000702841500000","street_view":"https://www.google.com/maps/@?api=1&map_action=pano&viewpoint=32.776993,-96.842394"}},{"type":"Feature","geometry":{"type":"Polygon","coordinates":[[[-96.73455191281884,32.79285854015164],[-96.73455156666404,32.792548792033585],[-96.73478993405394,32.79254942647175],[-96.73479027393249,32.79285953187363],[-96.73455191281884,32.79285854015164]]]},"properties":{"sponsor":"dallas_hfc","sponsor_label":"Dallas Housing Finance Corp","owner":"DHFC TENISON LOFTS","name":"PAVED PARKING","address":"3514 SAMUELL BLVD","city":"DALLAS","value":118950,"land_value":118950,"improvement_value":0,"exempt":false,"exemption":"","tax_forgone":0,"units":0,"building":"LAND ONLY","year_built":"0","deed_date":"02/18/2025","accounts":1,"acres":0.19,"dcad_account":"00000226048000000","street_view":"https://www.google.com/maps/@?api=1&map_action=pano&viewpoint=32.792675,-96.734671"}},{"type":"Feature","geometry":{"type":"Polygon","coordinates":[[[-96.95851590097051,32.66577339362937],[-96.95862264331778,32.66772051804138],[-96.95765944142367,32.667633622123866],[-96.9576973609793,32.66621272784268],[-96.9573623325037,32.666061158608066],[-96.95529690375544,32.66588189887548],[-96.95524624908103,32.66583851009532],[-96.95549296124607,32.665758487873084],[-96.9557757910554,32.66569260695473],[-96.95606426369247,32.66564751020511],[-96.9564156590713,32.66562128229176],[-96.95674259185732,32.66562471313261],[-96.95706765883568,32.66565441455402],[-96.95720305661008,32.665674898783394],[-96.95748685396862,32.665745907184856],[-96.95763187290049,32.66577106114134],[-96.95792580605476,32.66580026178034],[-96.95822175816326,32.66580104264327],[-96.95851590097051,32.66577339362937]]]},"properties":{"sponsor":"outside","sponsor_label":"HFC from outside Dallas County","owner":"PECOS HOUSING FINANCE","name":"DEDICATED CONSERVATION EASEMET/ESCARPMENT","address":"7455 W CAMP WISDOM RD","city":"DALLAS","value":117300,"land_value":117300,"improvement_value":0,"exempt":false,"exemption":"","tax_forgone":0,"units":0,"building":"LAND ONLY","year_built":"0","deed_date":"04/02/2025","accounts":1,"acres":6.22,"dcad_account":"00000818285800000","street_view":"https://www.google.com/maps/@?api=1&map_action=pano&viewpoint=32.666663,-96.958125"}},{"type":"Feature","geometry":{"type":"Polygon","coordinates":[[[-96.81151189736411,32.75633455583628],[-96.8113717375908,32.75633495855203],[-96.81136907977589,32.75613024420862],[-96.81151348096661,32.756131160942466],[-96.81151189736411,32.75633455583628]]]},"properties":{"sponsor":"dallas_pfc","sponsor_label":"Dallas Public Facility Corp","owner":"DALLAS PUBLIC FACILITY CORP","name":"LAND","address":"825 SABINE ST","city":"DALLAS","value":105840,"land_value":105840,"improvement_value":0,"exempt":true,"exemption":"OTHER PUBLIC PROPERTY","tax_forgone":2381,"units":0,"building":"LAND ONLY","year_built":"0","deed_date":"09/04/2024","accounts":1,"acres":0.07,"dcad_account":"00000249418000000","street_view":"https://www.google.com/maps/@?api=1&map_action=pano&viewpoint=32.756232,-96.811442"}},{"type":"Feature","geometry":{"type":"Polygon","coordinates":[[[-96.81166426282286,32.75613015732728],[-96.81166427115888,32.75633411540996],[-96.81151189736411,32.75633455583628],[-96.81151348096661,32.756131160942466],[-96.81166426282286,32.75613015732728]]]},"properties":{"sponsor":"dallas_pfc","sponsor_label":"Dallas Public Facility Corp","owner":"DALLAS PUBLIC FACILITY CORP","name":"LAND","address":"823 SABINE ST","city":"DALLAS","value":101880,"land_value":101880,"improvement_value":0,"exempt":true,"exemption":"OTHER PUBLIC PROPERTY","tax_forgone":2291,"units":0,"building":"LAND ONLY","year_built":"0","deed_date":"09/04/2024","accounts":1,"acres":0.08,"dcad_account":"00000249412000000","street_view":"https://www.google.com/maps/@?api=1&map_action=pano&viewpoint=32.756233,-96.811588"}},{"type":"Feature","geometry":{"type":"Polygon","coordinates":[[[-96.73455515930827,32.79252036216341],[-96.73432931880741,32.79251993261606],[-96.73432899068024,32.79220114013249],[-96.73455478361284,32.79220228378761],[-96.73455515930827,32.79252036216341]]]},"properties":{"sponsor":"dallas_hfc","sponsor_label":"Dallas Housing Finance Corp","owner":"DHFC TENISON LOFTS","name":"VACANT","address":"3519 MERRIFIELD AVE","city":"DALLAS","value":80420,"land_value":80420,"improvement_value":0,"exempt":false,"exemption":"","tax_forgone":0,"units":0,"building":"LAND ONLY","year_built":"0","deed_date":"02/18/2025","accounts":1,"acres":0.18,"dcad_account":"00000226066000000","street_view":"https://www.google.com/maps/@?api=1&map_action=pano&viewpoint=32.792361,-96.734442"}},{"type":"Feature","geometry":{"type":"Polygon","coordinates":[[[-96.95390936804682,32.85535619146769],[-96.95419331928117,32.85535947117638],[-96.95458031532614,32.85546651849492],[-96.95481775616996,32.855520504802726],[-96.95492103216166,32.855586835469886],[-96.95493802870796,32.855738133550275],[-96.95470998899071,32.85606437826092],[-96.9546840620959,32.85611208829422],[-96.954652920465,32.856213535254575],[-96.95464460146805,32.85641701794615],[-96.95443596875461,32.85641428980085],[-96.95442696444334,32.85679919497999],[-96.95388335366059,32.85679253101361],[-96.95390936804682,32.85535619146769]]]},"properties":{"sponsor":"outside","sponsor_label":"HFC from outside Dallas County","owner":"CAMERON COUNTY HOUSING","name":"","address":"802 SAM HILL ST","city":"IRVING","value":80000,"land_value":80000,"improvement_value":0,"exempt":false,"exemption":"","tax_forgone":0,"units":0,"building":"","year_built":"","deed_date":"04/03/2023","accounts":1,"acres":2.8,"dcad_account":"32199500020010100","street_view":"https://www.google.com/maps/@?api=1&map_action=pano&viewpoint=32.856083,-96.954297"}},{"type":"Feature","geometry":{"type":"Polygon","coordinates":[[[-96.57554061959806,32.84878884851778],[-96.57571709197809,32.848718065834],[-96.5756514769927,32.84860150737416],[-96.5758279663115,32.848530748168926],[-96.57600539612706,32.84884590121032],[-96.57579890243407,32.848869732879024],[-96.57582845650991,32.84905219916756],[-96.57563832600562,32.84909182331598],[-96.57563845919412,32.84896263326375],[-96.57554061959806,32.84878884851778]]]},"properties":{"sponsor":"outside","sponsor_label":"HFC from outside Dallas County","owner":"PECOS HOUSING FINANCE CORP","name":"REPUBLIC WEST APARTMENTS (LAND)","address":"265 E IH 30","city":"GARLAND (DALLAS CO)","value":77700,"land_value":77700,"improvement_value":0,"exempt":false,"exemption":"","tax_forgone":0,"units":0,"building":"LAND ONLY","year_built":"0","deed_date":"03/24/2025","accounts":1,"acres":0.32,"dcad_account":"26178370010010300","street_view":"https://www.google.com/maps/@?api=1&map_action=pano&viewpoint=32.848817,-96.575773"}},{"type":"Feature","geometry":{"type":"Polygon","coordinates":[[[-96.62825404796058,32.901712558159836],[-96.62825638706367,32.90135581575377],[-96.62845893705452,32.901356715979745],[-96.6284567885504,32.901713190452035],[-96.62825404796058,32.901712558159836]]]},"properties":{"sponsor":"local","sponsor_label":"Other Dallas County PFC or HFC","owner":"GARLAND HOUSING FINANCE","name":"","address":"145 E WANDA DR","city":"GARLAND (DALLAS CO)","value":66000,"land_value":66000,"improvement_value":0,"exempt":true,"exemption":"OTHER PUBLIC PROPERTY","tax_forgone":1484,"units":0,"building":"","year_built":"","deed_date":"02/06/2024","accounts":1,"acres":0.19,"dcad_account":"26593500050120000","street_view":"https://www.google.com/maps/@?api=1&map_action=pano&viewpoint=32.901574,-96.628357"}},{"type":"Feature","geometry":{"type":"Polygon","coordinates":[[[-96.61988958936955,32.899581902289846],[-96.62007939234407,32.899618197630936],[-96.6200035239163,32.89993328594724],[-96.61978823167287,32.89989107983551],[-96.61988958936955,32.899581902289846]]]},"properties":{"sponsor":"local","sponsor_label":"Other Dallas County PFC or HFC","owner":"GARLAND HOUSING FINANCE","name":"","address":"910 GARDEN DR","city":"GARLAND (DALLAS CO)","value":65000,"land_value":65000,"improvement_value":0,"exempt":true,"exemption":"OTHER PUBLIC PROPERTY","tax_forgone":1462,"units":0,"building":"","year_built":"","deed_date":"05/09/2024","accounts":1,"acres":0.17,"dcad_account":"26362500100060000","street_view":"https://www.google.com/maps/@?api=1&map_action=pano&viewpoint=32.899755,-96.619940"}},{"type":"Feature","geometry":{"type":"Polygon","coordinates":[[[-96.62859225489166,32.89613344506514],[-96.62858518993477,32.8964649125315],[-96.62839123142727,32.896463536676585],[-96.62840110403407,32.89613093065871],[-96.62859225489166,32.89613344506514]]]},"properties":{"sponsor":"local","sponsor_label":"Other Dallas County PFC or HFC","owner":"GARLAND HOUSING FINANCE","name":"","address":"215 GLENFIELD DR","city":"GARLAND (DALLAS CO)","value":65000,"land_value":65000,"improvement_value":0,"exempt":true,"exemption":"OTHER PUBLIC PROPERTY","tax_forgone":1462,"units":0,"building":"","year_built":"","deed_date":"02/13/2024","accounts":1,"acres":0.16,"dcad_account":"26240500030260000","street_view":"https://www.google.com/maps/@?api=1&map_action=pano&viewpoint=32.896315,-96.628492"}},{"type":"Feature","geometry":{"type":"Polygon","coordinates":[[[-96.84325290351674,32.771981052280644],[-96.8430715785681,32.77202710229482],[-96.84307485713943,32.77149770125551],[-96.84308327230579,32.77138029585228],[-96.8432534728087,32.7713875561579],[-96.84325290351674,32.771981052280644]]]},"properties":{"sponsor":"dallas_pfc","sponsor_label":"Dallas Public Facility Corp","owner":"DALLAS PUBLIC FACILITY","name":"VACANT","address":"2105 N EDGEFIELD AVE","city":"DALLAS","value":58950,"land_value":58950,"improvement_value":0,"exempt":true,"exemption":"OTHER PUBLIC PROPERTY","tax_forgone":1326,"units":0,"building":"LAND ONLY","year_built":"0","deed_date":"12/06/2024","accounts":1,"acres":0.28,"dcad_account":"00000703021000000","street_view":"https://www.google.com/maps/@?api=1&map_action=pano&viewpoint=32.771739,-96.843163"}},{"type":"Feature","geometry":{"type":"Polygon","coordinates":[[[-96.88787028222802,32.713773789683735],[-96.88772608246605,32.71361478885219],[-96.88761992219476,32.71352986567705],[-96.88749532093193,32.713465285821904],[-96.88734652597999,32.71342164949877],[-96.88734321952278,32.71338526388642],[-96.88731792661342,32.71333657948521],[-96.8872525138797,32.71328852002721],[-96.88716763144006,32.71327374337349],[-96.88708508053159,32.713296044764576],[-96.88702606356765,32.71334969630324],[-96.88700625964968,32.71340236316617],[-96.88700144713957,32.713077770265144],[-96.88738768691027,32.71289017825802],[-96.8874938594598,32.71299458609306],[-96.8875615206777,32.71304468429368],[-96.88772320409475,32.71310114361417],[-96.88779758015194,32.71314204615717],[-96.88782913444044,32.71316853465385],[-96.88789441059602,32.71323620848721],[-96.88797455358011,32.71337902246116],[-96.88806300991115,32.713493155011385],[-96.88812205927007,32.71354952820197],[-96.88824342384801,32.71362266922998],[-96.88827882549192,32.71365384047465],[-96.88833448427775,32.71373778908299],[-96.88826401355595,32.713897019294116],[-96.88815349200176,32.71389391553523],[-96.8880495765743,32.71387244828183],[-96.88795918487504,32.71383439983426],[-96.88787028222802,32.713773789683735]]]},"properties":{"sponsor":"local","sponsor_label":"Other Dallas County PFC or HFC","owner":"TEXAS ESSENTIAL HOUSING","name":"CREEK BED","address":"4300 WYOMING ST","city":"DALLAS","value":48050,"land_value":48050,"improvement_value":0,"exempt":true,"exemption":"OTHER PUBLIC PROPERTY","tax_forgone":1081,"units":0,"building":"LAND ONLY","year_built":"0","deed_date":"06/20/2023","accounts":1,"acres":1.38,"dcad_account":"00000660886500100","street_view":"https://www.google.com/maps/@?api=1&map_action=pano&viewpoint=32.713392,-96.887665"}},{"type":"Feature","geometry":{"type":"Polygon","coordinates":[[[-96.8849684657925,32.899546055371985],[-96.88475460512635,32.899547385669315],[-96.88475557171778,32.89933702893527],[-96.88496927403922,32.8993351509073],[-96.8849684657925,32.899546055371985]]]},"properties":{"sponsor":"dallas_pfc","sponsor_label":"Dallas Public Facility Corp","owner":"DALLAS PUBLIC FACILITY CORP","name":"VACANT","address":"2737 ROYAL LN","city":"DALLAS","value":40420,"land_value":40420,"improvement_value":0,"exempt":true,"exemption":"OTHER PUBLIC PROPERTY","tax_forgone":909,"units":0,"building":"LAND ONLY","year_built":"0","deed_date":"06/29/2022","accounts":1,"acres":0.12,"dcad_account":"00000609031000000","street_view":"https://www.google.com/maps/@?api=1&map_action=pano&viewpoint=32.899442,-96.884862"}},{"type":"Feature","geometry":{"type":"Polygon","coordinates":[[[-96.96169577284624,32.677041104014634],[-96.96055690461547,32.676530184759635],[-96.96191913989092,32.67653866578838],[-96.96169577284624,32.677041104014634]]]},"properties":{"sponsor":"dallas_pfc","sponsor_label":"Dallas Public Facility Corp","owner":"DALLAS PUBLIC FACILITY CORPORATION","name":"VACANT","address":"4868 S MERRIFIELD RD","city":"DALLAS","value":38770,"land_value":38770,"improvement_value":0,"exempt":true,"exemption":"OTHER PUBLIC PROPERTY","tax_forgone":872,"units":0,"building":"LAND ONLY","year_built":"0","deed_date":"10/04/2022","accounts":1,"acres":0.88,"dcad_account":"00611302110160100","street_view":"https://www.google.com/maps/@?api=1&map_action=pano&viewpoint=32.676790,-96.961466"}},{"type":"Feature","geometry":{"type":"Polygon","coordinates":[[[-96.62897963559598,32.907907258464725],[-96.62897243490731,32.9079063214099],[-96.62898337558529,32.90752857042517],[-96.62918731010578,32.907529084558874],[-96.62918655963479,32.90769853547247],[-96.62897963559598,32.907907258464725]]]},"properties":{"sponsor":"local","sponsor_label":"Other Dallas County PFC or HFC","owner":"GARLAND HOUSING FINANCE CORP","name":"","address":"600 RAYBURN ST","city":"GARLAND (DALLAS CO)","value":30000,"land_value":30000,"improvement_value":0,"exempt":true,"exemption":"OTHER PUBLIC PROPERTY","tax_forgone":675,"units":0,"building":"","year_built":"","deed_date":"06/11/2024","accounts":1,"acres":0.15,"dcad_account":"26555500010090000","street_view":"https://www.google.com/maps/@?api=1&map_action=pano&viewpoint=32.907802,-96.629029"}},{"type":"Feature","geometry":{"type":"Polygon","coordinates":[[[-96.88130360081941,32.65856951320457],[-96.8815938878313,32.65851694482135],[-96.88290905115622,32.65909402708523],[-96.88289306143896,32.659120401078766],[-96.88158924883948,32.65854584591172],[-96.88130978680518,32.65859645234555],[-96.88130360081941,32.65856951320457]]]},"properties":{"sponsor":"dallas_hfc","sponsor_label":"Dallas Housing Finance Corp","owner":"DHFC REDBIRD LANDOWNER LLC","name":"VACANT","address":"3662 W CAMP WISDOM RD","city":"DALLAS","value":28050,"land_value":28050,"improvement_value":0,"exempt":true,"exemption":"OTHER PUBLIC PROPERTY","tax_forgone":631,"units":0,"building":"LAND ONLY","year_built":"0","deed_date":"03/15/2021","accounts":1,"acres":0.13,"dcad_account":"00693100A10030100","street_view":"https://www.google.com/maps/@?api=1&map_action=pano&viewpoint=32.658848,-96.882311"}},{"type":"Feature","geometry":{"type":"Polygon","coordinates":[[[-96.76609593619399,32.89196181398892],[-96.7660058117998,32.89194534122795],[-96.76596409406417,32.891928501249176],[-96.76589234260194,32.89187963043845],[-96.76584172475413,32.89181459842189],[-96.76582508400526,32.89177522527254],[-96.76581591922131,32.89169227124752],[-96.76583937598141,32.89161134223533],[-96.76586266783792,32.89157444793396],[-96.76592917954464,32.89151286682332],[-96.76601588573301,32.89147299495625],[-96.76606389802161,32.891462675321456],[-96.76615956057591,32.89146227439522],[-96.76625045008473,32.89148745330278],[-96.76629113494967,32.89150892258421],[-96.7663523351424,32.89156054128215],[-96.76639008548108,32.891617541305386],[-96.76640461302598,32.891657756816706],[-96.7664090617998,32.89174146217457],[-96.76638067371915,32.89182175563309],[-96.76635501492277,32.89185779559364],[-96.76628433232058,32.89191665527167],[-96.76619465526755,32.891952660017274],[-96.76609593619399,32.89196181398892]]]},"properties":{"sponsor":"dallas_hfc","sponsor_label":"Dallas Housing Finance Corp","owner":"DHFC DOMAIN AT MIDTOWN PARK","name":"UNBUILDABLE LANDSCAPE PARCEL","address":"1 MANDERVILLE LN","city":"DALLAS","value":25000,"land_value":25000,"improvement_value":0,"exempt":true,"exemption":"OTHER PUBLIC PROPERTY","tax_forgone":562,"units":0,"building":"LAND ONLY","year_built":"0","deed_date":"03/14/2024","accounts":1,"acres":0.6,"dcad_account":"007291000E0010000","street_view":"https://www.google.com/maps/@?api=1&map_action=pano&viewpoint=32.891717,-96.766113"}},{"type":"Feature","geometry":{"type":"Polygon","coordinates":[[[-96.65579675130698,32.97641865545196],[-96.6558628833622,32.97646765531536],[-96.65570570943677,32.97661835802074],[-96.655639578929,32.9765693608474],[-96.65579675130698,32.97641865545196]]]},"properties":{"sponsor":"local","sponsor_label":"Other Dallas County PFC or HFC","owner":"GARLAND HOUSING FINANCE","name":"LAND","address":"1775 W CAMPBELL RD","city":"GARLAND (DALLAS CO)","value":11810,"land_value":11810,"improvement_value":0,"exempt":true,"exemption":"OTHER PUBLIC PROPERTY","tax_forgone":266,"units":0,"building":"LAND ONLY","year_built":"0","deed_date":"07/20/2023","accounts":1,"acres":0.05,"dcad_account":"26212220010150000","street_view":"https://www.google.com/maps/@?api=1&map_action=pano&viewpoint=32.976519,-96.655751"}},{"type":"Feature","geometry":{"type":"Polygon","coordinates":[[[-96.65600504683552,32.97657300404558],[-96.65584788111651,32.9767237070487],[-96.65578175050865,32.97667470720325],[-96.6559389194566,32.97652400707901],[-96.65600504683552,32.97657300404558]]]},"properties":{"sponsor":"local","sponsor_label":"Other Dallas County PFC or HFC","owner":"GARLAND HOUSING FINANCE","name":"LAND","address":"1773 W CAMPBELL RD","city":"GARLAND (DALLAS CO)","value":11810,"land_value":11810,"improvement_value":0,"exempt":true,"exemption":"OTHER PUBLIC PROPERTY","tax_forgone":266,"units":0,"building":"LAND ONLY","year_built":"0","deed_date":"07/20/2023","accounts":1,"acres":0.05,"dcad_account":"26212220010140000","street_view":"https://www.google.com/maps/@?api=1&map_action=pano&viewpoint=32.976624,-96.655893"}},{"type":"Feature","geometry":{"type":"Polygon","coordinates":[[[-96.65612261326181,32.97666011267391],[-96.65618874567767,32.97670911236275],[-96.65603157345133,32.97685981824644],[-96.65596544266876,32.97681081712522],[-96.65612261326181,32.97666011267391]]]},"properties":{"sponsor":"local","sponsor_label":"Other Dallas County PFC or HFC","owner":"GARLAND HOUSING FINANCE","name":"LAND","address":"1767 W CAMPBELL RD","city":"GARLAND (DALLAS CO)","value":11810,"land_value":11810,"improvement_value":0,"exempt":true,"exemption":"SCHOOL PROPERTY","tax_forgone":266,"units":0,"building":"LAND ONLY","year_built":"0","deed_date":"07/20/2023","accounts":1,"acres":0.05,"dcad_account":"26212220010110000","street_view":"https://www.google.com/maps/@?api=1&map_action=pano&viewpoint=32.976760,-96.656077"}},{"type":"Feature","geometry":{"type":"Polygon","coordinates":[[[-96.65598041065087,32.97616920103311],[-96.65604884270668,32.97621025969738],[-96.65594919262351,32.97635820974557],[-96.65587805695186,32.976314474636276],[-96.65598041065087,32.97616920103311]]]},"properties":{"sponsor":"local","sponsor_label":"Other Dallas County PFC or HFC","owner":"GARLAND HOUSING FINANCE","name":"LAND","address":"1793 W CAMPBELL RD","city":"GARLAND (DALLAS CO)","value":11810,"land_value":11810,"improvement_value":0,"exempt":true,"exemption":"OTHER PUBLIC PROPERTY","tax_forgone":266,"units":0,"building":"LAND ONLY","year_built":"0","deed_date":"07/20/2023","accounts":1,"acres":0.04,"dcad_account":"26212220010060000","street_view":"https://www.google.com/maps/@?api=1&map_action=pano&viewpoint=32.976262,-96.655964"}},{"type":"Feature","geometry":{"type":"Polygon","coordinates":[[[-96.6563371501168,32.97638572666041],[-96.65639982035971,32.97642258311222],[-96.65629983152112,32.976573817716385],[-96.65622869547448,32.97653008418264],[-96.6563371501168,32.97638572666041]]]},"properties":{"sponsor":"local","sponsor_label":"Other Dallas County PFC or HFC","owner":"GARLAND HOUSING FINANCE","name":"LAND","address":"1785 W CAMPBELL RD","city":"GARLAND (DALLAS CO)","value":11810,"land_value":11810,"improvement_value":0,"exempt":true,"exemption":"OTHER PUBLIC PROPERTY","tax_forgone":266,"units":0,"building":"LAND ONLY","year_built":"0","deed_date":"07/20/2023","accounts":1,"acres":0.04,"dcad_account":"26212220010100000","street_view":"https://www.google.com/maps/@?api=1&map_action=pano&viewpoint=32.976476,-96.656317"}},{"type":"Feature","geometry":{"type":"Polygon","coordinates":[[[-96.65613084109872,32.976259865306304],[-96.65620849417562,32.97630763890146],[-96.65610223069426,32.97645233388436],[-96.65603109487141,32.976408598862996],[-96.65613084109872,32.976259865306304]]]},"properties":{"sponsor":"local","sponsor_label":"Other Dallas County PFC or HFC","owner":"GARLAND HOUSING FINANCE","name":"LAND","address":"1791 W CAMPBELL RD","city":"GARLAND (DALLAS CO)","value":11810,"land_value":11810,"improvement_value":0,"exempt":true,"exemption":"OTHER PUBLIC PROPERTY","tax_forgone":266,"units":0,"building":"LAND ONLY","year_built":"0","deed_date":"07/20/2023","accounts":1,"acres":0.04,"dcad_account":"26212220010070000","street_view":"https://www.google.com/maps/@?api=1&map_action=pano&viewpoint=32.976358,-96.656118"}},{"type":"Feature","geometry":{"type":"Polygon","coordinates":[[[-96.65567918546463,32.976331549261644],[-96.65552201309842,32.976482251762384],[-96.6554657025169,32.97643413565986],[-96.65546249398892,32.976426915326],[-96.65561305524298,32.97628254932405],[-96.65567918546463,32.976331549261644]]]},"properties":{"sponsor":"local","sponsor_label":"Other Dallas County PFC or HFC","owner":"GARLAND HOUSING FINANCE","name":"LAND","address":"1781 W CAMPBELL RD","city":"GARLAND (DALLAS CO)","value":11760,"land_value":11760,"improvement_value":0,"exempt":true,"exemption":"OTHER PUBLIC PROPERTY","tax_forgone":265,"units":0,"building":"LAND ONLY","year_built":"0","deed_date":"07/20/2023","accounts":1,"acres":0.04,"dcad_account":"26212220010180000","street_view":"https://www.google.com/maps/@?api=1&map_action=pano&viewpoint=32.976379,-96.655571"}},{"type":"Feature","geometry":{"type":"Polygon","coordinates":[[[-96.65577142233099,32.97606483586185],[-96.65580909520489,32.97606522015703],[-96.65585175370862,32.97609111287946],[-96.65575159275886,32.97623672535409],[-96.65568045728241,32.97619299013123],[-96.65577142233099,32.97606483586185]]]},"properties":{"sponsor":"local","sponsor_label":"Other Dallas County PFC or HFC","owner":"GARLAND HOUSING FINANCE","name":"LAND","address":"1799 W CAMPBELL RD","city":"GARLAND (DALLAS CO)","value":11650,"land_value":11650,"improvement_value":0,"exempt":true,"exemption":"OTHER PUBLIC PROPERTY","tax_forgone":262,"units":0,"building":"LAND ONLY","year_built":"0","deed_date":"07/20/2023","accounts":1,"acres":0.04,"dcad_account":"26212220010030000","street_view":"https://www.google.com/maps/@?api=1&map_action=pano&viewpoint=32.976142,-96.655767"}},{"type":"Feature","geometry":{"type":"Polygon","coordinates":[[[-96.6558145515832,32.97627560421517],[-96.65575159275886,32.97623672535409],[-96.65585175370862,32.97609111287946],[-96.65591742041606,32.97613096920321],[-96.6558145515832,32.97627560421517]]]},"properties":{"sponsor":"local","sponsor_label":"Other Dallas County PFC or HFC","owner":"GARLAND HOUSING FINANCE","name":"LAND","address":"1797 W CAMPBELL RD","city":"GARLAND (DALLAS CO)","value":11550,"land_value":11550,"improvement_value":0,"exempt":true,"exemption":"OTHER PUBLIC PROPERTY","tax_forgone":260,"units":0,"building":"LAND ONLY","year_built":"0","deed_date":"07/20/2023","accounts":1,"acres":0.03,"dcad_account":"26212220010040000","street_view":"https://www.google.com/maps/@?api=1&map_action=pano&viewpoint=32.976184,-96.655834"}},{"type":"Feature","geometry":{"type":"Polygon","coordinates":[[[-96.65591742041606,32.97613096920321],[-96.65598041065087,32.97616920103311],[-96.65587805695186,32.976314474636276],[-96.6558145515832,32.97627560421517],[-96.65591742041606,32.97613096920321]]]},"properties":{"sponsor":"local","sponsor_label":"Other Dallas County PFC or HFC","owner":"GARLAND HOUSING FINANCE","name":"LAND","address":"1795 W CAMPBELL RD","city":"GARLAND (DALLAS CO)","value":10510,"land_value":10510,"improvement_value":0,"exempt":true,"exemption":"OTHER PUBLIC PROPERTY","tax_forgone":236,"units":0,"building":"LAND ONLY","year_built":"0","deed_date":"07/20/2023","accounts":1,"acres":0.03,"dcad_account":"26212220010050000","street_view":"https://www.google.com/maps/@?api=1&map_action=pano&viewpoint=32.976222,-96.655898"}},{"type":"Feature","geometry":{"type":"Polygon","coordinates":[[[-96.65584788111651,32.9767237070487],[-96.65600504683552,32.97657300404558],[-96.65606315363218,32.97661677447936],[-96.65590580645878,32.9767673429128],[-96.65584788111651,32.9767237070487]]]},"properties":{"sponsor":"local","sponsor_label":"Other Dallas County PFC or HFC","owner":"GARLAND HOUSING FINANCE","name":"LAND","address":"1771 W CAMPBELL RD","city":"GARLAND (DALLAS CO)","value":10510,"land_value":10510,"improvement_value":0,"exempt":true,"exemption":"OTHER PUBLIC PROPERTY","tax_forgone":236,"units":0,"building":"LAND ONLY","year_built":"0","deed_date":"07/20/2023","accounts":1,"acres":0.04,"dcad_account":"26212220010130000","street_view":"https://www.google.com/maps/@?api=1&map_action=pano&viewpoint=32.976670,-96.655955"}},{"type":"Feature","geometry":{"type":"Polygon","coordinates":[[[-96.65612261326181,32.97666011267391],[-96.65596544266876,32.97681081712522],[-96.65590580645878,32.9767673429128],[-96.65606315363218,32.97661677447936],[-96.65612261326181,32.97666011267391]]]},"properties":{"sponsor":"local","sponsor_label":"Other Dallas County PFC or HFC","owner":"GARLAND HOUSING FINANCE","name":"LAND","address":"1769 W CAMPBELL RD","city":"GARLAND (DALLAS CO)","value":10510,"land_value":10510,"improvement_value":0,"exempt":true,"exemption":"OTHER PUBLIC PROPERTY","tax_forgone":236,"units":0,"building":"LAND ONLY","year_built":"0","deed_date":"07/20/2023","accounts":1,"acres":0.04,"dcad_account":"26212220010120000","street_view":"https://www.google.com/maps/@?api=1&map_action=pano&viewpoint=32.976714,-96.656014"}},{"type":"Feature","geometry":{"type":"Polygon","coordinates":[[[-96.65579675130698,32.97641865545196],[-96.655639578929,32.9765693608474],[-96.65558022757486,32.976525614404196],[-96.65573757821873,32.976375042302664],[-96.65579675130698,32.97641865545196]]]},"properties":{"sponsor":"local","sponsor_label":"Other Dallas County PFC or HFC","owner":"GARLAND HOUSING FINANCE","name":"LAND","address":"1777 W CAMPBELL RD","city":"GARLAND (DALLAS CO)","value":10510,"land_value":10510,"improvement_value":0,"exempt":true,"exemption":"OTHER PUBLIC PROPERTY","tax_forgone":236,"units":0,"building":"LAND ONLY","year_built":"0","deed_date":"07/20/2023","accounts":1,"acres":0.04,"dcad_account":"26212220010160000","street_view":"https://www.google.com/maps/@?api=1&map_action=pano&viewpoint=32.976472,-96.655689"}},{"type":"Feature","geometry":{"type":"Polygon","coordinates":[[[-96.65627838536562,32.97635005920882],[-96.6563371501168,32.97638572666041],[-96.65622869547448,32.97653008418264],[-96.65616493418183,32.97649150706213],[-96.65627838536562,32.97635005920882]]]},"properties":{"sponsor":"local","sponsor_label":"Other Dallas County PFC or HFC","owner":"GARLAND HOUSING FINANCE","name":"LAND","address":"1787 W CAMPBELL RD","city":"GARLAND (DALLAS CO)","value":10510,"land_value":10510,"improvement_value":0,"exempt":true,"exemption":"OTHER PUBLIC PROPERTY","tax_forgone":236,"units":0,"building":"LAND ONLY","year_built":"0","deed_date":"07/20/2023","accounts":1,"acres":0.03,"dcad_account":"26212220010090000","street_view":"https://www.google.com/maps/@?api=1&map_action=pano&viewpoint=32.976439,-96.656252"}},{"type":"Feature","geometry":{"type":"Polygon","coordinates":[[[-96.65627838536562,32.97635005920882],[-96.65616493418183,32.97649150706213],[-96.65610223069426,32.97645233388436],[-96.65620849417562,32.97630763890146],[-96.65627838536562,32.97635005920882]]]},"properties":{"sponsor":"local","sponsor_label":"Other Dallas County PFC or HFC","owner":"GARLAND HOUSING FINANCE","name":"LAND","address":"1789 W CAMPBELL RD","city":"GARLAND (DALLAS CO)","value":10510,"land_value":10510,"improvement_value":0,"exempt":true,"exemption":"OTHER PUBLIC PROPERTY","tax_forgone":236,"units":0,"building":"LAND ONLY","year_built":"0","deed_date":"07/20/2023","accounts":1,"acres":0.04,"dcad_account":"26212220010080000","street_view":"https://www.google.com/maps/@?api=1&map_action=pano&viewpoint=32.976401,-96.656189"}},{"type":"Feature","geometry":{"type":"Polygon","coordinates":[[[-96.65567918546463,32.976331549261644],[-96.65573757821873,32.976375042302664],[-96.65558022757486,32.976525614404196],[-96.65552201309842,32.976482251762384],[-96.65567918546463,32.976331549261644]]]},"properties":{"sponsor":"local","sponsor_label":"Other Dallas County PFC or HFC","owner":"GARLAND HOUSING FINANCE","name":"LAND","address":"1779 W CAMPBELL RD","city":"GARLAND (DALLAS CO)","value":10510,"land_value":10510,"improvement_value":0,"exempt":true,"exemption":"OTHER PUBLIC PROPERTY","tax_forgone":236,"units":0,"building":"LAND ONLY","year_built":"0","deed_date":"07/20/2023","accounts":1,"acres":0.04,"dcad_account":"26212220010170000","street_view":"https://www.google.com/maps/@?api=1&map_action=pano&viewpoint=32.976429,-96.655630"}},{"type":"Feature","geometry":{"type":"Polygon","coordinates":[[[-96.95990237364734,32.67652149871523],[-96.95958371166422,32.676670572671476],[-96.95902177572154,32.67650889955019],[-96.95990237364734,32.67652149871523]]]},"properties":{"sponsor":"dallas_pfc","sponsor_label":"Dallas Public Facility Corp","owner":"DALLAS PUBLIC FACILITY CORPORATION","name":"VACANT","address":"4868 S MERRIFIELD RD","city":"DALLAS","value":7490,"land_value":7490,"improvement_value":0,"exempt":true,"exemption":"OTHER PUBLIC PROPERTY","tax_forgone":168,"units":0,"building":"LAND ONLY","year_built":"0","deed_date":"10/04/2022","accounts":1,"acres":0.17,"dcad_account":"00611302110160200","street_view":"https://www.google.com/maps/@?api=1&map_action=pano&viewpoint=32.676593,-96.959524"}},{"type":"Feature","geometry":{"type":"Polygon","coordinates":[[[-96.64822257499887,32.73201522276895],[-96.64633000761557,32.7320140138347],[-96.64633038144609,32.73199213601308],[-96.64822257499887,32.73201522276895]]]},"properties":{"sponsor":"outside","sponsor_label":"HFC from outside Dallas County","owner":"CAMERON COUNTY HOUSING FINANCE","name":"VACANT LAND","address":"1180 N MASTERS DR","city":"DALLAS","value":5790,"land_value":5790,"improvement_value":0,"exempt":false,"exemption":"","tax_forgone":0,"units":0,"building":"LAND ONLY","year_built":"0","deed_date":"12/01/2022","accounts":1,"acres":0.05,"dcad_account":"00000624316000200","street_view":"https://www.google.com/maps/@?api=1&map_action=pano&viewpoint=32.732009,-96.646714"}}]}