{"type":"FeatureCollection","features":[{"type":"Feature","geometry":{"type":"Polygon","coordinates":[[[-96.7951325778925,32.79281523813753,0.0],[-96.79575980203623,32.79230555393905,0.0],[-96.79578236421212,32.792325362428684,0.0],[-96.79586210002,32.792260567549555,0.0],[-96.79583953781639,32.79224076044846,0.0],[-96.79599900908022,32.792111170564496,0.0],[-96.79639362603619,32.79245398799763,0.0],[-96.79659552832294,32.79228933523282,0.0],[-96.79679317843882,32.79250315462488,0.0],[-96.79697960198575,32.792684344933974,0.0],[-96.79690286201,32.79274866334306,0.0],[-96.79494352998145,32.793636923337644,0.0],[-96.79480199988572,32.79368819942555,0.0],[-96.79472780955591,32.793705838927096,0.0],[-96.79457539336543,32.79372445154153,0.0],[-96.79444638611272,32.79372262665299,0.0],[-96.7942674431441,32.79369595505592,0.0],[-96.79410973275887,32.793653862722344,0.0],[-96.79419013181415,32.793588301367706,0.0],[-96.79395374130783,32.79338460048713,0.0],[-96.79379870324128,32.79351102669001,0.0],[-96.79372156318419,32.793459785606174,0.0],[-96.7936490061932,32.793403972620226,0.0],[-96.79358141123211,32.793343879249264,0.0],[-96.79469311651971,32.79243468214473,0.0],[-96.7951325778925,32.79281523813753,0.0]]]},"properties":{"group":"lot","address":"2702 WOODALL RODGERS FWY","owner":"CROW BILLINGSLEY 17","public":false,"acres":6.47,"stalls":484,"land_value":28530120,"improvement_value":264450,"deed_date":"10/19/1990","street_view":"https://www.google.com/maps/@?api=1&map_action=pano&viewpoint=32.793020,-96.795132"}},{"type":"Feature","geometry":{"type":"Polygon","coordinates":[[[-96.79414166306717,32.79196502570712,0.0],[-96.79386948909551,32.79218992046385,0.0],[-96.793506323994,32.79187863930486,0.0],[-96.7937435917868,32.791682566274474,0.0],[-96.79381274751421,32.791683099942745,0.0],[-96.79414166306717,32.79196502570712,0.0]]]},"properties":{"group":"lot","address":"1704 ARTS PLAZA","owner":"DALLAS BLACK DANCE THEATRE","public":false,"acres":0.42,"stalls":44,"land_value":2200560,"improvement_value":0,"deed_date":"11/06/2006","street_view":"https://www.google.com/maps/@?api=1&map_action=pano&viewpoint=32.791922,-96.793824"}},{"type":"Feature","geometry":{"type":"Polygon","coordinates":[[[-96.79427477948772,32.790294145135675,0.0],[-96.79465426365763,32.79061978375808,0.0],[-96.79447849179232,32.79076589310509,0.0],[-96.79408646301628,32.79044285158534,0.0],[-96.79427477948772,32.790294145135675,0.0]]]},"properties":{"group":"city","address":"2600 ROSS AVE","owner":"DALLAS CITY OF","public":true,"acres":0.3,"stalls":35,"land_value":1574880,"improvement_value":0,"deed_date":"10/05/1988","street_view":"https://www.google.com/maps/@?api=1&map_action=pano&viewpoint=32.790531,-96.794372"}},{"type":"Feature","geometry":{"type":"Polygon","coordinates":[[[-96.79750018066242,32.78853202342219,0.0],[-96.79774484200759,32.788731520343134,0.0],[-96.79774019265959,32.788744844782016,0.0],[-96.79784056607157,32.78882451280807,0.0],[-96.79784772230356,32.788817930462976,0.0],[-96.79794392415162,32.788892812867104,0.0],[-96.7979242147444,32.78891076959541,0.0],[-96.79791018697591,32.78890909309271,0.0],[-96.79784571416828,32.78896841577579,0.0],[-96.79784612238333,32.78899294326546,0.0],[-96.79776058169855,32.78907146860754,0.0],[-96.79730472274349,32.788697536919734,0.0],[-96.79750018066242,32.78853202342219,0.0]]]},"properties":{"group":"garage","address":"2219 ROSS AVE","owner":"CSG RC","public":false,"acres":0.37,"stalls":null,"land_value":1956000,"improvement_value":105000,"deed_date":"04/15/2020","street_view":"https://www.google.com/maps/@?api=1&map_action=pano&viewpoint=32.788779,-96.797593"}},{"type":"Feature","geometry":{"type":"Polygon","coordinates":[[[-96.79652376968457,32.78841327974568,0.0],[-96.79690934988581,32.78875197075358,0.0],[-96.79627433281458,32.78926609520124,0.0],[-96.79547055347662,32.78860453557548,0.0],[-96.79563923989566,32.78846727607452,0.0],[-96.79562610525302,32.78845807903738,0.0],[-96.79597147233409,32.78817393715213,0.0],[-96.79638128306327,32.78852687226963,0.0],[-96.79652376968457,32.78841327974568,0.0]]]},"properties":{"group":"lot","address":"2318 ROSS AVE","owner":"HALL ARTS TOWER LLC","public":false,"acres":1.96,"stalls":263,"land_value":10729620,"improvement_value":0,"deed_date":"07/11/2013","street_view":"https://www.google.com/maps/@?api=1&map_action=pano&viewpoint=32.788678,-96.796192"}},{"type":"Feature","geometry":{"type":"Polygon","coordinates":[[[-96.79479368789707,32.78804428302394,0.0],[-96.7943803371435,32.787694785341465,0.0],[-96.79475668238595,32.78739573172588,0.0],[-96.79481721449378,32.7874466777252,0.0],[-96.79482052777162,32.78744023529472,0.0],[-96.79517788995253,32.78773607142733,0.0],[-96.79479368789707,32.78804428302394,0.0]]]},"properties":{"group":"garage","address":"717 LEONARD ST","owner":"DIGITAL 717 LEONARD LP","public":false,"acres":0.67,"stalls":null,"land_value":3511200,"improvement_value":833240,"deed_date":"05/13/2008","street_view":"https://www.google.com/maps/@?api=1&map_action=pano&viewpoint=32.787715,-96.794779"}},{"type":"Feature","geometry":{"type":"Polygon","coordinates":[[[-96.7927094629979,32.78777827232848,0.0],[-96.7927153521415,32.78770697843435,0.0],[-96.79287862052104,32.78763739281395,0.0],[-96.7927094629979,32.78777827232848,0.0]]]},"properties":{"group":"lot","address":"403 REUNION BLVD","owner":"DALLAS AREA RAPID TRANSIT","public":true,"acres":0.01,"stalls":1,"land_value":2189778,"improvement_value":0,"deed_date":"","street_view":"https://www.google.com/maps/@?api=1&map_action=pano&viewpoint=32.787672,-96.792817"}},{"type":"Feature","geometry":{"type":"Polygon","coordinates":[[[-96.79685903530637,32.78717713464518,0.0],[-96.79681269677661,32.78717740171366,0.0],[-96.79647676321355,32.78690136866814,0.0],[-96.79685434674082,32.78658252407385,0.0],[-96.79718448157351,32.78686342782234,0.0],[-96.79718440290908,32.786902377268405,0.0],[-96.79685903530637,32.78717713464518,0.0]]]},"properties":{"group":"garage","address":"720 OLIVE ST","owner":"FPG CT OWNER LP","public":false,"acres":0.57,"stalls":null,"land_value":3120000,"improvement_value":7380000,"deed_date":"08/02/2016","street_view":"https://www.google.com/maps/@?api=1&map_action=pano&viewpoint=32.786878,-96.796847"}},{"type":"Feature","geometry":{"type":"Polygon","coordinates":[[[-96.80182195007019,32.78643046832984,0.0],[-96.8018652749877,32.786393867497786,0.0],[-96.80223335900058,32.78683162350785,0.0],[-96.80222901699004,32.78687332016981,0.0],[-96.80198667508027,32.78707490253378,0.0],[-96.80149430812355,32.78665903832911,0.0],[-96.80179341680417,32.78640636777668,0.0],[-96.80182195007019,32.78643046832984,0.0]]]},"properties":{"group":"garage","address":"1818 N AKARD ST","owner":"HUNT DALLAS OFFICE LP","public":false,"acres":0.65,"stalls":null,"land_value":3380400,"improvement_value":1369600,"deed_date":"06/16/1998","street_view":"https://www.google.com/maps/@?api=1&map_action=pano&viewpoint=32.786746,-96.801878"}},{"type":"Feature","geometry":{"type":"Polygon","coordinates":[[[-96.79639492523239,32.786834122266036,0.0],[-96.79616164635736,32.78664243884779,0.0],[-96.79654484578356,32.78631917736268,0.0],[-96.79677410532373,32.78651424963163,0.0],[-96.79639492523239,32.786834122266036,0.0]]]},"properties":{"group":"lot","address":"723 N PEARL ST","owner":"ERIUS ACQUISITION PROPCO 3 LLC","public":false,"acres":0.38,"stalls":46,"land_value":1986600,"improvement_value":0,"deed_date":"06/20/2023","street_view":"https://www.google.com/maps/@?api=1&map_action=pano&viewpoint=32.786570,-96.796478"}},{"type":"Feature","geometry":{"type":"Polygon","coordinates":[[[-96.79616164635736,32.78664243884779,0.0],[-96.79589337803445,32.78642200245659,0.0],[-96.79628119725825,32.78609484364069,0.0],[-96.79654484578356,32.78631917736268,0.0],[-96.79616164635736,32.78664243884779,0.0]]]},"properties":{"group":"lot","address":"711 PEARL ST","owner":"ERIUS PROPCO 3 LLC","public":false,"acres":0.44,"stalls":59,"land_value":2306640,"improvement_value":0,"deed_date":"07/26/2023","street_view":"https://www.google.com/maps/@?api=1&map_action=pano&viewpoint=32.786371,-96.796219"}},{"type":"Feature","geometry":{"type":"Polygon","coordinates":[[[-96.80244482583142,32.786669920887796,0.0],[-96.80241835944548,32.78664749540126,0.0],[-96.80231761905961,32.78652611411338,0.0],[-96.8027345818319,32.786185076564166,0.0],[-96.8028744996921,32.7863052107721,0.0],[-96.80257900976403,32.786545317696856,0.0],[-96.80250948442709,32.78660574953025,0.0],[-96.80244482583142,32.786669920887796,0.0]]]},"properties":{"group":"lot","address":"1717 N AKARD ST","owner":"FAIR STAR OWNER LP","public":false,"acres":0.26,"stalls":33,"land_value":1352280,"improvement_value":0,"deed_date":"04/17/2025","street_view":"https://www.google.com/maps/@?api=1&map_action=pano&viewpoint=32.786416,-96.802596"}},{"type":"Feature","geometry":{"type":"Polygon","coordinates":[[[-96.79573008358477,32.78628782330079,0.0],[-96.79612071633782,32.78595829258506,0.0],[-96.79628119725825,32.78609484364069,0.0],[-96.79589337803445,32.78642200245659,0.0],[-96.79573008358477,32.78628782330079,0.0]]]},"properties":{"group":"lot","address":"701 PEARL ST","owner":"ERIUS ACQUISITION PROPCO 3 LLC","public":false,"acres":0.27,"stalls":36,"land_value":1425250,"improvement_value":0,"deed_date":"06/20/2023","street_view":"https://www.google.com/maps/@?api=1&map_action=pano&viewpoint=32.786152,-96.796052"}},{"type":"Feature","geometry":{"type":"Polygon","coordinates":[[[-96.80402447062446,32.78676335435734,0.0],[-96.80336006947502,32.786162525126215,0.0],[-96.80396162754823,32.78567866023434,0.0],[-96.80444266529935,32.786194798389815,0.0],[-96.80446137565565,32.78622858071105,0.0],[-96.80447289377841,32.78626458587707,0.0],[-96.80447687312775,32.7863017306465,0.0],[-96.80447319397244,32.786338897490644,0.0],[-96.80446196699334,32.78637496821532,0.0],[-96.80444352995461,32.78640885760269,0.0],[-96.80441843754271,32.7864395460611,0.0],[-96.80402447062446,32.78676335435734,0.0]]]},"properties":{"group":"lot","address":"2012 N FIELD ST","owner":"2012 FIELD STREET LP","public":false,"acres":1.64,"stalls":186,"land_value":9859460,"improvement_value":0,"deed_date":"11/04/2013","street_view":"https://www.google.com/maps/@?api=1&map_action=pano&viewpoint=32.786205,-96.803925"}},{"type":"Feature","geometry":{"type":"Polygon","coordinates":[[[-96.7966828620035,32.78620040464007,0.0],[-96.79631024249686,32.785883965480906,0.0],[-96.79631825811174,32.78582897383871,0.0],[-96.7964132372808,32.785777136002636,0.0],[-96.79653874192142,32.785721361776,0.0],[-96.79660953859646,32.785681236147774,0.0],[-96.7966756387582,32.78563575189046,0.0],[-96.79700037745394,32.78591356928717,0.0],[-96.7966828620035,32.78620040464007,0.0]]]},"properties":{"group":"lot","address":"2009 FEDERAL ST","owner":"BRYAN TOWER PARKING LLC","public":false,"acres":0.52,"stalls":53,"land_value":2582400,"improvement_value":0,"deed_date":"12/03/2021","street_view":"https://www.google.com/maps/@?api=1&map_action=pano&viewpoint=32.786055,-96.796675"}},{"type":"Feature","geometry":{"type":"Polygon","coordinates":[[[-96.79733530503373,32.786754457071446,0.0],[-96.7966828620035,32.78620040464007,0.0],[-96.79700037745394,32.78591356928717,0.0],[-96.7966756387582,32.78563575189046,0.0],[-96.7967284175423,32.78559189691345,0.0],[-96.79682098821198,32.78549440357244,0.0],[-96.79717599364707,32.78579638858185,0.0],[-96.79745745393743,32.785534597456525,0.0],[-96.79809922896071,32.78607810828626,0.0],[-96.79809938525621,32.78611577299553,0.0],[-96.797365903861,32.78675413376102,0.0],[-96.79733530503373,32.786754457071446,0.0]]]},"properties":{"group":"lot","address":"704 N HARWOOD ST","owner":"POLLOCK REALTY CORP","public":false,"acres":2.49,"stalls":184,"land_value":12647160,"improvement_value":2950000,"deed_date":"","street_view":"https://www.google.com/maps/@?api=1&map_action=pano&viewpoint=32.786158,-96.797390"}},{"type":"Feature","geometry":{"type":"Polygon","coordinates":[[[-96.80534478203158,32.78565417732208,0.0],[-96.80475487319187,32.7851252517845,0.0],[-96.80423580211796,32.784633914086484,0.0],[-96.80456189736259,32.78435011557906,0.0],[-96.80466966500941,32.78432762925257,0.0],[-96.804720227276,32.78430747136408,0.0],[-96.80476745292955,32.784282189800635,0.0],[-96.80481061797221,32.78425217214566,0.0],[-96.805249938445,32.78386688077477,0.0],[-96.80630235776871,32.78488228227085,0.0],[-96.80573794983667,32.78535814773762,0.0],[-96.80553442018342,32.7854917294751,0.0],[-96.80534478203158,32.78565417732208,0.0]]]},"properties":{"group":"lot","address":"1100 MCKINNEY AVE","owner":"DKW LAND LLC","public":false,"acres":4.72,"stalls":616,"land_value":26670540,"improvement_value":0,"deed_date":"01/06/2023","street_view":"https://www.google.com/maps/@?api=1&map_action=pano&viewpoint=32.784758,-96.805270"}},{"type":"Feature","geometry":{"type":"Polygon","coordinates":[[[-96.79703327060251,32.785674986080274,0.0],[-96.79731664249843,32.78541533825041,0.0],[-96.79745745393743,32.785534597456525,0.0],[-96.79717599364707,32.78579638858185,0.0],[-96.79703327060251,32.785674986080274,0.0]]]},"properties":{"group":"lot","address":"606 N HARWOOD ST","owner":"FROST NATL BANK TRUSTEE","public":false,"acres":0.18,"stalls":24,"land_value":925320,"improvement_value":0,"deed_date":"03/08/2007","street_view":"https://www.google.com/maps/@?api=1&map_action=pano&viewpoint=32.785605,-96.797246"}},{"type":"Feature","geometry":{"type":"Polygon","coordinates":[[[-96.79703327060251,32.785674986080274,0.0],[-96.79682509502778,32.78549789756054,0.0],[-96.79710803555703,32.7852386841487,0.0],[-96.79731664249843,32.78541533825041,0.0],[-96.79703327060251,32.785674986080274,0.0]]]},"properties":{"group":"lot","address":"604 N HARWOOD ST","owner":"BT PARKS L P","public":false,"acres":0.27,"stalls":36,"land_value":1352760,"improvement_value":0,"deed_date":"10/14/1998","street_view":"https://www.google.com/maps/@?api=1&map_action=pano&viewpoint=32.785457,-96.797071"}},{"type":"Feature","geometry":{"type":"Polygon","coordinates":[[[-96.7980414591768,32.78508258040085,0.0],[-96.79764995626837,32.78541080204006,0.0],[-96.7974079127854,32.785197564887255,0.0],[-96.7977255245101,32.78493771690683,0.0],[-96.79773221268596,32.78494355681344,0.0],[-96.79780778546905,32.78488049068269,0.0],[-96.7980414591768,32.78508258040085,0.0]]]},"properties":{"group":"garage","address":"609 N HARWOOD ST","owner":"MAHER PROPERTIES TWO","public":false,"acres":0.41,"stalls":null,"land_value":2131560,"improvement_value":1318440,"deed_date":"","street_view":"https://www.google.com/maps/@?api=1&map_action=pano&viewpoint=32.785126,-96.797743"}},{"type":"Feature","geometry":{"type":"Polygon","coordinates":[[[-96.80016760473842,32.78598439336563,0.0],[-96.79975661603953,32.78562653371778,0.0],[-96.80004592906165,32.785435165982285,0.0],[-96.80039213324577,32.7851637243554,0.0],[-96.80076484739585,32.785486008003645,0.0],[-96.80016760473842,32.78598439336563,0.0]]]},"properties":{"group":"garage","address":"1806 ROSS AVE","owner":"ROSS TOWER SCHPI LP","public":false,"acres":1.01,"stalls":null,"land_value":5378550,"improvement_value":471450,"deed_date":"12/18/2015","street_view":"https://www.google.com/maps/@?api=1&map_action=pano&viewpoint=32.785566,-96.800259"}},{"type":"Feature","geometry":{"type":"Polygon","coordinates":[[[-96.79780551210271,32.784534156300886,0.0],[-96.7980104647416,32.78471136540651,0.0],[-96.79773221268596,32.78494355681344,0.0],[-96.7975313773405,32.7847681932793,0.0],[-96.79780551210271,32.784534156300886,0.0]]]},"properties":{"group":"lot","address":"1805 FEDERAL ST","owner":"DALLAS PLAZA GARAGE LLC","public":false,"acres":0.25,"stalls":30,"land_value":1483520,"improvement_value":0,"deed_date":"02/04/2025","street_view":"https://www.google.com/maps/@?api=1&map_action=pano&viewpoint=32.784740,-96.797771"}},{"type":"Feature","geometry":{"type":"Polygon","coordinates":[[[-96.79772801892094,32.78444957808137,0.0],[-96.79742526234341,32.784703402744164,0.0],[-96.79708346240639,32.78440784652424,0.0],[-96.79738457959137,32.78415262019711,0.0],[-96.79772801892094,32.78444957808137,0.0]]]},"properties":{"group":"garage","address":"1917 BRYAN ST","owner":"DALLAS PLAZA GARAGE LLC","public":false,"acres":0.45,"stalls":null,"land_value":2545870,"improvement_value":1949800,"deed_date":"02/04/2025","street_view":"https://www.google.com/maps/@?api=1&map_action=pano&viewpoint=32.784429,-96.797406"}},{"type":"Feature","geometry":{"type":"Polygon","coordinates":[[[-96.80353320949449,32.784775628794016,0.0],[-96.80326945444574,32.78452224244702,0.0],[-96.8027701992006,32.78412341320067,0.0],[-96.80318559984406,32.78377522591307,0.0],[-96.80323994905793,32.78372346810753,0.0],[-96.80344871755048,32.783924029747354,0.0],[-96.80338971493863,32.78397133935522,0.0],[-96.80386636504167,32.784429249126816,0.0],[-96.80385521702118,32.784578813923304,0.0],[-96.80370323129377,32.784563556174845,0.0],[-96.80357500924451,32.78466637010109,0.0],[-96.8036179842674,32.78470765388843,0.0],[-96.80353320949449,32.784775628794016,0.0]]]},"properties":{"group":"lot","address":"704 N GRIFFIN ST","owner":"TANGO NORTH RF LLC","public":false,"acres":1.31,"stalls":146,"land_value":6412840,"improvement_value":0,"deed_date":"03/29/2023","street_view":"https://www.google.com/maps/@?api=1&map_action=pano&viewpoint=32.784277,-96.803334"}},{"type":"Feature","geometry":{"type":"Polygon","coordinates":[[[-96.80579808841888,32.78424421804964,0.0],[-96.80625744071652,32.78384415994462,0.0],[-96.80685768289902,32.78440036497914,0.0],[-96.80639507148068,32.78478872476032,0.0],[-96.80579808841888,32.78424421804964,0.0]]]},"properties":{"group":"lot","address":"1012 MCKINNEY AVE","owner":"DKW LAND LLC","public":false,"acres":1.26,"stalls":162,"land_value":7112950,"improvement_value":0,"deed_date":"01/06/2023","street_view":"https://www.google.com/maps/@?api=1&map_action=pano&viewpoint=32.784322,-96.806329"}},{"type":"Feature","geometry":{"type":"Polygon","coordinates":[[[-96.79530221999624,32.78377349979551,0.0],[-96.79567957628235,32.78406633741695,0.0],[-96.79501905430422,32.784623651384784,0.0],[-96.7946457458153,32.78431492253631,0.0],[-96.79530221999624,32.78377349979551,0.0]]]},"properties":{"group":"garage","address":"2007 LIVE OAK ST","owner":"CHARTRES 400 LLC","public":false,"acres":1.04,"stalls":null,"land_value":5214840,"improvement_value":785160,"deed_date":"10/12/2017","street_view":"https://www.google.com/maps/@?api=1&map_action=pano&viewpoint=32.784187,-96.795169"}},{"type":"Feature","geometry":{"type":"Polygon","coordinates":[[[-96.80439608645207,32.78441229487329,0.0],[-96.80430770521103,32.78448817836374,0.0],[-96.80420009169643,32.784391725707245,0.0],[-96.80420746778736,32.784243237950655,0.0],[-96.80439608645207,32.78441229487329,0.0]]]},"properties":{"group":"city","address":"1210 CORBIN ST","owner":"DALLAS CITY OF","public":true,"acres":0.06,"stalls":7,"land_value":832720,"improvement_value":0,"deed_date":"","street_view":"https://www.google.com/maps/@?api=1&map_action=pano&viewpoint=32.784318,-96.804248"}},{"type":"Feature","geometry":{"type":"Polygon","coordinates":[[[-96.80439608645207,32.78441229487329,0.0],[-96.80420746778736,32.784243237950655,0.0],[-96.80421118864035,32.784169448119,0.0],[-96.80442411252241,32.783984533664345,0.0],[-96.80465625314109,32.78418882215217,0.0],[-96.80439608645207,32.78441229487329,0.0]]]},"properties":{"group":"city","address":"1206 CORBIN ST","owner":"DALLAS CITY OF","public":true,"acres":0.26,"stalls":34,"land_value":1191290,"improvement_value":0,"deed_date":"","street_view":"https://www.google.com/maps/@?api=1&map_action=pano&viewpoint=32.784216,-96.804415"}},{"type":"Feature","geometry":{"type":"Polygon","coordinates":[[[-96.80262506121032,32.78405442174896,0.0],[-96.80217218955984,32.783647119503456,0.0],[-96.80235886845992,32.7834860834454,0.0],[-96.80279435469167,32.78387774732865,0.0],[-96.80262506121032,32.78405442174896,0.0]]]},"properties":{"group":"lot","address":"611 N FIELD ST","owner":"TANGO RF LLC","public":false,"acres":0.37,"stalls":45,"land_value":1782450,"improvement_value":0,"deed_date":"03/19/2020","street_view":"https://www.google.com/maps/@?api=1&map_action=pano&viewpoint=32.783780,-96.802503"}},{"type":"Feature","geometry":{"type":"Polygon","coordinates":[[[-96.80477538676797,32.78403490823116,0.0],[-96.80465849816613,32.7841305101887,0.0],[-96.80444877521741,32.783937919597285,0.0],[-96.80456675009778,32.78384592983094,0.0],[-96.80477538676797,32.78403490823116,0.0]]]},"properties":{"group":"lot","address":"1110 CORBIN ST","owner":"BRAMBLING PARTNERS LP","public":false,"acres":0.11,"stalls":15,"land_value":540960,"improvement_value":0,"deed_date":"12/16/2021","street_view":"https://www.google.com/maps/@?api=1&map_action=pano&viewpoint=32.783986,-96.804612"}},{"type":"Feature","geometry":{"type":"Polygon","coordinates":[[[-96.80594268059706,32.78397731590349,0.0],[-96.80571804429985,32.784170139167834,0.0],[-96.80555616856624,32.78402187441395,0.0],[-96.80566988200987,32.7839228887924,0.0],[-96.80576381457868,32.783813484161854,0.0],[-96.80594268059706,32.78397731590349,0.0]]]},"properties":{"group":"lot","address":"1911 N GRIFFIN ST","owner":"DARYL RICHARDSON GOURMET CATERING INC","public":false,"acres":0.17,"stalls":22,"land_value":903900,"improvement_value":0,"deed_date":"03/26/2014","street_view":"https://www.google.com/maps/@?api=1&map_action=pano&viewpoint=32.783998,-96.805751"}},{"type":"Feature","geometry":{"type":"Polygon","coordinates":[[[-96.80594268059706,32.78397731590349,0.0],[-96.80576381457868,32.783813484161854,0.0],[-96.80581024917056,32.78374247927793,0.0],[-96.80584519013797,32.783675911077,0.0],[-96.80587350736339,32.78360713382161,0.0],[-96.80589500761312,32.78353661687813,0.0],[-96.80616377995271,32.783787477687355,0.0],[-96.80594268059706,32.78397731590349,0.0]]]},"properties":{"group":"lot","address":"1000 MUNGER AVE","owner":"DARYL RICHARDSON GOURMET CATERING INC","public":false,"acres":0.22,"stalls":30,"land_value":1085830,"improvement_value":0,"deed_date":"03/26/2014","street_view":"https://www.google.com/maps/@?api=1&map_action=pano&viewpoint=32.783765,-96.805970"}},{"type":"Feature","geometry":{"type":"Polygon","coordinates":[[[-96.80576399171483,32.783813240531664,0.0],[-96.80566988200987,32.7839228887924,0.0],[-96.80555616856624,32.78402187441395,0.0],[-96.80547904425968,32.78395588036885,0.0],[-96.80588129861317,32.783523821414285,0.0],[-96.80589500761312,32.78353661687813,0.0],[-96.80587350736339,32.78360713382161,0.0],[-96.80584519013797,32.783675911077,0.0],[-96.80581024917056,32.78374247927793,0.0],[-96.80576399171483,32.783813240531664,0.0]]]},"properties":{"group":"lot","address":"1909 N GRIFFIN ST","owner":"DARYL RICHARDSON GOURMET CATERING INC","public":false,"acres":0.14,"stalls":15,"land_value":601110,"improvement_value":0,"deed_date":"03/26/2014","street_view":"https://www.google.com/maps/@?api=1&map_action=pano&viewpoint=32.783773,-96.805720"}},{"type":"Feature","geometry":{"type":"Polygon","coordinates":[[[-96.80158511429708,32.78388682605079,0.0],[-96.80146996169127,32.78398430852746,0.0],[-96.80120522432333,32.783760899598725,0.0],[-96.80085784530856,32.78341981590011,0.0],[-96.80098228906569,32.783331263523564,0.0],[-96.801241577709,32.78359133876536,0.0],[-96.80124702902371,32.78358742017811,0.0],[-96.80132230687624,32.78366179839717,0.0],[-96.80158511429708,32.78388682605079,0.0]]]},"properties":{"group":"lot","address":"1414 SAN JACINTO ST","owner":"TANGO RF LLC","public":false,"acres":0.32,"stalls":37,"land_value":1555880,"improvement_value":0,"deed_date":"03/19/2020","street_view":"https://www.google.com/maps/@?api=1&map_action=pano&viewpoint=32.783625,-96.801176"}},{"type":"Feature","geometry":{"type":"Polygon","coordinates":[[[-96.80477538676797,32.78403490823116,0.0],[-96.80459139867534,32.78386826548208,0.0],[-96.80474200509911,32.783742818655256,0.0],[-96.80492734107794,32.7839106259266,0.0],[-96.80477538676797,32.78403490823116,0.0]]]},"properties":{"group":"lot","address":"1108 CORBIN ST","owner":"BRAMBLING PARTNERS LP","public":false,"acres":0.12,"stalls":17,"land_value":621120,"improvement_value":0,"deed_date":"12/16/2021","street_view":"https://www.google.com/maps/@?api=1&map_action=pano&viewpoint=32.783889,-96.804759"}},{"type":"Feature","geometry":{"type":"Polygon","coordinates":[[[-96.80444877521741,32.783937919597285,0.0],[-96.80438599093434,32.78388026319161,0.0],[-96.80484003891664,32.78350683021612,0.0],[-96.80492836184193,32.78358759148571,0.0],[-96.80459139867534,32.78386826548208,0.0],[-96.80456675009778,32.78384592983094,0.0],[-96.80444877521741,32.783937919597285,0.0]]]},"properties":{"group":"lot","address":"1810 N GRIFFIN ST","owner":"JNW HOLDINGS LP","public":false,"acres":0.17,"stalls":23,"land_value":851580,"improvement_value":0,"deed_date":"07/16/2019","street_view":"https://www.google.com/maps/@?api=1&map_action=pano&viewpoint=32.783662,-96.804745"}},{"type":"Feature","geometry":{"type":"Polygon","coordinates":[[[-96.8010343848375,32.783814111048486,0.0],[-96.80060368263405,32.78390647982395,0.0],[-96.80053439814345,32.783675520556535,0.0],[-96.80085784530856,32.78341981590011,0.0],[-96.80120522432333,32.783760899598725,0.0],[-96.80108848028873,32.78385972903393,0.0],[-96.8010343848375,32.783814111048486,0.0]]]},"properties":{"group":"garage","address":"505 N AKARD ST","owner":"3PZ PROPERTY COMPANY LLC","public":false,"acres":0.47,"stalls":null,"land_value":2413510,"improvement_value":1736490,"deed_date":"06/24/2022","street_view":"https://www.google.com/maps/@?api=1&map_action=pano&viewpoint=32.783620,-96.800838"}},{"type":"Feature","geometry":{"type":"Polygon","coordinates":[[[-96.8030773613644,32.78363583254167,0.0],[-96.80279435469167,32.78387774732865,0.0],[-96.80235886845992,32.7834860834454,0.0],[-96.80264223535784,32.78324166738835,0.0],[-96.8030773613644,32.78363583254167,0.0]]]},"properties":{"group":"lot","address":"1300 ROSS AVE","owner":"TANGO RF LLC","public":false,"acres":0.56,"stalls":75,"land_value":2703490,"improvement_value":0,"deed_date":"03/19/2020","street_view":"https://www.google.com/maps/@?api=1&map_action=pano&viewpoint=32.783561,-96.802718"}},{"type":"Feature","geometry":{"type":"Polygon","coordinates":[[[-96.80511436080137,32.783757663145714,0.0],[-96.80492734107794,32.7839106259266,0.0],[-96.80474200509911,32.783742818655256,0.0],[-96.80492836184193,32.78358759148571,0.0],[-96.80511436080137,32.783757663145714,0.0]]]},"properties":{"group":"lot","address":"1900 N GRIFFIN ST","owner":"BRAMBLING PARTNERS LP","public":false,"acres":0.15,"stalls":21,"land_value":771420,"improvement_value":0,"deed_date":"12/16/2021","street_view":"https://www.google.com/maps/@?api=1&map_action=pano&viewpoint=32.783750,-96.804928"}},{"type":"Feature","geometry":{"type":"Polygon","coordinates":[[[-96.80484003891664,32.78350683021612,0.0],[-96.80438599093434,32.78388026319161,0.0],[-96.80421519231768,32.78372341740647,0.0],[-96.80466885337995,32.78335030279427,0.0],[-96.80484003891664,32.78350683021612,0.0]]]},"properties":{"group":"lot","address":"1802 N GRIFFIN ST","owner":"CHAVEZ LAND INCOME PPTIES","public":false,"acres":0.35,"stalls":47,"land_value":1726730,"improvement_value":0,"deed_date":"08/29/2007","street_view":"https://www.google.com/maps/@?api=1&map_action=pano&viewpoint=32.783654,-96.804480"}},{"type":"Feature","geometry":{"type":"Polygon","coordinates":[[[-96.80158511429708,32.78388682605079,0.0],[-96.80132230687624,32.78366179839717,0.0],[-96.80124702902371,32.78358742017811,0.0],[-96.801241577709,32.78359133876536,0.0],[-96.80098228906569,32.783331263523564,0.0],[-96.80165130769599,32.78285531416701,0.0],[-96.80186628108352,32.78364880355197,0.0],[-96.80158511429708,32.78388682605079,0.0]]]},"properties":{"group":"lot","address":"1407 PATTERSON AVE","owner":"TANGO RF LLC","public":false,"acres":1.21,"stalls":163,"land_value":5944280,"improvement_value":0,"deed_date":"03/19/2020","street_view":"https://www.google.com/maps/@?api=1&map_action=pano&viewpoint=32.783464,-96.801464"}},{"type":"Feature","geometry":{"type":"Polygon","coordinates":[[[-96.8061855170342,32.78363399518229,0.0],[-96.80616370737258,32.78355452564204,0.0],[-96.806133870173,32.783476939782155,0.0],[-96.80609622753211,32.78340181506816,0.0],[-96.80605105963978,32.783329710645994,0.0],[-96.80599870269332,32.783261163180505,0.0],[-96.80593954639458,32.78319668286134,0.0],[-96.8060338969203,32.783119511882994,0.0],[-96.80609111959056,32.7831696843484,0.0],[-96.8061428772507,32.7832239270035,0.0],[-96.80618876598369,32.783281816549156,0.0],[-96.80622842767032,32.78334290122574,0.0],[-96.80623284616617,32.78333928724983,0.0],[-96.80634955887545,32.78362599324428,0.0],[-96.80625721983293,32.78370151766412,0.0],[-96.8061855170342,32.78363399518229,0.0]]]},"properties":{"group":"lot","address":"911 CORBIN ST","owner":"CP DALLAS MUGER & LAMAR LP","public":false,"acres":0.22,"stalls":29,"land_value":1082730,"improvement_value":0,"deed_date":"08/26/2014","street_view":"https://www.google.com/maps/@?api=1&map_action=pano&viewpoint=32.783440,-96.806195"}},{"type":"Feature","geometry":{"type":"Polygon","coordinates":[[[-96.7929586529123,32.7834590532579,0.0],[-96.7928026319954,32.78291891339536,0.0],[-96.79295488496845,32.78288731474578,0.0],[-96.7930183720956,32.7830941099993,0.0],[-96.7929348468648,32.78311158579877,0.0],[-96.79303848061377,32.78343933702907,0.0],[-96.7929586529123,32.7834590532579,0.0]]]},"properties":{"group":"lot","address":"2111 ELM ST","owner":"ROLLINS DAVID CORDELL &","public":false,"acres":0.16,"stalls":21,"land_value":597980,"improvement_value":0,"deed_date":"11/19/2024","street_view":"https://www.google.com/maps/@?api=1&map_action=pano&viewpoint=32.783247,-96.792938"}},{"type":"Feature","geometry":{"type":"Polygon","coordinates":[[[-96.80368764381376,32.783114161684395,0.0],[-96.8030773613644,32.78363583254167,0.0],[-96.80264223535784,32.78324166738835,0.0],[-96.80326498489889,32.78270452643186,0.0],[-96.80368764381376,32.783114161684395,0.0]]]},"properties":{"group":"garage","address":"1200 ROSS AVE","owner":"TANGO RF LLC","public":false,"acres":1.22,"stalls":null,"land_value":5748190,"improvement_value":8451810,"deed_date":"03/19/2020","street_view":"https://www.google.com/maps/@?api=1&map_action=pano&viewpoint=32.783171,-96.803172"}},{"type":"Feature","geometry":{"type":"Polygon","coordinates":[[[-96.79327152338934,32.783389221143715,0.0],[-96.79303848061377,32.78343933702907,0.0],[-96.7929348468648,32.78311158579877,0.0],[-96.79317155793497,32.78306156720199,0.0],[-96.79327152338934,32.783389221143715,0.0]]]},"properties":{"group":"lot","address":"2108 PACIFIC AVE","owner":"ROLLINS DAVID CORDELL &","public":false,"acres":0.21,"stalls":29,"land_value":770100,"improvement_value":0,"deed_date":"11/19/2024","street_view":"https://www.google.com/maps/@?api=1&map_action=pano&viewpoint=32.783268,-96.793109"}},{"type":"Feature","geometry":{"type":"Polygon","coordinates":[[[-96.80433802940622,32.78351254788225,0.0],[-96.80430321747747,32.78352995081483,0.0],[-96.80427627250583,32.78353259434288,0.0],[-96.80423766544058,32.78352239443034,0.0],[-96.80421545779623,32.783505261438435,0.0],[-96.80419987894558,32.78347307569208,0.0],[-96.80416367497145,32.78330357062544,0.0],[-96.8041875123202,32.78328370775145,0.0],[-96.80429063686005,32.78337776525516,0.0],[-96.80450454323912,32.78319701795297,0.0],[-96.80460409024617,32.783287730256596,0.0],[-96.80433802940622,32.78351254788225,0.0]]]},"properties":{"group":"lot","address":"1102 HORD ST","owner":"JNW HOLDINGS LP","public":false,"acres":0.17,"stalls":20,"land_value":843990,"improvement_value":0,"deed_date":"11/30/2016","street_view":"https://www.google.com/maps/@?api=1&map_action=pano&viewpoint=32.783364,-96.804410"}},{"type":"Feature","geometry":{"type":"Polygon","coordinates":[[[-96.80634955887545,32.78362599324428,0.0],[-96.80623284616617,32.78333928724983,0.0],[-96.80626336606163,32.78331652124558,0.0],[-96.80648092564289,32.78351827510213,0.0],[-96.80634955887545,32.78362599324428,0.0]]]},"properties":{"group":"lot","address":"906 MUNGER AVE","owner":"WEST END API LTD","public":false,"acres":0.08,"stalls":11,"land_value":402270,"improvement_value":0,"deed_date":"10/17/2025","street_view":"https://www.google.com/maps/@?api=1&map_action=pano&viewpoint=32.783467,-96.806355"}},{"type":"Feature","geometry":{"type":"Polygon","coordinates":[[[-96.80694436039383,32.784329821358774,0.0],[-96.806338922416,32.78377643251959,0.0],[-96.80673555396707,32.783436245833336,0.0],[-96.80728028415007,32.783942539236236,0.0],[-96.8072626612071,32.78405941055393,0.0],[-96.80694436039383,32.784329821358774,0.0]]]},"properties":{"group":"garage","address":"2020 N LAMAR ST","owner":"PARK HERE LLC","public":false,"acres":1.08,"stalls":null,"land_value":5932290,"improvement_value":1800470,"deed_date":"03/18/2026","street_view":"https://www.google.com/maps/@?api=1&map_action=pano&viewpoint=32.783867,-96.806818"}},{"type":"Feature","geometry":{"type":"Polygon","coordinates":[[[-96.80637220186594,32.783417440909986,0.0],[-96.8065479519972,32.78326495207017,0.0],[-96.80665698127451,32.783365211586364,0.0],[-96.80648092564289,32.78351827510213,0.0],[-96.80637220186594,32.783417440909986,0.0]]]},"properties":{"group":"lot","address":"1914 N LAMAR ST","owner":"CP DALLAS MUGER & LAMAR LP","public":false,"acres":0.09,"stalls":12,"land_value":447120,"improvement_value":0,"deed_date":"08/26/2014","street_view":"https://www.google.com/maps/@?api=1&map_action=pano&viewpoint=32.783391,-96.806515"}},{"type":"Feature","geometry":{"type":"Polygon","coordinates":[[[-96.8061855170342,32.78363399518229,0.0],[-96.80582156735478,32.78329744894233,0.0],[-96.80593954639458,32.78319668286134,0.0],[-96.80599870269332,32.78326116318047,0.0],[-96.8060510596398,32.783329710645994,0.0],[-96.80609622753211,32.78340181506816,0.0],[-96.806133870173,32.783476939782155,0.0],[-96.80616370737259,32.78355452564204,0.0],[-96.8061855170342,32.78363399518229,0.0]]]},"properties":{"group":"lot","address":"1901 LAWS ST","owner":"CP DALLAS MUGER & LAMAR LP","public":false,"acres":0.13,"stalls":17,"land_value":635260,"improvement_value":0,"deed_date":"08/26/2014","street_view":"https://www.google.com/maps/@?api=1&map_action=pano&viewpoint=32.783438,-96.806045"}},{"type":"Feature","geometry":{"type":"Polygon","coordinates":[[[-96.80622842767032,32.78334290122574,0.0],[-96.80618876598369,32.783281816549156,0.0],[-96.80614287725072,32.7832239270035,0.0],[-96.80609111959058,32.7831696843484,0.0],[-96.8060338969203,32.783119511882994,0.0],[-96.80621641928501,32.78296012620001,0.0],[-96.8064407217479,32.78316635953634,0.0],[-96.80622842767032,32.78334290122574,0.0]]]},"properties":{"group":"lot","address":"1902 N LAMAR ST","owner":"CP DALLAS MUGER & LAMAR LP","public":false,"acres":0.19,"stalls":25,"land_value":988540,"improvement_value":0,"deed_date":"08/26/2014","street_view":"https://www.google.com/maps/@?api=1&map_action=pano&viewpoint=32.783142,-96.806236"}},{"type":"Feature","geometry":{"type":"Polygon","coordinates":[[[-96.80637220186594,32.783417440909986,0.0],[-96.80626336606163,32.78331652124558,0.0],[-96.8064407217479,32.78316635953634,0.0],[-96.8065479519972,32.78326495207017,0.0],[-96.80637220186594,32.783417440909986,0.0]]]},"properties":{"group":"lot","address":"1910 N LAMAR ST","owner":"WEST END API LTD","public":false,"acres":0.09,"stalls":12,"land_value":447010,"improvement_value":0,"deed_date":"10/17/2025","street_view":"https://www.google.com/maps/@?api=1&map_action=pano&viewpoint=32.783291,-96.806406"}},{"type":"Feature","geometry":{"type":"Polygon","coordinates":[[[-96.79327152338934,32.783389221143715,0.0],[-96.79319570317556,32.783140874624394,0.0],[-96.79342007281255,32.78308987517939,0.0],[-96.79349407190881,32.78334334286987,0.0],[-96.79327152338934,32.783389221143715,0.0]]]},"properties":{"group":"lot","address":"2104 PACIFIC AVE","owner":"ROLLINS DAVID CORDELL &","public":false,"acres":0.15,"stalls":20,"land_value":537880,"improvement_value":0,"deed_date":"11/19/2024","street_view":"https://www.google.com/maps/@?api=1&map_action=pano&viewpoint=32.783247,-96.793347"}},{"type":"Feature","geometry":{"type":"Polygon","coordinates":[[[-96.80416367497145,32.78330357062544,0.0],[-96.80409079869129,32.783014287863786,0.0],[-96.80419953328486,32.78291907420689,0.0],[-96.80444957192475,32.78314692500391,0.0],[-96.80423173366452,32.78332404065267,0.0],[-96.8041875123202,32.78328370775145,0.0],[-96.80416367497145,32.78330357062544,0.0]]]},"properties":{"group":"lot","address":"1704 N GRIFFIN ST","owner":"JNW HOLDINGS LP","public":false,"acres":0.2,"stalls":25,"land_value":1011540,"improvement_value":0,"deed_date":"11/30/2016","street_view":"https://www.google.com/maps/@?api=1&map_action=pano&viewpoint=32.783080,-96.804243"}},{"type":"Feature","geometry":{"type":"Polygon","coordinates":[[[-96.79342007281255,32.78308987517939,0.0],[-96.79319570317556,32.783140874624394,0.0],[-96.79317155793497,32.78306156720199,0.0],[-96.79339644078024,32.78300874807211,0.0],[-96.79342007281255,32.78308987517939,0.0]]]},"properties":{"group":"lot","address":"210 OLIVE ST","owner":"ROLLINS DAVID CORDELL &","public":false,"acres":0.05,"stalls":7,"land_value":178500,"improvement_value":0,"deed_date":"11/19/2024","street_view":"https://www.google.com/maps/@?api=1&map_action=pano&viewpoint=32.783076,-96.793296"}},{"type":"Feature","geometry":{"type":"Polygon","coordinates":[[[-96.79295488496845,32.78288731474578,0.0],[-96.79310885979429,32.78285535742152,0.0],[-96.79317155793497,32.78306156720199,0.0],[-96.7930183720956,32.7830941099993,0.0],[-96.79295488496845,32.78288731474578,0.0]]]},"properties":{"group":"lot","address":"2107 ELM ST","owner":"ROLLINS DAVID CORDELL &","public":false,"acres":0.09,"stalls":12,"land_value":340000,"improvement_value":0,"deed_date":"11/19/2024","street_view":"https://www.google.com/maps/@?api=1&map_action=pano&viewpoint=32.782974,-96.793063"}},{"type":"Feature","geometry":{"type":"Polygon","coordinates":[[[-96.79339644078024,32.78300874807211,0.0],[-96.79317155793497,32.78306156720199,0.0],[-96.79310885979429,32.78285535742152,0.0],[-96.79333857855667,32.782807679611224,0.0],[-96.79339644078024,32.78300874807211,0.0]]]},"properties":{"group":"lot","address":"2101 ELM ST","owner":"ROLLINS DAVID CORDELL &","public":false,"acres":0.13,"stalls":17,"land_value":476000,"improvement_value":0,"deed_date":"11/19/2024","street_view":"https://www.google.com/maps/@?api=1&map_action=pano&viewpoint=32.782932,-96.793253"}},{"type":"Feature","geometry":{"type":"Polygon","coordinates":[[[-96.80259260756871,32.783072547651756,0.0],[-96.80232664364594,32.7828531146597,0.0],[-96.80238276995289,32.78280440548774,0.0],[-96.80265066719241,32.78302510321518,0.0],[-96.80259260756871,32.783072547651756,0.0]]]},"properties":{"group":"lot","address":"1214 SAN JACINTO ST","owner":"TANGO FS LLC","public":false,"acres":0.07,"stalls":9,"land_value":323440,"improvement_value":0,"deed_date":"07/22/2025","street_view":"https://www.google.com/maps/@?api=1&map_action=pano&viewpoint=32.782939,-96.802489"}},{"type":"Feature","geometry":{"type":"Polygon","coordinates":[[[-96.79393015061326,32.782666673884464,0.0],[-96.79400202778122,32.78290259766872,0.0],[-96.7939246191217,32.78291882747946,0.0],[-96.7938530984492,32.78268299101224,0.0],[-96.79393015061326,32.782666673884464,0.0]]]},"properties":{"group":"lot","address":"2009 ELM ST","owner":"DENIUS FRANKLIN W & ET AL","public":false,"acres":0.05,"stalls":7,"land_value":191250,"improvement_value":0,"deed_date":"02/02/2001","street_view":"https://www.google.com/maps/@?api=1&map_action=pano&viewpoint=32.782837,-96.793941"}},{"type":"Feature","geometry":{"type":"Polygon","coordinates":[[[-96.79393015061326,32.782666673884464,0.0],[-96.79426597120596,32.782595543209354,0.0],[-96.79433534826698,32.78284306116888,0.0],[-96.79434141069531,32.78293227731683,0.0],[-96.79432416057712,32.783020444269376,0.0],[-96.79430010702211,32.783076498276046,0.0],[-96.7942464260938,32.78315350634952,0.0],[-96.79423236984438,32.7831685985066,0.0],[-96.79358815685772,32.78330417003625,0.0],[-96.79343235003917,32.78277208879348,0.0],[-96.7938530984492,32.78268299101224,0.0],[-96.7939246191217,32.78291882747946,0.0],[-96.79400202778122,32.78290259766872,0.0],[-96.79393015061326,32.782666673884464,0.0]]]},"properties":{"group":"lot","address":"2001 ELM ST","owner":"CAIN JOHN CHARLES","public":false,"acres":1.11,"stalls":147,"land_value":4065040,"improvement_value":0,"deed_date":"07/08/2010","street_view":"https://www.google.com/maps/@?api=1&map_action=pano&viewpoint=32.782949,-96.793910"}},{"type":"Feature","geometry":{"type":"Polygon","coordinates":[[[-96.80055044563532,32.78264807692569,0.0],[-96.8006017726855,32.78283981280242,0.0],[-96.80057760097027,32.78285806633424,0.0],[-96.80033702893454,32.782909430359794,0.0],[-96.80028140352431,32.78270188606405,0.0],[-96.80055044563532,32.78264807692569,0.0]]]},"properties":{"group":"lot","address":"319 N AKARD ST","owner":"319 NORTH AKARD LLC","public":false,"acres":0.15,"stalls":19,"land_value":736880,"improvement_value":0,"deed_date":"01/16/2014","street_view":"https://www.google.com/maps/@?api=1&map_action=pano&viewpoint=32.782771,-96.800442"}},{"type":"Feature","geometry":{"type":"Polygon","coordinates":[[[-96.802239420515,32.78247307426971,0.0],[-96.80253903687921,32.78225417333738,0.0],[-96.80303701224057,32.782689374610186,0.0],[-96.80275614798698,32.782931557695726,0.0],[-96.802239420515,32.78247307426971,0.0]]]},"properties":{"group":"lot","address":"1205 PATTERSON AVE","owner":"TANGO FS LLC","public":false,"acres":0.63,"stalls":82,"land_value":3126490,"improvement_value":0,"deed_date":"07/22/2025","street_view":"https://www.google.com/maps/@?api=1&map_action=pano&viewpoint=32.782581,-96.802637"}},{"type":"Feature","geometry":{"type":"Polygon","coordinates":[[[-96.79273872666444,32.78268661029205,0.0],[-96.79258590363847,32.782153689133025,0.0],[-96.79330353112981,32.78199944422468,0.0],[-96.79346130147802,32.78253321721405,0.0],[-96.79273872666444,32.78268661029205,0.0]]]},"properties":{"group":"garage","address":"2102 MAIN ST","owner":"SREC 1717 TOWER OWNER LLC","public":false,"acres":1.05,"stalls":null,"land_value":4276810,"improvement_value":7223190,"deed_date":"05/20/2024","street_view":"https://www.google.com/maps/@?api=1&map_action=pano&viewpoint=32.782395,-96.793038"}},{"type":"Feature","geometry":{"type":"Polygon","coordinates":[[[-96.7902196493777,32.783192554614146,0.0],[-96.78989793059881,32.78280185514431,0.0],[-96.79016141981842,32.782647460305135,0.0],[-96.79097087732411,32.782480501227916,0.0],[-96.79111493735712,32.783011709584514,0.0],[-96.7902196493777,32.783192554614146,0.0]]]},"properties":{"group":"lot","address":"2201 MAIN ST","owner":"2201 MAIN LLC","public":false,"acres":1.42,"stalls":116,"land_value":6068700,"improvement_value":1331300,"deed_date":"12/28/2012","street_view":"https://www.google.com/maps/@?api=1&map_action=pano&viewpoint=32.782907,-96.790534"}},{"type":"Feature","geometry":{"type":"Polygon","coordinates":[[[-96.79346130147802,32.78253321721405,0.0],[-96.79338247569116,32.78226653018763,0.0],[-96.7935974282359,32.78222119355319,0.0],[-96.79367597854322,32.78248793713604,0.0],[-96.79346130147802,32.78253321721405,0.0]]]},"properties":{"group":"garage","address":"2000 ELM ST","owner":"OLYMBEC USA LLC","public":false,"acres":0.16,"stalls":null,"land_value":746900,"improvement_value":290050,"deed_date":"07/23/2014","street_view":"https://www.google.com/maps/@?api=1&map_action=pano&viewpoint=32.782377,-96.793529"}},{"type":"Feature","geometry":{"type":"Polygon","coordinates":[[[-96.80909699807148,32.782631659998685,0.0],[-96.80896815049714,32.782658399459685,0.0],[-96.80888550409041,32.78192072615104,0.0],[-96.80886789977025,32.7818325910742,0.0],[-96.80883288409781,32.781703689939356,0.0],[-96.80958300154889,32.781546552203686,0.0],[-96.8097098583406,32.78197856124596,0.0],[-96.80959558005635,32.782046042941204,0.0],[-96.80966636744948,32.78228716969959,0.0],[-96.80903434246193,32.78241822646701,0.0],[-96.80909699807148,32.782631659998685,0.0]]]},"properties":{"group":"lot","address":"501 N HOUSTON ST","owner":"CORDOVAN VENTURERS &","public":false,"acres":1.51,"stalls":197,"land_value":7215130,"improvement_value":0,"deed_date":"10/01/2007","street_view":"https://www.google.com/maps/@?api=1&map_action=pano&viewpoint=32.782162,-96.809272"}},{"type":"Feature","geometry":{"type":"Polygon","coordinates":[[[-96.79420320227501,32.78237673392922,0.0],[-96.79367597854322,32.78248793713604,0.0],[-96.7935974282359,32.78222119355319,0.0],[-96.79338247569116,32.78226653018763,0.0],[-96.79330353112981,32.78199944422468,0.0],[-96.79404542771621,32.781842963248714,0.0],[-96.79420320227501,32.78237673392922,0.0]]]},"properties":{"group":"garage","address":"2000 ELM ST","owner":"OLYMBEC USA LLC","public":false,"acres":0.92,"stalls":null,"land_value":4023600,"improvement_value":1752130,"deed_date":"07/23/2014","street_view":"https://www.google.com/maps/@?api=1&map_action=pano&viewpoint=32.782114,-96.793732"}},{"type":"Feature","geometry":{"type":"Polygon","coordinates":[[[-96.79012364224883,32.78243773458574,0.0],[-96.79008985081694,32.78236568345407,0.0],[-96.78935156347467,32.78240278634388,0.0],[-96.7893176664994,32.78233455478672,0.0],[-96.78992936195056,32.78191729808007,0.0],[-96.7900856282002,32.78188563305679,0.0],[-96.79015061402865,32.78212058475872,0.0],[-96.79013068608472,32.78212454435408,0.0],[-96.79021010896909,32.782419267458486,0.0],[-96.79012364224883,32.78243773458574,0.0]]]},"properties":{"group":"lot","address":"2222 MAIN ST","owner":"ISOSCELES DEVELOPMENT","public":false,"acres":0.68,"stalls":81,"land_value":2200000,"improvement_value":0,"deed_date":"04/16/2018","street_view":"https://www.google.com/maps/@?api=1&map_action=pano&viewpoint=32.782148,-96.789868"}},{"type":"Feature","geometry":{"type":"Polygon","coordinates":[[[-96.79146807569764,32.78215966868638,0.0],[-96.79131563589821,32.78219204780755,0.0],[-96.79125011979781,32.781952361026164,0.0],[-96.79140252932037,32.781919844119216,0.0],[-96.79146807569764,32.78215966868638,0.0]]]},"properties":{"group":"lot","address":"2120 MAIN ST","owner":"42 EADO LP","public":false,"acres":0.1,"stalls":12,"land_value":393750,"improvement_value":0,"deed_date":"12/18/2017","street_view":"https://www.google.com/maps/@?api=1&map_action=pano&viewpoint=32.782056,-96.791359"}},{"type":"Feature","geometry":{"type":"Polygon","coordinates":[[[-96.80468637282515,32.78183985857312,0.0],[-96.80477949343263,32.7821721749644,0.0],[-96.80442334282077,32.78247837886666,0.0],[-96.80416712078855,32.78225412606046,0.0],[-96.80419033281387,32.7822371686968,0.0],[-96.80425452068621,32.78229555913023,0.0],[-96.80456765108002,32.78202482212172,0.0],[-96.80452243502155,32.78197696250118,0.0],[-96.80468637282515,32.78183985857312,0.0]]]},"properties":{"group":"lot","address":"912 ROSS AVE","owner":"1001 SAN JACINTO LLC","public":false,"acres":0.39,"stalls":52,"land_value":2131870,"improvement_value":0,"deed_date":"05/27/2022","street_view":"https://www.google.com/maps/@?api=1&map_action=pano&viewpoint=32.782153,-96.804598"}},{"type":"Feature","geometry":{"type":"Polygon","coordinates":[[[-96.803995851478,32.78205755874256,0.0],[-96.80415566970963,32.781915714864475,0.0],[-96.80440425190712,32.78216606925019,0.0],[-96.80425452068621,32.78229555913023,0.0],[-96.803995851478,32.78205755874256,0.0]]]},"properties":{"group":"lot","address":"1001 SAN JACINTO ST","owner":"1001 SAN JACINTO LLC","public":false,"acres":0.19,"stalls":23,"land_value":809720,"improvement_value":0,"deed_date":"05/27/2022","street_view":"https://www.google.com/maps/@?api=1&map_action=pano&viewpoint=32.782112,-96.804202"}},{"type":"Feature","geometry":{"type":"Polygon","coordinates":[[[-96.79921448634583,32.782116858682414,0.0],[-96.7990480829106,32.781584516216206,0.0],[-96.79920573465024,32.781550561869224,0.0],[-96.79937206095428,32.782082644644206,0.0],[-96.79921448634583,32.782116858682414,0.0]]]},"properties":{"group":"garage","address":"1511 ELM ST","owner":"1601 ELM HOLDINGS LP","public":false,"acres":0.23,"stalls":null,"land_value":951710,"improvement_value":1104290,"deed_date":"12/22/2016","street_view":"https://www.google.com/maps/@?api=1&map_action=pano&viewpoint=32.781834,-96.799210"}},{"type":"Feature","geometry":{"type":"Polygon","coordinates":[[[-96.80582021513828,32.78226791549389,0.0],[-96.80571392260384,32.78216386438396,0.0],[-96.805941776272,32.78198115079071,0.0],[-96.80604724296339,32.7820858461148,0.0],[-96.80582021513828,32.78226791549389,0.0]]]},"properties":{"group":"lot","address":"1715 N LAMAR ST","owner":"LC REDUX LP","public":false,"acres":0.11,"stalls":15,"land_value":552000,"improvement_value":0,"deed_date":"08/07/2023","street_view":"https://www.google.com/maps/@?api=1&map_action=pano&viewpoint=32.782129,-96.805875"}},{"type":"Feature","geometry":{"type":"Polygon","coordinates":[[[-96.79937206095428,32.782082644644206,0.0],[-96.79920573465024,32.781550561869224,0.0],[-96.79938230700581,32.78151253213831,0.0],[-96.79954390498025,32.78204533212413,0.0],[-96.79937206095428,32.782082644644206,0.0]]]},"properties":{"group":"garage","address":"1510 PACIFIC AVE","owner":"1601 ELM HOLDINGS LP","public":false,"acres":0.25,"stalls":null,"land_value":951710,"improvement_value":1104290,"deed_date":"12/22/2016","street_view":"https://www.google.com/maps/@?api=1&map_action=pano&viewpoint=32.781844,-96.799390"}},{"type":"Feature","geometry":{"type":"Polygon","coordinates":[[[-96.79123525302323,32.78190305787168,0.0],[-96.79116842779881,32.78165870707333,0.0],[-96.79131578519544,32.7816282651471,0.0],[-96.79138221483726,32.781871208386995,0.0],[-96.79123525302323,32.78190305787168,0.0]]]},"properties":{"group":"lot","address":"2121 COMMERCE ST","owner":"W&K REAL ESTATE LIMITED","public":false,"acres":0.1,"stalls":13,"land_value":427500,"improvement_value":0,"deed_date":"03/11/2022","street_view":"https://www.google.com/maps/@?api=1&map_action=pano&viewpoint=32.781772,-96.791277"}},{"type":"Feature","geometry":{"type":"Polygon","coordinates":[[[-96.80577728964475,32.78181786813842,0.0],[-96.805941776272,32.78198115079071,0.0],[-96.80571392260384,32.78216386438396,0.0],[-96.80554810450394,32.782001546088324,0.0],[-96.80577728964475,32.78181786813842,0.0]]]},"properties":{"group":"lot","address":"1709 N LAMAR ST","owner":"LC REDUX LP","public":false,"acres":0.17,"stalls":24,"land_value":867330,"improvement_value":0,"deed_date":"08/07/2023","street_view":"https://www.google.com/maps/@?api=1&map_action=pano&viewpoint=32.781991,-96.805745"}},{"type":"Feature","geometry":{"type":"Polygon","coordinates":[[[-96.79152103882772,32.78184114379982,0.0],[-96.79145147832674,32.78160021944355,0.0],[-96.7916305903832,32.78156171873676,0.0],[-96.7916965949776,32.781803116465426,0.0],[-96.79152103882772,32.78184114379982,0.0]]]},"properties":{"group":"lot","address":"2113 COMMERCE ST","owner":"W&K REAL ESTATE LIMITED","public":false,"acres":0.12,"stalls":13,"land_value":504450,"improvement_value":0,"deed_date":"03/11/2022","street_view":"https://www.google.com/maps/@?api=1&map_action=pano&viewpoint=32.781702,-96.791575"}},{"type":"Feature","geometry":{"type":"Polygon","coordinates":[[[-96.80432370407947,32.78176657814704,0.0],[-96.80456765108002,32.78202482212172,0.0],[-96.80440425190712,32.78216606925019,0.0],[-96.80415566970963,32.781915714864475,0.0],[-96.80432370407947,32.78176657814704,0.0]]]},"properties":{"group":"lot","address":"915 SAN JACINTO ST","owner":"1001 SAN JACINTO LLC","public":false,"acres":0.2,"stalls":26,"land_value":862500,"improvement_value":0,"deed_date":"05/27/2022","street_view":"https://www.google.com/maps/@?api=1&map_action=pano&viewpoint=32.781946,-96.804340"}},{"type":"Feature","geometry":{"type":"Polygon","coordinates":[[[-96.79196186012226,32.781801289632796,0.0],[-96.79220752161628,32.78174937938373,0.0],[-96.79227249023089,32.78198889316663,0.0],[-96.79202737856248,32.78204094855835,0.0],[-96.79196186012226,32.781801289632796,0.0]]]},"properties":{"group":"lot","address":"2100 MAIN ST","owner":"","public":false,"acres":0.16,"stalls":20,"land_value":641260,"improvement_value":0,"deed_date":"","street_view":"https://www.google.com/maps/@?api=1&map_action=pano&viewpoint=32.781895,-96.792117"}},{"type":"Feature","geometry":{"type":"Polygon","coordinates":[[[-96.80574169096313,32.78175127574118,0.0],[-96.80607176105259,32.78168685550143,0.0],[-96.80628301804464,32.78189676020959,0.0],[-96.80604724296339,32.7820858461148,0.0],[-96.8057242738992,32.78176524161147,0.0],[-96.80574169096313,32.78175127574118,0.0]]]},"properties":{"group":"lot","address":"801 ROSS AVE","owner":"LC REDUX LP","public":false,"acres":0.29,"stalls":24,"land_value":1477180,"improvement_value":0,"deed_date":"08/07/2023","street_view":"https://www.google.com/maps/@?api=1&map_action=pano&viewpoint=32.781871,-96.806044"}},{"type":"Feature","geometry":{"type":"Polygon","coordinates":[[[-96.79276779853924,32.78163058687557,0.0],[-96.79308460866336,32.78156126024782,0.0],[-96.79315014533482,32.781803502947376,0.0],[-96.79284008761134,32.78186857888147,0.0],[-96.79276779853924,32.78163058687557,0.0]]]},"properties":{"group":"city","address":"2020 MAIN ST","owner":"DALLAS CITY OF","public":true,"acres":0.21,"stalls":26,"land_value":949050,"improvement_value":0,"deed_date":"","street_view":"https://www.google.com/maps/@?api=1&map_action=pano&viewpoint=32.781717,-96.792960"}},{"type":"Feature","geometry":{"type":"Polygon","coordinates":[[[-96.80554810450394,32.782001546088324,0.0],[-96.80549473646015,32.78194930503422,0.0],[-96.8057242738992,32.78176524161147,0.0],[-96.80577728964475,32.78181786813842,0.0],[-96.80554810450394,32.782001546088324,0.0]]]},"properties":{"group":"lot","address":"803 ROSS AVE","owner":"LC REDUX LP","public":false,"acres":0.06,"stalls":8,"land_value":276000,"improvement_value":0,"deed_date":"08/07/2023","street_view":"https://www.google.com/maps/@?api=1&map_action=pano&viewpoint=32.781884,-96.805636"}},{"type":"Feature","geometry":{"type":"Polygon","coordinates":[[[-96.80457853947351,32.78193007058453,0.0],[-96.80452243502155,32.78197696250118,0.0],[-96.80432370407947,32.78176657814704,0.0],[-96.80437871286453,32.7817177566375,0.0],[-96.80457853947351,32.78193007058453,0.0]]]},"properties":{"group":"lot","address":"913 SAN JACINTO ST","owner":"1001 SAN JACINTO LLC","public":false,"acres":0.05,"stalls":7,"land_value":258750,"improvement_value":0,"deed_date":"05/27/2022","street_view":"https://www.google.com/maps/@?api=1&map_action=pano&viewpoint=32.781848,-96.804451"}},{"type":"Feature","geometry":{"type":"Polygon","coordinates":[[[-96.78927776518506,32.78103472881468,0.0],[-96.78994440649683,32.78064158571873,0.0],[-96.79024485082684,32.78100516566201,0.0],[-96.79005808126531,32.78111530088446,0.0],[-96.7902443333026,32.781340689973725,0.0],[-96.78984411419849,32.78157669469889,0.0],[-96.7899560519267,32.78171215361353,0.0],[-96.78979280289292,32.78174445232146,0.0],[-96.789757062583,32.78161431884975,0.0],[-96.78927776518506,32.78103472881468,0.0]]]},"properties":{"group":"lot","address":"400 S CESAR CHAVEZ BLVD","owner":"TOURMALINE PARTNERS PPTIES LLC","public":false,"acres":1.39,"stalls":112,"land_value":5135530,"improvement_value":10000,"deed_date":"06/29/2015","street_view":"https://www.google.com/maps/@?api=1&map_action=pano&viewpoint=32.781223,-96.789790"}},{"type":"Feature","geometry":{"type":"Polygon","coordinates":[[[-96.80463870556943,32.78187967257115,0.0],[-96.80457853947351,32.78193007058453,0.0],[-96.80437871286453,32.7817177566375,0.0],[-96.8044352879075,32.78166743621341,0.0],[-96.80463870556943,32.78187967257115,0.0]]]},"properties":{"group":"lot","address":"911 SAN JACINTO ST","owner":"1001 SAN JACINTO LLC","public":false,"acres":0.06,"stalls":7,"land_value":273130,"improvement_value":0,"deed_date":"05/27/2022","street_view":"https://www.google.com/maps/@?api=1&map_action=pano&viewpoint=32.781799,-96.804508"}},{"type":"Feature","geometry":{"type":"Polygon","coordinates":[[[-96.80948588445682,32.78121573028565,0.0],[-96.80954275512745,32.78120378750604,0.0],[-96.80976128774383,32.781948190107705,0.0],[-96.8097098583406,32.78197856124596,0.0],[-96.80948588445682,32.78121573028565,0.0]]]},"properties":{"group":"lot","address":"300 N HOUSTON ST","owner":"CORDOVAN VENTURERS","public":false,"acres":0.12,"stalls":12,"land_value":340000,"improvement_value":0,"deed_date":"10/01/2007","street_view":"https://www.google.com/maps/@?api=1&map_action=pano&viewpoint=32.781574,-96.809621"}},{"type":"Feature","geometry":{"type":"Polygon","coordinates":[[[-96.80222800208965,32.78231057488381,0.0],[-96.80203737698012,32.78174272447022,0.0],[-96.80264515343298,32.78161575699774,0.0],[-96.80317808406441,32.78144389941369,0.0],[-96.80322609145075,32.78170228181902,0.0],[-96.80298917115377,32.78175353579847,0.0],[-96.80222800208965,32.78231057488381,0.0]]]},"properties":{"group":"lot","address":"1100 PATTERSON AVE","owner":"CHAVEZ LAND INCOME","public":false,"acres":1.11,"stalls":150,"land_value":5602500,"improvement_value":0,"deed_date":"07/08/2002","street_view":"https://www.google.com/maps/@?api=1&map_action=pano&viewpoint=32.781838,-96.802467"}},{"type":"Feature","geometry":{"type":"Polygon","coordinates":[[[-96.7919605002581,32.78149153027513,0.0],[-96.79212125827476,32.781458055025226,0.0],[-96.79218751064455,32.78169678925779,0.0],[-96.79202613802563,32.78173174066862,0.0],[-96.7919605002581,32.78149153027513,0.0]]]},"properties":{"group":"lot","address":"2101 COMMERCE ST","owner":"","public":false,"acres":0.1,"stalls":12,"land_value":427500,"improvement_value":0,"deed_date":"","street_view":"https://www.google.com/maps/@?api=1&map_action=pano&viewpoint=32.781601,-96.792076"}},{"type":"Feature","geometry":{"type":"Polygon","coordinates":[[[-96.79237474294655,32.781405427176466,0.0],[-96.79272031143033,32.78133152053621,0.0],[-96.7927903054897,32.78156868383429,0.0],[-96.79245078285292,32.78163953973011,0.0],[-96.79237474294655,32.781405427176466,0.0]]]},"properties":{"group":"lot","address":"2033 COMMERCE ST","owner":"42 DOWNTOWN DALLAS LP","public":false,"acres":0.22,"stalls":27,"land_value":874130,"improvement_value":0,"deed_date":"01/22/2020","street_view":"https://www.google.com/maps/@?api=1&map_action=pano&viewpoint=32.781487,-96.792584"}},{"type":"Feature","geometry":{"type":"Polygon","coordinates":[[[-96.80625252523326,32.781417897340056,0.0],[-96.8058558364654,32.78150014550603,0.0],[-96.80570070207774,32.7809662464169,0.0],[-96.80609590360564,32.78088430840443,0.0],[-96.80625252523326,32.781417897340056,0.0]]]},"properties":{"group":"lot","address":"704 ROSS AVE","owner":"BITTERN PARTNERS LP","public":false,"acres":0.58,"stalls":65,"land_value":2844310,"improvement_value":0,"deed_date":"09/08/2021","street_view":"https://www.google.com/maps/@?api=1&map_action=pano&viewpoint=32.781175,-96.805971"}},{"type":"Feature","geometry":{"type":"Polygon","coordinates":[[[-96.7902443333026,32.781340689973725,0.0],[-96.79005808126531,32.78111530088446,0.0],[-96.79019148862221,32.781036632118294,0.0],[-96.79037774080668,32.78126202238332,0.0],[-96.7902443333026,32.781340689973725,0.0]]]},"properties":{"group":"lot","address":"300 S CESAR CHAVEZ BLVD","owner":"GHOST SIGN DEVELOPMENT LLC","public":false,"acres":0.11,"stalls":13,"land_value":475000,"improvement_value":0,"deed_date":"04/17/2018","street_view":"https://www.google.com/maps/@?api=1&map_action=pano&viewpoint=32.781189,-96.790218"}},{"type":"Feature","geometry":{"type":"Polygon","coordinates":[[[-96.7991800560974,32.7813197445397,0.0],[-96.79910089575154,32.781053121360934,0.0],[-96.7995790249198,32.78095561002349,0.0],[-96.79965538666698,32.78122280628707,0.0],[-96.7991800560974,32.7813197445397,0.0]]]},"properties":{"group":"garage","address":"1502 ELM ST","owner":"KIRBY APARTMENTS LP THE","public":false,"acres":0.35,"stalls":null,"land_value":1424810,"improvement_value":1975190,"deed_date":"10/28/2016","street_view":"https://www.google.com/maps/@?api=1&map_action=pano&viewpoint=32.781138,-96.799379"}},{"type":"Feature","geometry":{"type":"Polygon","coordinates":[[[-96.7931162122345,32.78102905947827,0.0],[-96.79303779036867,32.78076323680637,0.0],[-96.79319589681555,32.78072904201479,0.0],[-96.79327394490433,32.78099537078322,0.0],[-96.7931162122345,32.78102905947827,0.0]]]},"properties":{"group":"lot","address":"2016 COMMERCE ST","owner":"2008 COMMERCE LLC","public":false,"acres":0.11,"stalls":14,"land_value":475000,"improvement_value":0,"deed_date":"12/12/2017","street_view":"https://www.google.com/maps/@?api=1&map_action=pano&viewpoint=32.780879,-96.793156"}},{"type":"Feature","geometry":{"type":"Polygon","coordinates":[[[-96.80490825831286,32.780904118358336,0.0],[-96.80483241550829,32.78091984155702,0.0],[-96.80467580329824,32.78038625081221,0.0],[-96.80475164570079,32.78037052633425,0.0],[-96.80490825831286,32.780904118358336,0.0]]]},"properties":{"group":"lot","address":"815 ELM ST","owner":"WEST END LOFTS LP","public":false,"acres":0.11,"stalls":14,"land_value":552000,"improvement_value":0,"deed_date":"06/15/2026","street_view":"https://www.google.com/maps/@?api=1&map_action=pano&viewpoint=32.780645,-96.804792"}},{"type":"Feature","geometry":{"type":"Polygon","coordinates":[[[-96.80493669977416,32.78089822163714,0.0],[-96.80490825831286,32.780904118358336,0.0],[-96.80475164570079,32.78037052633425,0.0],[-96.80478008700149,32.780364629648616,0.0],[-96.80493669977416,32.78089822163714,0.0]]]},"properties":{"group":"lot","address":"813 ELM ST","owner":"WEST END LOFTS LP","public":false,"acres":0.04,"stalls":5,"land_value":207000,"improvement_value":0,"deed_date":"06/15/2026","street_view":"https://www.google.com/maps/@?api=1&map_action=pano&viewpoint=32.780634,-96.804844"}},{"type":"Feature","geometry":{"type":"Polygon","coordinates":[[[-96.80496514123169,32.78089232490943,0.0],[-96.80493669977416,32.78089822163714,0.0],[-96.80478008700149,32.780364629648616,0.0],[-96.80480852667172,32.78035873293426,0.0],[-96.80496514123169,32.78089232490943,0.0]]]},"properties":{"group":"lot","address":"813 ELM ST","owner":"WEST END LOFTS LP","public":false,"acres":0.04,"stalls":5,"land_value":207000,"improvement_value":0,"deed_date":"06/15/2026","street_view":"https://www.google.com/maps/@?api=1&map_action=pano&viewpoint=32.780628,-96.804873"}},{"type":"Feature","geometry":{"type":"Polygon","coordinates":[[[-96.80480852667172,32.78035873293426,0.0],[-96.80494915173728,32.780329578328896,0.0],[-96.80510576546462,32.78086317010598,0.0],[-96.80496514123169,32.78089232490943,0.0],[-96.80480852667172,32.78035873293426,0.0]]]},"properties":{"group":"lot","address":"811 ELM ST","owner":"WEST END LOFTS LP","public":false,"acres":0.2,"stalls":26,"land_value":1023500,"improvement_value":0,"deed_date":"06/15/2026","street_view":"https://www.google.com/maps/@?api=1&map_action=pano&viewpoint=32.780729,-96.804992"}},{"type":"Feature","geometry":{"type":"Polygon","coordinates":[[[-96.79387392489248,32.780869378218135,0.0],[-96.79360867127204,32.78092508052908,0.0],[-96.79353802217177,32.78068500154471,0.0],[-96.7938348014934,32.780622347882044,0.0],[-96.79387392489248,32.780869378218135,0.0]]]},"properties":{"group":"garage","address":"2002 COMMERCE ST","owner":"MM 2002 COMMERCE LLC","public":false,"acres":0.18,"stalls":null,"land_value":760950,"improvement_value":624150,"deed_date":"01/13/2023","street_view":"https://www.google.com/maps/@?api=1&map_action=pano&viewpoint=32.780777,-96.793712"}},{"type":"Feature","geometry":{"type":"Polygon","coordinates":[[[-96.80883141622532,32.78047408344535,0.0],[-96.80904916956719,32.78049953769063,0.0],[-96.80915233467574,32.780525795137194,0.0],[-96.80925417032039,32.780565746293824,0.0],[-96.80930227024433,32.78059026287226,0.0],[-96.80936717287904,32.78081135283152,0.0],[-96.8086170612602,32.78096848927443,0.0],[-96.80847811045496,32.78049514686135,0.0],[-96.80883141622532,32.78047408344535,0.0]]]},"properties":{"group":"garage","address":"333 N HOUSTON ST","owner":"DALLAS HOLOCAUST MUSEUM","public":false,"acres":0.8,"stalls":null,"land_value":4170240,"improvement_value":12935260,"deed_date":"08/17/2005","street_view":"https://www.google.com/maps/@?api=1&map_action=pano&viewpoint=32.780695,-96.808935"}},{"type":"Feature","geometry":{"type":"Polygon","coordinates":[[[-96.79208249596375,32.78051507742068,0.0],[-96.79201439861396,32.78054184061573,0.0],[-96.79187308252094,32.78036826515367,0.0],[-96.79208969377844,32.78024593526779,0.0],[-96.79220717243618,32.78038433280832,0.0],[-96.79208249596375,32.78051507742068,0.0]]]},"properties":{"group":"lot","address":"307 S PEARL EXPY","owner":"MADJACKS HOLDINGS LTD","public":false,"acres":0.14,"stalls":17,"land_value":517280,"improvement_value":0,"deed_date":"12/18/1996","street_view":"https://www.google.com/maps/@?api=1&map_action=pano&viewpoint=32.780448,-96.792041"}},{"type":"Feature","geometry":{"type":"Polygon","coordinates":[[[-96.80603325484698,32.780670871935364,0.0],[-96.80571724564648,32.78073639218408,0.0],[-96.80563893682096,32.780469596705366,0.0],[-96.80595494672976,32.78040407805064,0.0],[-96.80603325484698,32.780670871935364,0.0]]]},"properties":{"group":"lot","address":"211 N AUSTIN ST","owner":"WEST END LOFTS LP","public":false,"acres":0.23,"stalls":26,"land_value":1150000,"improvement_value":0,"deed_date":"06/15/2026","street_view":"https://www.google.com/maps/@?api=1&map_action=pano&viewpoint=32.780570,-96.805836"}},{"type":"Feature","geometry":{"type":"Polygon","coordinates":[[[-96.80538612951827,32.78052201188861,0.0],[-96.80516808210902,32.7805672193703,0.0],[-96.80508977508373,32.78030042354231,0.0],[-96.80530782187734,32.78025521619696,0.0],[-96.80538612951827,32.78052201188861,0.0]]]},"properties":{"group":"lot","address":"801 ELM ST","owner":"WEST END LOFTS LP","public":false,"acres":0.16,"stalls":19,"land_value":793500,"improvement_value":0,"deed_date":"06/15/2026","street_view":"https://www.google.com/maps/@?api=1&map_action=pano&viewpoint=32.780411,-96.805238"}},{"type":"Feature","geometry":{"type":"Polygon","coordinates":[[[-96.80691808004661,32.7804874126407,0.0],[-96.80660207215266,32.7805529351388,0.0],[-96.80644544997611,32.78001934523328,0.0],[-96.80676145605945,32.779953824504624,0.0],[-96.80691808004661,32.7804874126407,0.0]]]},"properties":{"group":"lot","address":"611 ELM ST","owner":"7223 L P","public":false,"acres":0.46,"stalls":60,"land_value":2400000,"improvement_value":0,"deed_date":"02/12/1999","street_view":"https://www.google.com/maps/@?api=1&map_action=pano&viewpoint=32.780253,-96.806682"}},{"type":"Feature","geometry":{"type":"Polygon","coordinates":[[[-96.79601387318478,32.77992099555333,0.0],[-96.79642316750449,32.77982760867571,0.0],[-96.79649157344782,32.78006997132158,0.0],[-96.7960845607938,32.78015802896703,0.0],[-96.79601387318478,32.77992099555333,0.0]]]},"properties":{"group":"garage","address":"1709 JACKSON ST","owner":"SUMMIT NCI JV 159 LLC","public":false,"acres":0.27,"stalls":null,"land_value":1068750,"improvement_value":2711240,"deed_date":"01/14/2022","street_view":"https://www.google.com/maps/@?api=1&map_action=pano&viewpoint=32.779995,-96.796253"}},{"type":"Feature","geometry":{"type":"Polygon","coordinates":[[[-96.79673633658471,32.780016995258435,0.0],[-96.79649157344782,32.78006997132158,0.0],[-96.79642316750449,32.77982760867571,0.0],[-96.7966639652318,32.779772654069845,0.0],[-96.79673633658471,32.780016995258435,0.0]]]},"properties":{"group":"lot","address":"208 S ERVAY ST","owner":"SUMMIT NCI JV 159 LLC","public":false,"acres":0.16,"stalls":15,"land_value":658350,"improvement_value":0,"deed_date":"01/14/2022","street_view":"https://www.google.com/maps/@?api=1&map_action=pano&viewpoint=32.779922,-96.796579"}},{"type":"Feature","geometry":{"type":"Polygon","coordinates":[[[-96.80821983754775,32.77964373980522,0.0],[-96.80897821089688,32.77948635535765,0.0],[-96.80915834286469,32.78009997829835,0.0],[-96.80839996459129,32.78025736383688,0.0],[-96.80821983754775,32.77964373980522,0.0]]]},"properties":{"group":"lot","address":"411 ELM ST","owner":"DALLAS COUNTY OF","public":true,"acres":1.27,"stalls":101,"land_value":6622920,"improvement_value":13390,"deed_date":"04/10/1989","street_view":"https://www.google.com/maps/@?api=1&map_action=pano&viewpoint=32.779872,-96.808689"}},{"type":"Feature","geometry":{"type":"Polygon","coordinates":[[[-96.80915834286469,32.78009997829835,0.0],[-96.8089547157445,32.77940631774257,0.0],[-96.80952349513612,32.779288276499464,0.0],[-96.80972712643121,32.779981936130255,0.0],[-96.80915834286469,32.78009997829835,0.0]]]},"properties":{"group":"lot","address":"300 ELM ST","owner":"M K T RAILROAD CO","public":false,"acres":1.07,"stalls":139,"land_value":5366570,"improvement_value":0,"deed_date":"06/13/1985","street_view":"https://www.google.com/maps/@?api=1&map_action=pano&viewpoint=32.779734,-96.809353"}},{"type":"Feature","geometry":{"type":"Polygon","coordinates":[[[-96.79176327513021,32.77916043794168,0.0],[-96.79153851867427,32.77930044885905,0.0],[-96.7911575576588,32.77952270187273,0.0],[-96.79132748829379,32.7797208277098,0.0],[-96.7912499696627,32.7797123811716,0.0],[-96.79095526331501,32.7793652547286,0.0],[-96.79162000595021,32.77896598477931,0.0],[-96.79180634984303,32.779116836572335,0.0],[-96.79176327513021,32.77916043794168,0.0]]]},"properties":{"group":"lot","address":"2000 CANTON ST","owner":"DALLAS SCOTTISH RITE","public":false,"acres":0.53,"stalls":66,"land_value":1835490,"improvement_value":0,"deed_date":"05/05/1993","street_view":"https://www.google.com/maps/@?api=1&map_action=pano&viewpoint=32.779333,-96.791246"}},{"type":"Feature","geometry":{"type":"Polygon","coordinates":[[[-96.79584575409176,32.77979404767828,0.0],[-96.7953198093701,32.77989845191189,0.0],[-96.79521503357454,32.77964203691426,0.0],[-96.79514666117767,32.77940998307359,0.0],[-96.7958715831499,32.779255688983106,0.0],[-96.79600281145386,32.7797683241819,0.0],[-96.79584575409176,32.77979404767828,0.0]]]},"properties":{"group":"lot","address":"1810 JACKSON ST","owner":"1810 JACKSON GARAGE LLC","public":false,"acres":0.96,"stalls":110,"land_value":3890250,"improvement_value":35000,"deed_date":"07/06/2017","street_view":"https://www.google.com/maps/@?api=1&map_action=pano&viewpoint=32.779580,-96.795576"}},{"type":"Feature","geometry":{"type":"Polygon","coordinates":[[[-96.7958715831499,32.779255688983106,0.0],[-96.79610152523006,32.77920674468066,0.0],[-96.79623711486329,32.77972958353878,0.0],[-96.79600281145386,32.7797683241819,0.0],[-96.7958715831499,32.779255688983106,0.0]]]},"properties":{"group":"lot","address":"1710 JACKSON ST","owner":"RADER PARKING SYSTEM LP","public":false,"acres":0.32,"stalls":40,"land_value":1269110,"improvement_value":0,"deed_date":"05/24/2005","street_view":"https://www.google.com/maps/@?api=1&map_action=pano&viewpoint=32.779495,-96.796055"}},{"type":"Feature","geometry":{"type":"Polygon","coordinates":[[[-96.79760345065722,32.77953307038497,0.0],[-96.7978341476394,32.77948377583597,0.0],[-96.79791287534407,32.77974299344127,0.0],[-96.79768105047789,32.77979337234101,0.0],[-96.79760345065722,32.77953307038497,0.0]]]},"properties":{"group":"garage","address":"1517 JACKSON ST","owner":"DPL LOAN HOLDINGS LLC","public":false,"acres":0.16,"stalls":null,"land_value":712980,"improvement_value":787020,"deed_date":"09/28/2012","street_view":"https://www.google.com/maps/@?api=1&map_action=pano&viewpoint=32.779638,-96.797758"}},{"type":"Feature","geometry":{"type":"Polygon","coordinates":[[[-96.79639945839823,32.779687849768536,0.0],[-96.79623711486329,32.77972958353878,0.0],[-96.79610152523006,32.77920674468066,0.0],[-96.79626363149191,32.77917223796678,0.0],[-96.79639945839823,32.779687849768536,0.0]]]},"properties":{"group":"lot","address":"1708 JACKSON ST","owner":"RADER PARKING SYSTEM LP","public":false,"acres":0.23,"stalls":28,"land_value":913710,"improvement_value":0,"deed_date":"05/05/2010","street_view":"https://www.google.com/maps/@?api=1&map_action=pano&viewpoint=32.779436,-96.796247"}},{"type":"Feature","geometry":{"type":"Polygon","coordinates":[[[-96.79760539724042,32.780091465575126,0.0],[-96.79698002449774,32.780217745413026,0.0],[-96.79683373383583,32.779681126750795,0.0],[-96.79744262953758,32.7795600391818,0.0],[-96.79760539724042,32.780091465575126,0.0]]]},"properties":{"group":"garage","address":"1600 COMMERCE ST","owner":"DALPARK PARTNERS LTD","public":false,"acres":0.89,"stalls":null,"land_value":3703670,"improvement_value":2217730,"deed_date":"12/30/2022","street_view":"https://www.google.com/maps/@?api=1&map_action=pano&viewpoint=32.779954,-96.797236"}},{"type":"Feature","geometry":{"type":"Polygon","coordinates":[[[-96.79666360983805,32.779619936990514,0.0],[-96.79639945839823,32.779687849768536,0.0],[-96.79634264492339,32.77947225712218,0.0],[-96.79661985530744,32.77941230329938,0.0],[-96.79666360983805,32.779619936990514,0.0]]]},"properties":{"group":"lot","address":"302 S ERVAY ST","owner":"RADER PARKING SYSTEMS LP","public":false,"acres":0.16,"stalls":15,"land_value":645530,"improvement_value":0,"deed_date":"06/03/2010","street_view":"https://www.google.com/maps/@?api=1&map_action=pano&viewpoint=32.779548,-96.796505"}},{"type":"Feature","geometry":{"type":"Polygon","coordinates":[[[-96.79734327189327,32.779446567925525,0.0],[-96.79713341537001,32.77949177590546,0.0],[-96.79701637595758,32.77898219535479,0.0],[-96.79719048363845,32.77894460787494,0.0],[-96.79734327189327,32.779446567925525,0.0]]]},"properties":{"group":"lot","address":"1600 JACKSON ST","owner":"SWAIN BEVERLY TONEY GST","public":false,"acres":0.26,"stalls":31,"land_value":1073800,"improvement_value":0,"deed_date":"06/07/2018","street_view":"https://www.google.com/maps/@?api=1&map_action=pano&viewpoint=32.779223,-96.797173"}},{"type":"Feature","geometry":{"type":"Polygon","coordinates":[[[-96.79661985530744,32.77941230329938,0.0],[-96.79634264492339,32.77947225712218,0.0],[-96.79632417242172,32.77940214953177,0.0],[-96.79659904383891,32.77934197127517,0.0],[-96.79660523938215,32.779343018329214,0.0],[-96.79661985530744,32.77941230329938,0.0]]]},"properties":{"group":"lot","address":"308 S ERVAY ST","owner":"RADER PARKING SYSTEMS LP","public":false,"acres":0.05,"stalls":6,"land_value":218030,"improvement_value":0,"deed_date":"06/03/2010","street_view":"https://www.google.com/maps/@?api=1&map_action=pano&viewpoint=32.779407,-96.796472"}},{"type":"Feature","geometry":{"type":"Polygon","coordinates":[[[-96.80414515820462,32.77947272758395,0.0],[-96.80305692287787,32.779700741747554,0.0],[-96.803006688184,32.77914497189628,0.0],[-96.80359379934096,32.77902189111936,0.0],[-96.8036718487527,32.77928782538702,0.0],[-96.80375084978446,32.7792714463486,0.0],[-96.80367274975296,32.7790053396244,0.0],[-96.80398855268048,32.77893913591378,0.0],[-96.80414515820462,32.77947272758395,0.0]]]},"properties":{"group":"lot","address":"900 MAIN ST","owner":"DALLAS MAIN LP","public":false,"acres":1.45,"stalls":185,"land_value":7564320,"improvement_value":0,"deed_date":"12/10/1998","street_view":"https://www.google.com/maps/@?api=1&map_action=pano&viewpoint=32.779376,-96.803573"}},{"type":"Feature","geometry":{"type":"Polygon","coordinates":[[[-96.79632417242172,32.77940214953177,0.0],[-96.79626363149191,32.77917223796678,0.0],[-96.79655611490954,32.779109991882265,0.0],[-96.79660523938215,32.779343018329214,0.0],[-96.79632417242172,32.77940214953177,0.0]]]},"properties":{"group":"lot","address":"312 S ERVAY ST","owner":"RADER PARKING SYSTEM LP","public":false,"acres":0.18,"stalls":22,"land_value":738440,"improvement_value":0,"deed_date":"05/05/2010","street_view":"https://www.google.com/maps/@?api=1&map_action=pano&viewpoint=32.779257,-96.796437"}},{"type":"Feature","geometry":{"type":"Polygon","coordinates":[[[-96.79675847638613,32.77930943412855,0.0],[-96.79707629229547,32.779243052783634,0.0],[-96.79713341537001,32.77949177590546,0.0],[-96.79682016641087,32.7795592371249,0.0],[-96.79675847638613,32.77930943412855,0.0]]]},"properties":{"group":"lot","address":"1610 JACKSON ST","owner":"CITY PARK A LOT LP","public":false,"acres":0.21,"stalls":27,"land_value":850500,"improvement_value":0,"deed_date":"11/20/2018","street_view":"https://www.google.com/maps/@?api=1&map_action=pano&viewpoint=32.779401,-96.796947"}},{"type":"Feature","geometry":{"type":"Polygon","coordinates":[[[-96.80495097454994,32.77930566155719,0.0],[-96.80439796487792,32.77942031494138,0.0],[-96.80424135629957,32.77888672356522,0.0],[-96.80487336484104,32.778755691142685,0.0],[-96.80495166985274,32.779022487138924,0.0],[-96.80487266926424,32.77903886694053,0.0],[-96.80495097454994,32.77930566155719,0.0]]]},"properties":{"group":"garage","address":"800 MAIN ST","owner":"DALLAS MAIN LP","public":false,"acres":0.86,"stalls":null,"land_value":4498560,"improvement_value":1751440,"deed_date":"12/10/1998","street_view":"https://www.google.com/maps/@?api=1&map_action=pano&viewpoint=32.779096,-96.804596"}},{"type":"Feature","geometry":{"type":"Polygon","coordinates":[[[-96.79517860253321,32.7792403866973,0.0],[-96.79510079833474,32.77926044401421,0.0],[-96.79495834279186,32.7788660876027,0.0],[-96.79503614667672,32.77884603037431,0.0],[-96.79517860253321,32.7792403866973,0.0]]]},"properties":{"group":"lot","address":"401 N ST PAUL ST","owner":"RP DOWNTOWN PARKING","public":false,"acres":0.09,"stalls":9,"land_value":243750,"improvement_value":0,"deed_date":"05/01/2018","street_view":"https://www.google.com/maps/@?api=1&map_action=pano&viewpoint=32.779053,-96.795068"}},{"type":"Feature","geometry":{"type":"Polygon","coordinates":[[[-96.80122051578716,32.7793207854737,0.0],[-96.80101511076846,32.77936341616037,0.0],[-96.8008517849356,32.77882878963897,0.0],[-96.8010726496938,32.77878326948388,0.0],[-96.80109652380945,32.77886378671277,0.0],[-96.80108188336627,32.77886699556041,0.0],[-96.80122051578716,32.7793207854737,0.0]]]},"properties":{"group":"garage","address":"1208 COMMERCE ST","owner":"DAVIS MRS HELEN BOUCHE","public":false,"acres":0.3,"stalls":null,"land_value":1235000,"improvement_value":240190,"deed_date":"05/03/1983","street_view":"https://www.google.com/maps/@?api=1&map_action=pano&viewpoint=32.779117,-96.801049"}},{"type":"Feature","geometry":{"type":"Polygon","coordinates":[[[-96.79675847638613,32.77930943412855,0.0],[-96.79669482445973,32.77905165933379,0.0],[-96.79701637595758,32.77898219535479,0.0],[-96.79707629229547,32.779243052783634,0.0],[-96.79675847638613,32.77930943412855,0.0]]]},"properties":{"group":"lot","address":"315 S ERVAY ST","owner":"CITY PARK A LOT LP","public":false,"acres":0.22,"stalls":30,"land_value":850500,"improvement_value":0,"deed_date":"11/20/2018","street_view":"https://www.google.com/maps/@?api=1&map_action=pano&viewpoint=32.779147,-96.796886"}},{"type":"Feature","geometry":{"type":"Polygon","coordinates":[[[-96.79521594786839,32.77923076003844,0.0],[-96.7950734918878,32.778836402383746,0.0],[-96.79523344430163,32.77880219737546,0.0],[-96.79537590093807,32.77919655484795,0.0],[-96.79521594786839,32.77923076003844,0.0]]]},"properties":{"group":"lot","address":"1728 WOOD ST","owner":"RP DOWNTOWN PARKING PPTIES LP","public":false,"acres":0.17,"stalls":24,"land_value":487500,"improvement_value":0,"deed_date":"12/13/2011","street_view":"https://www.google.com/maps/@?api=1&map_action=pano&viewpoint=32.779016,-96.795225"}},{"type":"Feature","geometry":{"type":"Polygon","coordinates":[[[-96.80375084978446,32.7792714463486,0.0],[-96.8036718487527,32.77928782538702,0.0],[-96.80359379934096,32.77902189111936,0.0],[-96.80367274975296,32.7790053396244,0.0],[-96.80375084978446,32.7792714463486,0.0]]]},"properties":{"group":"lot","address":"909 COMMERCE ST","owner":"DALLAS MAIN LP","public":false,"acres":0.06,"stalls":7,"land_value":300000,"improvement_value":0,"deed_date":"05/04/2006","street_view":"https://www.google.com/maps/@?api=1&map_action=pano&viewpoint=32.779147,-96.803672"}},{"type":"Feature","geometry":{"type":"Polygon","coordinates":[[[-96.80487336484104,32.778755691142685,0.0],[-96.80552117153918,32.778621379470025,0.0],[-96.80559947837982,32.77888817506115,0.0],[-96.80552047803043,32.77890455527446,0.0],[-96.8055987851451,32.779171349485964,0.0],[-96.80502997536146,32.7792892817062,0.0],[-96.80487336484104,32.778755691142685,0.0]]]},"properties":{"group":"lot","address":"710 MAIN ST","owner":"DALLAS MAIN LP","public":false,"acres":0.88,"stalls":69,"land_value":4631280,"improvement_value":0,"deed_date":"12/10/1998","street_view":"https://www.google.com/maps/@?api=1&map_action=pano&viewpoint=32.778964,-96.805236"}},{"type":"Feature","geometry":{"type":"Polygon","coordinates":[[[-96.80929613030833,32.778513760553366,0.0],[-96.80952349513612,32.779288276499464,0.0],[-96.80908111147636,32.77938008658258,0.0],[-96.80885399018754,32.77860638545207,0.0],[-96.80929613030833,32.778513760553366,0.0]]]},"properties":{"group":"lot","address":"301 ELM ST","owner":"M K T RAILROAD CO","public":false,"acres":0.93,"stalls":67,"land_value":4307600,"improvement_value":0,"deed_date":"06/13/1985","street_view":"https://www.google.com/maps/@?api=1&map_action=pano&viewpoint=32.778934,-96.809185"}},{"type":"Feature","geometry":{"type":"Polygon","coordinates":[[[-96.79537590093807,32.77919655484795,0.0],[-96.79523079470424,32.778794862201416,0.0],[-96.79578479562431,32.77867234291058,0.0],[-96.7959319911077,32.77907983111588,0.0],[-96.79537590093807,32.77919655484795,0.0]]]},"properties":{"group":"lot","address":"1714 WOOD ST","owner":"RP LOT 9 LP","public":false,"acres":0.62,"stalls":85,"land_value":1758320,"improvement_value":0,"deed_date":"09/25/2006","street_view":"https://www.google.com/maps/@?api=1&map_action=pano&viewpoint=32.778941,-96.795583"}},{"type":"Feature","geometry":{"type":"Polygon","coordinates":[[[-96.80585214176644,32.778892394314674,0.0],[-96.80577314145997,32.77890877468849,0.0],[-96.80583578837532,32.779122209943594,0.0],[-96.80567778571753,32.77915496922322,0.0],[-96.80559947837982,32.77888817506115,0.0],[-96.80583648085343,32.77883903551638,0.0],[-96.80585214176644,32.778892394314674,0.0]]]},"properties":{"group":"lot","address":"702 MAIN ST","owner":"701 COMMERCE LEVEL OFFICE LLC","public":false,"acres":0.13,"stalls":12,"land_value":660000,"improvement_value":0,"deed_date":"11/26/2014","street_view":"https://www.google.com/maps/@?api=1&map_action=pano&viewpoint=32.779014,-96.805720"}},{"type":"Feature","geometry":{"type":"Polygon","coordinates":[[[-96.80591478886026,32.77910582953028,0.0],[-96.80583578837532,32.779122209943594,0.0],[-96.80577314145997,32.77890877468849,0.0],[-96.80585214176644,32.778892394314674,0.0],[-96.80591478886026,32.77910582953028,0.0]]]},"properties":{"group":"lot","address":"700 MAIN ST","owner":"701 COMMERCE LEVEL OFFICE LLC","public":false,"acres":0.05,"stalls":6,"land_value":240000,"improvement_value":0,"deed_date":"11/26/2014","street_view":"https://www.google.com/maps/@?api=1&map_action=pano&viewpoint=32.779007,-96.805844"}},{"type":"Feature","geometry":{"type":"Polygon","coordinates":[[[-96.79610969047737,32.77876955113714,0.0],[-96.79619700466398,32.779023636806926,0.0],[-96.79600363697989,32.77906431287057,0.0],[-96.79591540319761,32.77881238624153,0.0],[-96.79610969047737,32.77876955113714,0.0]]]},"properties":{"group":"lot","address":"1706 WOOD ST","owner":"BELCLAIRE REALTY LTD","public":false,"acres":0.14,"stalls":14,"land_value":403910,"improvement_value":0,"deed_date":"05/22/2024","street_view":"https://www.google.com/maps/@?api=1&map_action=pano&viewpoint=32.778957,-96.796070"}},{"type":"Feature","geometry":{"type":"Polygon","coordinates":[[[-96.79647118913061,32.778822888208026,0.0],[-96.79615197653065,32.778892575261324,0.0],[-96.79610969047737,32.77876955113714,0.0],[-96.79642894839237,32.77869917754445,0.0],[-96.79647118913061,32.778822888208026,0.0]]]},"properties":{"group":"lot","address":"404 S ERVAY ST","owner":"RP DOWNTOWN PARKING PPTIES LP","public":false,"acres":0.11,"stalls":10,"land_value":325000,"improvement_value":0,"deed_date":"01/30/2018","street_view":"https://www.google.com/maps/@?api=1&map_action=pano&viewpoint=32.778796,-96.796290"}},{"type":"Feature","geometry":{"type":"Polygon","coordinates":[[[-96.79642894839237,32.77869917754445,0.0],[-96.79591540319761,32.77881238624153,0.0],[-96.79585589236724,32.778642446332505,0.0],[-96.79637056179787,32.77852826362065,0.0],[-96.79642894839237,32.77869917754445,0.0]]]},"properties":{"group":"lot","address":"408 S ERVAY ST","owner":"RP DOWNTOWN PARKING PPTIES LP","public":false,"acres":0.24,"stalls":29,"land_value":632130,"improvement_value":0,"deed_date":"12/13/2011","street_view":"https://www.google.com/maps/@?api=1&map_action=pano&viewpoint=32.778678,-96.796145"}},{"type":"Feature","geometry":{"type":"Polygon","coordinates":[[[-96.8036097140227,32.778504997162926,0.0],[-96.80368801504056,32.778771792585815,0.0],[-96.803293010182,32.778853684308935,0.0],[-96.80321471027936,32.77858688863896,0.0],[-96.8036097140227,32.778504997162926,0.0]]]},"properties":{"group":"lot","address":"908 COMMERCE ST","owner":"DALLAS MAIN LP","public":false,"acres":0.29,"stalls":39,"land_value":1500000,"improvement_value":0,"deed_date":"08/03/2006","street_view":"https://www.google.com/maps/@?api=1&map_action=pano&viewpoint=32.778679,-96.803451"}},{"type":"Feature","geometry":{"type":"Polygon","coordinates":[[[-96.7955423609624,32.7786738872893,0.0],[-96.79525266574755,32.77874010041354,0.0],[-96.7951141106197,32.77834150629757,0.0],[-96.79540395093923,32.7782761477193,0.0],[-96.7955423609624,32.7786738872893,0.0]]]},"properties":{"group":"lot","address":"1721 YOUNG ST","owner":"HAMILTON IRREVOCABLE LIFE INSURANCE TRUST","public":false,"acres":0.32,"stalls":43,"land_value":945270,"improvement_value":0,"deed_date":"12/31/2007","street_view":"https://www.google.com/maps/@?api=1&map_action=pano&viewpoint=32.778508,-96.795328"}},{"type":"Feature","geometry":{"type":"Polygon","coordinates":[[[-96.80102625284823,32.77865245088634,0.0],[-96.80068138724565,32.778727118500086,0.0],[-96.80051422623498,32.77819359642206,0.0],[-96.80085749549488,32.77812223525917,0.0],[-96.80102625284823,32.77865245088634,0.0]]]},"properties":{"group":"garage","address":"1212 JACKSON ST","owner":"SOUTHWESTERN BELL","public":false,"acres":0.5,"stalls":null,"land_value":2065780,"improvement_value":1834220,"deed_date":"10/02/1997","street_view":"https://www.google.com/maps/@?api=1&map_action=pano&viewpoint=32.778433,-96.800773"}},{"type":"Feature","geometry":{"type":"Polygon","coordinates":[[[-96.80392501826172,32.77872265668354,0.0],[-96.80368801504056,32.778771792585815,0.0],[-96.80353141352815,32.77823819893685,0.0],[-96.80376841538475,32.778189064705174,0.0],[-96.80392501826172,32.77872265668354,0.0]]]},"properties":{"group":"lot","address":"903 JACKSON ST","owner":"DALLAS MAIN LP","public":false,"acres":0.34,"stalls":43,"land_value":1800000,"improvement_value":0,"deed_date":"08/03/2006","street_view":"https://www.google.com/maps/@?api=1&map_action=pano&viewpoint=32.778480,-96.803728"}},{"type":"Feature","geometry":{"type":"Polygon","coordinates":[[[-96.79567872603047,32.778642739779805,0.0],[-96.7955423609624,32.7786738872893,0.0],[-96.79540395093923,32.7782761477193,0.0],[-96.7955417133366,32.778245074504014,0.0],[-96.79567872603047,32.778642739779805,0.0]]]},"properties":{"group":"lot","address":"1717 YOUNG ST","owner":"RP DOWNTOWN PARKING PPTIES LP","public":false,"acres":0.15,"stalls":20,"land_value":458450,"improvement_value":0,"deed_date":"12/13/2011","street_view":"https://www.google.com/maps/@?api=1&map_action=pano&viewpoint=32.778466,-96.795544"}},{"type":"Feature","geometry":{"type":"Polygon","coordinates":[[[-96.79576403698118,32.77863505695547,0.0],[-96.7956825916458,32.77865326681606,0.0],[-96.7955417133366,32.778245074504014,0.0],[-96.79561927204037,32.778227581213415,0.0],[-96.79576403698118,32.77863505695547,0.0]]]},"properties":{"group":"lot","address":"1715 YOUNG ST","owner":"RP DOWNTOWN PARKING PPTIES LP","public":false,"acres":0.09,"stalls":12,"land_value":251880,"improvement_value":0,"deed_date":"12/13/2011","street_view":"https://www.google.com/maps/@?api=1&map_action=pano&viewpoint=32.778440,-96.795652"}},{"type":"Feature","geometry":{"type":"Polygon","coordinates":[[[-96.79576403698118,32.77863505695547,0.0],[-96.79561927204037,32.778227581213415,0.0],[-96.79568565300238,32.7782126012931,0.0],[-96.79582594631354,32.77862078541734,0.0],[-96.79576403698118,32.77863505695547,0.0]]]},"properties":{"group":"lot","address":"1713 YOUNG ST","owner":"RP YOUNG & ERVAY LP","public":false,"acres":0.07,"stalls":10,"land_value":251880,"improvement_value":0,"deed_date":"12/16/2020","street_view":"https://www.google.com/maps/@?api=1&map_action=pano&viewpoint=32.778424,-96.795724"}},{"type":"Feature","geometry":{"type":"Polygon","coordinates":[[[-96.79589995997453,32.778164295314866,0.0],[-96.7960529626197,32.77859871476857,0.0],[-96.79583497624935,32.77864708055988,0.0],[-96.79568565300238,32.7782126012931,0.0],[-96.79589995997453,32.778164295314866,0.0]]]},"properties":{"group":"lot","address":"1707 YOUNG ST","owner":"RP YOUNG & ERVAY LP","public":false,"acres":0.26,"stalls":30,"land_value":663850,"improvement_value":0,"deed_date":"12/16/2020","street_view":"https://www.google.com/maps/@?api=1&map_action=pano&viewpoint=32.778434,-96.795878"}},{"type":"Feature","geometry":{"type":"Polygon","coordinates":[[[-96.8036097140227,32.778504997162926,0.0],[-96.80321471027936,32.77858688863896,0.0],[-96.8031364092734,32.77832009014368,0.0],[-96.80353141352815,32.77823819893685,0.0],[-96.8036097140227,32.778504997162926,0.0]]]},"properties":{"group":"lot","address":"907 JACKSON ST","owner":"DALLAS MAIN LP","public":false,"acres":0.29,"stalls":37,"land_value":1500000,"improvement_value":0,"deed_date":"08/03/2006","street_view":"https://www.google.com/maps/@?api=1&map_action=pano&viewpoint=32.778413,-96.803373"}},{"type":"Feature","geometry":{"type":"Polygon","coordinates":[[[-96.80180167596436,32.77824625191071,0.0],[-96.80187501683831,32.77847801235714,0.0],[-96.80172038046096,32.7785095713705,0.0],[-96.80164734280537,32.7782763552014,0.0],[-96.80180167596436,32.77824625191071,0.0]]]},"properties":{"group":"lot","address":"1104 JACKSON ST","owner":"BUNTING PARTNERS LP","public":false,"acres":0.1,"stalls":13,"land_value":387110,"improvement_value":0,"deed_date":"06/03/2013","street_view":"https://www.google.com/maps/@?api=1&map_action=pano&viewpoint=32.778377,-96.801761"}},{"type":"Feature","geometry":{"type":"Polygon","coordinates":[[[-96.80564877868703,32.778365270059595,0.0],[-96.80501680316681,32.77849640166714,0.0],[-96.804860194151,32.77796280968021,0.0],[-96.8054921661029,32.77783167886313,0.0],[-96.80564877868703,32.778365270059595,0.0]]]},"properties":{"group":"lot","address":"712 COMMERCE ST","owner":"BANANAQUIT PARTNERS LP","public":false,"acres":0.92,"stalls":111,"land_value":4600000,"improvement_value":0,"deed_date":"09/22/2017","street_view":"https://www.google.com/maps/@?api=1&map_action=pano&viewpoint=32.778164,-96.805254"}},{"type":"Feature","geometry":{"type":"Polygon","coordinates":[[[-96.79525266574755,32.77874010041354,0.0],[-96.79509325681973,32.77877651217322,0.0],[-96.7949565741991,32.77837703634615,0.0],[-96.7951141106197,32.77834150629757,0.0],[-96.79525266574755,32.77874010041354,0.0]]]},"properties":{"group":"lot","address":"1727 YOUNG ST","owner":"RP DOWNTOWN PARKING PPTIES","public":false,"acres":0.18,"stalls":23,"land_value":500500,"improvement_value":0,"deed_date":"12/13/2011","street_view":"https://www.google.com/maps/@?api=1&map_action=pano&viewpoint=32.778559,-96.795104"}},{"type":"Feature","geometry":{"type":"Polygon","coordinates":[[[-96.80187501683831,32.77847801235714,0.0],[-96.80170750119451,32.777948558528095,0.0],[-96.80194170217558,32.77790117368077,0.0],[-96.80210909635414,32.77843024064684,0.0],[-96.80187501683831,32.77847801235714,0.0]]]},"properties":{"group":"lot","address":"1016 JACKSON ST","owner":"BUNTING PARTNERS LP","public":false,"acres":0.34,"stalls":46,"land_value":1300550,"improvement_value":0,"deed_date":"06/03/2013","street_view":"https://www.google.com/maps/@?api=1&map_action=pano&viewpoint=32.778106,-96.801882"}},{"type":"Feature","geometry":{"type":"Polygon","coordinates":[[[-96.79630330330016,32.778331304140984,0.0],[-96.79598426782474,32.778403714775116,0.0],[-96.79589995997453,32.778164295314866,0.0],[-96.79622146985118,32.77809178135593,0.0],[-96.79630330330016,32.778331304140984,0.0]]]},"properties":{"group":"lot","address":"1705 YOUNG ST","owner":"RP YOUNG & ERVAY LP","public":false,"acres":0.21,"stalls":22,"land_value":578500,"improvement_value":0,"deed_date":"12/16/2020","street_view":"https://www.google.com/maps/@?api=1&map_action=pano&viewpoint=32.778248,-96.796102"}},{"type":"Feature","geometry":{"type":"Polygon","coordinates":[[[-96.80210909635414,32.77843024064684,0.0],[-96.80194170217558,32.77790117368077,0.0],[-96.80216750760303,32.777855460671915,0.0],[-96.80233855109314,32.77838265277695,0.0],[-96.80210909635414,32.77843024064684,0.0]]]},"properties":{"group":"lot","address":"1100 JACKSON ST","owner":"BUNTING PARTNERS LP","public":false,"acres":0.33,"stalls":45,"land_value":1359750,"improvement_value":0,"deed_date":"06/03/2013","street_view":"https://www.google.com/maps/@?api=1&map_action=pano&viewpoint=32.778251,-96.802174"}},{"type":"Feature","geometry":{"type":"Polygon","coordinates":[[[-96.80233855109314,32.77838265277695,0.0],[-96.80220017085105,32.777956112462036,0.0],[-96.80216750760303,32.777855460671915,0.0],[-96.80225639842963,32.77783748570277,0.0],[-96.80241625389571,32.77836606443204,0.0],[-96.80233855109314,32.77838265277695,0.0]]]},"properties":{"group":"lot","address":"1000 WOOD ST","owner":"BUNTING PARTNERS LP","public":false,"acres":0.12,"stalls":16,"land_value":486270,"improvement_value":0,"deed_date":"06/03/2013","street_view":"https://www.google.com/maps/@?api=1&map_action=pano&viewpoint=32.778112,-96.802295"}},{"type":"Feature","geometry":{"type":"Polygon","coordinates":[[[-96.80240277478994,32.77823032265851,0.0],[-96.80241373300693,32.77829711026602,0.0],[-96.80243484603814,32.77836211214052,0.0],[-96.80241625389571,32.77836606443204,0.0],[-96.80225639842963,32.77783748570277,0.0],[-96.80232908580683,32.777822780795724,0.0],[-96.80241466814536,32.77808492057539,0.0],[-96.80240220955217,32.778162907191245,0.0],[-96.80240277478994,32.77823032265851,0.0]]]},"properties":{"group":"city","address":"300 S GRIFFIN ST","owner":"DALLAS CITY OF","public":true,"acres":0.08,"stalls":10,"land_value":421710,"improvement_value":0,"deed_date":"","street_view":"https://www.google.com/maps/@?api=1&map_action=pano&viewpoint=32.778091,-96.802373"}},{"type":"Feature","geometry":{"type":"Polygon","coordinates":[[[-96.79917498275177,32.77837444470317,0.0],[-96.79901435176389,32.777944964024755,0.0],[-96.79940462461212,32.77785180899157,0.0],[-96.7995690748103,32.77828925601414,0.0],[-96.79917498275177,32.77837444470317,0.0]]]},"properties":{"group":"lot","address":"1 S AKARD ST","owner":"HPI GSA 2D LLC","public":false,"acres":0.47,"stalls":58,"land_value":1961360,"improvement_value":0,"deed_date":"06/21/2017","street_view":"https://www.google.com/maps/@?api=1&map_action=pano&viewpoint=32.778117,-96.799292"}},{"type":"Feature","geometry":{"type":"Polygon","coordinates":[[[-96.7995690748103,32.77828925601414,0.0],[-96.79940462461212,32.77785180899157,0.0],[-96.79964888800349,32.77779350371209,0.0],[-96.7998152642983,32.77823603919023,0.0],[-96.7995690748103,32.77828925601414,0.0]]]},"properties":{"group":"lot","address":"1314 WOOD ST","owner":"HPI GAS 2C LLC","public":false,"acres":0.3,"stalls":30,"land_value":1246020,"improvement_value":0,"deed_date":"06/21/2017","street_view":"https://www.google.com/maps/@?api=1&map_action=pano&viewpoint=32.778044,-96.799610"}},{"type":"Feature","geometry":{"type":"Polygon","coordinates":[[[-96.80180167596436,32.77824625191071,0.0],[-96.80164734280537,32.7782763552014,0.0],[-96.80155438523775,32.777979530540634,0.0],[-96.80170750119451,32.777948558528095,0.0],[-96.80180167596436,32.77824625191071,0.0]]]},"properties":{"group":"lot","address":"1109 WOOD ST","owner":"BUNTING PARTNERS LP","public":false,"acres":0.12,"stalls":17,"land_value":520310,"improvement_value":0,"deed_date":"06/03/2013","street_view":"https://www.google.com/maps/@?api=1&map_action=pano&viewpoint=32.778113,-96.801678"}},{"type":"Feature","geometry":{"type":"Polygon","coordinates":[[[-96.80909542180632,32.77823244003417,0.0],[-96.8087243530109,32.778228784584925,0.0],[-96.80858830765546,32.77775472703703,0.0],[-96.80815120211476,32.777164912227484,0.0],[-96.80816359619233,32.77716240874661,0.0],[-96.80820636120143,32.77718996033292,0.0],[-96.8082439292225,32.77722247247211,0.0],[-96.80840473995241,32.777387521864775,0.0],[-96.80853417471211,32.77735877873181,0.0],[-96.80864659127313,32.77753818363939,0.0],[-96.8088956784919,32.77789968445099,0.0],[-96.80909542180632,32.77823244003417,0.0]]]},"properties":{"group":"lot","address":"405 REUNION BLVD","owner":"U S A","public":false,"acres":0.61,"stalls":78,"land_value":2896300,"improvement_value":0,"deed_date":"05/02/1994","street_view":"https://www.google.com/maps/@?api=1&map_action=pano&viewpoint=32.777677,-96.808637"}},{"type":"Feature","geometry":{"type":"Polygon","coordinates":[[[-96.80046755134158,32.77807947866077,0.0],[-96.80014480116253,32.77718659149564,0.0],[-96.80050227624444,32.77710452402668,0.0],[-96.80059638932612,32.777085630576494,0.0],[-96.80061322022492,32.777086038738524,0.0],[-96.80063107558577,32.77709725505043,0.0],[-96.80063638376203,32.77711075412839,0.0],[-96.80061444093803,32.77727379295058,0.0],[-96.80073013069594,32.77733651599119,0.0],[-96.80084967785861,32.77739384496595,0.0],[-96.80097273037352,32.77744561104438,0.0],[-96.80109892586302,32.777491661778015,0.0],[-96.80122789269174,32.77753186154965,0.0],[-96.80135925106124,32.7775660919726,0.0],[-96.80154038363086,32.77760277814702,0.0],[-96.80160829691224,32.77783317806653,0.0],[-96.80046755134158,32.77807947866077,0.0]]]},"properties":{"group":"lot","address":"1114 WOOD ST","owner":"SANTE FE IV HOTEL LP","public":false,"acres":1.93,"stalls":257,"land_value":6305100,"improvement_value":0,"deed_date":"04/16/2008","street_view":"https://www.google.com/maps/@?api=1&map_action=pano&viewpoint=32.777590,-96.800902"}},{"type":"Feature","geometry":{"type":"Polygon","coordinates":[[[-96.80957117669162,32.77822860090847,0.0],[-96.80954167215174,32.77815822997578,0.0],[-96.80931617773396,32.77782833181464,0.0],[-96.80925425024127,32.77771805438648,0.0],[-96.8091990920499,32.77760524152284,0.0],[-96.80915084800952,32.77749018953229,0.0],[-96.80910964480795,32.77737320060342,0.0],[-96.8092036205861,32.777359596637844,0.0],[-96.80929604770253,32.7773398208323,0.0],[-96.80938635909997,32.77731399451519,0.0],[-96.80947400070285,32.77728227613588,0.0],[-96.80955843481684,32.77724486029244,0.0],[-96.809639143428,32.77720197653774,0.0],[-96.80971563138104,32.77715388797078,0.0],[-96.80978742941734,32.77710088962261,0.0],[-96.80985409705397,32.777043306645936,0.0],[-96.80991522528612,32.776981492320274,0.0],[-96.80997043909632,32.77691582588422,0.0],[-96.81000882661763,32.77684274999456,0.0],[-96.81007418055786,32.7766927273175,0.0],[-96.81001884990035,32.776862524726546,0.0],[-96.80999538617297,32.77696513078338,0.0],[-96.80997980323563,32.77706880147823,0.0],[-96.80997216597883,32.77717310528963,0.0],[-96.8099725062202,32.77727760805929,0.0],[-96.80999128385147,32.77772575593809,0.0],[-96.80998959322827,32.777785797758774,0.0],[-96.80997953569151,32.77784525253774,0.0],[-96.80996125148788,32.77790329111349,0.0],[-96.80993499559516,32.77795910407346,0.0],[-96.80990113416708,32.77801191304223,0.0],[-96.80986013942767,32.7780609815372,0.0],[-96.80981258308609,32.77810562523985,0.0],[-96.80975912836378,32.77814522153967,0.0],[-96.80970052074537,32.77817921821753,0.0],[-96.80963757758187,32.77820714114728,0.0],[-96.80957117669162,32.77822860090847,0.0]]]},"properties":{"group":"lot","address":"201 REUNION BLVD","owner":"HUNT REUNION HOLDINGS INC","public":false,"acres":1.69,"stalls":180,"land_value":6489580,"improvement_value":0,"deed_date":"12/24/1997","street_view":"https://www.google.com/maps/@?api=1&map_action=pano&viewpoint=32.777437,-96.809555"}},{"type":"Feature","geometry":{"type":"Polygon","coordinates":[[[-96.79480364546605,32.77791832271061,0.0],[-96.79489497458796,32.778185082781796,0.0],[-96.79473774510302,32.778218197555525,0.0],[-96.79464722394864,32.77795175084506,0.0],[-96.79480364546605,32.77791832271061,0.0]]]},"properties":{"group":"lot","address":"1800 YOUNG ST","owner":"EVERGREEN DALLAS HOSPITALITY LP","public":false,"acres":0.12,"stalls":15,"land_value":265000,"improvement_value":0,"deed_date":"06/26/2024","street_view":"https://www.google.com/maps/@?api=1&map_action=pano&viewpoint=32.778068,-96.794771"}},{"type":"Feature","geometry":{"type":"Polygon","coordinates":[[[-96.79480364546605,32.77791832271061,0.0],[-96.79464722394864,32.77795175084506,0.0],[-96.79460173304264,32.77781782328185,0.0],[-96.79475702644223,32.777782125477835,0.0],[-96.79480364546605,32.77791832271061,0.0]]]},"properties":{"group":"lot","address":"509 S ST PAUL ST","owner":"EVERGREEN DALLAS HOSPITALITY LP","public":false,"acres":0.06,"stalls":8,"land_value":132500,"improvement_value":0,"deed_date":"06/26/2024","street_view":"https://www.google.com/maps/@?api=1&map_action=pano&viewpoint=32.777868,-96.794703"}},{"type":"Feature","geometry":{"type":"Polygon","coordinates":[[[-96.79475702644223,32.777782125477835,0.0],[-96.79460173304264,32.77781782328185,0.0],[-96.79444810460944,32.77736560666508,0.0],[-96.79460305588726,32.77733243353787,0.0],[-96.79475702644223,32.777782125477835,0.0]]]},"properties":{"group":"lot","address":"515 S ST PAUL ST","owner":"EVERGREEN DALLAS HOSPITALITY LP","public":false,"acres":0.19,"stalls":24,"land_value":461100,"improvement_value":0,"deed_date":"06/26/2024","street_view":"https://www.google.com/maps/@?api=1&map_action=pano&viewpoint=32.777574,-96.794602"}},{"type":"Feature","geometry":{"type":"Polygon","coordinates":[[[-96.80432803197283,32.77786530391002,0.0],[-96.80394102646125,32.777945540427496,0.0],[-96.80378442485932,32.777411948437326,0.0],[-96.80441642194636,32.77728091829995,0.0],[-96.80449472590982,32.77754771463642,0.0],[-96.80424973145736,32.777598508893625,0.0],[-96.80432803197283,32.77786530391002,0.0]]]},"properties":{"group":"lot","address":"311 S LAMAR ST","owner":"METRO DALLAS DOWNTOWN","public":false,"acres":0.74,"stalls":93,"land_value":3737500,"improvement_value":0,"deed_date":"09/20/2021","street_view":"https://www.google.com/maps/@?api=1&map_action=pano&viewpoint=32.777639,-96.804056"}},{"type":"Feature","geometry":{"type":"Polygon","coordinates":[[[-96.8014926141286,32.777594252239716,0.0],[-96.80156373967084,32.77724194880811,0.0],[-96.80155653950372,32.77701234516487,0.0],[-96.80166792855276,32.77702839968218,0.0],[-96.80168445634934,32.77694661997401,0.0],[-96.80176483032103,32.77694088209093,0.0],[-96.80174490689211,32.77703949486412,0.0],[-96.80205766071103,32.77708457212685,0.0],[-96.8022087874675,32.77759546391895,0.0],[-96.80221042775997,32.77761406789023,0.0],[-96.80219907990055,32.77764017738149,0.0],[-96.80218357888864,32.77765346455136,0.0],[-96.80192602672354,32.77775993390074,0.0],[-96.80192997453203,32.77776373620057,0.0],[-96.80160829691224,32.77783317806653,0.0],[-96.80154038363086,32.77760277814702,0.0],[-96.8014926141286,32.777594252239716,0.0]]]},"properties":{"group":"lot","address":"1002 WOOD ST","owner":"GRIFFIN ST AUTOPARK LTD","public":false,"acres":1.11,"stalls":151,"land_value":3864640,"improvement_value":25000,"deed_date":"10/15/1998","street_view":"https://www.google.com/maps/@?api=1&map_action=pano&viewpoint=32.777384,-96.801842"}},{"type":"Feature","geometry":{"type":"Polygon","coordinates":[[[-96.7922440727807,32.77769416666481,0.0],[-96.7919374964149,32.77744044770518,0.0],[-96.79227358531155,32.77715489674342,0.0],[-96.79276763551509,32.77756255427949,0.0],[-96.7922440727807,32.77769416666481,0.0]]]},"properties":{"group":"lot","address":"1909 CADIZ ST","owner":"CADIZ  HOSPITALITY LLC","public":false,"acres":0.58,"stalls":71,"land_value":1232630,"improvement_value":0,"deed_date":"12/14/2015","street_view":"https://www.google.com/maps/@?api=1&map_action=pano&viewpoint=32.777300,-96.792279"}},{"type":"Feature","geometry":{"type":"Polygon","coordinates":[[[-96.79272753463863,32.77744234375679,0.0],[-96.7923345064265,32.77711137672868,0.0],[-96.79254612172555,32.776931814174134,0.0],[-96.79275341782082,32.77674176739009,0.0],[-96.79306614705544,32.77700271097011,0.0],[-96.79285166028534,32.7771824713959,0.0],[-96.79294300775541,32.77726134348955,0.0],[-96.79272753463863,32.77744234375679,0.0]]]},"properties":{"group":"lot","address":"1823 CADIZ ST","owner":"MINTEX DEVELOPMENT LLC","public":false,"acres":0.65,"stalls":68,"land_value":1602320,"improvement_value":369000,"deed_date":"12/13/2007","street_view":"https://www.google.com/maps/@?api=1&map_action=pano&viewpoint=32.777057,-96.792700"}},{"type":"Feature","geometry":{"type":"Polygon","coordinates":[[[-96.80448172500537,32.77704095394862,0.0],[-96.80372178411089,32.77719851074653,0.0],[-96.80356518517158,32.77666491707542,0.0],[-96.80432512174875,32.7765073626023,0.0],[-96.80448172500537,32.77704095394862,0.0]]]},"properties":{"group":"lot","address":"401 S LAMAR ST","owner":"LUBBEN SITE LLC","public":false,"acres":1.1,"stalls":147,"land_value":5762640,"improvement_value":0,"deed_date":"06/01/2017","street_view":"https://www.google.com/maps/@?api=1&map_action=pano&viewpoint=32.776804,-96.804009"}},{"type":"Feature","geometry":{"type":"Polygon","coordinates":[[[-96.80481402808039,32.77697205781306,0.0],[-96.80448172500537,32.77704095394862,0.0],[-96.80432512174875,32.7765073626023,0.0],[-96.80465874940734,32.776438190814936,0.0],[-96.80481402808039,32.77697205781306,0.0]]]},"properties":{"group":"lot","address":"701 YOUNG ST","owner":"LUBBEN SITE LLC","public":false,"acres":0.48,"stalls":65,"land_value":2561280,"improvement_value":0,"deed_date":"06/01/2017","street_view":"https://www.google.com/maps/@?api=1&map_action=pano&viewpoint=32.776740,-96.804570"}},{"type":"Feature","geometry":{"type":"Polygon","coordinates":[[[-96.79395426921182,32.77677649372909,0.0],[-96.79334599475162,32.77625246265082,0.0],[-96.7942415625101,32.775510557404104,0.0],[-96.79484983719975,32.77603458275728,0.0],[-96.79395426921182,32.77677649372909,0.0]]]},"properties":{"group":"lot","address":"1701 CADIZ ST","owner":"CANTON CADIZ PHASE 1 LLC","public":false,"acres":2.36,"stalls":313,"land_value":4117280,"improvement_value":0,"deed_date":"12/02/2016","street_view":"https://www.google.com/maps/@?api=1&map_action=pano&viewpoint=32.776144,-96.794098"}},{"type":"Feature","geometry":{"type":"Polygon","coordinates":[[[-96.79321716565583,32.77611112683025,0.0],[-96.79291497990913,32.775855140620564,0.0],[-96.79312994454236,32.7756768395707,0.0],[-96.79343302202308,32.77593392064425,0.0],[-96.79321716565583,32.77611112683025,0.0]]]},"properties":{"group":"lot","address":"909 N ST PAUL ST","owner":"DISD","public":false,"acres":0.28,"stalls":38,"land_value":522240,"improvement_value":0,"deed_date":"05/13/2025","street_view":"https://www.google.com/maps/@?api=1&map_action=pano&viewpoint=32.775900,-96.793181"}},{"type":"Feature","geometry":{"type":"Polygon","coordinates":[[[-96.79291497990913,32.775855140620564,0.0],[-96.79261279590567,32.775599153671585,0.0],[-96.79288813583881,32.77536841417651,0.0],[-96.79318972653199,32.77562674004552,0.0],[-96.79291497990913,32.775855140620564,0.0]]]},"properties":{"group":"lot","address":"913 S ST PAUL ST","owner":"DISD","public":false,"acres":0.36,"stalls":47,"land_value":673440,"improvement_value":0,"deed_date":"05/13/2025","street_view":"https://www.google.com/maps/@?api=1&map_action=pano&viewpoint=32.775613,-96.792901"}},{"type":"Feature","geometry":{"type":"Polygon","coordinates":[[[-96.79592246614438,32.77512642142572,0.0],[-96.79500750166648,32.77589995110603,0.0],[-96.79439281508733,32.77538132576338,0.0],[-96.79530897924083,32.774607518745455,0.0],[-96.79592246614438,32.77512642142572,0.0]]]},"properties":{"group":"lot","address":"1600 CANTON ST","owner":"CANTON CADIZ PHASE 1 LLC","public":false,"acres":2.44,"stalls":322,"land_value":4250760,"improvement_value":0,"deed_date":"12/02/2016","street_view":"https://www.google.com/maps/@?api=1&map_action=pano&viewpoint=32.775254,-96.795157"}},{"type":"Feature","geometry":{"type":"Polygon","coordinates":[[[-96.80200763963438,32.775453488507296,0.0],[-96.80188453343017,32.774908436638256,0.0],[-96.80272939378365,32.77472949826785,0.0],[-96.80288492088752,32.77525403816387,0.0],[-96.80200763963438,32.775453488507296,0.0]]]},"properties":{"group":"city","address":"502 S LAMAR ST","owner":"DALLAS CITY OF","public":true,"acres":1.25,"stalls":157,"land_value":4248440,"improvement_value":0,"deed_date":"","street_view":"https://www.google.com/maps/@?api=1&map_action=pano&viewpoint=32.775081,-96.802379"}},{"type":"Feature","geometry":{"type":"Polygon","coordinates":[[[-96.8075928493513,32.774801550625256,0.0],[-96.80725573632225,32.77529929903711,0.0],[-96.80721328777129,32.775331254112125,0.0],[-96.80716174866323,32.7753515357576,0.0],[-96.8071339128972,32.77535671947114,0.0],[-96.80709866711068,32.77535831281507,0.0],[-96.8070400106006,32.775348765363724,0.0],[-96.80701266425727,32.77533843505208,0.0],[-96.80696513281714,32.77530786911166,0.0],[-96.80694606447166,32.775288351631495,0.0],[-96.80691955205023,32.77524312969711,0.0],[-96.8068032796605,32.774891530746515,0.0],[-96.80751321531616,32.774278500877,0.0],[-96.8075721776969,32.77436964626806,0.0],[-96.80762444734286,32.774463661199654,0.0],[-96.80766982945272,32.77456019533069,0.0],[-96.80770815488953,32.774658888931214,0.0],[-96.80762812692231,32.77475221135119,0.0],[-96.8075928493513,32.774801550625256,0.0]]]},"properties":{"group":"lot","address":"501 HOUSTON ST","owner":"HUNT REUNION HOLDINGS INC","public":false,"acres":1.3,"stalls":93,"land_value":4801910,"improvement_value":0,"deed_date":"12/30/1997","street_view":"https://www.google.com/maps/@?api=1&map_action=pano&viewpoint=32.774847,-96.807210"}},{"type":"Feature","geometry":{"type":"Polygon","coordinates":[[[-96.7960625113946,32.77501449233155,0.0],[-96.7959205269593,32.774894582826285,0.0],[-96.79622549695173,32.77463548110895,0.0],[-96.79636528501038,32.774754535446434,0.0],[-96.7960625113946,32.77501449233155,0.0]]]},"properties":{"group":"lot","address":"801 BROWDER ST","owner":"CANTON CADIZ PHASE 1 LLC","public":false,"acres":0.19,"stalls":25,"land_value":363000,"improvement_value":0,"deed_date":"12/02/2016","street_view":"https://www.google.com/maps/@?api=1&map_action=pano&viewpoint=32.774818,-96.796151"}},{"type":"Feature","geometry":{"type":"Polygon","coordinates":[[[-96.79613641290608,32.77451277785367,0.0],[-96.79642103265078,32.77426777458195,0.0],[-96.7965282605354,32.77436917329485,0.0],[-96.79625345217308,32.77461161713479,0.0],[-96.79613641290608,32.77451277785367,0.0]]]},"properties":{"group":"lot","address":"808 S AKARD ST","owner":"CANTON CADIZ PHASE 1 LLC","public":false,"acres":0.14,"stalls":16,"land_value":247160,"improvement_value":0,"deed_date":"12/02/2016","street_view":"https://www.google.com/maps/@?api=1&map_action=pano&viewpoint=32.774441,-96.796333"}},{"type":"Feature","geometry":{"type":"Polygon","coordinates":[[[-96.79596237861523,32.774411397955085,0.0],[-96.79565554794628,32.77467080341866,0.0],[-96.79547001537284,32.77451411834896,0.0],[-96.79577286924224,32.77424998536986,0.0],[-96.79596237861523,32.774411397955085,0.0]]]},"properties":{"group":"lot","address":"817 BROWDER ST","owner":"CANTON CADIZ PHASE 1 LLC","public":false,"acres":0.25,"stalls":33,"land_value":448000,"improvement_value":0,"deed_date":"12/02/2016","street_view":"https://www.google.com/maps/@?api=1&map_action=pano&viewpoint=32.774470,-96.795707"}},{"type":"Feature","geometry":{"type":"Polygon","coordinates":[[[-96.81018323533822,32.77449283583589,0.0],[-96.80950857956616,32.774629617249296,0.0],[-96.80929666891309,32.774491680146404,0.0],[-96.8092684733913,32.77446552716308,0.0],[-96.80922667237034,32.774404430446076,0.0],[-96.80913913133683,32.77411011939581,0.0],[-96.81008201818872,32.773916996599745,0.0],[-96.81018323533822,32.77449283583589,0.0]]]},"properties":{"group":"lot","address":"400 S STEMMONS FWY","owner":"HUNT REUNION HOLDINGS INC","public":false,"acres":1.33,"stalls":175,"land_value":4637920,"improvement_value":0,"deed_date":"12/24/1997","street_view":"https://www.google.com/maps/@?api=1&map_action=pano&viewpoint=32.774247,-96.809659"}},{"type":"Feature","geometry":{"type":"Polygon","coordinates":[[[-96.79625345217308,32.77461161713479,0.0],[-96.7965282605354,32.77436917329485,0.0],[-96.79666278380846,32.77449634747811,0.0],[-96.79639197797937,32.77472861981586,0.0],[-96.79625345217308,32.77461161713479,0.0]]]},"properties":{"group":"lot","address":"1404 CANTON ST","owner":"CANTON CADIZ PHASE 1 LLC","public":false,"acres":0.17,"stalls":22,"land_value":302680,"improvement_value":0,"deed_date":"12/02/2016","street_view":"https://www.google.com/maps/@?api=1&map_action=pano&viewpoint=32.774554,-96.796457"}},{"type":"Feature","geometry":{"type":"Polygon","coordinates":[[[-96.8068032796605,32.774891530746515,0.0],[-96.80665364710184,32.774439583610445,0.0],[-96.80728594547213,32.77430847183251,0.0],[-96.8073287578353,32.77443778222866,0.0],[-96.8068032796605,32.774891530746515,0.0]]]},"properties":{"group":"lot","address":"611 S HOUSTON ST","owner":"HUNT REUNION HOLDINGS INC","public":false,"acres":0.5,"stalls":69,"land_value":438260,"improvement_value":0,"deed_date":"12/30/1997","street_view":"https://www.google.com/maps/@?api=1&map_action=pano&viewpoint=32.774668,-96.806894"}},{"type":"Feature","geometry":{"type":"Polygon","coordinates":[[[-96.80725381841012,32.77398312210179,0.0],[-96.8073554682059,32.774083724736876,0.0],[-96.80741158901616,32.774146570737265,0.0],[-96.80751321531616,32.774278500877,0.0],[-96.8073287578353,32.77443778222866,0.0],[-96.80728594547213,32.77430847183251,0.0],[-96.80665364710184,32.774439583610445,0.0],[-96.80648919705054,32.77394287579087,0.0],[-96.80646432051493,32.77385721569277,0.0],[-96.80644599707342,32.77377038423822,0.0],[-96.8064343021296,32.77368273884257,0.0],[-96.80642928380233,32.7735946402705,0.0],[-96.80643096272803,32.77350645115092,0.0],[-96.80643933197604,32.77341853448443,0.0],[-96.80683403713125,32.77371224154481,0.0],[-96.80725381841012,32.77398312210179,0.0]]]},"properties":{"group":"lot","address":"701 S HOUSTON ST","owner":"HUNT REUNION HOLDINGS INC","public":false,"acres":1.41,"stalls":188,"land_value":7115690,"improvement_value":0,"deed_date":"12/30/1997","street_view":"https://www.google.com/maps/@?api=1&map_action=pano&viewpoint=32.773905,-96.806808"}},{"type":"Feature","geometry":{"type":"Polygon","coordinates":[[[-96.79579704601154,32.77397637616919,0.0],[-96.79533610494165,32.77437799607286,0.0],[-96.79511878197124,32.774192476452214,0.0],[-96.79520032191434,32.774121705581315,0.0],[-96.79579704601154,32.77397637616919,0.0]]]},"properties":{"group":"lot","address":"907 BROWDER ST","owner":"UNIVERSAL CHURCH INC","public":false,"acres":0.26,"stalls":31,"land_value":460120,"improvement_value":0,"deed_date":"04/13/2018","street_view":"https://www.google.com/maps/@?api=1&map_action=pano&viewpoint=32.774160,-96.795371"}},{"type":"Feature","geometry":{"type":"Polygon","coordinates":[[[-96.8039117461121,32.77187304416516,0.0],[-96.8035286432118,32.77192129163627,0.0],[-96.80446478159048,32.77250698700447,0.0],[-96.80423692756241,32.77259645318224,0.0],[-96.80412000396396,32.77263533556714,0.0],[-96.80406969624062,32.77254844471063,0.0],[-96.80393679866344,32.772514335612385,0.0],[-96.80363495835618,32.77265988817346,0.0],[-96.80309508875708,32.77274094193859,0.0],[-96.80301475504316,32.77274733134027,0.0],[-96.80241267738242,32.77269628313587,0.0],[-96.80231809635372,32.77236695616587,0.0],[-96.80118716053722,32.7715442997243,0.0],[-96.8017042904974,32.77103680660062,0.0],[-96.80172722774502,32.77081795659327,0.0],[-96.80187489103902,32.77069377485651,0.0],[-96.8039117461121,32.77187304416516,0.0]]]},"properties":{"group":"city","address":"900 S LAMAR ST","owner":"DALLAS CITY OF","public":true,"acres":8.07,"stalls":610,"land_value":29548210,"improvement_value":0,"deed_date":"01/13/1992","street_view":"https://www.google.com/maps/@?api=1&map_action=pano&viewpoint=32.771708,-96.802523"}},{"type":"Feature","geometry":{"type":"Polygon","coordinates":[[[-96.80592777695166,32.77216018588614,0.0],[-96.80667895112246,32.7712114304045,0.0],[-96.806852331725,32.771272009989985,0.0],[-96.80694179445972,32.77129596751696,0.0],[-96.80716919790147,32.771344364971604,0.0],[-96.80726169698399,32.77137041001221,0.0],[-96.80743949978988,32.77143783693005,0.0],[-96.80752401028425,32.77147891799876,0.0],[-96.8066563437476,32.77257481378444,0.0],[-96.80592777695166,32.77216018588614,0.0]]]},"properties":{"group":"city","address":"501 MEMORIAL DR","owner":"DALLAS CITY OF","public":true,"acres":2.8,"stalls":379,"land_value":10482030,"improvement_value":2450,"deed_date":"01/20/1987","street_view":"https://www.google.com/maps/@?api=1&map_action=pano&viewpoint=32.771820,-96.806726"}},{"type":"Feature","geometry":{"type":"Polygon","coordinates":[[[-96.79440755658325,32.77897563861505,0.0],[-96.79480276720747,32.77889325961378,0.0],[-96.79494779994226,32.77928428940627,0.0],[-96.79455442259159,32.779371606665634,0.0],[-96.79440755658325,32.77897563861505,0.0]]]},"properties":{"group":"lot","address":"1818 WOOD ST","owner":"ST PAUL APARTMENTS VENTURE LLC","public":false,"acres":0.43,"stalls":55,"land_value":1217450,"improvement_value":0,"deed_date":"09/01/2022","street_view":"https://www.google.com/maps/@?api=1&map_action=pano&viewpoint=32.779131,-96.794678"}},{"type":"Feature","geometry":{"type":"Polygon","coordinates":[[[-96.79452274012338,32.774523474996876,0.0],[-96.79425872183103,32.77430065553338,0.0],[-96.79481148876681,32.77419956417938,0.0],[-96.79495498519165,32.774320669590814,0.0],[-96.79464068950483,32.77458646221417,0.0],[-96.79454437673331,32.77450517825094,0.0],[-96.79452274012338,32.774523474996876,0.0]]]},"properties":{"group":"lot","address":"910 BROWDER ST","owner":"UNIVERSAL CHURCH INC","public":false,"acres":0.36,"stalls":46,"land_value":627280,"improvement_value":0,"deed_date":"04/13/2018","street_view":"https://www.google.com/maps/@?api=1&map_action=pano&viewpoint=32.774397,-96.794615"}},{"type":"Feature","geometry":{"type":"Polygon","coordinates":[[[-96.80914407149545,32.77261134517649,0.0],[-96.80982925405063,32.77252538437821,0.0],[-96.80992950614174,32.773049294233125,0.0],[-96.81008201818872,32.773916996599745,0.0],[-96.80913913133683,32.77411011939581,0.0],[-96.80910764372872,32.77398874333294,0.0],[-96.80908776268187,32.7738846841789,0.0],[-96.80907428222943,32.773779895294325,0.0],[-96.8090672384713,32.773674657474515,0.0],[-96.80906665025911,32.77356925271671,0.0],[-96.80914407149545,32.77261134517649,0.0]]]},"properties":{"group":"lot","address":"701 SPORTS ST","owner":"HUNT REUNION HOLDINGS INC","public":false,"acres":3.24,"stalls":412,"land_value":11272640,"improvement_value":0,"deed_date":"12/24/1997","street_view":"https://www.google.com/maps/@?api=1&map_action=pano&viewpoint=32.773257,-96.809529"}},{"type":"Feature","geometry":{"type":"Polygon","coordinates":[[[-96.80914210094113,32.77255192426963,0.0],[-96.8098183504913,32.772467090145156,0.0],[-96.80982925405063,32.77252538437821,0.0],[-96.80914407149545,32.77261134517649,0.0],[-96.80914210094113,32.77255192426963,0.0]]]},"properties":{"group":"lot","address":"703 SPORTS ST","owner":"HUNT REUNION HOLDINGS INC","public":false,"acres":0.1,"stalls":14,"land_value":363120,"improvement_value":0,"deed_date":"12/30/1997","street_view":"https://www.google.com/maps/@?api=1&map_action=pano&viewpoint=32.772539,-96.809486"}},{"type":"Feature","geometry":{"type":"Polygon","coordinates":[[[-96.80787537388134,32.77142225808622,0.0],[-96.80822157094292,32.77099171228446,0.0],[-96.8090815011744,32.77148541363736,0.0],[-96.80917665308979,32.771544138229544,0.0],[-96.80926685462015,32.771608196872535,0.0],[-96.80935168760908,32.77167729261108,0.0],[-96.80943075878427,32.771751105138755,0.0],[-96.80950370158071,32.771829292282746,0.0],[-96.80957017784,32.771911491589925,0.0],[-96.80962987937819,32.771997322006975,0.0],[-96.80968252941462,32.77208638564653,0.0],[-96.80972788385523,32.77217826963169,0.0],[-96.80976573242457,32.772272548009774,0.0],[-96.80979589964085,32.772368783727025,0.0],[-96.8098183504913,32.772467090145156,0.0],[-96.80914210094113,32.77255192426963,0.0],[-96.80913098169816,32.77247326311807,0.0],[-96.80911153204109,32.77239576588755,0.0],[-96.80908390969279,32.772320060939464,0.0],[-96.80904833864018,32.77224676210152,0.0],[-96.80900510731752,32.77217646369076,0.0],[-96.8089545662672,32.77210973569509,0.0],[-96.80889712529704,32.772047119151715,0.0],[-96.80883325015715,32.77198912176072,0.0],[-96.8087634587634,32.77193621376882,0.0],[-96.80868831699792,32.77188882415665,0.0],[-96.80787537388134,32.77142225808622,0.0]]]},"properties":{"group":"lot","address":"500 S STEMMONS FWY","owner":"HUNT REUNION HOLDINGS INC","public":false,"acres":3.0,"stalls":397,"land_value":10483680,"improvement_value":0,"deed_date":"12/30/1997","street_view":"https://www.google.com/maps/@?api=1&map_action=pano&viewpoint=32.771764,-96.808954"}},{"type":"Feature","geometry":{"type":"Polygon","coordinates":[[[-96.79339105177026,32.77873592428635,0.0],[-96.79424978033819,32.77855055622247,0.0],[-96.79440755658325,32.77897563861505,0.0],[-96.79432499126607,32.77899189686855,0.0],[-96.79437181208661,32.779123519774394,0.0],[-96.79435601919444,32.77912682061557,0.0],[-96.79445007017873,32.77939122248819,0.0],[-96.79352660023227,32.779586611208174,0.0],[-96.7934722286741,32.77957345286498,0.0],[-96.79296284463659,32.77912536585821,0.0],[-96.79295741598722,32.7790608566373,0.0],[-96.7930756967182,32.7789217807523,0.0],[-96.7931289063309,32.77887390221087,0.0],[-96.79318770675157,32.77883094348014,0.0],[-96.79325146385524,32.778793367837,0.0],[-96.7933194900657,32.77876158050537,0.0],[-96.79339105177026,32.77873592428635,0.0]]]},"properties":{"group":"garage","address":"1835 YOUNG ST","owner":"FIRST PRESBYTERIAN CHURCH","public":false,"acres":2.67,"stalls":null,"land_value":8109290,"improvement_value":10278530,"deed_date":"","street_view":"https://www.google.com/maps/@?api=1&map_action=pano&viewpoint=32.779027,-96.793667"}},{"type":"Feature","geometry":{"type":"Polygon","coordinates":[[[-96.80162618390536,32.78272540495745,0.0],[-96.80147401418118,32.782834958945465,0.0],[-96.80131905313071,32.78267873226211,0.0],[-96.80144116820848,32.78259045003147,0.0],[-96.801453702851,32.78260309525012,0.0],[-96.8015695613026,32.78252007579414,0.0],[-96.80162618390536,32.78272540495745,0.0]]]},"properties":{"group":"lot","address":"1310 PATTERSON AVE","owner":"CITY PARK LOT LP","public":false,"acres":0.13,"stalls":18,"land_value":632590,"improvement_value":0,"deed_date":"03/15/2006","street_view":"https://www.google.com/maps/@?api=1&map_action=pano&viewpoint=32.782642,-96.801488"}},{"type":"Feature","geometry":{"type":"Polygon","coordinates":[[[-96.80144116820848,32.78259045003147,0.0],[-96.80131905313071,32.78267873226211,0.0],[-96.80116496356236,32.782523249915144,0.0],[-96.80128692533044,32.78243481316664,0.0],[-96.80144116820848,32.78259045003147,0.0]]]},"properties":{"group":"lot","address":"1317 FEDERAL ST","owner":"J&D MERRIMAN LTD","public":false,"acres":0.08,"stalls":11,"land_value":438480,"improvement_value":0,"deed_date":"08/29/2014","street_view":"https://www.google.com/maps/@?api=1&map_action=pano&viewpoint=32.782557,-96.801303"}},{"type":"Feature","geometry":{"type":"Polygon","coordinates":[[[-96.8014085183826,32.78234768945443,0.0],[-96.80156067171208,32.78250121656625,0.0],[-96.8015695613026,32.78252007579414,0.0],[-96.801453702851,32.78260309525012,0.0],[-96.80128692533044,32.78243481316664,0.0],[-96.8014085183826,32.78234768945443,0.0]]]},"properties":{"group":"lot","address":"1313 FEDERAL ST","owner":"J&D MERRIMAN LTD","public":false,"acres":0.09,"stalls":12,"land_value":474600,"improvement_value":0,"deed_date":"08/29/2014","street_view":"https://www.google.com/maps/@?api=1&map_action=pano&viewpoint=32.782468,-96.801424"}},{"type":"Feature","geometry":{"type":"Polygon","coordinates":[[[-96.80150272541876,32.78227962215111,0.0],[-96.80156067171208,32.78250121656625,0.0],[-96.8014085183826,32.78234768945443,0.0],[-96.80150272541876,32.78227962215111,0.0]]]},"properties":{"group":"lot","address":"1311 FEDERAL ST","owner":"J&D MERRIMAN LTD","public":false,"acres":0.03,"stalls":4,"land_value":166200,"improvement_value":0,"deed_date":"08/29/2014","street_view":"https://www.google.com/maps/@?api=1&map_action=pano&viewpoint=32.782425,-96.801513"}},{"type":"Feature","geometry":{"type":"Polygon","coordinates":[[[-96.80662384554893,32.77022402791204,0.0],[-96.80556672743784,32.77156544007323,0.0],[-96.80379598078991,32.76995815908249,0.0],[-96.8042930623297,32.769825642848446,0.0],[-96.80494100693157,32.76977512922801,0.0],[-96.80558689842478,32.76984182345633,0.0],[-96.80575815915431,32.76988310778518,0.0],[-96.80661739568903,32.77020529984645,0.0],[-96.80662384554893,32.77022402791204,0.0]]]},"properties":{"group":"city","address":"700 S STEMMONS FWY","owner":"DALLAS CITY OF","public":true,"acres":6.64,"stalls":897,"land_value":24576730,"improvement_value":0,"deed_date":"12/18/2012","street_view":"https://www.google.com/maps/@?api=1&map_action=pano&viewpoint=32.770886,-96.805452"}},{"type":"Feature","geometry":{"type":"Polygon","coordinates":[[[-96.79212165012584,32.78123842823205,0.0],[-96.79167962208548,32.781331479235654,0.0],[-96.79160901591399,32.78109212819613,0.0],[-96.79196396800661,32.78087162230765,0.0],[-96.79201753363554,32.78088551248747,0.0],[-96.79212165012584,32.78123842823205,0.0]]]},"properties":{"group":"lot","address":"2104 COMMERCE ST","owner":"2105 COMMERCE LP","public":false,"acres":0.38,"stalls":45,"land_value":1433430,"improvement_value":0,"deed_date":"09/01/2015","street_view":"https://www.google.com/maps/@?api=1&map_action=pano&viewpoint=32.781165,-96.791865"}},{"type":"Feature","geometry":{"type":"Polygon","coordinates":[[[-96.80681619627913,32.771038081941434,0.0],[-96.80724729055005,32.77049358214667,0.0],[-96.8079930176059,32.77088652985484,0.0],[-96.80765974876037,32.7713074711056,0.0],[-96.80752909284254,32.77124480064628,0.0],[-96.8073332591785,32.77117299744666,0.0],[-96.80723173500812,32.77114500826675,0.0],[-96.80699423986475,32.771094148947974,0.0],[-96.80681619627913,32.771038081941434,0.0]]]},"properties":{"group":"city","address":"500 S STEMMONS FWY","owner":"DALLAS CITY OF","public":true,"acres":1.28,"stalls":163,"land_value":4828850,"improvement_value":2450,"deed_date":"01/20/1987","street_view":"https://www.google.com/maps/@?api=1&map_action=pano&viewpoint=32.770962,-96.807405"}},{"type":"Feature","geometry":{"type":"Polygon","coordinates":[[[-96.79233537742472,32.78221583969614,0.0],[-96.79240689533462,32.78245573473304,0.0],[-96.79208724965224,32.78252373415867,0.0],[-96.79201573420487,32.78228383758739,0.0],[-96.79233537742472,32.78221583969614,0.0]]]},"properties":{"group":"lot","address":"2101 MAIN ST","owner":"42 EADO LP","public":false,"acres":0.21,"stalls":24,"land_value":797740,"improvement_value":0,"deed_date":"02/12/2016","street_view":"https://www.google.com/maps/@?api=1&map_action=pano&viewpoint=32.782370,-96.792211"}},{"type":"Feature","geometry":{"type":"Polygon","coordinates":[[[-96.79225783851035,32.78279992269164,0.0],[-96.7920998760594,32.7828328496106,0.0],[-96.79202835870198,32.78259295303005,0.0],[-96.79218613122647,32.78255938993173,0.0],[-96.79225783851035,32.78279992269164,0.0]]]},"properties":{"group":"lot","address":"2206 ELM ST","owner":"42 EADO LP","public":false,"acres":0.1,"stalls":12,"land_value":393750,"improvement_value":0,"deed_date":"02/13/2019","street_view":"https://www.google.com/maps/@?api=1&map_action=pano&viewpoint=32.782696,-96.792143"}},{"type":"Feature","geometry":{"type":"Polygon","coordinates":[[[-96.7920998760594,32.7828328496106,0.0],[-96.79202099039253,32.782849629766694,0.0],[-96.7919494732084,32.78260973451525,0.0],[-96.79202835870198,32.78259295303005,0.0],[-96.7920998760594,32.7828328496106,0.0]]]},"properties":{"group":"lot","address":"2210 ELM ST","owner":"DPC CEDARS LLC","public":false,"acres":0.05,"stalls":7,"land_value":196880,"improvement_value":0,"deed_date":"06/26/2019","street_view":"https://www.google.com/maps/@?api=1&map_action=pano&viewpoint=32.782721,-96.792025"}},{"type":"Feature","geometry":{"type":"Polygon","coordinates":[[[-96.79202099039253,32.782849629766694,0.0],[-96.79194210466932,32.7828664112469,0.0],[-96.79187058768491,32.78262651595044,0.0],[-96.7919494732084,32.78260973451525,0.0],[-96.79202099039253,32.782849629766694,0.0]]]},"properties":{"group":"lot","address":"2212 ELM ST","owner":"DPC CEDARS LLC","public":false,"acres":0.05,"stalls":7,"land_value":196880,"improvement_value":0,"deed_date":"06/26/2019","street_view":"https://www.google.com/maps/@?api=1&map_action=pano&viewpoint=32.782738,-96.791946"}},{"type":"Feature","geometry":{"type":"Polygon","coordinates":[[[-96.79194210466932,32.7828664112469,0.0],[-96.79186321728955,32.78288319265473,0.0],[-96.79179170050487,32.782643297313186,0.0],[-96.79187058768491,32.78262651595044,0.0],[-96.79194210466932,32.7828664112469,0.0]]]},"properties":{"group":"lot","address":"2214 ELM ST","owner":"DPC CEDARS LLC","public":false,"acres":0.05,"stalls":7,"land_value":196880,"improvement_value":0,"deed_date":"06/26/2019","street_view":"https://www.google.com/maps/@?api=1&map_action=pano&viewpoint=32.782755,-96.791867"}},{"type":"Feature","geometry":{"type":"Polygon","coordinates":[[[-96.79170544569406,32.78291675536483,0.0],[-96.79162655985152,32.782933536644805,0.0],[-96.79155504369248,32.78269363979397,0.0],[-96.79163392933529,32.78267685855902,0.0],[-96.79170544569406,32.78291675536483,0.0]]]},"properties":{"group":"lot","address":"2220 ELM ST","owner":"42 EADO LP","public":false,"acres":0.05,"stalls":5,"land_value":196880,"improvement_value":0,"deed_date":"04/27/2016","street_view":"https://www.google.com/maps/@?api=1&map_action=pano&viewpoint=32.782805,-96.791630"}},{"type":"Feature","geometry":{"type":"Polygon","coordinates":[[[-96.79567258737087,32.78821553128274,0.0],[-96.79533858434601,32.78848831629657,0.0],[-96.79529241217405,32.78848810399706,0.0],[-96.7947834420893,32.78805251627354,0.0],[-96.79516290944586,32.78774808303294,0.0],[-96.79567259573922,32.78817688739307,0.0],[-96.79567258737087,32.78821553128274,0.0]]]},"properties":{"group":"lot","address":"724 CROCKETT ST","owner":"SPIRE DEVELOPMENT HOLDINGS LLC","public":false,"acres":0.86,"stalls":115,"land_value":4328030,"improvement_value":0,"deed_date":"03/14/2013","street_view":"https://www.google.com/maps/@?api=1&map_action=pano&viewpoint=32.788115,-96.795227"}},{"type":"Feature","geometry":{"type":"Polygon","coordinates":[[[-96.79186321728955,32.78288319265473,0.0],[-96.79170544569406,32.78291675536483,0.0],[-96.79163392933529,32.78267685855902,0.0],[-96.79179170050487,32.782643297313186,0.0],[-96.79186321728955,32.78288319265473,0.0]]]},"properties":{"group":"lot","address":"2216 ELM ST","owner":"42 EADO LP","public":false,"acres":0.1,"stalls":14,"land_value":393750,"improvement_value":0,"deed_date":"04/27/2016","street_view":"https://www.google.com/maps/@?api=1&map_action=pano&viewpoint=32.782780,-96.791749"}},{"type":"Feature","geometry":{"type":"Polygon","coordinates":[[[-96.79185899328851,32.78207668315213,0.0],[-96.79162165834629,32.782127085152936,0.0],[-96.79155608215146,32.781887183287125,0.0],[-96.79179347739296,32.781836914203765,0.0],[-96.79185899328851,32.78207668315213,0.0]]]},"properties":{"group":"lot","address":"2110 MAIN ST","owner":"42 DOWNTOWN DALLAS LP","public":false,"acres":0.15,"stalls":18,"land_value":590010,"improvement_value":0,"deed_date":"02/18/2020","street_view":"https://www.google.com/maps/@?api=1&map_action=pano&viewpoint=32.781982,-96.791708"}},{"type":"Feature","geometry":{"type":"Polygon","coordinates":[[[-96.79140252932037,32.781919844119216,0.0],[-96.79155608215146,32.781887183287125,0.0],[-96.79162165834629,32.782127085152936,0.0],[-96.79146807569764,32.78215966868638,0.0],[-96.79140252932037,32.781919844119216,0.0]]]},"properties":{"group":"lot","address":"2114 MAIN ST","owner":"W&K REAL ESTATE LIMITED","public":false,"acres":0.1,"stalls":12,"land_value":427030,"improvement_value":0,"deed_date":"03/11/2022","street_view":"https://www.google.com/maps/@?api=1&map_action=pano&viewpoint=32.782023,-96.791512"}},{"type":"Feature","geometry":{"type":"Polygon","coordinates":[[[-96.80375937660916,32.78289849394011,0.0],[-96.80365510408753,32.78280215369135,0.0],[-96.80372293659065,32.78274547867492,0.0],[-96.80375937660916,32.78289849394011,0.0]]]},"properties":{"group":"lot","address":"1110 ROSS AVE","owner":"TANGO RF LLC","public":false,"acres":0.02,"stalls":2,"land_value":78410,"improvement_value":0,"deed_date":"03/19/2020","street_view":"https://www.google.com/maps/@?api=1&map_action=pano&viewpoint=32.782851,-96.803728"}},{"type":"Feature","geometry":{"type":"Polygon","coordinates":[[[-96.80378735769054,32.78302133662248,0.0],[-96.80368141114738,32.78310814412531,0.0],[-96.80348348852198,32.78291707084977,0.0],[-96.8036000092888,32.78281532900267,0.0],[-96.803618655279,32.78283260848868,0.0],[-96.80365510408753,32.78280215369135,0.0],[-96.80375937660916,32.78289849394011,0.0],[-96.80378735769054,32.78302133662248,0.0]]]},"properties":{"group":"lot","address":"1110 ROSS AVE","owner":"TANGO RF LLC","public":false,"acres":0.13,"stalls":16,"land_value":612560,"improvement_value":0,"deed_date":"03/19/2020","street_view":"https://www.google.com/maps/@?api=1&map_action=pano&viewpoint=32.782969,-96.803656"}},{"type":"Feature","geometry":{"type":"Polygon","coordinates":[[[-96.80326498489889,32.78270452643186,0.0],[-96.80337528072998,32.7826070874067,0.0],[-96.8036000092888,32.78281532900267,0.0],[-96.80348348852198,32.78291707084977,0.0],[-96.80326498489889,32.78270452643186,0.0]]]},"properties":{"group":"lot","address":"1115 SAN JACINTO ST","owner":"TANGO RF LLC","public":false,"acres":0.12,"stalls":16,"land_value":600000,"improvement_value":0,"deed_date":"03/19/2020","street_view":"https://www.google.com/maps/@?api=1&map_action=pano&viewpoint=32.782760,-96.803431"}},{"type":"Feature","geometry":{"type":"Polygon","coordinates":[[[-96.80676145605945,32.779953824504624,0.0],[-96.80691718257862,32.779921531805016,0.0],[-96.80707102858543,32.78045570045936,0.0],[-96.80691808004661,32.7804874126407,0.0],[-96.80676145605945,32.779953824504624,0.0]]]},"properties":{"group":"lot","address":"605 ELM ST","owner":"609 ELM LLC","public":false,"acres":0.22,"stalls":26,"land_value":1164600,"improvement_value":48970,"deed_date":"01/08/2015","street_view":"https://www.google.com/maps/@?api=1&map_action=pano&viewpoint=32.780122,-96.806892"}},{"type":"Feature","geometry":{"type":"Polygon","coordinates":[[[-96.79253210436762,32.7811520224258,0.0],[-96.79245317134134,32.78116863998966,0.0],[-96.79238235853256,32.780928595177855,0.0],[-96.7924612913586,32.780911977658675,0.0],[-96.79253210436762,32.7811520224258,0.0]]]},"properties":{"group":"lot","address":"2036 COMMERCE ST","owner":"MOOSEPUP CRE LLC","public":false,"acres":0.05,"stalls":4,"land_value":225000,"improvement_value":0,"deed_date":"03/27/2024","street_view":"https://www.google.com/maps/@?api=1&map_action=pano&viewpoint=32.781040,-96.792457"}},{"type":"Feature","geometry":{"type":"Polygon","coordinates":[[[-96.79261103896468,32.781135406208406,0.0],[-96.79254022412864,32.780895361463536,0.0],[-96.79261942268099,32.78087964507334,0.0],[-96.7926899719054,32.78111878991855,0.0],[-96.79261103896468,32.781135406208406,0.0]]]},"properties":{"group":"lot","address":"2030 COMMERCE ST","owner":"CADG 2026 COMMERCE LLC","public":false,"acres":0.05,"stalls":7,"land_value":213750,"improvement_value":0,"deed_date":"11/25/2013","street_view":"https://www.google.com/maps/@?api=1&map_action=pano&viewpoint=32.781007,-96.792615"}},{"type":"Feature","geometry":{"type":"Polygon","coordinates":[[[-96.79261103896468,32.781135406208406,0.0],[-96.79253210436762,32.7811520224258,0.0],[-96.7924612913586,32.780911977658675,0.0],[-96.79254022412864,32.780895361463536,0.0],[-96.79261103896468,32.781135406208406,0.0]]]},"properties":{"group":"lot","address":"2032 COMMERCE ST","owner":"CADG 2026 COMMERCE LLC","public":false,"acres":0.05,"stalls":7,"land_value":213750,"improvement_value":0,"deed_date":"11/25/2013","street_view":"https://www.google.com/maps/@?api=1&map_action=pano&viewpoint=32.781024,-96.792536"}},{"type":"Feature","geometry":{"type":"Polygon","coordinates":[[[-96.79292677220344,32.78106893939633,0.0],[-96.79285622245983,32.78082979056198,0.0],[-96.79296665828191,32.780805742797675,0.0],[-96.79303727782663,32.78104567601647,0.0],[-96.79292677220344,32.78106893939633,0.0]]]},"properties":{"group":"lot","address":"2022 COMMERCE ST","owner":"2008 COMMERCE LLC","public":false,"acres":0.07,"stalls":7,"land_value":287190,"improvement_value":0,"deed_date":"12/12/2017","street_view":"https://www.google.com/maps/@?api=1&map_action=pano&viewpoint=32.780938,-96.792947"}},{"type":"Feature","geometry":{"type":"Polygon","coordinates":[[[-96.79296665828191,32.780805742797675,0.0],[-96.79304542708564,32.78078858933427,0.0],[-96.7931162122345,32.78102905947827,0.0],[-96.79303727782663,32.78104567601647,0.0],[-96.79296665828191,32.780805742797675,0.0]]]},"properties":{"group":"lot","address":"2020 COMMERCE ST","owner":"2008 COMMERCE LLC","public":false,"acres":0.05,"stalls":7,"land_value":237500,"improvement_value":0,"deed_date":"12/12/2017","street_view":"https://www.google.com/maps/@?api=1&map_action=pano&viewpoint=32.780917,-96.793041"}},{"type":"Feature","geometry":{"type":"Polygon","coordinates":[[[-96.7976789305628,32.78030430783725,0.0],[-96.79783990476854,32.78026908528489,0.0],[-96.79791771657503,32.78053757676376,0.0],[-96.79775993892747,32.78057052706897,0.0],[-96.7976789305628,32.78030430783725,0.0]]]},"properties":{"group":"lot","address":"1523 COMMERCE ST","owner":"1530 MAIN LP","public":false,"acres":0.12,"stalls":10,"land_value":475000,"improvement_value":0,"deed_date":"03/11/2015","street_view":"https://www.google.com/maps/@?api=1&map_action=pano&viewpoint=32.780421,-96.797799"}},{"type":"Feature","geometry":{"type":"Polygon","coordinates":[[[-96.79783990476854,32.78026908528489,0.0],[-96.79799752533928,32.78023649011749,0.0],[-96.79807591071257,32.78050453849111,0.0],[-96.79791771657503,32.78053757676376,0.0],[-96.79783990476854,32.78026908528489,0.0]]]},"properties":{"group":"lot","address":"1517 COMMERCE ST","owner":"1530 MAIN LP","public":false,"acres":0.12,"stalls":14,"land_value":475000,"improvement_value":0,"deed_date":"03/11/2015","street_view":"https://www.google.com/maps/@?api=1&map_action=pano&viewpoint=32.780387,-96.797958"}},{"type":"Feature","geometry":{"type":"Polygon","coordinates":[[[-96.79799752533928,32.78023649011749,0.0],[-96.7981529498359,32.780205301097766,0.0],[-96.7982310415255,32.78047214124572,0.0],[-96.79807591071257,32.78050453849111,0.0],[-96.79799752533928,32.78023649011749,0.0]]]},"properties":{"group":"lot","address":"1513 COMMERCE ST","owner":"1530 MAIN LP","public":false,"acres":0.11,"stalls":13,"land_value":475000,"improvement_value":0,"deed_date":"03/11/2015","street_view":"https://www.google.com/maps/@?api=1&map_action=pano&viewpoint=32.780354,-96.798114"}},{"type":"Feature","geometry":{"type":"Polygon","coordinates":[[[-96.8046806257053,32.781814560061335,0.0],[-96.80468637282515,32.78183985857312,0.0],[-96.80463870556943,32.78187967257115,0.0],[-96.8044352879075,32.78166743621341,0.0],[-96.80449027159082,32.78161864455353,0.0],[-96.8046806257053,32.781814560061335,0.0]]]},"properties":{"group":"lot","address":"909 SAN JACINTO ST","owner":"1001 SAN JACINTO LLC","public":false,"acres":0.06,"stalls":6,"land_value":273130,"improvement_value":0,"deed_date":"05/27/2022","street_view":"https://www.google.com/maps/@?api=1&map_action=pano&viewpoint=32.781740,-96.804557"}},{"type":"Feature","geometry":{"type":"Polygon","coordinates":[[[-96.79214288397303,32.78327174377061,0.0],[-96.79233242292555,32.78323265258393,0.0],[-96.79235117238859,32.78333297576986,0.0],[-96.79217180831937,32.7833718892063,0.0],[-96.79214288397303,32.78327174377061,0.0]]]},"properties":{"group":"lot","address":"210 S PEARL EXPY","owner":"OCONNORPACIFIC AVE","public":false,"acres":0.05,"stalls":7,"land_value":189530,"improvement_value":0,"deed_date":"09/16/2025","street_view":"https://www.google.com/maps/@?api=1&map_action=pano&viewpoint=32.783302,-96.792248"}},{"type":"Feature","geometry":{"type":"Polygon","coordinates":[[[-96.79223923291148,32.783025510903926,0.0],[-96.79230047773473,32.78323755263862,0.0],[-96.79222168169566,32.783254647553655,0.0],[-96.7921602035989,32.78304179983826,0.0],[-96.79223923291148,32.783025510903926,0.0]]]},"properties":{"group":"lot","address":"2205 ELM ST","owner":"42 EADO LP","public":false,"acres":0.05,"stalls":6,"land_value":175000,"improvement_value":0,"deed_date":"04/27/2016","street_view":"https://www.google.com/maps/@?api=1&map_action=pano&viewpoint=32.783140,-96.792230"}},{"type":"Feature","geometry":{"type":"Polygon","coordinates":[[[-96.79214288397303,32.78327174377061,0.0],[-96.79224221430404,32.783615642514505,0.0],[-96.79216395785504,32.783634612818034,0.0],[-96.79206384511247,32.783288009148194,0.0],[-96.79214288397303,32.78327174377061,0.0]]]},"properties":{"group":"lot","address":"2208 PACIFIC AVE","owner":"OCONNORPACIFIC AVE","public":false,"acres":0.07,"stalls":10,"land_value":275630,"improvement_value":0,"deed_date":"09/16/2025","street_view":"https://www.google.com/maps/@?api=1&map_action=pano&viewpoint=32.783452,-96.792153"}},{"type":"Feature","geometry":{"type":"Polygon","coordinates":[[[-96.79174497578424,32.783353716029424,0.0],[-96.79206384511247,32.783288009148194,0.0],[-96.79216395785504,32.783634612818034,0.0],[-96.79184645560727,32.78371444848346,0.0],[-96.79174497578424,32.783353716029424,0.0]]]},"properties":{"group":"lot","address":"2210 PACIFIC AVE","owner":"OCONNORPACIFIC AVE","public":false,"acres":0.31,"stalls":40,"land_value":1102500,"improvement_value":0,"deed_date":"09/16/2025","street_view":"https://www.google.com/maps/@?api=1&map_action=pano&viewpoint=32.783494,-96.791954"}},{"type":"Feature","geometry":{"type":"Polygon","coordinates":[[[-96.79206384511247,32.783288009148194,0.0],[-96.79200214158024,32.783074380259905,0.0],[-96.7921602035989,32.78304179983826,0.0],[-96.79222168169566,32.783254647553655,0.0],[-96.79206384511247,32.783288009148194,0.0]]]},"properties":{"group":"lot","address":"2209 ELM ST","owner":"OCONNORPACIFIC AVE","public":false,"acres":0.09,"stalls":12,"land_value":350000,"improvement_value":0,"deed_date":"09/16/2025","street_view":"https://www.google.com/maps/@?api=1&map_action=pano&viewpoint=32.783165,-96.792112"}},{"type":"Feature","geometry":{"type":"Polygon","coordinates":[[[-96.79192309838614,32.78309062486852,0.0],[-96.79198481553392,32.783304297970744,0.0],[-96.7919057826728,32.783320586698366,0.0],[-96.79184405508373,32.78310687354943,0.0],[-96.79192309838614,32.78309062486852,0.0]]]},"properties":{"group":"lot","address":"2213 ELM ST","owner":"OCONNORPACIFIC AVE","public":false,"acres":0.05,"stalls":6,"land_value":175000,"improvement_value":0,"deed_date":"09/16/2025","street_view":"https://www.google.com/maps/@?api=1&map_action=pano&viewpoint=32.783206,-96.791914"}},{"type":"Feature","geometry":{"type":"Polygon","coordinates":[[[-96.79200214158024,32.783074380259905,0.0],[-96.79206384511247,32.783288009148194,0.0],[-96.79198481553392,32.783304297970744,0.0],[-96.79192309838614,32.78309062486852,0.0],[-96.79200214158024,32.783074380259905,0.0]]]},"properties":{"group":"lot","address":"2211 ELM ST","owner":"OCONNORPACIFIC AVE","public":false,"acres":0.05,"stalls":6,"land_value":175000,"improvement_value":0,"deed_date":"09/16/2025","street_view":"https://www.google.com/maps/@?api=1&map_action=pano&viewpoint=32.783189,-96.791993"}},{"type":"Feature","geometry":{"type":"Polygon","coordinates":[[[-96.79184405508373,32.78310687354943,0.0],[-96.7919057826728,32.783320586698366,0.0],[-96.79174497578424,32.783353716029424,0.0],[-96.79168513629975,32.78314100741256,0.0],[-96.79184405508373,32.78310687354943,0.0]]]},"properties":{"group":"lot","address":"2217 ELM ST","owner":"OCONNORPACIFIC AVE","public":false,"acres":0.09,"stalls":12,"land_value":350000,"improvement_value":0,"deed_date":"09/16/2025","street_view":"https://www.google.com/maps/@?api=1&map_action=pano&viewpoint=32.783231,-96.791795"}},{"type":"Feature","geometry":{"type":"Polygon","coordinates":[[[-96.79223923291148,32.783025510903926,0.0],[-96.79228632863621,32.78301580457579,0.0],[-96.79231628588674,32.783036747592604,0.0],[-96.79232165060665,32.78316772122409,0.0],[-96.79233242292555,32.78323265258393,0.0],[-96.79230093695402,32.78323914104955,0.0],[-96.79223923291148,32.783025510903926,0.0]]]},"properties":{"group":"lot","address":"2203 ELM ST","owner":"42 EADO LP","public":false,"acres":0.03,"stalls":4,"land_value":106310,"improvement_value":0,"deed_date":"04/27/2016","street_view":"https://www.google.com/maps/@?api=1&map_action=pano&viewpoint=32.783135,-96.792295"}},{"type":"Feature","geometry":{"type":"Polygon","coordinates":[[[-96.79217180831937,32.7833718892063,0.0],[-96.79235117238859,32.78333297576986,0.0],[-96.79239409866827,32.78351465642017,0.0],[-96.79238734860682,32.783536577112685,0.0],[-96.79235277101603,32.78358778528962,0.0],[-96.79224221430404,32.783615642514505,0.0],[-96.79217180831937,32.7833718892063,0.0]]]},"properties":{"group":"lot","address":"2200 PACIFIC AVE","owner":"OCONNORPACIFIC AVE","public":false,"acres":0.11,"stalls":15,"land_value":418160,"improvement_value":0,"deed_date":"09/16/2025","street_view":"https://www.google.com/maps/@?api=1&map_action=pano&viewpoint=32.783443,-96.792285"}},{"type":"Feature","geometry":{"type":"Polygon","coordinates":[[[-96.79441545912367,32.78791369217671,0.0],[-96.79447056158779,32.7879622436379,0.0],[-96.793769229999,32.78857858647031,0.0],[-96.79371395505991,32.78853198006748,0.0],[-96.79441545912367,32.78791369217671,0.0]]]},"properties":{"group":"lot","address":"1015 HAWKINS ST","owner":"SPIRE DEVELOPMENT HOLDINGS LLC","public":false,"acres":0.17,"stalls":24,"land_value":841690,"improvement_value":0,"deed_date":"03/14/2013","street_view":"https://www.google.com/maps/@?api=1&map_action=pano&viewpoint=32.788247,-96.794092"}},{"type":"Feature","geometry":{"type":"Polygon","coordinates":[[[-96.79447056158779,32.7879622436379,0.0],[-96.79517034630753,32.788578837333354,0.0],[-96.79517016362466,32.78861764927887,0.0],[-96.7944894875224,32.78918589250669,0.0],[-96.793769229999,32.78857858647031,0.0],[-96.79447056158779,32.7879622436379,0.0]]]},"properties":{"group":"lot","address":"770 LEONARD ST","owner":"SPIRE DEVELOPMENT HOLDINGS LLC","public":false,"acres":2.23,"stalls":301,"land_value":10985610,"improvement_value":0,"deed_date":"03/14/2013","street_view":"https://www.google.com/maps/@?api=1&map_action=pano&viewpoint=32.788579,-96.794475"}},{"type":"Feature","geometry":{"type":"Polygon","coordinates":[[[-96.79409974271856,32.789713299235856,0.0],[-96.79431546441005,32.78953736226058,0.0],[-96.79436230053152,32.78953777233433,0.0],[-96.7943391596475,32.78951823878806,0.0],[-96.79445989985078,32.78941903597639,0.0],[-96.79448304073546,32.78943856950035,0.0],[-96.79447966021608,32.78940253475594,0.0],[-96.79454905956487,32.78934458304145,0.0],[-96.7948400120834,32.78959675674827,0.0],[-96.79504480904544,32.78969218018367,0.0],[-96.79516610517013,32.789714007645934,0.0],[-96.79516615617634,32.78975914434767,0.0],[-96.79517291956603,32.78980391808384,0.0],[-96.79518628819586,32.789847619497564,0.0],[-96.79520605027392,32.78988955622002,0.0],[-96.79523189271458,32.78992906383964,0.0],[-96.79526072649128,32.78995321731434,0.0],[-96.79528626653558,32.789961212398204,0.0],[-96.79531350153316,32.78996153107817,0.0],[-96.79533929397394,32.78995413664187,0.0],[-96.79536067253352,32.78993988093863,0.0],[-96.79539305795457,32.78989582280767,0.0],[-96.79541251947556,32.78985894494502,0.0],[-96.7954364933498,32.78978090053379,0.0],[-96.7954739782574,32.78978616217005,0.0],[-96.79549195556547,32.78979415770474,0.0],[-96.79556973210337,32.78986061399479,0.0],[-96.79490172803774,32.79041350906175,0.0],[-96.79480917989257,32.790412745965,0.0],[-96.79408151962362,32.789786022580074,0.0],[-96.79409974271856,32.789713299235856,0.0]]]},"properties":{"group":"lot","address":"2520 ROSS AVE","owner":"2500 ROSS DEVELOPMENT LP","public":false,"acres":1.87,"stalls":178,"land_value":9257390,"improvement_value":0,"deed_date":"12/20/2021","street_view":"https://www.google.com/maps/@?api=1&map_action=pano&viewpoint=32.789866,-96.794682"}},{"type":"Feature","geometry":{"type":"Polygon","coordinates":[[[-96.79518821551498,32.789650067188425,0.0],[-96.79521298341344,32.789620329513134,0.0],[-96.79524787922603,32.78959904092307,0.0],[-96.79526796506032,32.78959233643827,0.0],[-96.79531066311932,32.78958772483749,0.0],[-96.79535280712282,32.7895951278732,0.0],[-96.7953897883281,32.789613735971585,0.0],[-96.79540504428587,32.78962664861253,0.0],[-96.79542699858177,32.78965792352021,0.0],[-96.7954330925423,32.7896754248277,0.0],[-96.79553999852347,32.789696728217265,0.0],[-96.79565344809942,32.78979123472026,0.0],[-96.79556973210337,32.78986061399479,0.0],[-96.79549195556547,32.78979415770477,0.0],[-96.7954739782574,32.78978616217005,0.0],[-96.7954364933498,32.78978090053379,0.0],[-96.79541251947556,32.78985894494502,0.0],[-96.79539305795457,32.78989582280767,0.0],[-96.79536067253352,32.78993988093863,0.0],[-96.79533929397394,32.78995413664187,0.0],[-96.79531350153316,32.78996153107817,0.0],[-96.79528626653558,32.789961212398204,0.0],[-96.79526072649128,32.78995321731434,0.0],[-96.79523189271458,32.78992906383964,0.0],[-96.79520605027392,32.78988955622002,0.0],[-96.79518628819586,32.789847619497564,0.0],[-96.79517291956603,32.78980391808384,0.0],[-96.79516615617634,32.78975914434767,0.0],[-96.79516610517013,32.789714007645934,0.0],[-96.79504480904544,32.78969218018367,0.0],[-96.7948400120834,32.78959675674827,0.0],[-96.79454905956487,32.78934458304145,0.0],[-96.79460455980565,32.78929823704869,0.0],[-96.7948951489676,32.78955009637157,0.0],[-96.79506030127727,32.789627048003815,0.0],[-96.79518821551498,32.789650067188425,0.0]]]},"properties":{"group":"lot","address":"2 ROSS AVE","owner":"2500 ROSS DEVELOPMENT LP","public":false,"acres":0.39,"stalls":52,"land_value":1953620,"improvement_value":0,"deed_date":"12/20/2021","street_view":"https://www.google.com/maps/@?api=1&map_action=pano&viewpoint=32.789633,-96.795307"}},{"type":"Feature","geometry":{"type":"Polygon","coordinates":[[[-96.79565344809942,32.78979123472026,0.0],[-96.79553999852347,32.789696728217265,0.0],[-96.7954330925423,32.7896754248277,0.0],[-96.79542699858177,32.78965792352021,0.0],[-96.79540504428587,32.78962664861253,0.0],[-96.7953897883281,32.789613735971585,0.0],[-96.79535280712282,32.7895951278732,0.0],[-96.79531066311932,32.78958772483749,0.0],[-96.79526796506032,32.78959233643827,0.0],[-96.79524787922603,32.78959904092307,0.0],[-96.79521298341344,32.789620329513134,0.0],[-96.79518821551498,32.789650067188425,0.0],[-96.79506030127727,32.789627048003815,0.0],[-96.7948951489676,32.78955009637157,0.0],[-96.79460455980565,32.78929823704869,0.0],[-96.79528704689302,32.788728316330406,0.0],[-96.79533391130133,32.78872892574113,0.0],[-96.79572965049681,32.789058405904846,0.0],[-96.79529697307512,32.7894119512048,0.0],[-96.79568940005548,32.7897614392946,0.0],[-96.79565344809942,32.78979123472026,0.0]]]},"properties":{"group":"lot","address":"830 LEONARD ST","owner":"2500 ROSS DEVELOPMENT LP","public":false,"acres":1.42,"stalls":189,"land_value":6983150,"improvement_value":0,"deed_date":"12/20/2021","street_view":"https://www.google.com/maps/@?api=1&map_action=pano&viewpoint=32.789178,-96.795165"}},{"type":"Feature","geometry":{"type":"Polygon","coordinates":[[[-96.79373955112405,32.78735012317183,0.0],[-96.79441545912367,32.78791369217671,0.0],[-96.79371395505991,32.78853198006748,0.0],[-96.79317741144685,32.78898598950042,0.0],[-96.79301323884701,32.78884590757561,0.0],[-96.79299424012937,32.78842364982027,0.0],[-96.79320312176259,32.788249893006444,0.0],[-96.79312923186245,32.788096996905516,0.0],[-96.79333472331169,32.78764842411567,0.0],[-96.79373955112405,32.78735012317183,0.0]]]},"properties":{"group":"lot","address":"710 LEONARD ST","owner":"SPIRE DEVELOPMENT HOLDINGS LLC","public":false,"acres":2.94,"stalls":318,"land_value":14522200,"improvement_value":0,"deed_date":"03/14/2013","street_view":"https://www.google.com/maps/@?api=1&map_action=pano&viewpoint=32.788180,-96.793636"}},{"type":"Feature","geometry":{"type":"Polygon","coordinates":[[[-96.7944894875224,32.78918589250669,0.0],[-96.79443393795695,32.78923226526283,0.0],[-96.79365878018776,32.78857866964297,0.0],[-96.79371395505991,32.78853198006748,0.0],[-96.7944894875224,32.78918589250669,0.0]]]},"properties":{"group":"lot","address":"1015 HAWKINS ST","owner":"SPIRE DEVELOPMENT HOLDINGS LLC","public":false,"acres":0.19,"stalls":25,"land_value":926790,"improvement_value":0,"deed_date":"03/14/2013","street_view":"https://www.google.com/maps/@?api=1&map_action=pano&viewpoint=32.788906,-96.794102"}},{"type":"Feature","geometry":{"type":"Polygon","coordinates":[[[-96.79374157318847,32.78734863341545,0.0],[-96.79335438455001,32.78763393680006,0.0],[-96.79325159528211,32.78754359704416,0.0],[-96.7934957419329,32.78738306167696,0.0],[-96.79365989704215,32.787267048137565,0.0],[-96.79374157318847,32.78734863341545,0.0]]]},"properties":{"group":"lot","address":"2401 BRYAN ST","owner":"DALLAS AREA RAPID TRANSIT","public":true,"acres":0.15,"stalls":11,"land_value":851520,"improvement_value":0,"deed_date":"03/30/1994","street_view":"https://www.google.com/maps/@?api=1&map_action=pano&viewpoint=32.787465,-96.793478"}},{"type":"Feature","geometry":{"type":"Polygon","coordinates":[[[-96.79301551714799,32.78775490025753,0.0],[-96.79308422560194,32.78767752439404,0.0],[-96.79325548159719,32.787821401013204,0.0],[-96.79319166971176,32.78796070017299,0.0],[-96.79301551714799,32.78775490025753,0.0]]]},"properties":{"group":"lot","address":"2411 BRYAN ST","owner":"DALLAS AREA RAPID TRANSIT","public":true,"acres":0.08,"stalls":6,"land_value":430680,"improvement_value":0,"deed_date":"05/24/1994","street_view":"https://www.google.com/maps/@?api=1&map_action=pano&viewpoint=32.787788,-96.793130"}},{"type":"Feature","geometry":{"type":"Polygon","coordinates":[[[-96.79110870483967,32.78389399998861,0.0],[-96.79049744435297,32.78335326614281,0.0],[-96.79115759184717,32.783197562845366,0.0],[-96.79125462270524,32.78324949331134,0.0],[-96.79134751508451,32.783614027281274,0.0],[-96.79136211245856,32.78370616013343,0.0],[-96.79137042626515,32.78379884880374,0.0],[-96.79132515852525,32.783851930405106,0.0],[-96.79110870483967,32.78389399998861,0.0]]]},"properties":{"group":"lot","address":"2306 PACIFIC AVE","owner":"PAN COASTAL LIMITED PS","public":false,"acres":0.89,"stalls":120,"land_value":2986670,"improvement_value":0,"deed_date":"02/07/1996","street_view":"https://www.google.com/maps/@?api=1&map_action=pano&viewpoint=32.783564,-96.791034"}},{"type":"Feature","geometry":{"type":"MultiPolygon","coordinates":[[[[-96.80155476956949,32.776955879356194,0.0],[-96.80168445634934,32.77694661997401,0.0],[-96.80166792855276,32.77702839968218,0.0],[-96.80155653950372,32.77701234516487,0.0],[-96.80155476956949,32.776955879356194,0.0]]],[[[-96.80174490689211,32.77703949486412,0.0],[-96.80176483032103,32.77694088209093,0.0],[-96.80192719939038,32.77692929085319,0.0],[-96.80195758685394,32.776931152514344,0.0],[-96.80199824359443,32.776948347364964,0.0],[-96.80201821585572,32.77696778421359,0.0],[-96.80203012188056,32.77699147604232,0.0],[-96.80205766071103,32.77708457212685,0.0],[-96.80174490689211,32.77703949486412,0.0]]]]},"properties":{"group":"city","address":"400 S GRIFFIN ST","owner":"DALLAS CITY OF","public":true,"acres":0.11,"stalls":13,"land_value":461130,"improvement_value":0,"deed_date":"","street_view":"https://www.google.com/maps/@?api=1&map_action=pano&viewpoint=32.777016,-96.801894"}},{"type":"Feature","geometry":{"type":"Polygon","coordinates":[[[-96.7959205269593,32.774894582826285,0.0],[-96.79578885419487,32.77478336417308,0.0],[-96.79605652531824,32.77454835605426,0.0],[-96.7960395576741,32.77453390933018,0.0],[-96.79607239173184,32.77450508140982,0.0],[-96.79622549695173,32.77463548110895,0.0],[-96.7959205269593,32.774894582826285,0.0]]]},"properties":{"group":"lot","address":"807 BROWDER ST","owner":"CANTON CADIZ PHASE 1 LLC","public":false,"acres":0.18,"stalls":25,"land_value":331760,"improvement_value":0,"deed_date":"12/02/2016","street_view":"https://www.google.com/maps/@?api=1&map_action=pano&viewpoint=32.774709,-96.796006"}},{"type":"Feature","geometry":{"type":"Polygon","coordinates":[[[-96.79265187418898,32.7835217820944,0.0],[-96.79255722114982,32.78319409060778,0.0],[-96.7928633076957,32.78312897042417,0.0],[-96.7929586529123,32.7834590532579,0.0],[-96.79265187418898,32.7835217820944,0.0]]]},"properties":{"group":"lot","address":"2115 ELM ST","owner":"2210 PACIFIC PROPERTY LLC","public":false,"acres":0.27,"stalls":36,"land_value":1021960,"improvement_value":0,"deed_date":"10/24/2016","street_view":"https://www.google.com/maps/@?api=1&map_action=pano&viewpoint=32.783282,-96.792745"}},{"type":"Feature","geometry":{"type":"Polygon","coordinates":[[[-96.79256864107643,32.78291044863614,0.0],[-96.79278717793895,32.78286540588706,0.0],[-96.7928633076957,32.78312897042417,0.0],[-96.79255722114982,32.78319409060778,0.0],[-96.79254719979657,32.78311849209186,0.0],[-96.79254665630054,32.78304868054243,0.0],[-96.79255382423544,32.78297913055729,0.0],[-96.79256864107643,32.78291044863614,0.0]]]},"properties":{"group":"lot","address":"2120 PACIFIC AVE","owner":"2210 PACIFIC PROPERTY LLC","public":false,"acres":0.2,"stalls":25,"land_value":718250,"improvement_value":0,"deed_date":"10/24/2016","street_view":"https://www.google.com/maps/@?api=1&map_action=pano&viewpoint=32.783016,-96.792691"}},{"type":"Feature","geometry":{"type":"Polygon","coordinates":[[[-96.79455643733641,32.7820152908844,0.0],[-96.79487583861956,32.78194660003388,0.0],[-96.79495757594269,32.78221652730528,0.0],[-96.79463911991144,32.7822850938852,0.0],[-96.79455643733641,32.7820152908844,0.0]]]},"properties":{"group":"lot","address":"1920 ELM ST","owner":"","public":false,"acres":0.24,"stalls":31,"land_value":1158360,"improvement_value":0,"deed_date":"","street_view":"https://www.google.com/maps/@?api=1&map_action=pano&viewpoint=32.782109,-96.794755"}},{"type":"Feature","geometry":{"type":"Polygon","coordinates":[[[-96.80061785886429,32.78023920406023,0.0],[-96.80053782582817,32.779972774700596,0.0],[-96.80077436792953,32.7799220673311,0.0],[-96.80085440163012,32.78018849653956,0.0],[-96.80061785886429,32.78023920406023,0.0]]]},"properties":{"group":"garage","address":"1300 MAIN ST","owner":"RBP ADOLPHUS LLC","public":false,"acres":0.17,"stalls":null,"land_value":712500,"improvement_value":1185810,"deed_date":"03/14/2017","street_view":"https://www.google.com/maps/@?api=1&map_action=pano&viewpoint=32.780081,-96.800696"}},{"type":"Feature","geometry":{"type":"Polygon","coordinates":[[[-96.80037897679124,32.7797228044896,0.0],[-96.80069450625102,32.779655601922556,0.0],[-96.80077436792953,32.7799220673311,0.0],[-96.80053782582817,32.779972774700596,0.0],[-96.80061785886429,32.78023920406023,0.0],[-96.80053900604763,32.7802560931092,0.0],[-96.80037897679124,32.7797228044896,0.0]]]},"properties":{"group":"garage","address":"1300 MAIN ST","owner":"RBP ADOLPHUS LLC","public":false,"acres":0.29,"stalls":null,"land_value":1190350,"improvement_value":1009650,"deed_date":"12/26/2012","street_view":"https://www.google.com/maps/@?api=1&map_action=pano&viewpoint=32.779946,-96.800551"}},{"type":"Feature","geometry":{"type":"Polygon","coordinates":[[[-96.79578885419487,32.77478336417308,0.0],[-96.79565554794628,32.77467080341866,0.0],[-96.79596237861523,32.774411397955085,0.0],[-96.79607239173184,32.77450508140982,0.0],[-96.7960395576741,32.77453390933018,0.0],[-96.79605652531824,32.77454835605426,0.0],[-96.79578885419487,32.77478336417308,0.0]]]},"properties":{"group":"lot","address":"809 BROWDER ST","owner":"CANTON CADIZ PHASE 1 LLC","public":false,"acres":0.17,"stalls":23,"land_value":308400,"improvement_value":0,"deed_date":"12/02/2016","street_view":"https://www.google.com/maps/@?api=1&map_action=pano&viewpoint=32.774603,-96.795865"}},{"type":"Feature","geometry":{"type":"Polygon","coordinates":[[[-96.79515311547672,32.77705359349776,0.0],[-96.79505619025741,32.776970656258285,0.0],[-96.7955054948655,32.77659739825318,0.0],[-96.79561347337646,32.776690813631625,0.0],[-96.79569350767318,32.77681333407636,0.0],[-96.79573721779715,32.776921264746065,0.0],[-96.79515311547672,32.77705359349776,0.0]]]},"properties":{"group":"lot","address":"702 S ERVAY ST","owner":"CANTON CADIZ PHASE I LLC","public":false,"acres":0.4,"stalls":50,"land_value":685600,"improvement_value":0,"deed_date":"11/05/2018","street_view":"https://www.google.com/maps/@?api=1&map_action=pano&viewpoint=32.776864,-96.795452"}},{"type":"Feature","geometry":{"type":"Polygon","coordinates":[[[-96.79286867209542,32.77664476854239,0.0],[-96.79297009331371,32.77655940905051,0.0],[-96.79327883793313,32.776820176437056,0.0],[-96.79318021870733,32.77690764333625,0.0],[-96.79286867209542,32.77664476854239,0.0]]]},"properties":{"group":"lot","address":"1809 CADIZ ST","owner":"CANTON CADIZ PHASE I LLC","public":false,"acres":0.14,"stalls":13,"land_value":292050,"improvement_value":0,"deed_date":"11/05/2018","street_view":"https://www.google.com/maps/@?api=1&map_action=pano&viewpoint=32.776732,-96.793074"}},{"type":"Feature","geometry":{"type":"Polygon","coordinates":[[[-96.79275341782082,32.77674176739009,0.0],[-96.79286867209542,32.77664476854239,0.0],[-96.79318021870733,32.77690764333625,0.0],[-96.79306614705544,32.77700271097011,0.0],[-96.79275341782082,32.77674176739009,0.0]]]},"properties":{"group":"lot","address":"1811 CADIZ ST","owner":"CANTON CADIZ PHASE I LLC","public":false,"acres":0.15,"stalls":19,"land_value":332100,"improvement_value":0,"deed_date":"11/05/2018","street_view":"https://www.google.com/maps/@?api=1&map_action=pano&viewpoint=32.776825,-96.792967"}},{"type":"Feature","geometry":{"type":"Polygon","coordinates":[[[-96.79859381612495,32.786025437900065,0.0],[-96.7986910500169,32.78597609690846,0.0],[-96.79879184025268,32.78593214048163,0.0],[-96.79889576676901,32.78589375117752,0.0],[-96.7990024018455,32.785861086708536,0.0],[-96.79911130354435,32.78583428260126,0.0],[-96.79935406549315,32.78604268227332,0.0],[-96.79943281175741,32.78597712389958,0.0],[-96.79979668465617,32.78629390542975,0.0],[-96.79925827348055,32.786743196216065,0.0],[-96.79919141108732,32.78674266802304,0.0],[-96.79849423110394,32.7861470601528,0.0],[-96.7985005411432,32.786079960041995,0.0],[-96.79859381612495,32.786025437900065,0.0]]]},"properties":{"group":"garage","address":"1928 ROSS AVE","owner":"FIRST UNITED METHODIST","public":false,"acres":1.65,"stalls":null,"land_value":9125160,"improvement_value":121360,"deed_date":"09/22/2016","street_view":"https://www.google.com/maps/@?api=1&map_action=pano&viewpoint=32.786514,-96.799223"}},{"type":"Feature","geometry":{"type":"Polygon","coordinates":[[[-96.79389200633626,32.78594337819017,0.0],[-96.79382875633787,32.78599493152729,0.0],[-96.79374868376456,32.78592513165972,0.0],[-96.79347686821356,32.786147615264,0.0],[-96.79362898287114,32.78627731832632,0.0],[-96.79354751040955,32.786345371716514,0.0],[-96.79362723511119,32.786412879688214,0.0],[-96.79353545941568,32.786489018360605,0.0],[-96.79370760631075,32.78663708799002,0.0],[-96.79380074949503,32.786559818832075,0.0],[-96.7939881263696,32.78671847760031,0.0],[-96.79359642305401,32.787041736996194,0.0],[-96.79280679155876,32.78636970500091,0.0],[-96.79284333402099,32.786269170032206,0.0],[-96.79293088160678,32.786072312437945,0.0],[-96.79314086365692,32.78567120560837,0.0],[-96.79321318653915,32.785580169201864,0.0],[-96.79337114586994,32.785406231266485,0.0],[-96.79345650087727,32.78532363962045,0.0],[-96.79354048983983,32.78525363873136,0.0],[-96.79395546484267,32.78561057194209,0.0],[-96.79405156733989,32.785530475900906,0.0],[-96.79433774334619,32.785776621364995,0.0],[-96.79430282841305,32.78580543681988,0.0],[-96.79469044827239,32.78613883390619,0.0],[-96.79454247958654,32.786260949691744,0.0],[-96.79410186880666,32.78588791180843,0.0],[-96.79396303775627,32.78600388157556,0.0],[-96.79389200633626,32.78594337819017,0.0]]]},"properties":{"group":"lot","address":"2214 BRYAN ST","owner":"LANTOWER BRYAN ST DALLAS","public":false,"acres":3.32,"stalls":314,"land_value":14226670,"improvement_value":0,"deed_date":"12/04/2018","street_view":"https://www.google.com/maps/@?api=1&map_action=pano&viewpoint=32.786131,-96.793199"}},{"type":"Feature","geometry":{"type":"Polygon","coordinates":[[[-96.7984728214036,32.784727374912926,0.0],[-96.79804475017937,32.78508542676797,0.0],[-96.79780778546905,32.78488049068269,0.0],[-96.79823663226067,32.784522639938785,0.0],[-96.7984728214036,32.784727374912926,0.0]]]},"properties":{"group":"garage","address":"502 N ST PAUL ST","owner":"FIRST BAPTIST CHURCH OF","public":false,"acres":0.44,"stalls":null,"land_value":2316000,"improvement_value":21675070,"deed_date":"05/31/2006","street_view":"https://www.google.com/maps/@?api=1&map_action=pano&viewpoint=32.784767,-96.798185"}},{"type":"Feature","geometry":{"type":"Polygon","coordinates":[[[-96.80069745493333,32.78099818783544,0.0],[-96.80061960942585,32.78073176233416,0.0],[-96.80093629655133,32.7806637625763,0.0],[-96.80101592133389,32.78093027815702,0.0],[-96.80069745493333,32.78099818783544,0.0]]]},"properties":{"group":"garage","address":"1302 ELM ST","owner":"HEADINGTON REALTY & CAPITAL LLC","public":false,"acres":0.23,"stalls":null,"land_value":949720,"improvement_value":3050280,"deed_date":"06/20/2018","street_view":"https://www.google.com/maps/@?api=1&map_action=pano&viewpoint=32.780824,-96.800815"}},{"type":"Feature","geometry":{"type":"Polygon","coordinates":[[[-96.80053995388789,32.78074848646971,0.0],[-96.80061960942585,32.78073176233416,0.0],[-96.80069745493333,32.78099818783544,0.0],[-96.80061837858976,32.781015159110034,0.0],[-96.80053995388789,32.78074848646971,0.0]]]},"properties":{"group":"lot","address":"1302 ELM ST","owner":"ROBERTS JANICE LIVING TRUST &","public":false,"acres":0.06,"stalls":6,"land_value":237500,"improvement_value":0,"deed_date":"12/08/2025","street_view":"https://www.google.com/maps/@?api=1&map_action=pano&viewpoint=32.780873,-96.800619"}},{"type":"Feature","geometry":{"type":"Polygon","coordinates":[[[-96.80039952506162,32.78077815425417,0.0],[-96.80053995388789,32.78074848646971,0.0],[-96.80061837858976,32.781015159110034,0.0],[-96.80047757990432,32.78104500199847,0.0],[-96.80039952506162,32.78077815425417,0.0]]]},"properties":{"group":"lot","address":"1302 ELM ST","owner":"HEADINGTON REALTY & CAPITAL LLC","public":false,"acres":0.1,"stalls":10,"land_value":422850,"improvement_value":0,"deed_date":"06/20/2018","street_view":"https://www.google.com/maps/@?api=1&map_action=pano&viewpoint=32.780897,-96.800509"}},{"type":"Feature","geometry":{"type":"Polygon","coordinates":[[[-96.79957895027981,32.78373779136468,0.0],[-96.79993242455498,32.783449447326724,0.0],[-96.80022732673184,32.78371352355932,0.0],[-96.79987030423023,32.78399902271901,0.0],[-96.79957895027981,32.78373779136468,0.0]]]},"properties":{"group":"garage","address":"1606 PATTERSON AVE","owner":"FIRST BAPTIST CHURCH OF","public":false,"acres":0.46,"stalls":null,"land_value":2426520,"improvement_value":14423510,"deed_date":"05/01/1969","street_view":"https://www.google.com/maps/@?api=1&map_action=pano&viewpoint=32.783726,-96.799903"}},{"type":"Feature","geometry":{"type":"Polygon","coordinates":[[[-96.79987156614418,32.78349909276245,0.0],[-96.79981304836612,32.783546829311476,0.0],[-96.799560491065,32.78332512281931,0.0],[-96.79961893843952,32.783277323571156,0.0],[-96.79987156614418,32.78349909276245,0.0]]]},"properties":{"group":"lot","address":"1603 FEDERAL ST","owner":"JAGGI ROBBYE O","public":false,"acres":0.06,"stalls":8,"land_value":336000,"improvement_value":0,"deed_date":"01/11/1911","street_view":"https://www.google.com/maps/@?api=1&map_action=pano&viewpoint=32.783387,-96.799688"}},{"type":"Feature","geometry":{"type":"Polygon","coordinates":[[[-96.79908988851591,32.783748239406705,0.0],[-96.79909071951602,32.78370930162617,0.0],[-96.799560491065,32.78332512281931,0.0],[-96.79981304836612,32.783546829311476,0.0],[-96.79931660439861,32.7839475141007,0.0],[-96.79908988851591,32.783748239406705,0.0]]]},"properties":{"group":"garage","address":"505 N ERVAY ST","owner":"3PZ PROPERTY COMPANY LLC","public":false,"acres":0.54,"stalls":null,"land_value":2808770,"improvement_value":12444040,"deed_date":"06/24/2022","street_view":"https://www.google.com/maps/@?api=1&map_action=pano&viewpoint=32.783628,-96.799452"}},{"type":"Feature","geometry":{"type":"Polygon","coordinates":[[[-96.80242513473407,32.78414994796002,0.0],[-96.80164614876055,32.7848115056159,0.0],[-96.80143941844852,32.78464211048651,0.0],[-96.80149383292301,32.784594675889814,0.0],[-96.80124930284369,32.78439452000139,0.0],[-96.80195938906114,32.783773764849165,0.0],[-96.80242513473407,32.78414994796002,0.0]]]},"properties":{"group":"lot","address":"1407 SAN JACINTO ST","owner":"TANGO RF LLC","public":false,"acres":1.46,"stalls":195,"land_value":7154660,"improvement_value":0,"deed_date":"03/19/2020","street_view":"https://www.google.com/maps/@?api=1&map_action=pano&viewpoint=32.784272,-96.801835"}},{"type":"Feature","geometry":{"type":"Polygon","coordinates":[[[-96.79946262878684,32.7817789002085,0.0],[-96.79977772594133,32.781710307039546,0.0],[-96.79985892655117,32.781976483414155,0.0],[-96.79954390498025,32.78204533212413,0.0],[-96.79946262878684,32.7817789002085,0.0]]]},"properties":{"group":"garage","address":"208 N AKARD ST","owner":"208NAKARD LLC","public":false,"acres":0.23,"stalls":null,"land_value":950000,"improvement_value":420000,"deed_date":"07/28/2020","street_view":"https://www.google.com/maps/@?api=1&map_action=pano&viewpoint=32.781878,-96.799661"}},{"type":"Feature","geometry":{"type":"Polygon","coordinates":[[[-96.80238276995289,32.78280440548774,0.0],[-96.80212293483763,32.78255889122484,0.0],[-96.802239420515,32.78247307426971,0.0],[-96.80275614798698,32.782931557695726,0.0],[-96.80265066719241,32.78302510321518,0.0],[-96.80238276995289,32.78280440548774,0.0]]]},"properties":{"group":"lot","address":"1212 SAN JACINTO ST","owner":"TANGO FS LLC","public":false,"acres":0.26,"stalls":35,"land_value":1287340,"improvement_value":0,"deed_date":"07/22/2025","street_view":"https://www.google.com/maps/@?api=1&map_action=pano&viewpoint=32.782747,-96.802436"}},{"type":"Feature","geometry":{"type":"Polygon","coordinates":[[[-96.8024225372715,32.78321920485482,0.0],[-96.80215546080169,32.78299779071117,0.0],[-96.80190862288177,32.782763546045516,0.0],[-96.80189549214454,32.78271886856315,0.0],[-96.80199843975707,32.78264352518663,0.0],[-96.80224605116595,32.78287901045637,0.0],[-96.80253519284494,32.78312004622502,0.0],[-96.8024225372715,32.78321920485482,0.0]]]},"properties":{"group":"lot","address":"1217 PATTERSON AVE","owner":"TANGO RF LLC","public":false,"acres":0.27,"stalls":36,"land_value":1347190,"improvement_value":0,"deed_date":"03/19/2020","street_view":"https://www.google.com/maps/@?api=1&map_action=pano&viewpoint=32.782922,-96.802186"}},{"type":"Feature","geometry":{"type":"Polygon","coordinates":[[[-96.80232664364594,32.7828531146597,0.0],[-96.80259260756871,32.783072547651756,0.0],[-96.80253519284494,32.78312004622502,0.0],[-96.80226812505212,32.78289860494891,0.0],[-96.80232664364594,32.7828531146597,0.0]]]},"properties":{"group":"lot","address":"1216 SAN JACINTO ST","owner":"SCHWARTZ HYMIE TRUST &","public":false,"acres":0.06,"stalls":9,"land_value":323440,"improvement_value":0,"deed_date":"05/30/1990","street_view":"https://www.google.com/maps/@?api=1&map_action=pano&viewpoint=32.782986,-96.802430"}},{"type":"Feature","geometry":{"type":"Polygon","coordinates":[[[-96.80212293483763,32.78255889122484,0.0],[-96.80238276995289,32.78280440548774,0.0],[-96.80226812505212,32.78289860494891,0.0],[-96.80199843975707,32.78264352518663,0.0],[-96.80212293483763,32.78255889122484,0.0]]]},"properties":{"group":"lot","address":"1215 PATTERSON AVE","owner":"SPANKY BRANCH LLC","public":false,"acres":0.14,"stalls":19,"land_value":690000,"improvement_value":0,"deed_date":"06/10/2019","street_view":"https://www.google.com/maps/@?api=1&map_action=pano&viewpoint=32.782717,-96.802183"}},{"type":"Feature","geometry":{"type":"Polygon","coordinates":[[[-96.80215546080169,32.78299779071117,0.0],[-96.8024225372715,32.78321920485482,0.0],[-96.80230810643428,32.78332005045849,0.0],[-96.80203697587858,32.783105901546236,0.0],[-96.80215546080169,32.78299779071117,0.0]]]},"properties":{"group":"lot","address":"1320 SAN JACINTO ST","owner":"TANGO RF LLC","public":false,"acres":0.14,"stalls":18,"land_value":646880,"improvement_value":0,"deed_date":"03/19/2020","street_view":"https://www.google.com/maps/@?api=1&map_action=pano&viewpoint=32.783163,-96.802231"}},{"type":"Feature","geometry":{"type":"Polygon","coordinates":[[[-96.80215546080169,32.78299779071117,0.0],[-96.80201618813248,32.783127259924754,0.0],[-96.80190862288177,32.782763546045516,0.0],[-96.80209939196969,32.782944582116855,0.0],[-96.80215546080169,32.78299779071117,0.0]]]},"properties":{"group":"lot","address":"501 N FIELD ST","owner":"TANGO RF LLC","public":false,"acres":0.08,"stalls":11,"land_value":392510,"improvement_value":0,"deed_date":"03/19/2020","street_view":"https://www.google.com/maps/@?api=1&map_action=pano&viewpoint=32.782970,-96.802048"}},{"type":"Feature","geometry":{"type":"Polygon","coordinates":[[[-96.80201618813248,32.783127259924754,0.0],[-96.80203697587858,32.783105901546236,0.0],[-96.80230810643428,32.78332005045849,0.0],[-96.80218048078778,32.78343252315723,0.0],[-96.80210238529074,32.78341871621458,0.0],[-96.80201618813248,32.783127259924754,0.0]]]},"properties":{"group":"lot","address":"1338 SAN JACINTO ST","owner":"TANGO RF LLC","public":false,"acres":0.11,"stalls":14,"land_value":595460,"improvement_value":0,"deed_date":"03/19/2020","street_view":"https://www.google.com/maps/@?api=1&map_action=pano&viewpoint=32.783223,-96.802115"}},{"type":"Feature","geometry":{"type":"Polygon","coordinates":[[[-96.80165976834431,32.781821625414636,0.0],[-96.80203737698012,32.78174272447022,0.0],[-96.80222800208965,32.78231057488381,0.0],[-96.8018670099344,32.78257473785156,0.0],[-96.80165976834431,32.781821625414636,0.0]]]},"properties":{"group":"garage","address":"1201 PACIFIC AVE","owner":"GS 1201 ELM LLC","public":false,"acres":0.71,"stalls":null,"land_value":3449930,"improvement_value":1800070,"deed_date":"05/27/2022","street_view":"https://www.google.com/maps/@?api=1&map_action=pano&viewpoint=32.782223,-96.801984"}},{"type":"Feature","geometry":{"type":"Polygon","coordinates":[[[-96.79452274012338,32.774523474996876,0.0],[-96.79454437673331,32.77450517825094,0.0],[-96.79484075584087,32.77475530779365,0.0],[-96.79425315342671,32.775252224351675,0.0],[-96.7936444374299,32.77473849348626,0.0],[-96.79412622671367,32.774331062764944,0.0],[-96.79425872183103,32.77430065553338,0.0],[-96.79452274012338,32.774523474996876,0.0]]]},"properties":{"group":"lot","address":"901 S ERVAY ST","owner":"ALL SAINTS CHURCH DALLAS","public":false,"acres":1.51,"stalls":134,"land_value":2687320,"improvement_value":221680,"deed_date":"03/01/2017","street_view":"https://www.google.com/maps/@?api=1&map_action=pano&viewpoint=32.774806,-96.794244"}},{"type":"Feature","geometry":{"type":"Polygon","coordinates":[[[-96.80153369833329,32.772907070044056,0.0],[-96.80158302323746,32.77306908539374,0.0],[-96.80134849706893,32.773117997532985,0.0],[-96.80121171950809,32.773124912858236,0.0],[-96.8011433932691,32.773119788431046,0.0],[-96.80101019672352,32.77309262520888,0.0],[-96.80094662760241,32.77307085176929,0.0],[-96.80069788587527,32.77295812989138,0.0],[-96.80052062107974,32.77289874880709,0.0],[-96.8007701841057,32.772933642987915,0.0],[-96.80102266136282,32.77294681072049,0.0],[-96.80127540972903,32.77293811415511,0.0],[-96.80153369833329,32.772907070044056,0.0]]]},"properties":{"group":"lot","address":"855 S GRIFFIN ST","owner":"CCH LAMAR PARTNERS I LP","public":false,"acres":0.33,"stalls":40,"land_value":367980,"improvement_value":0,"deed_date":"02/28/2008","street_view":"https://www.google.com/maps/@?api=1&map_action=pano&viewpoint=32.773026,-96.801206"}},{"type":"Feature","geometry":{"type":"Polygon","coordinates":[[[-96.80143016616645,32.772037823063506,0.0],[-96.80186402463667,32.772354021624935,0.0],[-96.80192453400939,32.77240744505564,0.0],[-96.80196655270954,32.77252633577772,0.0],[-96.80183587273866,32.772714697649256,0.0],[-96.80171005345123,32.772738644734495,0.0],[-96.801586913975,32.772751661138756,0.0],[-96.80146308072247,32.772758526598466,0.0],[-96.80133898379925,32.77275921726806,0.0],[-96.80121505422693,32.772753730748704,0.0],[-96.80109172244575,32.77274208609644,0.0],[-96.80080074302855,32.77268080578627,0.0],[-96.80065762294541,32.77264294867271,0.0],[-96.80068314926986,32.77257674746176,0.0],[-96.80045056612241,32.77240909159201,0.0],[-96.80101578746743,32.77184774266645,0.0],[-96.8010755137196,32.77184344270821,0.0],[-96.80124188386078,32.77193607034424,0.0],[-96.80141726882064,32.77205117653985,0.0],[-96.80143016616645,32.772037823063506,0.0]]]},"properties":{"group":"lot","address":"840 S LAMAR ST","owner":"CCH LAMAR PARTNERS I LP","public":false,"acres":2.23,"stalls":289,"land_value":5699190,"improvement_value":0,"deed_date":"11/30/2007","street_view":"https://www.google.com/maps/@?api=1&map_action=pano&viewpoint=32.772293,-96.801184"}},{"type":"Feature","geometry":{"type":"Polygon","coordinates":[[[-96.80289064020793,32.77043198765158,0.0],[-96.8031363356974,32.7702758894573,0.0],[-96.803698530416,32.76999248809351,0.0],[-96.80379598078991,32.76995815908249,0.0],[-96.80556672743784,32.77156544007323,0.0],[-96.80556511106906,32.77161354091245,0.0],[-96.80546840070444,32.771713127953205,0.0],[-96.80536586648357,32.77180846615439,0.0],[-96.80525776953156,32.77189931269998,0.0],[-96.80289064020793,32.77043198765158,0.0]]]},"properties":{"group":"city","address":"500 MEMORIAL DR","owner":"DALLAS CITY OF","public":true,"acres":4.61,"stalls":603,"land_value":51651610,"improvement_value":0,"deed_date":"","street_view":"https://www.google.com/maps/@?api=1&map_action=pano&viewpoint=32.771001,-96.804374"}},{"type":"Feature","geometry":{"type":"Polygon","coordinates":[[[-96.79208969377844,32.78024593526779,0.0],[-96.79187308252094,32.78036826515367,0.0],[-96.79183620617202,32.7803229689367,0.0],[-96.79205848192622,32.780194190562874,0.0],[-96.79206645273763,32.780203520512444,0.0],[-96.79205987117183,32.78020731183849,0.0],[-96.79208969377844,32.78024593526779,0.0]]]},"properties":{"group":"lot","address":"317 S PEARL ST","owner":"MADJACKS HOLDINGS LTD","public":false,"acres":0.04,"stalls":3,"land_value":141930,"improvement_value":0,"deed_date":"10/12/1999","street_view":"https://www.google.com/maps/@?api=1&map_action=pano&viewpoint=32.780284,-96.791962"}},{"type":"Feature","geometry":{"type":"Polygon","coordinates":[[[-96.80497912485403,32.77429678628413,0.0],[-96.80491121502351,32.77431112622193,0.0],[-96.80488106448713,32.774208651008585,0.0],[-96.80485948310447,32.774122639033784,0.0],[-96.80484502977704,32.77403556789771,0.0],[-96.80483777438091,32.77394785868111,0.0],[-96.80483775198208,32.77385993554927,0.0],[-96.80484496266743,32.773772223700796,0.0],[-96.80485937154464,32.77368514731124,0.0],[-96.80488090891134,32.773599127481795,0.0],[-96.80490947059266,32.77351458020297,0.0],[-96.80494491844534,32.7734319143429,0.0],[-96.80498708102614,32.77335152967006,0.0],[-96.80503575442131,32.77327381492015,0.0],[-96.805159273857,32.77311275980973,0.0],[-96.80580990108442,32.77316286308096,0.0],[-96.80607062431585,32.773323174044705,0.0],[-96.80627849611984,32.77343115170124,0.0],[-96.80615302116188,32.773546524899324,0.0],[-96.80642933394947,32.77448561085819,0.0],[-96.80562862139146,32.774652666095115,0.0],[-96.80549336854003,32.7741893796015,0.0],[-96.80544838118288,32.77419882955838,0.0],[-96.80540820551967,32.77417161170663,0.0],[-96.80538743532358,32.774136905877036,0.0],[-96.8049984209944,32.77421827271431,0.0],[-96.80499406860585,32.774265042796024,0.0],[-96.80497912485403,32.77429678628413,0.0]]]},"properties":{"group":"garage","address":"508 YOUNG ST","owner":"DALLAS CITY OF","public":true,"acres":4.27,"stalls":null,"land_value":19523700,"improvement_value":29573250,"deed_date":"06/04/2025","street_view":"https://www.google.com/maps/@?api=1&map_action=pano&viewpoint=32.773914,-96.805551"}}]}