{"type":"FeatureCollection","features":[{"type":"Feature","geometry":{"type":"Polygon","coordinates":[[[-96.80201417639591,32.79244426230058],[-96.80102959994743,32.793257886439],[-96.8009515300965,32.79326745201315],[-96.80072855289546,32.79318377054575],[-96.8004957737542,32.79312200061291],[-96.80025619968713,32.793082940147364],[-96.80001292546862,32.79306709372419],[-96.79994691480432,32.793009635735835],[-96.80024761878447,32.79276118009852],[-96.7993301415472,32.791964790392456],[-96.80027237516514,32.791190366494405],[-96.8002831577016,32.79120065938163],[-96.80036066813676,32.79114129319665],[-96.80044377909427,32.79110699168459],[-96.80048909133781,32.79109856806421],[-96.8005815724278,32.79110022672629],[-96.8006688286707,32.791126164067364],[-96.80075026645976,32.79118104719706],[-96.80076577500779,32.79116822016098],[-96.80201704891681,32.79238430126305],[-96.80201417639591,32.79244426230058]]]},"properties":{"account":"000542000G01B0000","name":"FEDERAL RESERVE BANK","address":"2200 N PEARL ST","city":"DALLAS","owner":"FEDERAL RESERVE BANK OF","kind":"office","class":"OFFICE BUILDING","year_built":"1991","sqft":1070529,"units":0,"land_value":63507150,"building_value":4742850,"total_value":68250000,"building_share":0.069,"note":"","deed_date":"06/12/2019","acres":8.33,"history":[[2021,100660,63607810],[2022,2992850,66500000],[2023,5492850,69000000],[2024,4342850,67850000],[2025,4342850,67850000],[2026,4742850,68250000]],"lng":-96.800686,"lat":32.792175,"street_view":"https://www.google.com/maps/@?api=1&map_action=pano&viewpoint=32.792175,-96.800686"}},{"type":"Feature","geometry":{"type":"Polygon","coordinates":[[[-96.81036862571754,32.7995349125212],[-96.80971790103459,32.799932403413116],[-96.80923409517634,32.7994824633619],[-96.80842441089622,32.798749289761325],[-96.80861882823199,32.798585913783896],[-96.80900414867567,32.798346425486734],[-96.80899582501758,32.798299672709874],[-96.80894028105996,32.798264229557354],[-96.8088502900881,32.79803326488563],[-96.80907820539139,32.797842792356185],[-96.80941428596121,32.79811402647887],[-96.80964417799142,32.79832158684657],[-96.80972381566008,32.798256645764326],[-96.81053763035763,32.799363881283035],[-96.81042401583119,32.79943032005702],[-96.8103697690326,32.79941557379873],[-96.81028518097084,32.79946721669835],[-96.81036862571754,32.7995349125212]]]},"properties":{"account":"00000135106000000","name":"TERRACE HOUSE APTS","address":"3131 MAPLE AVE","city":"DALLAS","owner":"TERRACE HOUSE LLC","kind":"apartments","class":"APARTMENT (BRICK EXTERIOR)","year_built":"1961","sqft":275116,"units":118,"land_value":37794240,"building_value":5256760,"total_value":43051000,"building_share":0.122,"note":"","deed_date":"06/13/2024","acres":5.39,"history":[[2021,1000,29778280],[2022,963890,30741170],[2023,1963890,31741170],[2024,3963890,33741170],[2025,4156370,44241170],[2026,5256760,43051000]],"lng":-96.809532,"lat":32.799052,"street_view":"https://www.google.com/maps/@?api=1&map_action=pano&viewpoint=32.799052,-96.809532"}},{"type":"Feature","geometry":{"type":"MultiPolygon","coordinates":[[[[-96.83867793233874,32.833027891996466],[-96.83894293243641,32.83281545665207],[-96.84009610059397,32.83378161124917],[-96.8398293501298,32.83399552804051],[-96.83867793233874,32.833027891996466]]],[[[-96.83590138922175,32.83537145139279],[-96.83611284004684,32.8351882760611],[-96.83615856278156,32.83518804213861],[-96.83622375345918,32.83524316527738],[-96.83599032226275,32.83544623460479],[-96.83590138922175,32.83537145139279]]],[[[-96.8377339678872,32.8359134473072],[-96.83883536590771,32.83502935813342],[-96.84018582109273,32.836221444558866],[-96.84120831348919,32.83540015930976],[-96.84210643477887,32.83619424305515],[-96.84218106766889,32.836286676756586],[-96.84013133502918,32.837962996810475],[-96.8377339678872,32.8359134473072]]],[[[-96.83733090774892,32.836253406393986],[-96.8376161728947,32.83600834375739],[-96.83887442574596,32.83708406244607],[-96.8385891605912,32.83732912931626],[-96.83733090774892,32.836253406393986]]],[[[-96.86080326309775,32.84267091031277],[-96.86123661013383,32.84289520476682],[-96.8612450963566,32.84294516532787],[-96.86123543586724,32.84297798291107],[-96.86121441786679,32.84300677008674],[-96.86039296289862,32.84376245804228],[-96.85996702491283,32.84343247065967],[-96.86080326309775,32.84267091031277]]],[[[-96.8629912924386,32.84377735893668],[-96.86278219525516,32.84383767506509],[-96.8626821852666,32.843877462485366],[-96.86249398322389,32.84397520569086],[-96.86240682382874,32.84403262516917],[-96.86150193826802,32.84477415852223],[-96.86073063930715,32.84410781955891],[-96.86184910695248,32.843183116081335],[-96.86309923233831,32.84375716117558],[-96.8629912924386,32.84377735893668]]],[[[-96.86547656181712,32.844727002202745],[-96.86549647931156,32.844722234428815],[-96.86589910776688,32.84486076977756],[-96.86669363563104,32.84508457528372],[-96.86753987850298,32.84534771368028],[-96.86710285354864,32.84571301499431],[-96.86687361134078,32.8456417959318],[-96.86597998310451,32.84638874790216],[-96.86509853740269,32.8458127481837],[-96.86491415498868,32.84601379937367],[-96.8644635603291,32.845719344589234],[-96.86540932000234,32.84468807897977],[-96.86548881697989,32.84471363784495],[-96.86547656181712,32.844727002202745]]]]},"properties":{"account":"00LOVEFLD00000100","name":"THE PARKING SPOT   PARKING","address":"6811 ANSLEY AVE","city":"DALLAS","owner":"SOUTHWEST AIRLINES CO","kind":"other","class":"CANOPY","year_built":"2000","sqft":342855,"units":0,"land_value":25734770,"building_value":1895120,"total_value":27629890,"building_share":0.069,"note":"","deed_date":"11/10/2004","acres":30.84,"history":[[2021,1547320,27990580],[2022,1547320,27990580],[2023,1547320,27518250],[2024,1547320,27518250],[2025,1547320,27323730],[2026,1895120,27629890]],"lng":-96.866031,"lat":32.845479,"street_view":"https://www.google.com/maps/@?api=1&map_action=pano&viewpoint=32.845479,-96.866031"}},{"type":"Feature","geometry":{"type":"Polygon","coordinates":[[[-96.83914194326422,32.92320513929411],[-96.83898509170993,32.92320356994512],[-96.83900045843484,32.9221113429414],[-96.83899749074712,32.9220646682676],[-96.83897013471665,32.921974283208165],[-96.83894621447746,32.921932119379335],[-96.83887992905592,32.92185744404606],[-96.83883869807694,32.92182621028782],[-96.83874357498155,32.9217786135943],[-96.83863708679247,32.92175340320752],[-96.83835016092563,32.92174747386915],[-96.83835254210425,32.92156055864679],[-96.83860194690811,32.921565187991966],[-96.8388076713938,32.92160505506366],[-96.83884895896706,32.921600955131275],[-96.83890286208134,32.92157507391626],[-96.8390053144922,32.921461018486255],[-96.83903437217712,32.92140215043366],[-96.83906530206912,32.921297357391346],[-96.83908501748913,32.921263057497285],[-96.83913893667525,32.921202059385635],[-96.8391410210596,32.92105375044486],[-96.84254188425669,32.921087734065466],[-96.8437665342099,32.920578990963506],[-96.84374079245217,32.92268031027024],[-96.84216248208114,32.923335751059426],[-96.84091813539806,32.92340311840991],[-96.83962334726783,32.923894310032736],[-96.83962434328932,32.9238218600627],[-96.83941460514558,32.92382008106817],[-96.83941608873641,32.92371206367896],[-96.83934765245294,32.92371139590359],[-96.83934617069747,32.9238191370393],[-96.83903230439567,32.92381606798611],[-96.83903912457356,32.92333163281209],[-96.839140151075,32.92333264325287],[-96.83914194326422,32.92320513929411]]]},"properties":{"account":"008391000A0010000","name":"WALMART","address":"4062 LYNDON B JOHNSON FWY","city":"DALLAS","owner":"WALMART REAL ESTATE BUSINESS","kind":"retail","class":"DISCOUNT STORE","year_built":"2014","sqft":322072,"units":0,"land_value":22816730,"building_value":2288680,"total_value":25105410,"building_share":0.091,"note":"","deed_date":"09/04/2013","acres":29.1,"history":[[2021,3236060,22250000],[2022,3691810,22705750],[2023,3961060,22975000],[2024,4650310,23664250],[2025,5360240,24374180],[2026,2288680,25105410]],"lng":-96.841373,"lat":32.922198,"street_view":"https://www.google.com/maps/@?api=1&map_action=pano&viewpoint=32.922198,-96.841373"}},{"type":"Feature","geometry":{"type":"Polygon","coordinates":[[[-96.79059677161992,32.80531193174445],[-96.789480480987,32.8043539177881],[-96.78975339434862,32.80413160589252],[-96.78982118016359,32.80419095750607],[-96.79072277001892,32.80346008955591],[-96.79084018185063,32.80335693098463],[-96.79097450136724,32.80321867191873],[-96.79113895691077,32.80278787390038],[-96.79117512459352,32.80279894380973],[-96.79153051450521,32.80297666816321],[-96.79176109292376,32.80310407345132],[-96.79214312956286,32.8032606091014],[-96.79193859542902,32.80343426743735],[-96.79254685892926,32.803941655908616],[-96.7922941705436,32.80393993942206],[-96.79063815188789,32.80531624331259],[-96.79059677161992,32.80531193174445]]]},"properties":{"account":"000618000A0030000","name":"TARGET 875","address":"2417 N HASKELL AVE","city":"DALLAS","owner":"DAYTON HUDSON CORP","kind":"retail","class":"DISCOUNT STORE","year_built":"1993","sqft":128688,"units":0,"land_value":20337350,"building_value":500000,"total_value":20837350,"building_share":0.024,"note":"","deed_date":"12/18/1992","acres":8.85,"history":[[2021,67990,17500000],[2022,99990,17532000],[2023,107990,17540000],[2024,467990,17900000],[2025,62650,20400000],[2026,500000,20837350]],"lng":-96.791094,"lat":32.804037,"street_view":"https://www.google.com/maps/@?api=1&map_action=pano&viewpoint=32.804037,-96.791094"}},{"type":"Feature","geometry":{"type":"Polygon","coordinates":[[[-96.94820893606406,32.890589921322565],[-96.94809758006123,32.89048896431883],[-96.94785953206897,32.89030001484776],[-96.94760260785603,32.89012957153739],[-96.9473605483746,32.88999520848651],[-96.9471571234982,32.88968961845527],[-96.9473295948569,32.889633118919754],[-96.9473899793997,32.88960349514618],[-96.94744576096006,32.8895680240721],[-96.94754042623468,32.889481628725264],[-96.94757796696919,32.88943193012597],[-96.94763080933767,32.889323046385165],[-96.9476453613392,32.88926540594784],[-96.94764969775973,32.889147804973604],[-96.94762100199972,32.889032665047786],[-96.94759470299604,32.888978068190944],[-96.9475200629793,32.88887868240767],[-96.94748804095049,32.8868860457836],[-96.94694121925924,32.886292258006534],[-96.94686622085692,32.88558227670655],[-96.94689619880259,32.88550854021173],[-96.94773114415477,32.88574629186105],[-96.95111560909042,32.888506685162206],[-96.95346462257629,32.888523358606484],[-96.9541201141411,32.88888475285699],[-96.95402317234115,32.88909436973765],[-96.95394761452808,32.88931015920301],[-96.95395393675665,32.88931148713143],[-96.95389589346156,32.88956204154201],[-96.95387828080486,32.88968886300565],[-96.95386610180216,32.88994395152424],[-96.95388472339332,32.89019876301422],[-96.95393395287566,32.8904506569875],[-96.95396989850424,32.89057469227056],[-96.95406398601641,32.890817332550405],[-96.95412188405099,32.89093530853544],[-96.95425863873933,32.89116304379645],[-96.95442212746784,32.89137786896237],[-96.95451337807333,32.891479738699644],[-96.95477193252368,32.891736826590574],[-96.95494772138358,32.8919464475807],[-96.95509580121355,32.892170788536625],[-96.95519692729205,32.89236736705382],[-96.9552396008136,32.89246831301619],[-96.95523951075982,32.892774634469845],[-96.9552592716229,32.89303201569535],[-96.95430432187025,32.89302336287416],[-96.95429984046031,32.893830691656454],[-96.95526295551103,32.89383938935092],[-96.95527208785812,32.89565173722336],[-96.95521212649972,32.8956903878718],[-96.95273992541188,32.89568617298343],[-96.95274002980274,32.89568103364845],[-96.95228484390965,32.895674983387174],[-96.9522236736386,32.89565376170116],[-96.95220417688206,32.89563367155698],[-96.95219071846999,32.895596621408366],[-96.95213185956142,32.89487732134895],[-96.95207941240685,32.894570500656265],[-96.95198162187387,32.894271686207745],[-96.95184004275626,32.8939856282566],[-96.95165692571811,32.893716873997604],[-96.95143518107591,32.89346969428007],[-96.95117833432425,32.89324801709269],[-96.94959395745211,32.892042866409035],[-96.94941353134898,32.891891670465725],[-96.94924978512374,32.89172751672485],[-96.94838487029126,32.89077014497889],[-96.94820893606406,32.890589921322565]]]},"properties":{"account":"321126200A0010000","name":"FORMER EXXON HQ  **MOVED OUT**","address":"5959 LAS COLINAS BLVD","city":"IRVING","owner":"CCI-5959 LAS COLINAS OWNER LLC","kind":"office","class":"OFFICE BUILDING","year_built":"1995","sqft":553431,"units":0,"land_value":19114480,"building_value":2135520,"total_value":21250000,"building_share":0.1,"note":"MOVED OUT","deed_date":"12/20/2022","acres":103.27,"history":[[2021,42137120,48100000],[2022,36287120,42250000],[2023,4649360,23763840],[2024,2159360,21273840],[2025,2159360,21273840],[2026,2135520,21250000]],"lng":-96.951073,"lat":32.890582,"street_view":"https://www.google.com/maps/@?api=1&map_action=pano&viewpoint=32.890582,-96.951073"}},{"type":"Feature","geometry":{"type":"Polygon","coordinates":[[[-96.7731675082083,32.870335628978175],[-96.7717280461417,32.870336801293696],[-96.7717273221889,32.86939470807909],[-96.77316719870538,32.86939856568155],[-96.7731675082083,32.870335628978175]]]},"properties":{"account":"005453000K01A0100","name":"MACYS NORTHPARK","address":"7901 W NORTHWEST HWY","city":"DALLAS","owner":"NORTHPARK LAND PARTNERS","kind":"retail","class":"DEPARTMENT STORE","year_built":"2000","sqft":250000,"units":0,"land_value":18886000,"building_value":25000,"total_value":18911000,"building_share":0.001,"note":"","deed_date":"05/13/2004","acres":3.47,"history":[[2021,3905570,12970850],[2022,4463680,13528960],[2023,5053150,14118430],[2024,2868400,14200000],[2025,3663600,14995200],[2026,25000,18911000]],"lng":-96.772448,"lat":32.869865,"street_view":"https://www.google.com/maps/@?api=1&map_action=pano&viewpoint=32.869865,-96.772448"}},{"type":"Feature","geometry":{"type":"Polygon","coordinates":[[[-96.80500341639453,32.93005090478621],[-96.8049759678843,32.93001168994745],[-96.80497499243224,32.92993489571579],[-96.80471709666608,32.929940468859826],[-96.8047166213212,32.92985194710966],[-96.80535577471669,32.92986138390661],[-96.80535971288973,32.92914916283621],[-96.8055841944582,32.92914704575382],[-96.80557870545114,32.929869202767904],[-96.80645812842792,32.929873935358934],[-96.8065598092929,32.929789272546486],[-96.8069368445469,32.929791294211334],[-96.80694178840221,32.92913955226327],[-96.80685464283039,32.92913481732301],[-96.8069949407606,32.92911647972863],[-96.80714436105647,32.929061949457314],[-96.80713884746065,32.929791261814614],[-96.80868864233295,32.9297995826913],[-96.80869571132942,32.92934480878089],[-96.80867676106733,32.92921340536735],[-96.80867988690348,32.92879852568128],[-96.80869707812977,32.92868006756521],[-96.80869793838721,32.9285659442474],[-96.80791695737906,32.92856175640679],[-96.8078423466094,32.92856961950569],[-96.80779695404243,32.92840344410325],[-96.80776194493642,32.92841033318123],[-96.80775863512532,32.92837396228043],[-96.80771658635429,32.9283405948472],[-96.80747904057218,32.92797536008943],[-96.80744392483896,32.92790101723604],[-96.80743126482068,32.927821708427985],[-96.80742385992977,32.92726417342184],[-96.80743626740552,32.927178313845815],[-96.80747493885394,32.92709820318001],[-96.80762037468325,32.92694103518034],[-96.8076778113669,32.92683908016759],[-96.80770652159698,32.92672883079002],[-96.80770742925145,32.926510334786556],[-96.80777187834201,32.9264548397759],[-96.80867768594449,32.926447921517614],[-96.80868550632749,32.92695977284396],[-96.8085814768492,32.92696071615243],[-96.80859719019413,32.92819398108273],[-96.80892699240931,32.92846619855852],[-96.80892206352975,32.928693919174066],[-96.8089374602373,32.92881366095593],[-96.80893594319419,32.92901488719527],[-96.80959958732487,32.929021351049386],[-96.80989671770206,32.929266595516076],[-96.80989406574952,32.929422427795394],[-96.80951793809723,32.929746522189426],[-96.80988796084306,32.93005192911423],[-96.8098834681331,32.930460834332514],[-96.81011655603838,32.93046167382733],[-96.8101715935553,32.93050710075592],[-96.81019849187226,32.93046471934985],[-96.81037485877964,32.930463697500024],[-96.810510074447,32.930506953584846],[-96.8106569078594,32.930536408676446],[-96.81080735388419,32.93054659853169],[-96.81115780129576,32.93054720080071],[-96.8111575767105,32.93064062823713],[-96.81028731992687,32.93063912670614],[-96.81028427913782,32.931891452308456],[-96.80744942966713,32.93187029232412],[-96.80744231582104,32.932710777523276],[-96.80733004345797,32.932690565289114],[-96.80733652449011,32.93174574785549],[-96.80860276518004,32.93175520400582],[-96.80875501861021,32.93174559447838],[-96.80890343990721,32.93171539921792],[-96.80798181928732,32.930954709686176],[-96.80817266546401,32.93079027115581],[-96.80726935401773,32.93004462423354],[-96.80711701374892,32.93004532494198],[-96.806468272287,32.93060428390893],[-96.8064720308817,32.93005283455866],[-96.8055773518419,32.930048021016525],[-96.80557316728127,32.93068314293025],[-96.80540704597566,32.930684643754795],[-96.80534721511832,32.930644522494404],[-96.80535022013598,32.930053167252574],[-96.80500341639453,32.93005090478621]]]},"properties":{"account":"00000731077400000","name":"VACANT","address":"13131 PRESTON RD","city":"DALLAS","owner":"13331 PRESTON RD LP","kind":"retail","class":"SHOPPING MALL","year_built":"1972","sqft":708366,"units":0,"land_value":18603010,"building_value":10,"total_value":18603020,"building_share":0.0,"note":"VACANT","deed_date":"04/25/2012","acres":23.28,"history":[[2021,1000,16619520],[2022,1000,16200600],[2023,39730,16200600],[2024,1317250,18646080],[2025,10,18603020],[2026,10,18603020]],"lng":-96.809198,"lat":32.929578,"street_view":"https://www.google.com/maps/@?api=1&map_action=pano&viewpoint=32.929578,-96.809198"}},{"type":"Feature","geometry":{"type":"Polygon","coordinates":[[[-96.78975339434862,32.80413160589252],[-96.789480480987,32.8043539177881],[-96.78841420926071,32.803438802284056],[-96.78872199182663,32.80318507136496],[-96.78883221034809,32.803107541011215],[-96.78906793237599,32.80296962993851],[-96.7893212646209,32.80285615486517],[-96.78945343829115,32.80280908953752],[-96.7897264951872,32.802735124264245],[-96.79000797391308,32.80268886682077],[-96.79029394727921,32.80267096258937],[-96.7904373735429,32.80267273657615],[-96.79072260345131,32.802697705811106],[-96.79086341134837,32.80272081389081],[-96.79113895691077,32.80278787390038],[-96.79097450136724,32.80321867191873],[-96.79089533955548,32.80330310044732],[-96.79072183314683,32.80346085782136],[-96.78982118016359,32.80419095750607],[-96.78975339434862,32.80413160589252]]]},"properties":{"account":"000618000A0040000","name":"CITY PLACE RETAIL SC OFFICE MAX/ BIG LOTS/ ROSS","address":"2415 N HASKELL AVE","city":"DALLAS","owner":"KIR CITYPLACE MARKET L P","kind":"retail","class":"DISCOUNT STORE","year_built":"1996","sqft":92426,"units":0,"land_value":17406600,"building_value":2480410,"total_value":19887010,"building_share":0.125,"note":"","deed_date":"12/07/1998","acres":6.7,"history":[[2021,931510,15437010],[2022,1181510,15687010],[2023,2281510,16787010],[2024,2531510,17037010],[2025,1343400,18750000],[2026,2480410,19887010]],"lng":-96.789561,"lat":32.803487,"street_view":"https://www.google.com/maps/@?api=1&map_action=pano&viewpoint=32.803487,-96.789561"}},{"type":"Feature","geometry":{"type":"Polygon","coordinates":[[[-96.71649817232914,32.98144931594604],[-96.71660637030907,32.981425604391816],[-96.71680200790787,32.981426871044015],[-96.71678979987823,32.98276680981694],[-96.71621907883285,32.98276433625161],[-96.71621469427392,32.98324533995248],[-96.71678541841972,32.98324781353767],[-96.71678040447307,32.98379819054114],[-96.71669824548438,32.98386654034911],[-96.71523307314885,32.98385996487079],[-96.71515180282425,32.98379073824178],[-96.7151549490248,32.98333787551509],[-96.71325205357597,32.98332956539426],[-96.7130665790381,32.98330719550057],[-96.71332264752685,32.98275173591078],[-96.7132272879367,32.9827513200437],[-96.71393091152373,32.981226988255045],[-96.71459957163782,32.98144623353281],[-96.71472759120944,32.98147595355865],[-96.71479362915404,32.981482407616305],[-96.71492632107878,32.981478167593494],[-96.71528268189455,32.98140463369424],[-96.71554892815466,32.98139713029541],[-96.71568009166269,32.98141021987697],[-96.71574360391224,32.981425776242624],[-96.71596559188865,32.981515645501695],[-96.71602050107178,32.98152909487115],[-96.71613389803635,32.981540410790195],[-96.71619808144408,32.98153816474864],[-96.71632410123063,32.98151777559019],[-96.71638470909514,32.98149983123879],[-96.71649817232914,32.98144931594604]]]},"properties":{"account":"422684800A0010000","name":"WEST COAST UNIVERSITY","address":"2323 N CENTRAL EXPY","city":"RICHARDSON","owner":"2323 REALTY INVESTMENTS LP","kind":"office","class":"OFFICE BUILDING","year_built":"1985","sqft":130000,"units":0,"land_value":15615220,"building_value":997470,"total_value":16612690,"building_share":0.06,"note":"","deed_date":"03/03/2022","acres":17.92,"history":[[2021,708570,12419990],[2022,3799540,15510960],[2023,4717830,16429250],[2024,4717830,16429250],[2025,814030,16429250],[2026,997470,16612690]],"lng":-96.715159,"lat":32.982135,"street_view":"https://www.google.com/maps/@?api=1&map_action=pano&viewpoint=32.982135,-96.715159"}},{"type":"Feature","geometry":{"type":"Polygon","coordinates":[[[-96.78611723332658,32.9240638104341],[-96.78604411356484,32.924129643521695],[-96.78558932179651,32.92406873435432],[-96.78490357016342,32.923941674056024],[-96.78442785461844,32.92387029725334],[-96.78240544655307,32.92368686221343],[-96.78205793551817,32.9228950571006],[-96.78477924730169,32.92297141388724],[-96.78612997152156,32.9230003854539],[-96.786128880944,32.923981443937],[-96.78611723332658,32.9240638104341]]]},"properties":{"account":"00000734837000000","name":"NEW SITE FOR H.E.B.","address":"12800 HILLCREST RD","city":"DALLAS","owner":"HARTMAN SPE LLC","kind":"office","class":"OFFICE BUILDING","year_built":"1972","sqft":208960,"units":0,"land_value":15241280,"building_value":1534460,"total_value":16775740,"building_share":0.091,"note":"NEW SITE","deed_date":"10/02/2018","acres":9.18,"history":[[2021,3290700,12000000],[2022,3840700,12550000],[2023,4690700,13400000],[2024,5796630,14505930],[2025,1534460,16775740],[2026,1534460,16775740]],"lng":-96.784187,"lat":32.923345,"street_view":"https://www.google.com/maps/@?api=1&map_action=pano&viewpoint=32.923345,-96.784187"}},{"type":"Feature","geometry":{"type":"Polygon","coordinates":[[[-96.80907647528588,32.78336502887548],[-96.80960067152438,32.783239230355015],[-96.80980577388904,32.78320361409939],[-96.81001485805223,32.783194039199664],[-96.81022331640821,32.78321071665877],[-96.81032587202249,32.78322880763601],[-96.81058177644431,32.78413109471716],[-96.81032334070157,32.7841832909843],[-96.8103115888677,32.784192951046904],[-96.81030967167467,32.784186046778565],[-96.8098223656327,32.78428446711594],[-96.80957137744467,32.784293577628404],[-96.80919731545514,32.78428786266863],[-96.80912656845186,32.78426934807784],[-96.8090841815936,32.78422993188201],[-96.80906869180389,32.78417831374731],[-96.80906680832845,32.783715968416516],[-96.80904474868817,32.78338651594544],[-96.80907647528588,32.78336502887548]]]},"properties":{"account":"000405000101A0000","name":"703 MCKINNEY AVE","address":"703 MCKINNEY AVE","city":"DALLAS","owner":"VICTORY BREWERY 2013 LP","kind":"other","class":"HEALTH SPA","year_built":"1986","sqft":124114,"units":0,"land_value":14847460,"building_value":10000,"total_value":14857460,"building_share":0.001,"note":"","deed_date":"12/18/2013","acres":3.6,"history":[[2021,2130720,16271160],[2022,10000,14150440],[2023,10000,14150440],[2024,10000,14621790],[2025,10000,14857460],[2026,10000,14857460]],"lng":-96.809798,"lat":32.783931,"street_view":"https://www.google.com/maps/@?api=1&map_action=pano&viewpoint=32.783931,-96.809798"}},{"type":"Feature","geometry":{"type":"Polygon","coordinates":[[[-96.84283054031167,32.8082372728176],[-96.844550914563,32.80908641715071],[-96.84529101952444,32.80943479997749],[-96.84448384442562,32.81060375087871],[-96.84439929835142,32.8107160164362],[-96.8432766037314,32.81029733382071],[-96.84230364610191,32.80992248829776],[-96.84136664244741,32.809503402224486],[-96.8414068705102,32.80943053160027],[-96.84235378400126,32.80808299565598],[-96.84283054031167,32.8082372728176]]]},"properties":{"account":"00000776500000000","name":"UNOCCUPIED STEMMONS TOWERS","address":"2730 N STEMMONS FWY","city":"DALLAS","owner":"4LUMIERE LLC","kind":"office","class":"OFFICE BUILDING","year_built":"1965","sqft":321225,"units":0,"land_value":14576250,"building_value":10000,"total_value":14586250,"building_share":0.001,"note":"UNOCCUPIED","deed_date":"12/12/2023","acres":13.86,"history":[[2021,10000,11671000],[2022,10000,12254050],[2023,50000,12294050],[2024,10000,14586250],[2025,10000,14586250],[2026,10000,14586250]],"lng":-96.843325,"lat":32.809354,"street_view":"https://www.google.com/maps/@?api=1&map_action=pano&viewpoint=32.809354,-96.843325"}},{"type":"Feature","geometry":{"type":"Polygon","coordinates":[[[-96.77090394687205,32.81045126947389],[-96.77022958763429,32.809858589867815],[-96.77024417477286,32.809601339573334],[-96.77025777547193,32.80827945930675],[-96.77028413704465,32.80804606995135],[-96.7703309378834,32.80799987609101],[-96.7704393619425,32.80797205084048],[-96.77209176677285,32.8094242998065],[-96.77209049898877,32.80948270053862],[-96.77090394687205,32.81045126947389]]]},"properties":{"account":"001485000A01A0000","name":"FIESTA MART AND MULTITENANT RETAIL","address":"5334 ROSS AVE","city":"DALLAS","owner":"ROSS HENDERSON DEV GROUP","kind":"retail","class":"SHOPPING CENTER","year_built":"1996","sqft":93309,"units":0,"land_value":14266450,"building_value":476330,"total_value":14742780,"building_share":0.032,"note":"","deed_date":"03/01/1995","acres":6.65,"history":[[2021,500000,12811150],[2022,150320,13185650],[2023,364670,13400000],[2024,1506110,13600000],[2025,1045170,14587430],[2026,476330,14742780]],"lng":-96.770848,"lat":32.808847,"street_view":"https://www.google.com/maps/@?api=1&map_action=pano&viewpoint=32.808847,-96.770848"}},{"type":"Feature","geometry":{"type":"Polygon","coordinates":[[[-96.80515814840719,32.804592571909176],[-96.80538366167028,32.804315883858],[-96.80546241820143,32.80418956145698],[-96.80603778154072,32.804681513919114],[-96.80611248806947,32.80462133530679],[-96.80613423936792,32.80463973974421],[-96.8065051869439,32.80432591618143],[-96.80656226249313,32.804374892969804],[-96.80658175523727,32.804362916680965],[-96.80681115600503,32.804559627468144],[-96.80636689129008,32.804934775411844],[-96.80651793083624,32.80506428497785],[-96.80608713519705,32.80542419984319],[-96.80516247701185,32.80463452832873],[-96.80515814840719,32.804592571909176]]]},"properties":{"account":"001031000A0040000","name":"VANTAGE CORP HEADQUARTERS","address":"2999 TURTLE CREEK BLVD","city":"DALLAS","owner":"HNGH TURTLE CREEK LLC","kind":"office","class":"OFFICE BUILDING","year_built":"2004","sqft":52465,"units":0,"land_value":13936860,"building_value":521880,"total_value":14458740,"building_share":0.036,"note":"","deed_date":"11/01/2021","acres":2.37,"history":[[2021,3144040,14500000],[2022,3144040,14500000],[2023,563140,14500000],[2024,2738140,16675000],[2025,2738140,16675000],[2026,521880,14458740]],"lng":-96.805933,"lat":32.804804,"street_view":"https://www.google.com/maps/@?api=1&map_action=pano&viewpoint=32.804804,-96.805933"}},{"type":"Feature","geometry":{"type":"Polygon","coordinates":[[[-96.78376495974959,32.76566102896811],[-96.78412247657317,32.765317915559905],[-96.78432001253564,32.76510457417484],[-96.78523398284501,32.763768807561576],[-96.78533009285593,32.76378106768517],[-96.78567108847211,32.76398683265529],[-96.7860347383316,32.76425618369636],[-96.78625565965262,32.76452778756289],[-96.78642566481959,32.76467872497336],[-96.78661535011832,32.76481187477507],[-96.78700348917803,32.76502780208959],[-96.78637782483759,32.7655410503173],[-96.78627008630296,32.7654675786879],[-96.78444849453427,32.76697136729125],[-96.78442934166257,32.76695727502505],[-96.78434718443015,32.767029569877806],[-96.78436331300207,32.76704188848942],[-96.78418223932402,32.76726667451939],[-96.78387475433584,32.76752808748842],[-96.78382369974554,32.767526503062676],[-96.78370964124821,32.76745239354676],[-96.78291920389496,32.7667172696325],[-96.78326419513508,32.766190600478694],[-96.7834307991842,32.76602097732141],[-96.78361441605702,32.76586439297769],[-96.78359594454135,32.76585504668788],[-96.78367792356345,32.76575646537647],[-96.78376495974959,32.76566102896811]]]},"properties":{"account":"000887000A0010000","name":"DEL MONTE/FEDERAL STATE MARKET NEWS/USDA","address":"1400 PARKER ST","city":"DALLAS","owner":"STANDARD FRUIT & VEG CO","kind":"industrial","class":"DISTRIBUTION WAREHOUSE","year_built":"1962","sqft":291728,"units":0,"land_value":13599490,"building_value":1142040,"total_value":14741530,"building_share":0.077,"note":"","deed_date":"03/13/1990","acres":16.01,"history":[[2021,15000,9957110],[2022,1806440,11748550],[2023,323840,11748550],[2024,2880700,14305410],[2025,2357500,14741530],[2026,1142040,14741530]],"lng":-96.784932,"lat":32.76563,"street_view":"https://www.google.com/maps/@?api=1&map_action=pano&viewpoint=32.765630,-96.784932"}},{"type":"Feature","geometry":{"type":"Polygon","coordinates":[[[-96.81544118716079,32.9599827656863],[-96.81527877251436,32.9597783343459],[-96.81515735499733,32.95965313863944],[-96.81505490168104,32.959561092831805],[-96.81509562827824,32.957665035943656],[-96.8169073229427,32.95768952135122],[-96.81690533755607,32.95779398535015],[-96.8181531040026,32.957811681908964],[-96.81809511880924,32.958063319284705],[-96.81806575906697,32.95831846318963],[-96.81806529073044,32.958574804560904],[-96.81807590247313,32.95870269917137],[-96.81811869787488,32.958956489242006],[-96.81815078471348,32.959081810162125],[-96.81829087611301,32.959520159595925],[-96.81843726372304,32.95978339519177],[-96.81842022406964,32.959828898156964],[-96.81815364387408,32.959966070117524],[-96.81790081968884,32.96012064769267],[-96.81751677023887,32.960402154699736],[-96.81727152685387,32.96056273685302],[-96.81701080095384,32.960704931936085],[-96.8167365268657,32.960827684965885],[-96.81665846837318,32.960701950779395],[-96.81666536281521,32.960339253900685],[-96.81563372311467,32.96032531273744],[-96.815534418221,32.960129311180594],[-96.81544118716079,32.9599827656863]]]},"properties":{"account":"008222000B07B0000","name":"WALMART SUPERCENTER","address":"15220 MONTFORT RD","city":"DALLAS","owner":"WAL-MART REAL ESTATE BUSI","kind":"retail","class":"DISCOUNT STORE","year_built":"2005","sqft":216281,"units":0,"land_value":13346340,"building_value":1568060,"total_value":14914400,"building_share":0.105,"note":"","deed_date":"04/22/2005","acres":20.43,"history":[[2021,80000,13426340],[2022,318300,13664640],[2023,318400,13664740],[2024,728340,14074680],[2025,1133660,14480000],[2026,1568060,14914400]],"lng":-96.816634,"lat":32.959225,"street_view":"https://www.google.com/maps/@?api=1&map_action=pano&viewpoint=32.959225,-96.816634"}},{"type":"Feature","geometry":{"type":"Polygon","coordinates":[[[-96.80169332043154,32.80740730777809],[-96.8006937577185,32.80655556970913],[-96.80069195040204,32.80651056995537],[-96.80127455703058,32.8059913905287],[-96.80130454932235,32.805992487401035],[-96.80204211631744,32.80662200962779],[-96.80169332043154,32.80740730777809]]]},"properties":{"account":"00000136534000000","name":"CARLISLE ON THE KATY TRAIL","address":"3230 N HALL ST","city":"DALLAS","owner":"CARLISLE ON THE CREEK LLC","kind":"apartments","class":"APARTMENT (BRICK EXTERIOR)","year_built":"1967","sqft":89363,"units":120,"land_value":13326130,"building_value":10240,"total_value":13336370,"building_share":0.001,"note":"","deed_date":"03/09/2022","acres":2.48,"history":[[2021,1000,10661900],[2022,10000,13336130],[2023,3122870,16449000],[2024,1873870,15200000],[2025,2014780,15340910],[2026,10240,13336370]],"lng":-96.801419,"lat":32.806668,"street_view":"https://www.google.com/maps/@?api=1&map_action=pano&viewpoint=32.806668,-96.801419"}},{"type":"Feature","geometry":{"type":"Polygon","coordinates":[[[-96.79354530259515,32.80158166098536],[-96.79354770297475,32.801427085029914],[-96.79351919498224,32.80140238093924],[-96.79354395305003,32.80079968270509],[-96.79354453343959,32.800611366912825],[-96.7935634483675,32.800524954469545],[-96.79358451659806,32.8003501691429],[-96.793579961007,32.800132125522],[-96.79393743314967,32.80015098795441],[-96.79395345599303,32.80013778667313],[-96.79402586560748,32.800173519423424],[-96.79413192216408,32.80018374924542],[-96.79416667138064,32.80019500582717],[-96.7944088203867,32.80039772496498],[-96.79445014033617,32.800362226255515],[-96.79474092242705,32.800614208824435],[-96.7942879118752,32.801003405698054],[-96.79459259011324,32.801267906070365],[-96.79408421427918,32.80170418689192],[-96.79394180850356,32.80158649966702],[-96.79354530259515,32.80158166098536]]]},"properties":{"account":"000633000B11E0000","name":"WALMART NBHD MKT","address":"2305 N CENTRAL EXPY","city":"DALLAS","owner":"WALMART REAL ESTATE","kind":"retail","class":"SUPERMARKET","year_built":"2004","sqft":42060,"units":0,"land_value":13168620,"building_value":908160,"total_value":14076780,"building_share":0.065,"note":"","deed_date":"02/07/2011","acres":3.36,"history":[[2021,100000,13268620],[2022,100000,13268620],[2023,100000,13268620],[2024,100100,13268720],[2025,498160,13666780],[2026,908160,14076780]],"lng":-96.793982,"lat":32.800881,"street_view":"https://www.google.com/maps/@?api=1&map_action=pano&viewpoint=32.800881,-96.793982"}},{"type":"Feature","geometry":{"type":"Polygon","coordinates":[[[-96.82890249967757,32.833156924590604],[-96.82883227665819,32.83316596192112],[-96.82865061101202,32.83326130478984],[-96.82863149137991,32.833235511861545],[-96.82847467142271,32.83331836106859],[-96.82858215047825,32.83346336401957],[-96.82861651210501,32.83344521028381],[-96.82892268012532,32.8338582658151],[-96.8289063963354,32.8338668688764],[-96.82895634573096,32.833934255479136],[-96.82918542366534,32.83381323062661],[-96.8291429874851,32.83375597910844],[-96.82914801046358,32.8337403260131],[-96.82917745996545,32.83372476863248],[-96.82923711549547,32.83380525006484],[-96.82739619829302,32.83477781301752],[-96.82635769763874,32.83337671216305],[-96.82827587591066,32.83236333720282],[-96.82832073983849,32.83237205523108],[-96.82890249967757,32.833156924590604]]]},"properties":{"account":"005696000101A0000","name":"HOME DEPOT","address":"6110 LEMMON AVE","city":"DALLAS","owner":"HD DEV PPTIES LP","kind":"retail","class":"DISCOUNT STORE","year_built":"1997","sqft":101600,"units":0,"land_value":12731300,"building_value":392240,"total_value":13123540,"building_share":0.03,"note":"","deed_date":"02/16/2010","acres":8.94,"history":[[2021,25000,8784720],[2022,40280,8800000],[2023,1014960,8800000],[2024,1014960,8800000],[2025,10000,12741300],[2026,392240,13123540]],"lng":-96.82761,"lat":32.833577,"street_view":"https://www.google.com/maps/@?api=1&map_action=pano&viewpoint=32.833577,-96.827610"}},{"type":"Feature","geometry":{"type":"Polygon","coordinates":[[[-96.81144299706678,32.92828746332864],[-96.81143897418664,32.92768789648513],[-96.81141771193403,32.92729845303453],[-96.81205641885178,32.9273068352434],[-96.81206349353434,32.92689275959418],[-96.81196865103641,32.92689202272856],[-96.81197899832243,32.926422544487416],[-96.81310469391009,32.92644964357835],[-96.8130991252658,32.92698346064914],[-96.8141986092541,32.92699229846423],[-96.81417337497612,32.929215590499346],[-96.81256325663138,32.9292072476499],[-96.81142127190046,32.92919260055858],[-96.81141613294972,32.929058949188565],[-96.81237911525979,32.92906141623701],[-96.8123995436588,32.92829022795475],[-96.81144299706678,32.92828746332864]]]},"properties":{"account":"00000663345610000","name":"TARGET 13","address":"13131 MONTFORT DR","city":"DALLAS","owner":"DAYTON HUDSON CORP","kind":"retail","class":"DISCOUNT STORE","year_built":"1969","sqft":156438,"units":0,"land_value":12689380,"building_value":443120,"total_value":13132500,"building_share":0.034,"note":"","deed_date":"07/07/1983","acres":14.82,"history":[[2021,100000,12180460],[2022,100000,12180460],[2023,122040,12202500],[2024,2685460,12202500],[2025,60620,12750000],[2026,443120,13132500]],"lng":-96.812816,"lat":32.927849,"street_view":"https://www.google.com/maps/@?api=1&map_action=pano&viewpoint=32.927849,-96.812816"}},{"type":"Feature","geometry":{"type":"Polygon","coordinates":[[[-96.82847580667625,32.83206952656869],[-96.82762316982955,32.8309281039177],[-96.82750705469104,32.830778386396496],[-96.82725764812878,32.83048902556133],[-96.82832313713162,32.829573613173686],[-96.82857110415438,32.829650223076214],[-96.82882800449954,32.82970174236129],[-96.82909028986734,32.82972745944397],[-96.82935433756597,32.8297270191192],[-96.83030032750848,32.830508934802225],[-96.82847580667625,32.83206952656869]]]},"properties":{"account":"00000429733000000","name":"LOWES HOME CENTER","address":"6011 LEMMON AVE","city":"DALLAS","owner":"LOWES HOME CENTERS INC","kind":"retail","class":"DISCOUNT STORE","year_built":"2006","sqft":119621,"units":0,"land_value":11722590,"building_value":560160,"total_value":12282750,"building_share":0.046,"note":"","deed_date":"03/31/2006","acres":10.44,"history":[[2021,1000,11285220],[2022,100000,11384220],[2023,2356520,11383900],[2024,2572620,11600000],[2025,1263000,12985590],[2026,560160,12282750]],"lng":-96.828713,"lat":32.830869,"street_view":"https://www.google.com/maps/@?api=1&map_action=pano&viewpoint=32.830869,-96.828713"}},{"type":"Feature","geometry":{"type":"Polygon","coordinates":[[[-96.79832345548623,32.805694225671076],[-96.79828492981312,32.80569830057827],[-96.797510306937,32.805019078162246],[-96.79751283159901,32.804977508010104],[-96.79800003015754,32.80455271433382],[-96.79847969391666,32.80497867369775],[-96.79872544837092,32.80509360427514],[-96.79832345548623,32.805694225671076]]]},"properties":{"account":"000971001108A0000","name":"WALGREENS 152","address":"3418 MCKINNEY AVE","city":"DALLAS","owner":"WEBSTER INTERESTS 300 SOUTH","kind":"retail","class":"FREE STANDING RETAIL STORE","year_built":"1999","sqft":15048,"units":0,"land_value":11295300,"building_value":50000,"total_value":11345300,"building_share":0.004,"note":"","deed_date":"01/30/2023","acres":1.74,"history":[[2021,95140,9507890],[2022,380380,9793130],[2023,674170,10086920],[2024,10000,11305300],[2025,104700,11400000],[2026,50000,11345300]],"lng":-96.798173,"lat":32.80517,"street_view":"https://www.google.com/maps/@?api=1&map_action=pano&viewpoint=32.805170,-96.798173"}},{"type":"Feature","geometry":{"type":"Polygon","coordinates":[[[-96.82782830730444,32.80241364656139],[-96.82788886996043,32.802349314510764],[-96.82954223180026,32.80258250424753],[-96.82995506199264,32.802651117249304],[-96.83023184109474,32.802708735717424],[-96.83070096425297,32.80282856945111],[-96.83096281857578,32.802908133897695],[-96.83142468385938,32.80306825688947],[-96.83083503717666,32.803903376737956],[-96.83073750330202,32.80401028379513],[-96.83061297874222,32.80409489365988],[-96.830542726542,32.8041272984141],[-96.83043011704204,32.80416221674012],[-96.83027195272804,32.80418167904755],[-96.83010916444587,32.80416854587057],[-96.82855163693135,32.803794737267786],[-96.8281086264806,32.80298500428605],[-96.82782830730444,32.80241364656139]]]},"properties":{"account":"00000502357000000","name":"MARKET HALL","address":"2202 N STEMMONS FWY","city":"DALLAS","owner":"MARKET CENTER LAND LP","kind":"industrial","class":"STORAGE WAREHOUSE","year_built":"1963","sqft":213678,"units":0,"land_value":10688710,"building_value":48720,"total_value":10737430,"building_share":0.005,"note":"","deed_date":"09/23/2005","acres":10.35,"history":[[2021,388720,9000000],[2022,1113720,9725000],[2023,1388720,10000000],[2024,123850,10250000],[2025,1073000,11199150],[2026,48720,10737430]],"lng":-96.829749,"lat":32.803428,"street_view":"https://www.google.com/maps/@?api=1&map_action=pano&viewpoint=32.803428,-96.829749"}},{"type":"Feature","geometry":{"type":"Polygon","coordinates":[[[-96.74446886391947,32.86482341317131],[-96.74498672481907,32.86455035100754],[-96.74541947069136,32.86437006474642],[-96.74586304558495,32.864209618641176],[-96.74596585173408,32.86424933487776],[-96.7468320757384,32.86630968478615],[-96.74410442214081,32.867147780647294],[-96.74412669178871,32.86707748978056],[-96.74408263952115,32.86697738269592],[-96.74392007766431,32.86693771398685],[-96.74405543702811,32.86654941972973],[-96.74338634070462,32.86638385208211],[-96.74345066177854,32.866251736555334],[-96.74354658068386,32.865989054597314],[-96.74351545468214,32.86598096049931],[-96.74360103317632,32.865746595342934],[-96.74372433005642,32.865505119860565],[-96.74383281771468,32.865205526975394],[-96.7438910011406,32.86513585419499],[-96.74447485211428,32.86483150299818],[-96.74446886391947,32.86482341317131]]]},"properties":{"account":"005217001601A0000","name":"SUPER TARGET FOREST BROOK 1784","address":"6419 SKILLMAN ST","city":"DALLAS","owner":"DAYTON HUDSON CORP","kind":"retail","class":"DISCOUNT STORE","year_built":"2000","sqft":174000,"units":0,"land_value":10407420,"building_value":819580,"total_value":11227000,"building_share":0.073,"note":"","deed_date":"11/05/1999","acres":15.43,"history":[[2021,350000,10757420],[2022,17790,10425210],[2023,294580,10702000],[2024,294580,10702000],[2025,492580,10900000],[2026,819580,11227000]],"lng":-96.745112,"lat":32.865646,"street_view":"https://www.google.com/maps/@?api=1&map_action=pano&viewpoint=32.865646,-96.745112"}},{"type":"Feature","geometry":{"type":"Polygon","coordinates":[[[-96.80434102119409,32.8026755953825],[-96.80439735699218,32.80272518028681],[-96.80413119147099,32.802963352312766],[-96.80390747775162,32.80319750467524],[-96.80336053097092,32.802933493531484],[-96.80390826836711,32.802106922591115],[-96.80447533150802,32.802575651042766],[-96.80434102119409,32.8026755953825]]]},"properties":{"account":"00000136092000000","name":"OAKS AT TURTLE CREEK","address":"2929 CARLISLE ST","city":"DALLAS","owner":"KLP NEWVILLE LP","kind":"office","class":"OFFICE BUILDING","year_built":"1971","sqft":80092,"units":0,"land_value":10314900,"building_value":1585100,"total_value":11900000,"building_share":0.133,"note":"","deed_date":"11/07/2012","acres":1.58,"history":[[2021,185100,10500000],[2022,435100,10750000],[2023,650100,10965000],[2024,650100,10965000],[2025,930100,11245000],[2026,1585100,11900000]],"lng":-96.80399,"lat":32.80262,"street_view":"https://www.google.com/maps/@?api=1&map_action=pano&viewpoint=32.802620,-96.803990"}},{"type":"Feature","geometry":{"type":"Polygon","coordinates":[[[-96.76607909478442,32.85115649714359],[-96.76770570333179,32.85117774774222],[-96.76769240932103,32.85291839611948],[-96.76684363800956,32.852931870299116],[-96.76681654385732,32.85287835306933],[-96.76677689274733,32.85283073644141],[-96.76669769988138,32.852774899124014],[-96.76663515614446,32.85275041334271],[-96.76626789691778,32.85265229586003],[-96.76612714855972,32.8518103903811],[-96.76608180977287,32.85139405638113],[-96.76607909478442,32.85115649714359]]]},"properties":{"account":"005410000C0030000","name":"TOM THUMB OLD TOWN","address":"5809 E LOVERS LN","city":"DALLAS","owner":"OT CHATSWORTH TEXAS LLC","kind":"retail","class":"SUPERMARKET","year_built":"1995","sqft":74793,"units":0,"land_value":10141040,"building_value":0,"total_value":10141040,"building_share":0.0,"note":"","deed_date":"09/07/2016","acres":6.62,"history":[[2021,103180,8795500],[2022,207680,8900000],[2023,207680,8900000],[2024,385680,9078000],[2025,718800,9411120],[2026,0,10141040]],"lng":-96.766948,"lat":32.852242,"street_view":"https://www.google.com/maps/@?api=1&map_action=pano&viewpoint=32.852242,-96.766948"}},{"type":"Feature","geometry":{"type":"Polygon","coordinates":[[[-96.83926486764524,32.92655701199992],[-96.83925556762328,32.926357582851075],[-96.83922213562909,32.9261413377124],[-96.84068150388659,32.92614841713351],[-96.84068722987463,32.92540762816355],[-96.84129015807656,32.9254129098467],[-96.84128550928486,32.92600938874066],[-96.8419944045701,32.9260133290482],[-96.84199904858947,32.92541685012811],[-96.84212942606382,32.92541721105057],[-96.84211119671956,32.92787185693401],[-96.84013032718003,32.92786059521992],[-96.84004118788611,32.92787727604581],[-96.83923807930704,32.927855574474606],[-96.8392400983424,32.927704404409006],[-96.83950212464204,32.92770351699163],[-96.83953970955814,32.9276852755413],[-96.8395546743748,32.92765095103812],[-96.83955771813736,32.92682930769681],[-96.83954397598853,32.92680420951548],[-96.83950662285184,32.92678570294451],[-96.8392630575875,32.926784153120245],[-96.83926486764524,32.92655701199992]]]},"properties":{"account":"241417100A0010000","name":"AT HOME","address":"13307 MIDWAY RD","city":"FARMERS BRANCH","owner":"DANIEL G KAMIN FARMERS BRANCH LLC","kind":"retail","class":"DISCOUNT STORE","year_built":"1992","sqft":137642,"units":0,"land_value":10062900,"building_value":37100,"total_value":10100000,"building_share":0.004,"note":"","deed_date":"06/11/2018","acres":13.55,"history":[[2021,478420,8500000],[2022,155460,8550000],[2023,154330,8938320],[2024,467170,9251160],[2025,153430,9450000],[2026,37100,10100000]],"lng":-96.840692,"lat":32.926688,"street_view":"https://www.google.com/maps/@?api=1&map_action=pano&viewpoint=32.926688,-96.840692"}},{"type":"Feature","geometry":{"type":"Polygon","coordinates":[[[-96.7987224780167,32.807092476329814],[-96.79806214168084,32.80648196034291],[-96.79836632291253,32.80601746572294],[-96.79840453491823,32.80601294939285],[-96.7991991787427,32.80670022102203],[-96.7987224780167,32.807092476329814]]]},"properties":{"account":"000978000001A0000","name":"BLOCKBUSTER-LOVERS EGG ROLL-BIBBENTUCKERS","address":"3501 MCKINNEY AVE","city":"DALLAS","owner":"3501 MCKINNEY LTD","kind":"retail","class":"RETAIL STRIP","year_built":"1997","sqft":15925,"units":0,"land_value":9850050,"building_value":974490,"total_value":10824540,"building_share":0.09,"note":"","deed_date":"03/26/1996","acres":1.51,"history":[[2021,443510,8651880],[2022,541630,8750000],[2023,1091630,9300000],[2024,1207620,10416000],[2025,1265950,11116000],[2026,974490,10824540]],"lng":-96.798626,"lat":32.806591,"street_view":"https://www.google.com/maps/@?api=1&map_action=pano&viewpoint=32.806591,-96.798626"}},{"type":"Feature","geometry":{"type":"Polygon","coordinates":[[[-96.79962443875276,32.79304559069679],[-96.79887668243589,32.79239501230588],[-96.79887766586347,32.792336674926496],[-96.7993301415472,32.791964790392456],[-96.8001135250782,32.79264478585821],[-96.79962443875276,32.79304559069679]]]},"properties":{"account":"000542000G01C0000","name":"FED RESERVE","address":"2191 MAPLE ROUTH CONN","city":"DALLAS","owner":"FEDERAL RESERVE BANK  OF","kind":"other","class":"TECHNICAL BUILDING","year_built":"2012","sqft":13361,"units":0,"land_value":9726480,"building_value":200000,"total_value":9926480,"building_share":0.02,"note":"","deed_date":"06/12/2019","acres":1.65,"history":[[2021,74280,9800760],[2022,74280,9800760],[2023,74370,9800850],[2024,74370,9800850],[2025,200000,9926480],[2026,200000,9926480]],"lng":-96.799495,"lat":32.79252,"street_view":"https://www.google.com/maps/@?api=1&map_action=pano&viewpoint=32.792520,-96.799495"}},{"type":"Feature","geometry":{"type":"Polygon","coordinates":[[[-96.81160815468755,32.861665772075504],[-96.81070685982715,32.86166285219331],[-96.81071390942202,32.86096338551988],[-96.81169466418565,32.860966569599896],[-96.81160815468755,32.861665772075504]]]},"properties":{"account":"005626000A0020000","name":"8100 LOMO ALTO","address":"8100 LOMO ALTO DR","city":"DALLAS","owner":"FREDERICKS SQUARE TITLE","kind":"office","class":"OFFICE BUILDING","year_built":"1983","sqft":49081,"units":0,"land_value":9553050,"building_value":10000,"total_value":9563050,"building_share":0.001,"note":"","deed_date":"08/04/2003","acres":1.69,"history":[[2026,10000,9563050]],"lng":-96.811181,"lat":32.861315,"street_view":"https://www.google.com/maps/@?api=1&map_action=pano&viewpoint=32.861315,-96.811181"}},{"type":"Feature","geometry":{"type":"Polygon","coordinates":[[[-96.77021380009525,32.850522580301856],[-96.77024250705031,32.85022145512847],[-96.77023938076638,32.84889747512091],[-96.77118137088141,32.84889281549573],[-96.77118456526384,32.84935244703676],[-96.7713180203148,32.84940627245552],[-96.77097509739612,32.85006029593162],[-96.77075198941971,32.8505245052773],[-96.77021380009525,32.850522580301856]]]},"properties":{"account":"00000366439000000","name":"ACTIVATE AND RETAIL AND OFFICE DEPOT GROUND LEASE","address":"5111 GREENVILLE AVE","city":"DALLAS","owner":"LOVERS LANE REDWOOD TEXAS","kind":"retail","class":"RETAIL STRIP","year_built":"1997","sqft":20092,"units":0,"land_value":9539690,"building_value":348050,"total_value":9887740,"building_share":0.035,"note":"","deed_date":"10/04/2005","acres":3.5,"history":[[2021,1659960,6062660],[2022,1872150,6274850],[2023,1597300,6000000],[2024,1940300,6343000],[2025,598050,6650750],[2026,348050,9887740]],"lng":-96.770694,"lat":32.849727,"street_view":"https://www.google.com/maps/@?api=1&map_action=pano&viewpoint=32.849727,-96.770694"}},{"type":"Feature","geometry":{"type":"Polygon","coordinates":[[[-96.9820344202595,32.88976413293162],[-96.98316251868657,32.88865507103222],[-96.98337510890734,32.888558917060024],[-96.98339628667178,32.88857274680297],[-96.98399922487548,32.888787433868764],[-96.9844469735495,32.8902814635704],[-96.98444610173101,32.890649408107556],[-96.98423300281398,32.89067435809489],[-96.98412878358643,32.89069710463094],[-96.98392807661914,32.89076247051754],[-96.98383277312767,32.8908047041862],[-96.9836550744645,32.89090702847431],[-96.98325707325134,32.8912167433882],[-96.98241057518828,32.89046101344688],[-96.98247950774581,32.88986810445715],[-96.98220616793385,32.890038014056415],[-96.98219403035932,32.8901063530958],[-96.98226363928387,32.89031403577555],[-96.98205182236637,32.890074233243894],[-96.98200574791602,32.88998999262093],[-96.9819921127618,32.88989793140321],[-96.98199798561008,32.889851669515465],[-96.9820344202595,32.88976413293162]]]},"properties":{"account":"322587600A0010000","name":"GATEWAY PLAZA (UNOCCUPIED)","address":"6051 N STATE HWY 161","city":"IRVING","owner":"WFS FINANCIAL INC","kind":"office","class":"OFFICE BUILDING","year_built":"1997","sqft":124947,"units":0,"land_value":9414530,"building_value":1585470,"total_value":11000000,"building_share":0.144,"note":"UNOCCUPIED","deed_date":"01/08/1997","acres":10.13,"history":[[2021,3916570,11619360],[2022,4696250,12399040],[2023,5416290,13119080],[2024,3781250,13195780],[2025,3781250,13195780],[2026,1585470,11000000]],"lng":-96.983405,"lat":32.889884,"street_view":"https://www.google.com/maps/@?api=1&map_action=pano&viewpoint=32.889884,-96.983405"}},{"type":"Feature","geometry":{"type":"Polygon","coordinates":[[[-96.8530507883333,32.93794042745592],[-96.85566018308647,32.937964754444835],[-96.85565944129962,32.93804721267992],[-96.8549782122851,32.938040867402826],[-96.85497523932837,32.938370700275556],[-96.85565646924948,32.93837704554719],[-96.85565421931013,32.93862688441433],[-96.85529442996248,32.938621551499246],[-96.85511072112438,32.93857829312367],[-96.85493438587412,32.93857317360841],[-96.85491387673235,32.93859417535889],[-96.85490782148264,32.93862089777375],[-96.8549064352781,32.93903747921974],[-96.8556504551434,32.93904469348717],[-96.8556463321482,32.93950246450686],[-96.85483145607309,32.9394945605792],[-96.85482853450281,32.939862931289184],[-96.85302295792782,32.939845398871626],[-96.8530507883333,32.93794042745592]]]},"properties":{"account":"100079200E01R0000","name":"BROOKHAVEN VILLAGE TOM THUMB","address":"14380 MARSH LN","city":"ADDISON","owner":"DCO BROOKHAVEN CENTER LP","kind":"retail","class":"SHOPPING CENTER","year_built":"1999","sqft":83708,"units":0,"land_value":9228620,"building_value":521380,"total_value":9750000,"building_share":0.053,"note":"","deed_date":"11/25/2008","acres":10.59,"history":[[2023,3885690,8500000],[2024,4699380,9313690],[2025,3039970,9500000],[2026,521380,9750000]],"lng":-96.853973,"lat":32.93884,"street_view":"https://www.google.com/maps/@?api=1&map_action=pano&viewpoint=32.938840,-96.853973"}},{"type":"Feature","geometry":{"type":"Polygon","coordinates":[[[-96.81798328758447,32.822297460323064],[-96.81762732843117,32.82199378552051],[-96.81760769378327,32.82200985775826],[-96.8170155015788,32.82150383083534],[-96.81702070149086,32.821457309831544],[-96.81710857059055,32.82145911153716],[-96.81728513337201,32.821484207198004],[-96.81729087391531,32.8213996572764],[-96.81711315877524,32.821418059789835],[-96.81702528971611,32.821416258087496],[-96.81710774453832,32.8206785619312],[-96.81746348185234,32.82071526016617],[-96.81753389673587,32.820750151199064],[-96.81793677760294,32.82079193913688],[-96.81808468760038,32.820852020007585],[-96.81816917721466,32.820703721083504],[-96.81819237555973,32.82069302327224],[-96.81914732558906,32.82079247430883],[-96.81915642105363,32.820806537760454],[-96.81869857485245,32.82161018475246],[-96.81855876902509,32.821817652511335],[-96.81840593926148,32.821988113334584],[-96.81834948913922,32.82202730674031],[-96.818028962899,32.822297583017],[-96.81798328758447,32.822297460323064]]]},"properties":{"account":"002453000201B0100","name":"GOODSON ACURA","address":"4801 LEMMON AVE","city":"DALLAS","owner":"FORBES TODD AUTOMOTIVE LLC","kind":"other","class":"AUTOMOTIVE DISPLAY","year_built":"1995","sqft":36472,"units":0,"land_value":9204080,"building_value":1196840,"total_value":10400920,"building_share":0.115,"note":"","deed_date":"05/05/2010","acres":5.63,"history":[[2021,2033540,9090000],[2022,2033540,9090000],[2023,2033540,9090000],[2024,2493460,9549920],[2025,1196840,10400920],[2026,1196840,10400920]],"lng":-96.817885,"lat":32.821504,"street_view":"https://www.google.com/maps/@?api=1&map_action=pano&viewpoint=32.821504,-96.817885"}},{"type":"Feature","geometry":{"type":"Polygon","coordinates":[[[-96.8280692223541,32.82978683491715],[-96.82736682180781,32.82922434446397],[-96.82916565844747,32.82769647484188],[-96.82981471219543,32.82824118663041],[-96.83003559702871,32.82805356825657],[-96.83108737651649,32.82893624122043],[-96.83073556413531,32.829232073823455],[-96.83054718460387,32.82936239722778],[-96.83043354240077,32.82942813720557],[-96.83019302011675,32.82954137065847],[-96.83006704530696,32.82958843794143],[-96.82980603728993,32.82966258851726],[-96.82967198647243,32.82968939271821],[-96.8294454955447,32.82971961383225],[-96.82922232138503,32.82973051706853],[-96.82909028986734,32.82972745944397],[-96.82895869931342,32.82971785681268],[-96.82869865710572,32.82967917178121],[-96.82857110415438,32.829650223076214],[-96.82832313713162,32.829573613173686],[-96.8280692223541,32.82978683491715]]]},"properties":{"account":"005716000A0030000","name":"PARK CITIES FORD","address":"3333 INWOOD RD","city":"DALLAS","owner":"WORLD CLASS AUTOMOTIVE","kind":"other","class":"AUTOMOTIVE SERVICE","year_built":"1975","sqft":75964,"units":0,"land_value":9042440,"building_value":337560,"total_value":9380000,"building_share":0.036,"note":"","deed_date":"05/22/2001","acres":11.27,"history":[[2021,1000,8425950],[2022,1000,8425950],[2023,1000,8425950],[2024,955050,9380000],[2025,337560,9380000],[2026,337560,9380000]],"lng":-96.829414,"lat":32.828575,"street_view":"https://www.google.com/maps/@?api=1&map_action=pano&viewpoint=32.828575,-96.829414"}},{"type":"Feature","geometry":{"type":"Polygon","coordinates":[[[-96.80595623913005,32.77594354552221],[-96.80540006043786,32.77605806369626],[-96.80502370662498,32.77477889065571],[-96.80557758375497,32.77466351679035],[-96.80595623913005,32.77594354552221]]]},"properties":{"account":"00000100129000100","name":"WFAA 8","address":"606 YOUNG ST","city":"DALLAS","owner":"TEXAS CABLE NEWS","kind":"other","class":"TECHNICAL BUILDING","year_built":"1961","sqft":98662,"units":0,"land_value":8850240,"building_value":10000,"total_value":8860240,"building_share":0.001,"note":"","deed_date":"10/14/2008","acres":1.93,"history":[[2021,1000,8008360],[2022,1000,8851240],[2023,1000,8851240],[2024,1000,8851240],[2025,10000,8860240],[2026,10000,8860240]],"lng":-96.805429,"lat":32.775156,"street_view":"https://www.google.com/maps/@?api=1&map_action=pano&viewpoint=32.775156,-96.805429"}},{"type":"Feature","geometry":{"type":"Polygon","coordinates":[[[-96.75015588513814,32.83647298197705],[-96.74974637274245,32.83653061791892],[-96.74994399324069,32.8349276968511],[-96.75096490358551,32.83501784322339],[-96.75094492492578,32.835593287408386],[-96.75140911420655,32.83560477375751],[-96.75138296019641,32.83635820141278],[-96.75079544949904,32.83639880470036],[-96.75015588513814,32.83647298197705]]]},"properties":{"account":"00000241704000000","name":"DOLLAR TREE/ASI GYMNASTICS & RETAIL STRIP","address":"6464 E MOCKINGBIRD LN","city":"DALLAS","owner":"BRISTOL HOLDING LLC","kind":"retail","class":"RETAIL STRIP","year_built":"1976","sqft":57246,"units":0,"land_value":8839040,"building_value":360960,"total_value":9200000,"building_share":0.039,"note":"","deed_date":"02/23/1999","acres":5.07,"history":[[2021,655480,5075000],[2022,1130480,5550000],[2023,1830480,6250000],[2024,1980480,6400000],[2025,2330480,6750000],[2026,360960,9200000]],"lng":-96.750606,"lat":32.83597,"street_view":"https://www.google.com/maps/@?api=1&map_action=pano&viewpoint=32.835970,-96.750606"}},{"type":"Feature","geometry":{"type":"Polygon","coordinates":[[[-96.83102876638021,32.8334921606117],[-96.83148913618338,32.833100819795355],[-96.83152630310222,32.83313471936435],[-96.83199663066696,32.83273959694395],[-96.83231683722207,32.83300455573435],[-96.83251476051642,32.83297707713375],[-96.83271528734643,32.83297312008213],[-96.83291451517258,32.832992761589416],[-96.83315510144784,32.83304964451613],[-96.83081090058471,32.83504129009431],[-96.83069405040293,32.83504465568905],[-96.83017814721232,32.83434612695258],[-96.83070185525764,32.833903104290876],[-96.83066088025738,32.833869285342544],[-96.83106658494728,32.83352257774202],[-96.83102876638021,32.8334921606117]]]},"properties":{"account":"00000429712000000","name":"SEWELL","address":"3500 MANOR WAY","city":"DALLAS","owner":"SEWELL CORPORATION","kind":"other","class":"AUTOMOTIVE SERVICE","year_built":"1940","sqft":105547,"units":0,"land_value":8734680,"building_value":758250,"total_value":9492930,"building_share":0.08,"note":"","deed_date":"09/10/2013","acres":6.89,"history":[[2021,905310,8500000],[2022,905310,8500000],[2023,2424260,8500000],[2024,2062830,8500000],[2025,515320,9250000],[2026,758250,9492930]],"lng":-96.831414,"lat":32.833896,"street_view":"https://www.google.com/maps/@?api=1&map_action=pano&viewpoint=32.833896,-96.831414"}},{"type":"Feature","geometry":{"type":"Polygon","coordinates":[[[-96.7763372368629,32.871754822197644],[-96.77163521659399,32.87171732904287],[-96.77163558826165,32.87168673829262],[-96.77111218503047,32.871681091731084],[-96.7708074583019,32.871642171041195],[-96.77075365390138,32.871619334721544],[-96.77071591748677,32.871537991573355],[-96.77076839806209,32.8702872047984],[-96.77075883422067,32.86909800273068],[-96.77077699179183,32.8685208663589],[-96.7707576031658,32.8672930995095],[-96.77086842244607,32.86632368044287],[-96.77143995692114,32.865811709350645],[-96.77163426309576,32.86577273150061],[-96.77216559541233,32.86571439153596],[-96.7728058979614,32.86565773742541],[-96.77325770994429,32.865649807151065],[-96.77495602043304,32.8656544629025],[-96.77498934340403,32.86568613643656],[-96.77503819817049,32.86568623894366],[-96.77507410770032,32.86565470840648],[-96.77622543174947,32.86566396303467],[-96.7763545623247,32.865774166841824],[-96.7763372368629,32.871754822197644]],[[-96.7731675082083,32.870335628978175],[-96.77316719870538,32.86939856568155],[-96.7717273221889,32.86939470807909],[-96.7717280461417,32.870336801293696],[-96.7731675082083,32.870335628978175]]]},"properties":{"account":"00000403055000000","name":"COMERICA BANK","address":"8850 BOEDEKER ST","city":"DALLAS","owner":"NORTHPARK NATIONAL BANK","kind":"office","class":"OFFICE BUILDING","year_built":"1982","sqft":68927,"units":0,"land_value":8716500,"building_value":246080,"total_value":8962580,"building_share":0.027,"note":"","deed_date":"","acres":82.32,"history":[[2021,1342570,5265000],[2022,1667570,5590000],[2023,1667570,5590000],[2024,10000,6547380],[2025,10000,6547380],[2026,246080,8962580]],"lng":-96.773557,"lat":32.868848,"street_view":"https://www.google.com/maps/@?api=1&map_action=pano&viewpoint=32.868848,-96.773557"}},{"type":"Feature","geometry":{"type":"Polygon","coordinates":[[[-96.95053942872921,32.868895306851336],[-96.95112486431698,32.869364650579094],[-96.95100257903539,32.86998837327812],[-96.95099674875016,32.87096016900883],[-96.94969387758152,32.87096371613655],[-96.94924296884894,32.869932177223646],[-96.94954833184353,32.86990785460783],[-96.94963508780714,32.869631522951295],[-96.94959949595383,32.86880195478],[-96.9501801634952,32.868733656838884],[-96.95053942872921,32.868895306851336]]]},"properties":{"account":"32258400000010000","name":"KIMBERLY CLARK HDQTRS","address":"351 PHELPS DR","city":"IRVING","owner":"KIMBERLY CLARK CORP","kind":"office","class":"OFFICE BUILDING","year_built":"1980","sqft":150868,"units":0,"land_value":8666250,"building_value":1189560,"total_value":9855810,"building_share":0.121,"note":"","deed_date":"02/27/2003","acres":7.91,"history":[[2021,5308500,8775000],[2022,5951400,9417900],[2023,2922810,9855810],[2024,2922810,9855810],[2025,1189560,9855810],[2026,1189560,9855810]],"lng":-96.950317,"lat":32.869779,"street_view":"https://www.google.com/maps/@?api=1&map_action=pano&viewpoint=32.869779,-96.950317"}},{"type":"Feature","geometry":{"type":"Polygon","coordinates":[[[-96.7906319323644,32.80156305486532],[-96.79037033374117,32.80134013127261],[-96.79212831967574,32.79986142043156],[-96.79250009356116,32.80017994198587],[-96.7926258024806,32.80007534795585],[-96.79269440202678,32.800093790352655],[-96.79268808859955,32.800301004457985],[-96.79165662366815,32.80116724773692],[-96.79138543216864,32.800936152062015],[-96.7906319323644,32.80156305486532]]]},"properties":{"account":"000624000A01A0000","name":"PUBLIC STORAGE","address":"2320 N CENTRAL EXPY","city":"DALLAS","owner":"PS LPT PROPERTIES INVESTORS","kind":"industrial","class":"MINI-WAREHOUSE","year_built":"1996","sqft":79826,"units":0,"land_value":8569980,"building_value":330020,"total_value":8900000,"building_share":0.037,"note":"","deed_date":"10/08/2013","acres":3.28,"history":[[2021,786680,6500000],[2022,684350,7826000],[2023,758350,7900000],[2024,758350,7900000],[2025,631280,9201260],[2026,330020,8900000]],"lng":-96.791737,"lat":32.800646,"street_view":"https://www.google.com/maps/@?api=1&map_action=pano&viewpoint=32.800646,-96.791737"}},{"type":"Feature","geometry":{"type":"Polygon","coordinates":[[[-96.78667085039531,32.80656337098302],[-96.78680633432622,32.80645154424857],[-96.78674548038421,32.80642289350392],[-96.78706622626851,32.80597411063501],[-96.78711450503916,32.805993654879316],[-96.78716771417174,32.80599868580928],[-96.78721991549484,32.8059886433083],[-96.78726532119225,32.805964621544696],[-96.78730983575188,32.805908689770646],[-96.78731690391412,32.805841529163665],[-96.78742240097654,32.80573270325045],[-96.78749240947822,32.805627912285956],[-96.78751145140225,32.80558193745931],[-96.78797720884332,32.805755717883535],[-96.78817419961244,32.80537116855706],[-96.7886964238307,32.80582701876276],[-96.78758279885217,32.80673713727047],[-96.78727843847692,32.806475571226876],[-96.78692001541704,32.8067729682781],[-96.78667085039531,32.80656337098302]]]},"properties":{"account":"00000119635000000","name":"LIGHTHOUSE FOR THE BLIND","address":"3940 CAPITOL AVE","city":"DALLAS","owner":"CAPITOL 3940 INVESTMENTS LLC","kind":"industrial","class":"DISTRIBUTION WAREHOUSE","year_built":"1976","sqft":92529,"units":0,"land_value":8546400,"building_value":20000,"total_value":8566400,"building_share":0.002,"note":"","deed_date":"05/17/2019","acres":3.3,"history":[[2021,117530,7239530],[2022,326580,7448580],[2023,326580,7448580],[2024,326580,7448580],[2025,20000,8566400],[2026,20000,8566400]],"lng":-96.787618,"lat":32.806152,"street_view":"https://www.google.com/maps/@?api=1&map_action=pano&viewpoint=32.806152,-96.787618"}},{"type":"Feature","geometry":{"type":"Polygon","coordinates":[[[-96.85766251906463,32.779186089413315],[-96.85766316729341,32.77884617004123],[-96.85837550895846,32.77884484837243],[-96.85937126782552,32.77882394282224],[-96.86042605135431,32.77882717767746],[-96.8604586352093,32.77885477359823],[-96.8604604584663,32.780270921003016],[-96.85668423567213,32.78025912979228],[-96.85668637192508,32.77918675693635],[-96.85766251906463,32.779186089413315]]]},"properties":{"account":"00000681898000000","name":"LAKEWEST TOWN CENTER","address":"2211 SINGLETON BLVD","city":"DALLAS","owner":"TRINITY WEST LLC","kind":"retail","class":"RETAIL STRIP","year_built":"1959","sqft":150603,"units":0,"land_value":8479830,"building_value":840170,"total_value":9320000,"building_share":0.09,"note":"","deed_date":"04/11/2019","acres":12.98,"history":[[2021,2146780,7800000],[2022,2831880,8485100],[2023,3226780,8880000],[2024,538170,9018000],[2025,840170,9320000],[2026,840170,9320000]],"lng":-96.858573,"lat":32.779729,"street_view":"https://www.google.com/maps/@?api=1&map_action=pano&viewpoint=32.779729,-96.858573"}},{"type":"Feature","geometry":{"type":"Polygon","coordinates":[[[-96.97710802321558,32.83184409570393],[-96.97710657439366,32.8311422021041],[-96.97664499837967,32.831135622545794],[-96.9766415226436,32.82990003724045],[-96.97723162703525,32.82990682511122],[-96.97762397916779,32.82923788110516],[-96.98122693945608,32.83056569419166],[-96.98035908053893,32.831945760639805],[-96.98029694560609,32.83203574640256],[-96.9801790398515,32.832179029913775],[-96.97997201041451,32.832373626233725],[-96.97981584023628,32.832487891398955],[-96.97917822639863,32.83289817077018],[-96.97902858072361,32.83297043963008],[-96.9789414649649,32.833002174099626],[-96.97875959309737,32.833047441150384],[-96.97857149723642,32.83306763509347],[-96.97665044019796,32.833069701585785],[-96.97664747480675,32.83201585568771],[-96.97675574175896,32.8320173914776],[-96.97710802321558,32.83184409570393]]]},"properties":{"account":"65106679110010000","name":"PLYMOUTH PARK NORTH MAIN NWC","address":"2701 W IRVING BLVD","city":"IRVING","owner":"SEJ PROPERTIES LP","kind":"retail","class":"RETAIL STRIP","year_built":"1960","sqft":106358,"units":0,"land_value":8441170,"building_value":283830,"total_value":8725000,"building_share":0.033,"note":"","deed_date":"09/27/2004","acres":30.73,"history":[[2021,877970,6786790],[2022,1214280,7123100],[2023,1891180,7800000],[2024,310540,8400000],[2025,1406240,9847410],[2026,283830,8725000]],"lng":-96.978958,"lat":32.831207,"street_view":"https://www.google.com/maps/@?api=1&map_action=pano&viewpoint=32.831207,-96.978958"}},{"type":"Feature","geometry":{"type":"Polygon","coordinates":[[[-96.82035565514556,32.81869710144284],[-96.82038330403141,32.818678424862405],[-96.82042256246608,32.81868672394879],[-96.82049940973718,32.81876468024642],[-96.82056974574769,32.81884690242892],[-96.82079893187591,32.819179610352315],[-96.82126027063589,32.81968425908829],[-96.82059521614764,32.820112754305484],[-96.82065160200848,32.82015034895682],[-96.81993579868522,32.82073575465057],[-96.81954696139485,32.82041444169666],[-96.82010399848191,32.81943685695352],[-96.82020029667764,32.81925008023765],[-96.82026501183574,32.81909697598059],[-96.82031140458065,32.818963367441754],[-96.82033220217842,32.81883277305933],[-96.82033149314317,32.81874205249273],[-96.82035565514556,32.81869710144284]]]},"properties":{"account":"0023430A000050000","name":"THE SPRINGS","address":"4810 CEDAR SPRINGS RD","city":"DALLAS","owner":"PARKENT USA INC","kind":"apartments","class":"APARTMENT (BRICK EXTERIOR)","year_built":"1983","sqft":186975,"units":147,"land_value":8326500,"building_value":756020,"total_value":9082520,"building_share":0.083,"note":"","deed_date":"12/14/1994","acres":3.8,"history":[[2021,5721450,11550000],[2022,2271450,8100000],[2023,2421450,8250000],[2024,4336750,8500000],[2025,3225800,9887000],[2026,756020,9082520]],"lng":-96.820388,"lat":32.819891,"street_view":"https://www.google.com/maps/@?api=1&map_action=pano&viewpoint=32.819891,-96.820388"}},{"type":"Feature","geometry":{"type":"Polygon","coordinates":[[[-96.81519516600737,32.91049610795834],[-96.81495367274233,32.909657457256536],[-96.81505442755446,32.90965797244851],[-96.81528883823104,32.910472023454304],[-96.81533808714524,32.91060780971127],[-96.8158284079207,32.91061031674806],[-96.81582771678674,32.910706518706135],[-96.8168338755562,32.9107116588142],[-96.81683345043014,32.910770753542614],[-96.81694750226447,32.9107713355677],[-96.81694713765648,32.910822186709076],[-96.81827973226765,32.91082894712363],[-96.81826922312561,32.91229735606887],[-96.8177771657605,32.912294850430925],[-96.81777331860086,32.91283188037796],[-96.81826537892188,32.912834387405105],[-96.81826439704878,32.91297154485661],[-96.81726396402816,32.91297092686404],[-96.8172640908491,32.912825245412094],[-96.81659605023046,32.91282482847175],[-96.81602102241423,32.912965808179656],[-96.81544571936764,32.91129626742511],[-96.81536429754762,32.910962420820276],[-96.81519516600737,32.91049610795834]]]},"properties":{"account":"006381000A0010000","name":"LOWES","address":"11920 INWOOD RD","city":"DALLAS","owner":"LOWES HOME CENTERS INC","kind":"retail","class":"DISCOUNT STORE","year_built":"1997","sqft":131740,"units":0,"land_value":8168160,"building_value":458090,"total_value":8626250,"building_share":0.053,"note":"","deed_date":"12/13/1996","acres":14.21,"history":[[2021,1000,7890700],[2022,110300,8000000],[2023,41840,8210000],[2024,41840,8210000],[2025,288140,8456300],[2026,458090,8626250]],"lng":-96.816943,"lat":32.911798,"street_view":"https://www.google.com/maps/@?api=1&map_action=pano&viewpoint=32.911798,-96.816943"}},{"type":"Feature","geometry":{"type":"Polygon","coordinates":[[[-96.84014623313391,32.804626865799534],[-96.8379965221942,32.80359671033131],[-96.8386690381798,32.80368627001107],[-96.83890981616081,32.80369878492432],[-96.83907356623317,32.8036851709376],[-96.83950005053595,32.80362274735367],[-96.8398450847858,32.80355169038476],[-96.83992539580353,32.8035265292745],[-96.84160943520311,32.80433290108645],[-96.84047350674493,32.80602318888315],[-96.84038204338397,32.80604832252934],[-96.83992537192141,32.80588001000624],[-96.83943366804317,32.80567578295004],[-96.84014623313391,32.804626865799534]]]},"properties":{"account":"007905005801B0000","name":"TRINITY INDUSTRIES","address":"2525 N STEMMONS FWY","city":"DALLAS","owner":"2525 STEMMONS LP","kind":"office","class":"OFFICE BUILDING","year_built":"1974","sqft":248855,"units":0,"land_value":7890000,"building_value":10000,"total_value":7900000,"building_share":0.001,"note":"","deed_date":"11/04/2021","acres":9.05,"history":[[2021,2508750,11385000],[2022,173750,9050000],[2023,1623750,10500000],[2024,201750,9078000],[2025,20000,7910000],[2026,10000,7900000]],"lng":-96.840624,"lat":32.804856,"street_view":"https://www.google.com/maps/@?api=1&map_action=pano&viewpoint=32.804856,-96.840624"}},{"type":"Feature","geometry":{"type":"Polygon","coordinates":[[[-96.82903591768479,32.81499565234235],[-96.82887960272636,32.81486826905164],[-96.82793116071616,32.81486322179342],[-96.82814853613365,32.81430173112316],[-96.82824166560658,32.81421803084207],[-96.8281421943609,32.814134876090115],[-96.82915567168828,32.813270434650306],[-96.82993937306637,32.813933273774715],[-96.8299481363083,32.813955438988295],[-96.8299406237576,32.81396886356933],[-96.82978912881478,32.81409314952041],[-96.82903591768479,32.81499565234235]]]},"properties":{"account":"0057460A000010000","name":"KROGER","address":"4901 MAPLE AVE","city":"DALLAS","owner":"KROGER TEXAS LP","kind":"retail","class":"SUPERMARKET","year_built":"1984","sqft":78241,"units":0,"land_value":7791450,"building_value":1248550,"total_value":9040000,"building_share":0.138,"note":"","deed_date":"11/08/2018","acres":4.77,"history":[[2021,203550,7995000],[2022,483380,8274830],[2023,483380,8274830],[2024,558550,8350000],[2025,987320,8778770],[2026,1248550,9040000]],"lng":-96.828971,"lat":32.814114,"street_view":"https://www.google.com/maps/@?api=1&map_action=pano&viewpoint=32.814114,-96.828971"}},{"type":"Feature","geometry":{"type":"Polygon","coordinates":[[[-96.95891480034662,32.912533143608805],[-96.96026054794014,32.91254739481359],[-96.9602528815387,32.913062734808896],[-96.96185377608984,32.91307966938521],[-96.96184570934642,32.912941427401314],[-96.96262122895223,32.912949623301785],[-96.9626216373995,32.912922138425174],[-96.96314967930887,32.91292771561645],[-96.96355441073712,32.91412457728732],[-96.96307159187887,32.91424160146732],[-96.96307114669852,32.91427158746824],[-96.96248131975489,32.91426535587466],[-96.96055760330987,32.91398218991336],[-96.96041781639008,32.91394869996659],[-96.96028922149962,32.91389161606496],[-96.9601773463141,32.91381339198212],[-96.96008319933757,32.9137122582222],[-96.96004645436733,32.91365582045237],[-96.96000161726313,32.913553980783476],[-96.95998770342864,32.91350088727021],[-96.95997747281093,32.913392595354196],[-96.95998682194609,32.912764406658255],[-96.95891152520683,32.912753022552074],[-96.95891480034662,32.912533143608805]]]},"properties":{"account":"322777200A0010000","name":"TARGET MACARTHUR PARK SC 1032","address":"7845 N MACARTHUR BLVD","city":"IRVING","owner":"DAYTON HUDSON CORP","kind":"retail","class":"DISCOUNT STORE","year_built":"1998","sqft":122000,"units":0,"land_value":7753870,"building_value":331630,"total_value":8085500,"building_share":0.041,"note":"","deed_date":"01/26/1998","acres":10.46,"history":[[2021,100020,8310000],[2022,382750,7680510],[2023,838860,7680510],[2024,154690,7680510],[2025,96130,7850000],[2026,331630,8085500]],"lng":-96.961641,"lat":32.913366,"street_view":"https://www.google.com/maps/@?api=1&map_action=pano&viewpoint=32.913366,-96.961641"}},{"type":"Feature","geometry":{"type":"Polygon","coordinates":[[[-96.84093993301802,32.82987713610466],[-96.84103327626144,32.82989215218554],[-96.84139849803906,32.830198049420446],[-96.84139711596427,32.83027403987058],[-96.84029835566776,32.831204764942036],[-96.83940445931252,32.83047439299154],[-96.83976765942471,32.830166191596255],[-96.83993485882291,32.830058851978976],[-96.84011881465166,32.82997325119523],[-96.84031559191449,32.829911220310876],[-96.84052098138544,32.82987408621046],[-96.84073058963901,32.829862643217346],[-96.84093993301802,32.82987713610466]]]},"properties":{"account":"002571000B0010000","name":"LOVE FLD JEEP DODGE CHRYSTLER","address":"2800 W MOCKINGBIRD LN","city":"DALLAS","owner":"MD CORNER  LP","kind":"other","class":"AUTOMOTIVE DISPLAY","year_built":"2012","sqft":13576,"units":0,"land_value":7652610,"building_value":312290,"total_value":7964900,"building_share":0.039,"note":"","deed_date":"08/10/2018","acres":3.87,"history":[[2021,100660,5500000],[2022,303060,6000000],[2023,303060,6000000],[2024,703060,6400000],[2025,2141760,7838700],[2026,312290,7964900]],"lng":-96.840284,"lat":32.830845,"street_view":"https://www.google.com/maps/@?api=1&map_action=pano&viewpoint=32.830845,-96.840284"}},{"type":"Feature","geometry":{"type":"Polygon","coordinates":[[[-96.64409890342826,32.96014266204436],[-96.64443790684156,32.96014475069457],[-96.64477519055565,32.96017357676135],[-96.64510779398574,32.960228887217305],[-96.64527142593757,32.960266331350475],[-96.64553146962967,32.96034064370113],[-96.64584790135358,32.96045879342089],[-96.64612847305825,32.96058259129781],[-96.6463935162282,32.960728699099576],[-96.64664054256741,32.96089574517156],[-96.64605109727547,32.961379271591355],[-96.64608558177328,32.96140914378249],[-96.64570999374,32.96171727509031],[-96.64602469682748,32.96198988607542],[-96.64600622028061,32.96200504465928],[-96.6461866728195,32.962161340055545],[-96.64553227058639,32.96269563041465],[-96.64544564061796,32.96274986621528],[-96.64523591089808,32.96256893905859],[-96.6449947951084,32.96276773505528],[-96.64406714343217,32.961967466006385],[-96.64395566824712,32.96205876259312],[-96.64290045415667,32.96112225318788],[-96.64409890342826,32.96014266204436]]]},"properties":{"account":"26594300010010000","name":"SAM S CLUB","address":"5130 N GARLAND AVE","city":"GARLAND","owner":"SAMS REAL EST BUSINESS TR","kind":"retail","class":"DISCOUNT STORE","year_built":"2001","sqft":131240,"units":0,"land_value":7631600,"building_value":278310,"total_value":7909910,"building_share":0.035,"note":"","deed_date":"05/17/2001","acres":14.65,"history":[[2021,278310,7088040],[2022,278310,7088040],[2023,278310,7088040],[2024,278310,7088040],[2025,278310,7909910],[2026,278310,7909910]],"lng":-96.644626,"lat":32.961544,"street_view":"https://www.google.com/maps/@?api=1&map_action=pano&viewpoint=32.961544,-96.644626"}},{"type":"Feature","geometry":{"type":"Polygon","coordinates":[[[-96.84009519048358,32.836141443284],[-96.83883536590771,32.83502935813342],[-96.83984276949523,32.834174323386435],[-96.8407208699417,32.834953764575864],[-96.84087349216321,32.83511239739332],[-96.84105490416367,32.83533367738926],[-96.84009519048358,32.836141443284]]]},"properties":{"account":"00000353530500000","name":"BEST PARKING","address":"3202 EDWARDS AVE","city":"DALLAS","owner":"TPS LOVE FIELD THREE MERGER LLC","kind":"other","class":"CANOPY","year_built":"1998","sqft":101520,"units":0,"land_value":7627870,"building_value":10000,"total_value":7637870,"building_share":0.001,"note":"","deed_date":"07/30/2018","acres":5.61,"history":[[2021,1000,6913760],[2022,1000,6913760],[2023,1000,6913760],[2024,1000,6913760],[2025,10000,7637870],[2026,10000,7637870]],"lng":-96.839964,"lat":32.835177,"street_view":"https://www.google.com/maps/@?api=1&map_action=pano&viewpoint=32.835177,-96.839964"}},{"type":"Feature","geometry":{"type":"Polygon","coordinates":[[[-96.81974577373188,32.60408020647458],[-96.81974644989769,32.60165547622965],[-96.82204163693724,32.60164901683823],[-96.8220494159067,32.60215410579418],[-96.82216047474269,32.603586016683074],[-96.82173900499296,32.6035859506343],[-96.82173780449877,32.6040522849511],[-96.82112089027855,32.60407692725853],[-96.82112060515246,32.60408635147037],[-96.81974577373188,32.60408020647458]]]},"properties":{"account":"360159000A0010000","name":"COURTYARD AT PLEASANT RUN","address":"3250 W PLEASANT RUN RD","city":"LANCASTER","owner":"PLEASANT RUN COURTYARD","kind":"retail","class":"SHOPPING CENTER","year_built":"1986","sqft":125345,"units":0,"land_value":7561620,"building_value":938380,"total_value":8500000,"building_share":0.11,"note":"","deed_date":"01/24/2006","acres":14.17,"history":[[2021,6034260,9500000],[2022,7634260,11100000],[2023,6058920,11100000],[2024,6758920,11800000],[2025,4552080,9593160],[2026,938380,8500000]],"lng":-96.820925,"lat":32.602849,"street_view":"https://www.google.com/maps/@?api=1&map_action=pano&viewpoint=32.602849,-96.820925"}},{"type":"Feature","geometry":{"type":"Polygon","coordinates":[[[-96.77642043937871,32.83647022418206],[-96.77643456154388,32.83566855286177],[-96.77675233854036,32.83566827261835],[-96.77904038423833,32.83371213940594],[-96.77938815927808,32.83400202695053],[-96.77649877426163,32.83647225219291],[-96.77642043937871,32.83647022418206]]]},"properties":{"account":"00000239956000000","name":"PUBLIC STORAGE","address":"5340 E MOCKINGBIRD LN","city":"DALLAS","owner":"SHURGARD TEXAS LTD PS","kind":"industrial","class":"MINI-WAREHOUSE","year_built":"1995","sqft":86851,"units":573,"land_value":7451560,"building_value":347540,"total_value":7799100,"building_share":0.045,"note":"","deed_date":"01/08/1998","acres":4.31,"history":[[2021,647920,5305150],[2022,647920,5305150],[2023,647920,5305150],[2024,1665130,6322360],[2025,347540,7799100],[2026,347540,7799100]],"lng":-96.77807,"lat":32.834835,"street_view":"https://www.google.com/maps/@?api=1&map_action=pano&viewpoint=32.834835,-96.778070"}},{"type":"Feature","geometry":{"type":"Polygon","coordinates":[[[-96.77161419994711,32.83926441240841],[-96.77046639613101,32.83954320084677],[-96.77046486527918,32.8393290803088],[-96.77039382133091,32.838504994099026],[-96.7702226031348,32.83740645337882],[-96.77021942065146,32.83726601986397],[-96.77082330304675,32.837265319427175],[-96.7708224120072,32.83671840814704],[-96.77161002449039,32.83671775405646],[-96.77161419994711,32.83926441240841]]]},"properties":{"account":"002940000A0010000","name":"KROGER","address":"5665 E MOCKINGBIRD LN","city":"DALLAS","owner":"KROGER TEXAS LP","kind":"retail","class":"SUPERMARKET","year_built":"1994","sqft":78440,"units":0,"land_value":7413550,"building_value":931450,"total_value":8345000,"building_share":0.112,"note":"","deed_date":"02/21/2001","acres":8.01,"history":[[2021,1095940,7200000],[2022,1347940,7452000],[2023,1534240,7638300],[2024,1645940,7750000],[2025,689930,8103480],[2026,931450,8345000]],"lng":-96.770975,"lat":32.838147,"street_view":"https://www.google.com/maps/@?api=1&map_action=pano&viewpoint=32.838147,-96.770975"}},{"type":"Feature","geometry":{"type":"Polygon","coordinates":[[[-96.83508135992014,32.93972539991587],[-96.83532385753844,32.93978911934696],[-96.83558264065253,32.939897040423816],[-96.83556767561123,32.941821163678675],[-96.83395404323281,32.94181196484806],[-96.83396631846843,32.940162708753334],[-96.83396256312109,32.940053132154574],[-96.8339396501477,32.93984579204782],[-96.83393668014706,32.939701849158084],[-96.83482838720869,32.93969865194644],[-96.83508135992014,32.93972539991587]]]},"properties":{"account":"24049900000040000","name":"DESL","address":"4435 SPRING VALLEY RD","city":"FARMERS BRANCH","owner":"S & C SPRING VALLEY REALTY LLC","kind":"industrial","class":"STORAGE WAREHOUSE","year_built":"1977","sqft":127945,"units":0,"land_value":7412760,"building_value":1190580,"total_value":8603340,"building_share":0.138,"note":"","deed_date":"01/26/2016","acres":8.64,"history":[[2021,2376170,4600000],[2022,152340,4600000],[2023,416420,4864080],[2024,1473140,5920800],[2025,802180,7473660],[2026,1190580,8603340]],"lng":-96.834771,"lat":32.940501,"street_view":"https://www.google.com/maps/@?api=1&map_action=pano&viewpoint=32.940501,-96.834771"}},{"type":"Feature","geometry":{"type":"Polygon","coordinates":[[[-96.75499007020652,32.85799489622491],[-96.75492051359063,32.85789294676119],[-96.75468511846877,32.85793181155567],[-96.75416463464961,32.857697740182566],[-96.75423606250098,32.85758459837163],[-96.75326927849285,32.85714862558738],[-96.75348164132679,32.85681344666727],[-96.75346439614998,32.856805691386576],[-96.75350115156947,32.85674747140667],[-96.75346699826375,32.856730890681916],[-96.75365849144008,32.856428101205616],[-96.75373426898271,32.856202830166005],[-96.75565355905347,32.85664922818942],[-96.7552815652486,32.857138801212635],[-96.75578078686752,32.85736082445279],[-96.75525781688988,32.857864766386975],[-96.75499007020652,32.85799489622491]]]},"properties":{"account":"005414000B01A0100","name":"KOHLS","address":"5720 SKILLMAN ST","city":"DALLAS","owner":"MEDALLION CENTER PROPERTY HOLDING CO LLC","kind":"retail","class":"DEPARTMENT STORE","year_built":"2005","sqft":88655,"units":0,"land_value":7407480,"building_value":343270,"total_value":7750750,"building_share":0.044,"note":"","deed_date":"12/01/2008","acres":6.8,"history":[[2021,1000,7408480],[2022,1000,7408480],[2023,1000,7408480],[2024,42520,7450000],[2025,117520,7525000],[2026,343270,7750750]],"lng":-96.754391,"lat":32.856976,"street_view":"https://www.google.com/maps/@?api=1&map_action=pano&viewpoint=32.856976,-96.754391"}},{"type":"Feature","geometry":{"type":"Polygon","coordinates":[[[-96.85472300894523,32.77015031408078],[-96.85470703041808,32.77267259634565],[-96.85402176972161,32.772606899476216],[-96.85365941165422,32.77258798854746],[-96.85334418314693,32.77258375834622],[-96.85290282058979,32.772613380994024],[-96.85291876822222,32.76944506425976],[-96.85348168622698,32.76967097517467],[-96.85472300894523,32.77015031408078]]]},"properties":{"account":"007242000A01A0000","name":"EARLE M JORGENSEN CO","address":"2030 W COMMERCE ST","city":"DALLAS","owner":"JORGENSEN EARLE M CO","kind":"industrial","class":"STORAGE WAREHOUSE","year_built":"1967","sqft":121822,"units":0,"land_value":7368700,"building_value":549730,"total_value":7918430,"building_share":0.069,"note":"","deed_date":"","acres":13.04,"history":[[2021,354280,3780000],[2022,10000,5500400],[2023,10000,5500400],[2024,10000,5500400],[2025,196140,6091100],[2026,549730,7918430]],"lng":-96.853812,"lat":32.771384,"street_view":"https://www.google.com/maps/@?api=1&map_action=pano&viewpoint=32.771384,-96.853812"}},{"type":"Feature","geometry":{"type":"Polygon","coordinates":[[[-96.78467945662834,32.77905544764875],[-96.78419336936912,32.77848608845522],[-96.78477075832164,32.7781205271977],[-96.78488566287898,32.77802129666408],[-96.7849886165488,32.777889710200085],[-96.78543729894211,32.77839881534085],[-96.7854782270134,32.7784631780346],[-96.78540976424225,32.778563073924985],[-96.78532004111872,32.77865013223614],[-96.78467945662834,32.77905544764875]]]},"properties":{"account":"00000103381000000","name":"LIFE STORAGE - DRY/CLIMATE","address":"717 S GOOD LATIMER EXPY","city":"DALLAS","owner":"PSTX 717 S GOOD LATIMER EXPY LLC","kind":"industrial","class":"MINI-WAREHOUSE","year_built":"1950","sqft":56342,"units":615,"land_value":7220070,"building_value":629310,"total_value":7849380,"building_share":0.08,"note":"","deed_date":"05/18/2016","acres":1.93,"history":[[2021,878770,6400000],[2022,99280,7107000],[2023,99280,7107000],[2024,10000,7230070],[2025,629310,7849380],[2026,629310,7849380]],"lng":-96.784845,"lat":32.778475,"street_view":"https://www.google.com/maps/@?api=1&map_action=pano&viewpoint=32.778475,-96.784845"}},{"type":"Feature","geometry":{"type":"Polygon","coordinates":[[[-96.8338524961327,32.744612380580975],[-96.83224055326077,32.74461052899963],[-96.83225001268005,32.743294915461085],[-96.83386256555616,32.743295923200364],[-96.8338524961327,32.744612380580975]]]},"properties":{"account":"003204014501A0000","name":"FIESTA MART/AUTO ZONE/T-MOBILE/CHASE","address":"611 W JEFFERSON BLVD","city":"DALLAS","owner":"PF JEFFERSON LLC","kind":"retail","class":"SHOPPING CENTER","year_built":"1993","sqft":64844,"units":0,"land_value":7162140,"building_value":867860,"total_value":8030000,"building_share":0.108,"note":"","deed_date":"03/21/2022","acres":5.45,"history":[[2021,616040,5987650],[2022,531550,6500000],[2023,55650,6800000],[2024,434700,7000000],[2025,137860,7300000],[2026,867860,8030000]],"lng":-96.83305,"lat":32.744147,"street_view":"https://www.google.com/maps/@?api=1&map_action=pano&viewpoint=32.744147,-96.833050"}},{"type":"Feature","geometry":{"type":"Polygon","coordinates":[[[-96.80073926121102,32.80621934572056],[-96.80043891982007,32.8059617214974],[-96.80046117552321,32.80592826679982],[-96.80007303092407,32.805601594447374],[-96.80034033967353,32.80518416967374],[-96.80114166307563,32.805857894263],[-96.80073926121102,32.80621934572056]]]},"properties":{"account":"00000136495000000","name":"CARLISLE ON THE KATY TRAIL","address":"3104 N HALL ST","city":"DALLAS","owner":"CARLISLE ON THE CREEK LLC","kind":"apartments","class":"APARTMENT (BRICK EXTERIOR)","year_built":"1967","sqft":41751,"units":56,"land_value":7153630,"building_value":10000,"total_value":7163630,"building_share":0.001,"note":"","deed_date":"03/09/2022","acres":1.29,"history":[[2021,1000,5723900],[2022,10000,7163630],[2023,522370,7676000],[2024,146370,7300000],[2025,5460,7159090],[2026,10000,7163630]],"lng":-96.800559,"lat":32.805688,"street_view":"https://www.google.com/maps/@?api=1&map_action=pano&viewpoint=32.805688,-96.800559"}},{"type":"Feature","geometry":{"type":"Polygon","coordinates":[[[-96.85387598803612,32.64440324395875],[-96.85388743134055,32.64207031403576],[-96.85691227671765,32.64211100204452],[-96.8569442445129,32.64213892288927],[-96.85690258149509,32.644331264970496],[-96.85685606806545,32.644303531633454],[-96.85674896658227,32.644278208522984],[-96.85661936939631,32.644186063606796],[-96.85653876601748,32.64415567217978],[-96.85645146957656,32.64414475313489],[-96.85590610279138,32.64413916145431],[-96.85590539216415,32.644188817126064],[-96.8558238765661,32.644187980969235],[-96.8558167787155,32.64468335293675],[-96.85511592085692,32.64455945741821],[-96.85387598803612,32.64440324395875]]]},"properties":{"account":"007558000A01A0000","name":"LOWES HOME CENTERS","address":"8520 S HAMPTON RD","city":"DALLAS","owner":"LOWES HOME CENTERS INC","kind":"retail","class":"DISCOUNT STORE","year_built":"1997","sqft":130112,"units":0,"land_value":7096310,"building_value":100000,"total_value":7196310,"building_share":0.014,"note":"","deed_date":"12/08/2008","acres":18.11,"history":[[2021,1000,6308830],[2022,142170,6450000],[2023,217170,6525000],[2024,217170,6525000],[2025,412920,6720750],[2026,100000,7196310]],"lng":-96.855405,"lat":32.643025,"street_view":"https://www.google.com/maps/@?api=1&map_action=pano&viewpoint=32.643025,-96.855405"}},{"type":"Feature","geometry":{"type":"Polygon","coordinates":[[[-97.01158574419158,32.91340303860234],[-97.01165486109302,32.91340333819275],[-97.01370776753937,32.91515276089205],[-97.01282069553135,32.915893350005064],[-97.01272705973875,32.916022835519456],[-97.01207345111273,32.91568656484091],[-97.01165151083353,32.916291529764976],[-97.01164270088981,32.91631694273091],[-97.01164517787949,32.91633456654016],[-97.01166954075947,32.91636428373453],[-97.01081794135247,32.91594173061612],[-97.01143758739614,32.91505326595174],[-97.01030221558172,32.91448991644812],[-97.01049615054433,32.91431267722994],[-97.01158574419158,32.91340303860234]]]},"properties":{"account":"32391560000000000","name":"PARKING SPOT","address":"4600 W JOHN W CARPENTER FWY","city":"IRVING","owner":"PRG IRVING GP LLC","kind":"other","class":"CANOPY","year_built":"2002","sqft":193671,"units":0,"land_value":6935690,"building_value":10000,"total_value":6945690,"building_share":0.001,"note":"","deed_date":"02/26/1999","acres":12.49,"history":[[2021,179120,5890880],[2022,179120,5890880],[2023,315110,6434840],[2024,637270,6757000],[2025,637270,6757000],[2026,10000,6945690]],"lng":-97.012082,"lat":32.914786,"street_view":"https://www.google.com/maps/@?api=1&map_action=pano&viewpoint=32.914786,-97.012082"}},{"type":"Feature","geometry":{"type":"Polygon","coordinates":[[[-96.9485696817025,32.86875383055537],[-96.94840140340872,32.8687652671962],[-96.94810391179512,32.86875272939049],[-96.94814835574063,32.868500737341805],[-96.9482204075143,32.86825333117662],[-96.94831943803531,32.868012660981826],[-96.94844458803286,32.86778081622981],[-96.94859476992349,32.86755981205948],[-96.94908709855262,32.86690946835692],[-96.94930096596386,32.86698728884964],[-96.94949388738084,32.86702839206431],[-96.94959250989587,32.86703986183966],[-96.94979141402494,32.86704432784393],[-96.950012222582,32.86701826004821],[-96.95024261429366,32.86792961213964],[-96.94998611324007,32.86795506439986],[-96.95014071046917,32.868569051074864],[-96.9485696817025,32.86875383055537]]]},"properties":{"account":"32257740000010000","name":"OCONNOR RIDGE","address":"4545 FULLER DR","city":"IRVING","owner":"TR FULLER LTD","kind":"office","class":"OFFICE BUILDING","year_built":"1980","sqft":130803,"units":0,"land_value":6930270,"building_value":408730,"total_value":7339000,"building_share":0.056,"note":"","deed_date":"02/24/2025","acres":7.04,"history":[[2021,4019850,7870000],[2022,4399850,8250000],[2023,2639760,8800000],[2024,1839760,8000000],[2025,408730,7339000],[2026,408730,7339000]],"lng":-96.949319,"lat":32.867855,"street_view":"https://www.google.com/maps/@?api=1&map_action=pano&viewpoint=32.867855,-96.949319"}},{"type":"Feature","geometry":{"type":"Polygon","coordinates":[[[-96.80810782072562,32.790888769085235],[-96.80791783631979,32.7907049933371],[-96.80792584224949,32.79062609073946],[-96.80793790117868,32.790617196567645],[-96.8079751190152,32.79033837227455],[-96.80799477671697,32.78999961261693],[-96.80799931513046,32.78996812809752],[-96.80802411982943,32.78990842873198],[-96.8086242946154,32.79048899125503],[-96.80810782072562,32.790888769085235]]]},"properties":{"account":"000368000G01A0000","name":"CVS","address":"2501 N FIELD ST","city":"DALLAS","owner":"GROUP KIRKMAN LLC","kind":"retail","class":"FREE STANDING RETAIL STORE","year_built":"2016","sqft":10360,"units":0,"land_value":6921600,"building_value":465150,"total_value":7386750,"building_share":0.063,"note":"","deed_date":"04/27/2020","acres":0.91,"history":[[2021,50000,5982800],[2022,259200,6192000],[2023,472730,6405530],[2024,729200,6662000],[2025,250000,7171600],[2026,465150,7386750]],"lng":-96.808258,"lat":32.790413,"street_view":"https://www.google.com/maps/@?api=1&map_action=pano&viewpoint=32.790413,-96.808258"}},{"type":"Feature","geometry":{"type":"Polygon","coordinates":[[[-96.76549873570207,32.90909067031002],[-96.76517284483937,32.90908665172499],[-96.76520458365589,32.90828794364367],[-96.7643198140804,32.907992592260136],[-96.76417855297267,32.90792494515362],[-96.76406835186934,32.90783800625411],[-96.76398416205082,32.90773238428258],[-96.76393029493828,32.90761349459522],[-96.7639095152765,32.90748742923883],[-96.76391370642574,32.90740907993594],[-96.76393078506483,32.90733198518797],[-96.76424373401552,32.90644163794426],[-96.76430289995054,32.90634132691879],[-96.7645433620129,32.90604376048019],[-96.76529302864812,32.906061827733744],[-96.7653226195065,32.90531712938566],[-96.76524018293834,32.905182924396115],[-96.76539593626782,32.905023067755565],[-96.76564426389774,32.90542734036228],[-96.76562675703977,32.90586798485109],[-96.76582052816177,32.90587346281794],[-96.7657802552721,32.906887163265054],[-96.76605218907834,32.906894850961635],[-96.76601753860012,32.90776707294738],[-96.76694702072783,32.90779361707491],[-96.76692579663295,32.90788900456837],[-96.76603000058726,32.90786368672384],[-96.76601565541266,32.90822494341673],[-96.76687282943571,32.908249171236605],[-96.76688375193723,32.90841396386211],[-96.76679963121542,32.90838458623656],[-96.76626119389337,32.90836936897019],[-96.7662777703819,32.90856785467202],[-96.76591281857976,32.90856559515344],[-96.76591959343843,32.908646728054556],[-96.76551659133506,32.908641264049045],[-96.76549873570207,32.90909067031002]]]},"properties":{"account":"007319000A07A0000","name":"HOME DEPOT","address":"11682 FOREST CENTRAL DR","city":"DALLAS","owner":"HD DEVELOPMENT PROPERTIES LP","kind":"retail","class":"DISCOUNT STORE","year_built":"1998","sqft":110214,"units":0,"land_value":6844360,"building_value":462830,"total_value":7307190,"building_share":0.063,"note":"","deed_date":"07/12/2010","acres":12.57,"history":[[2021,1017350,6492840],[2022,1124510,6600000],[2023,1199510,6675000],[2024,1224510,6700000],[2025,250000,7094360],[2026,462830,7307190]],"lng":-96.765029,"lat":32.907105,"street_view":"https://www.google.com/maps/@?api=1&map_action=pano&viewpoint=32.907105,-96.765029"}},{"type":"Feature","geometry":{"type":"Polygon","coordinates":[[[-97.01570562001969,32.92776706227213],[-97.01696394957916,32.92701386553655],[-97.01701167516137,32.927160283832045],[-97.01702638022287,32.927235235525906],[-97.01703711986146,32.92738681483921],[-97.01700352313799,32.93039243129351],[-97.01694536445416,32.930440561875706],[-97.01569560740023,32.93043019259603],[-97.01572028342663,32.92794526972546],[-97.01570562001969,32.92776706227213]]]},"properties":{"account":"32096550540010100","name":"DARR EQUIPMENT COMPANY","address":"8800 STERLING ST","city":"IRVING","owner":"STERLING INDUSTRIAL SERVICES","kind":"industrial","class":"DISTRIBUTION WAREHOUSE","year_built":"1981","sqft":66752,"units":0,"land_value":6731330,"building_value":676800,"total_value":7408130,"building_share":0.091,"note":"","deed_date":"07/10/2023","acres":10.28,"history":[[2021,489460,3900000],[2022,839460,4250000],[2023,63690,5000000],[2024,393990,7125320],[2025,393990,7125320],[2026,676800,7408130]],"lng":-97.016367,"lat":32.928778,"street_view":"https://www.google.com/maps/@?api=1&map_action=pano&viewpoint=32.928778,-97.016367"}},{"type":"Feature","geometry":{"type":"Polygon","coordinates":[[[-96.82587537517946,32.935738209113126],[-96.82630996444249,32.937007584020115],[-96.82482865270147,32.93736820857564],[-96.82471763239052,32.937097970915545],[-96.82460354852759,32.93691011087634],[-96.82436949248962,32.93659749379106],[-96.82423586256344,32.93636390135166],[-96.8240770183093,32.93596423130724],[-96.82504728835266,32.935732064206526],[-96.82522666152504,32.93572265780102],[-96.82587537517946,32.935738209113126]]]},"properties":{"account":"240084100A0010000","name":"CENVEO + 1 LAND ACCT","address":"14001 INWOOD RD","city":"FARMERS BRANCH","owner":"CENVEO 3PP LLC","kind":"industrial","class":"STORAGE WAREHOUSE","year_built":"1970","sqft":110906,"units":0,"land_value":6683710,"building_value":1162890,"total_value":7846600,"building_share":0.148,"note":"","deed_date":"12/23/2025","acres":6.37,"history":[[2021,2286910,4375570],[2022,2592340,4681000],[2023,1573190,4915050],[2024,2507050,5848910],[2025,1803500,6816280],[2026,1162890,7846600]],"lng":-96.82522,"lat":32.936493,"street_view":"https://www.google.com/maps/@?api=1&map_action=pano&viewpoint=32.936493,-96.825220"}},{"type":"Feature","geometry":{"type":"Polygon","coordinates":[[[-96.8224070812054,32.84929377553714],[-96.82237402740866,32.84932107766144],[-96.82152361700727,32.84931254801936],[-96.82147538904503,32.84927096667006],[-96.82149895323928,32.84767683628668],[-96.82192226325608,32.847679941791725],[-96.82191939935113,32.84809223994391],[-96.82242795854468,32.84809597226903],[-96.8224070812054,32.84929377553714]]]},"properties":{"account":"004839000801B0000","name":"INWOOD NATIONAL BANK","address":"7621 INWOOD RD","city":"DALLAS","owner":"INWOOD NATIONAL BANK","kind":"office","class":"OFFICE BUILDING","year_built":"1979","sqft":44310,"units":0,"land_value":6680340,"building_value":694660,"total_value":7375000,"building_share":0.094,"note":"","deed_date":"06/23/2015","acres":3.37,"history":[[2021,1933050,7500000],[2022,2183050,7750000],[2023,1119660,7800000],[2024,1119660,7800000],[2025,424350,7104690],[2026,694660,7375000]],"lng":-96.821955,"lat":32.848436,"street_view":"https://www.google.com/maps/@?api=1&map_action=pano&viewpoint=32.848436,-96.821955"}},{"type":"Feature","geometry":{"type":"Polygon","coordinates":[[[-96.84585646647224,32.80746283515614],[-96.84618431903114,32.8072621361361],[-96.84644700756957,32.80752155018608],[-96.8465950413175,32.80764658961955],[-96.8467512694974,32.807765227991034],[-96.8470777195342,32.80797640899616],[-96.84724763977393,32.808069586744885],[-96.84746151085771,32.808172771964635],[-96.84674966335855,32.80922511669253],[-96.84517640002926,32.80846823967803],[-96.84585646647224,32.80746283515614]]]},"properties":{"account":"00000776495000000","name":"AUTOMATIC DATA PROCESSING","address":"2735 N STEMMONS FWY","city":"DALLAS","owner":"ADP INC","kind":"office","class":"OFFICE BUILDING","year_built":"1981","sqft":82171,"units":0,"land_value":6534000,"building_value":10000,"total_value":6544000,"building_share":0.002,"note":"","deed_date":"11/07/1990","acres":6.0,"history":[[2021,594160,5560000],[2022,681880,5909080],[2023,972800,6200000],[2024,972800,6200000],[2025,10000,6544000],[2026,10000,6544000]],"lng":-96.846319,"lat":32.808321,"street_view":"https://www.google.com/maps/@?api=1&map_action=pano&viewpoint=32.808321,-96.846319"}},{"type":"Feature","geometry":{"type":"Polygon","coordinates":[[[-96.77242089491632,32.81188679729344],[-96.77242163937805,32.81143235014723],[-96.77252148139645,32.81134949062267],[-96.77242194833418,32.81126337013916],[-96.77242196638352,32.81125157813432],[-96.77217604229838,32.811038795274385],[-96.7721762813367,32.81101933635478],[-96.77305843606521,32.81028701948348],[-96.77308141238078,32.810287372829684],[-96.77347018289359,32.81062374576432],[-96.77342060787628,32.81066488105863],[-96.77337953739867,32.810629594004816],[-96.77305906330213,32.8108955836024],[-96.7733648015759,32.81115827460512],[-96.77246722893153,32.81190323434125],[-96.77242089491632,32.81188679729344]]]},"properties":{"account":"001470000501B0000","name":"SPROUTS","address":"1800 N HENDERSON AVE","city":"DALLAS","owner":"HENDERSON AVE MAIN OWNER LLC","kind":"retail","class":"SUPERMARKET","year_built":"1979","sqft":32872,"units":0,"land_value":6450360,"building_value":399140,"total_value":6849500,"building_share":0.058,"note":"","deed_date":"04/19/2022","acres":2.47,"history":[[2021,0,4750000],[2022,30970,5030000],[2023,654100,6029400],[2024,287170,6200000],[2025,737170,6650000],[2026,399140,6849500]],"lng":-96.77277,"lat":32.811099,"street_view":"https://www.google.com/maps/@?api=1&map_action=pano&viewpoint=32.811099,-96.772770"}},{"type":"Feature","geometry":{"type":"Polygon","coordinates":[[[-96.6675414746082,32.9008558302428],[-96.66754748268207,32.9007267402788],[-96.66754806781594,32.89893879277661],[-96.67233868573808,32.89893647210632],[-96.67234318393672,32.90093334327363],[-96.67160534946044,32.900948653981544],[-96.67037475563272,32.90095007210652],[-96.66941544110128,32.90090797139926],[-96.6675414746082,32.9008558302428]]]},"properties":{"account":"26513300012R10000","name":"OLD DOMINION FREIGHT LINE","address":"2760 MARQUIS DR","city":"GARLAND","owner":"OLD DOMINION FREIGHT LINE INC","kind":"other","class":"SHIPPING DOCK/TRUCK TERMINAL","year_built":"2017","sqft":52097,"units":0,"land_value":6358630,"building_value":389530,"total_value":6748160,"building_share":0.058,"note":"","deed_date":"01/05/2007","acres":24.33,"history":[[2021,3443950,9802580],[2022,3663540,10022170],[2023,360840,6719470],[2024,360840,6719470],[2025,360840,6719470],[2026,389530,6748160]],"lng":-96.669944,"lat":32.899868,"street_view":"https://www.google.com/maps/@?api=1&map_action=pano&viewpoint=32.899868,-96.669944"}},{"type":"Feature","geometry":{"type":"Polygon","coordinates":[[[-96.85600248299605,32.81084506032156],[-96.85532283076257,32.810192957435426],[-96.855283500822,32.80908955025299],[-96.85670889273784,32.80892379624316],[-96.85706461399927,32.81069978081955],[-96.85651326052343,32.810768865087205],[-96.85600248299605,32.81084506032156]]]},"properties":{"account":"00000575986000000","name":"(LAND VALUE) SOUTHWEST IDEALEASE","address":"2959 IRVING BLVD","city":"DALLAS","owner":"CP DI IOS IRVING BLVD  TX LP","kind":"industrial","class":"STORAGE WAREHOUSE","year_built":"1960","sqft":28230,"units":0,"land_value":6329260,"building_value":10000,"total_value":6339260,"building_share":0.002,"note":"","deed_date":"10/22/2025","acres":6.77,"history":[[2021,990,2058000],[2022,990,2058000],[2023,10000,4124020],[2024,10000,4124020],[2025,10000,4124020],[2026,10000,6339260]],"lng":-96.856074,"lat":32.8096,"street_view":"https://www.google.com/maps/@?api=1&map_action=pano&viewpoint=32.809600,-96.856074"}},{"type":"Feature","geometry":{"type":"Polygon","coordinates":[[[-96.89316046073901,32.808063977015394],[-96.89319071872046,32.8046411971711],[-96.89619705748188,32.805635868490924],[-96.89619295993002,32.8071481217898],[-96.89617472638388,32.80807923647453],[-96.89316046073901,32.808063977015394]]]},"properties":{"account":"00000766930000000","name":"YELLOW FREIGHT SYSTEM","address":"4500 IRVING BLVD","city":"DALLAS","owner":"CROWN ENTERPRISES INC","kind":"other","class":"SHIPPING DOCK/TRUCK TERMINAL","year_built":"1963","sqft":96602,"units":0,"land_value":6322800,"building_value":261590,"total_value":6584390,"building_share":0.04,"note":"","deed_date":"10/04/2011","acres":22.72,"history":[[2021,122680,4500000],[2022,424840,4558980],[2023,442220,4576360],[2024,465860,4600000],[2025,1865860,6000000],[2026,261590,6584390]],"lng":-96.894685,"lat":32.806373,"street_view":"https://www.google.com/maps/@?api=1&map_action=pano&viewpoint=32.806373,-96.894685"}},{"type":"Feature","geometry":{"type":"Polygon","coordinates":[[[-96.81386956734892,32.820560632079754],[-96.81467193106869,32.81990875937865],[-96.81508108853038,32.82026369425674],[-96.81512886336544,32.820243996519444],[-96.81517821588763,32.82026069226319],[-96.81540926955145,32.82046112386809],[-96.81542565564509,32.82048555509064],[-96.81542573257386,32.8205136320303],[-96.81540948052026,32.82053812700831],[-96.81514610750881,32.82076761753326],[-96.81511500909883,32.82077799642859],[-96.81507197840423,32.82076948773418],[-96.81464559840599,32.82114279489484],[-96.81421899489534,32.82084428368996],[-96.81386956734892,32.820560632079754]]]},"properties":{"account":"60242500950020000","name":"WHOLE FOODS MKT","address":"4100 LOMO ALTO DR","city":"HIGHLAND PARK","owner":"MEADOW LOMO ALTO PPTIES LP","kind":"retail","class":"SUPERMARKET","year_built":"2001","sqft":35600,"units":0,"land_value":6231620,"building_value":334630,"total_value":6566250,"building_share":0.051,"note":"","deed_date":"12/19/2012","acres":2.51,"history":[[2021,73120,6033800],[2022,455260,6145000],[2023,510260,6200000],[2024,610260,6300000],[2025,710260,6400000],[2026,334630,6566250]],"lng":-96.81467,"lat":32.820524,"street_view":"https://www.google.com/maps/@?api=1&map_action=pano&viewpoint=32.820524,-96.814670"}},{"type":"Feature","geometry":{"type":"Polygon","coordinates":[[[-96.83662548291161,32.82128701950886],[-96.83736492234713,32.820656316060976],[-96.83850747181218,32.82160035160087],[-96.83772221581614,32.822266987473306],[-96.83743960303238,32.822033787584196],[-96.83745102880981,32.82202399964555],[-96.83662298386803,32.82133494771666],[-96.83662548291161,32.82128701950886]]]},"properties":{"account":"00000214813000000","name":"PARKLAND BREAST CENTER/DALLAS EASTER SEALS PRIDE","address":"5701 MAPLE AVE","city":"DALLAS","owner":"MAPLE INWOOD LP","kind":"office","class":"OFFICE BUILDING","year_built":"1970","sqft":34244,"units":0,"land_value":6105290,"building_value":1000,"total_value":6106290,"building_share":0.0,"note":"","deed_date":"10/27/2021","acres":3.82,"history":[[2021,1000,3769820],[2022,5370,4400000],[2023,312470,6200000],[2024,6900,6140000],[2025,1000,6106290],[2026,1000,6106290]],"lng":-96.837566,"lat":32.821468,"street_view":"https://www.google.com/maps/@?api=1&map_action=pano&viewpoint=32.821468,-96.837566"}},{"type":"Feature","geometry":{"type":"Polygon","coordinates":[[[-96.83533475157574,32.831422279123395],[-96.83645622618967,32.83045226895842],[-96.83652624987472,32.83045482713064],[-96.83787079265504,32.83155317884513],[-96.83745414751296,32.831942263954716],[-96.83735788436888,32.831983992092695],[-96.8371556395014,32.832048673002525],[-96.83694423269135,32.83208717406403],[-96.83683656518745,32.83209631472824],[-96.83662031123754,32.832094120846314],[-96.83651293498585,32.83208279857751],[-96.8363026850432,32.83204001983632],[-96.83610233952987,32.83197125467376],[-96.83591637680125,32.831878040217774],[-96.83574895367528,32.831762460112735],[-96.83560381250886,32.83162709793876],[-96.83533475157574,32.831422279123395]]]},"properties":{"account":"00000429790000000","name":"6300 CEDAR SPRINGS","address":"6300 CEDAR SPRINGS RD","city":"DALLAS","owner":"CEDAR SPRINGS INV LLC","kind":"other","class":"TECHNICAL BUILDING","year_built":"1950","sqft":163138,"units":0,"land_value":6096920,"building_value":278690,"total_value":6375610,"building_share":0.044,"note":"","deed_date":"11/06/2009","acres":6.13,"history":[[2021,720480,4550000],[2022,720480,4550000],[2023,83980,5190000],[2024,83980,5190000],[2025,55730,5800000],[2026,278690,6375610]],"lng":-96.836516,"lat":32.830933,"street_view":"https://www.google.com/maps/@?api=1&map_action=pano&viewpoint=32.830933,-96.836516"}},{"type":"Feature","geometry":{"type":"Polygon","coordinates":[[[-96.85398885223826,32.95300948415274],[-96.85389105012354,32.953008692374866],[-96.85389880027058,32.952328314378164],[-96.85297948569522,32.95232248655952],[-96.8529828799937,32.95194210664823],[-96.85334559056842,32.95096219154015],[-96.85351935035837,32.95096329345607],[-96.8537467946353,32.9503488053247],[-96.85334595766709,32.95024333941103],[-96.85335013358362,32.94977725108944],[-96.85341880715364,32.94978535289321],[-96.85519942141883,32.95025384874501],[-96.85548716128264,32.950504624656865],[-96.85553710973797,32.950517767239475],[-96.85552921317674,32.951543608769114],[-96.8547549413231,32.951539370123676],[-96.85474890802375,32.95232198630772],[-96.85399675279103,32.952315885353556],[-96.85398885223826,32.95300948415274]]]},"properties":{"account":"100007600D03A0000","name":"ADDISON TOWN CENTER  TARGET","address":"3730 BELT LINE RD","city":"ADDISON","owner":"TARGET CONNECT INC","kind":"retail","class":"DISCOUNT STORE","year_built":"1993","sqft":122202,"units":0,"land_value":6030890,"building_value":849510,"total_value":6880400,"building_share":0.123,"note":"","deed_date":"02/14/2003","acres":11.54,"history":[[2021,2361910,6382500],[2022,2395260,6415850],[2023,2429410,6450000],[2024,2559410,6580000],[2025,1654260,6680000],[2026,849510,6880400]],"lng":-96.854388,"lat":32.951252,"street_view":"https://www.google.com/maps/@?api=1&map_action=pano&viewpoint=32.951252,-96.854388"}},{"type":"Feature","geometry":{"type":"Polygon","coordinates":[[[-96.80253903687921,32.78225417333738],[-96.80304122846994,32.78188350849608],[-96.80326508988067,32.78183444044814],[-96.80330876983085,32.781946429625684],[-96.80336223884466,32.78205536340083],[-96.80350463085878,32.782286140460556],[-96.80303701224057,32.782689374610186],[-96.80253903687921,32.78225417333738]]]},"properties":{"account":"00000104555000000","name":"KDFW TV OFFICE","address":"400 N GRIFFIN ST","city":"DALLAS","owner":"DALLAS FORT WORTH ARGYLE","kind":"office","class":"OFFICE BUILDING","year_built":"1966","sqft":123820,"units":0,"land_value":5959680,"building_value":40320,"total_value":6000000,"building_share":0.007,"note":"","deed_date":"01/04/1994","acres":1.13,"history":[[2021,36960,5500000],[2022,536960,6000000],[2023,536960,6000000],[2024,536960,6000000],[2025,40320,6000000],[2026,40320,6000000]],"lng":-96.803027,"lat":32.782229,"street_view":"https://www.google.com/maps/@?api=1&map_action=pano&viewpoint=32.782229,-96.803027"}},{"type":"Feature","geometry":{"type":"Polygon","coordinates":[[[-96.77907041604367,32.80609148747456],[-96.777822510353,32.80500756617881],[-96.77831110538192,32.8045997924675],[-96.779086283867,32.80527444189475],[-96.77914751177254,32.805222399132354],[-96.7796188478074,32.805632578605014],[-96.77948848521667,32.80574134961685],[-96.77901655008904,32.80533142940151],[-96.77874869842395,32.805555757912856],[-96.77922063516118,32.80596567778482],[-96.77907041604367,32.80609148747456]]]},"properties":{"account":"000652000B02B0000","name":"BOGART","address":"4621 ROSS AVE","city":"DALLAS","owner":"4621 ROSS AVE LP","kind":"office","class":"OFFICE BUILDING","year_built":"1973","sqft":50675,"units":0,"land_value":5880600,"building_value":527500,"total_value":6408100,"building_share":0.082,"note":"","deed_date":"06/21/2019","acres":2.23,"history":[[2021,8200,4500000],[2022,8200,4500000],[2023,10000,4787990],[2024,15020,5160550],[2025,304470,5450000],[2026,527500,6408100]],"lng":-96.778599,"lat":32.805402,"street_view":"https://www.google.com/maps/@?api=1&map_action=pano&viewpoint=32.805402,-96.778599"}},{"type":"Feature","geometry":{"type":"Polygon","coordinates":[[[-96.78954046261113,32.777642423263785],[-96.78961925918178,32.77759375121842],[-96.78959045177466,32.77756046887841],[-96.78974804300246,32.777463124651256],[-96.78977685043711,32.77749640695497],[-96.79017545178624,32.77725018947077],[-96.79011701384663,32.77720117083791],[-96.79023667890186,32.777127254610726],[-96.79034129432128,32.77721500923105],[-96.79036423283615,32.77719551324537],[-96.79054894474123,32.77735045586085],[-96.79052600785349,32.77736995190271],[-96.79101958709465,32.777783974156705],[-96.79100052065439,32.77789271107628],[-96.79055410952841,32.77799651122523],[-96.78993946937018,32.778103403807776],[-96.78983748839393,32.777993233213515],[-96.78954046261113,32.777642423263785]]]},"properties":{"account":"000132002601A0000","name":"FARMERS MARKET SHED # 2","address":"920 S HARWOOD ST","city":"DALLAS","owner":"DF MARKET 2 LLC","kind":"industrial","class":"DISTRIBUTION WAREHOUSE","year_built":"2010","sqft":34310,"units":0,"land_value":5807230,"building_value":177620,"total_value":5984850,"building_share":0.03,"note":"","deed_date":"06/18/2013","acres":2.06,"history":[[2021,489780,4956880],[2022,1000,4956880],[2023,1000,4956880],[2024,361050,5361520],[2025,361050,5361520],[2026,177620,5984850]],"lng":-96.790211,"lat":32.777627,"street_view":"https://www.google.com/maps/@?api=1&map_action=pano&viewpoint=32.777627,-96.790211"}},{"type":"Feature","geometry":{"type":"Polygon","coordinates":[[[-96.83231683722207,32.83300455573435],[-96.83141319541159,32.83225682318851],[-96.83262722350086,32.83121189354416],[-96.83267330057514,32.831210630654134],[-96.83349409981543,32.83188586503642],[-96.83281707985759,32.83246905836894],[-96.83333533604086,32.83289440816916],[-96.83315510144784,32.83304964451613],[-96.83291451517258,32.832992761589416],[-96.83271528734643,32.83297312008213],[-96.83251476051642,32.83297707713375],[-96.83231683722207,32.83300455573435]]]},"properties":{"account":"0057150B000010000","name":"SEWELL LEXUS BODY SHOP","address":"3331 HAGGAR WAY","city":"DALLAS","owner":"SEWELL CORPORATION","kind":"other","class":"AUTOMOTIVE SERVICE","year_built":"1997","sqft":80150,"units":0,"land_value":5791830,"building_value":7170,"total_value":5799000,"building_share":0.001,"note":"","deed_date":"09/19/1996","acres":5.32,"history":[[2021,1024900,4500000],[2022,1024900,4500000],[2023,10000,4643460],[2024,10000,4643460],[2025,7170,5799000],[2026,7170,5799000]],"lng":-96.832454,"lat":32.832071,"street_view":"https://www.google.com/maps/@?api=1&map_action=pano&viewpoint=32.832071,-96.832454"}},{"type":"Feature","geometry":{"type":"Polygon","coordinates":[[[-96.75041153960665,32.86217193552497],[-96.75014363436838,32.86183568420418],[-96.7494437185576,32.86197558928951],[-96.7489804704222,32.860323525098885],[-96.74918275332895,32.86030940971673],[-96.74928234123654,32.86029259538907],[-96.74947549052307,32.86023994637625],[-96.74965685189547,32.86016302716304],[-96.74974176978029,32.860116008631216],[-96.74989759060796,32.86000623206781],[-96.75000024400882,32.859921845989106],[-96.74976164465522,32.85971509497084],[-96.74999962172609,32.85951962951554],[-96.75071542318463,32.860139881203224],[-96.75081230591739,32.860240904628036],[-96.75088571952278,32.860355152963955],[-96.75093319858648,32.86047878960979],[-96.75095314858567,32.86060766267681],[-96.75094489944901,32.86073744441189],[-96.75090367518236,32.86094649279783],[-96.75090633154998,32.86109337948129],[-96.75091863032735,32.86116616015725],[-96.75096473335687,32.861307817232195],[-96.7510383374593,32.86144094040052],[-96.75113735697856,32.861561757252495],[-96.75120923849224,32.86162853713979],[-96.75120671511158,32.86166596908625],[-96.7510140571878,32.86179920211535],[-96.75061632485234,32.862052277343054],[-96.75041153960665,32.86217193552497]]]},"properties":{"account":"005414000C01A0000","name":"HOME DEPOT","address":"6010 SKILLMAN ST","city":"DALLAS","owner":"CRICKM SKILLMAN","kind":"retail","class":"DISCOUNT STORE","year_built":"1992","sqft":97191,"units":0,"land_value":5762070,"building_value":470720,"total_value":6232790,"building_share":0.076,"note":"","deed_date":"06/23/2000","acres":8.82,"history":[[2021,37930,5800000],[2022,87930,5850000],[2023,112930,5875000],[2024,112930,5875000],[2025,289180,6051250],[2026,470720,6232790]],"lng":-96.75002,"lat":32.860825,"street_view":"https://www.google.com/maps/@?api=1&map_action=pano&viewpoint=32.860825,-96.750020"}},{"type":"Feature","geometry":{"type":"Polygon","coordinates":[[[-96.80899021329688,32.80986460949195],[-96.80910903456473,32.809958538926956],[-96.80906462202934,32.80999488287328],[-96.80917914637563,32.81008539994489],[-96.80917220182874,32.810091078622314],[-96.80920725483226,32.81011879849538],[-96.80879173008663,32.81046239321787],[-96.80819601474921,32.80994059889729],[-96.80892569549168,32.80934357844627],[-96.80928251268816,32.809625617473294],[-96.80899021329688,32.80986460949195]]]},"properties":{"account":"001223000N0040000","name":"WALGREENS 7839","address":"3802 CEDAR SPRINGS RD","city":"DALLAS","owner":"RETAIL PROPCO BORROWER LLC","kind":"retail","class":"FREE STANDING RETAIL STORE","year_built":"2003","sqft":14077,"units":0,"land_value":5713110,"building_value":903610,"total_value":6616720,"building_share":0.137,"note":"","deed_date":"09/04/2025","acres":1.57,"history":[[2021,58140,5771250],[2022,231280,5944390],[2023,409610,6122720],[2024,839860,6552970],[2025,1036440,6749550],[2026,903610,6616720]],"lng":-96.808647,"lat":32.809903,"street_view":"https://www.google.com/maps/@?api=1&map_action=pano&viewpoint=32.809903,-96.808647"}},{"type":"Feature","geometry":{"type":"Polygon","coordinates":[[[-96.80675590045553,32.8052670780103],[-96.80636689129008,32.804934775411844],[-96.8067948764292,32.804573378082104],[-96.80749268746558,32.80516164280411],[-96.8074924387809,32.80520052659395],[-96.80718712855236,32.8054557919393],[-96.80686218783076,32.80517822154901],[-96.80675590045553,32.8052670780103]]]},"properties":{"account":"001031000001A0000","name":"THE VILLAS","address":"3424 GILLESPIE ST","city":"DALLAS","owner":"PUIG A WINSTON","kind":"apartments","class":"APARTMENT (BRICK EXTERIOR)","year_built":"1980","sqft":21897,"units":8,"land_value":5684720,"building_value":445280,"total_value":6130000,"building_share":0.073,"note":"","deed_date":"09/21/1989","acres":1.19,"history":[[2021,1000,4632990],[2022,599010,5231000],[2023,195280,5880000],[2024,438030,6122750],[2025,438030,6122750],[2026,445280,6130000]],"lng":-96.806964,"lat":32.805078,"street_view":"https://www.google.com/maps/@?api=1&map_action=pano&viewpoint=32.805078,-96.806964"}},{"type":"Feature","geometry":{"type":"Polygon","coordinates":[[[-96.77934947811687,32.77170004051884],[-96.77939209642412,32.771682461465396],[-96.77992797651962,32.7713678460036],[-96.78104780173675,32.77267531212604],[-96.77987483362482,32.773372636728055],[-96.77892980231117,32.77226635081655],[-96.77934947811687,32.77170004051884]]]},"properties":{"account":"00000131712000000","name":"AMERICAN IRON AND METAL","address":"2215 S GOOD LATIMER EXPY","city":"DALLAS","owner":"COMMERCIAL METALS CO","kind":"industrial","class":"STORAGE WAREHOUSE","year_built":"1982","sqft":47135,"units":0,"land_value":5647270,"building_value":172730,"total_value":5820000,"building_share":0.03,"note":"","deed_date":"03/13/1984","acres":5.71,"history":[[2021,1000,3808150],[2022,170800,3977950],[2023,0,5647270],[2024,10000,5657270],[2025,144050,5791320],[2026,172730,5820000]],"lng":-96.779989,"lat":32.772471,"street_view":"https://www.google.com/maps/@?api=1&map_action=pano&viewpoint=32.772471,-96.779989"}},{"type":"Feature","geometry":{"type":"Polygon","coordinates":[[[-96.79354751040955,32.786345371716514],[-96.79362898287114,32.78627731832632],[-96.79347686821356,32.786147615264],[-96.79374868376456,32.78592513165972],[-96.79382875633787,32.78599493152729],[-96.79389200633626,32.78594337819017],[-96.79396303775627,32.78600388157556],[-96.79410186880666,32.78588791180843],[-96.79454247958654,32.786260949691744],[-96.7939881263696,32.78671847760031],[-96.79380074949503,32.786559818832075],[-96.79370760631075,32.78663708799002],[-96.79353545941568,32.786489018360605],[-96.79362723511119,32.786412879688214],[-96.79354751040955,32.786345371716514]]]},"properties":{"account":"00000105556000000","name":"DALLAS HIGH SCHOOL HISTORIC RESTRICTION","address":"2218 BRYAN ST","city":"DALLAS","owner":"HR CROZIER TECH DALLAS LP","kind":"office","class":"OFFICE BUILDING","year_built":"1950","sqft":114272,"units":0,"land_value":5627890,"building_value":145440,"total_value":5773330,"building_share":0.025,"note":"","deed_date":"12/20/2022","acres":1.31,"history":[[2021,4339400,8200000],[2022,3109160,8200000],[2023,6540090,11630930],[2024,2145440,7773330],[2025,2145440,7773330],[2026,145440,5773330]],"lng":-96.794028,"lat":32.786317,"street_view":"https://www.google.com/maps/@?api=1&map_action=pano&viewpoint=32.786317,-96.794028"}},{"type":"Feature","geometry":{"type":"Polygon","coordinates":[[[-96.80924029777904,32.79494548029105],[-96.80956276341978,32.79523555005474],[-96.80903034373937,32.79567561605292],[-96.80879856103867,32.79547521341952],[-96.8087111688347,32.79538281583969],[-96.80924029777904,32.79494548029105]]]},"properties":{"account":"00093100010020000","name":"BENCHMARK TITLE","address":"2007 RANDALL ST","city":"DALLAS","owner":"BENCHMARK BANK","kind":"office","class":"OFFICE BUILDING","year_built":"2002","sqft":10701,"units":0,"land_value":5615930,"building_value":199070,"total_value":5815000,"building_share":0.034,"note":"","deed_date":"08/16/2017","acres":0.76,"history":[[2021,1000,4814650],[2022,1000,4814650],[2023,1000,4814650],[2024,1000,4814650],[2025,1000,5616930],[2026,199070,5815000]],"lng":-96.809137,"lat":32.795309,"street_view":"https://www.google.com/maps/@?api=1&map_action=pano&viewpoint=32.795309,-96.809137"}},{"type":"Feature","geometry":{"type":"Polygon","coordinates":[[[-96.84631985894406,32.83246390485729],[-96.84582349867826,32.83202633918334],[-96.84609599219652,32.8313077198717],[-96.84620335663321,32.831411027227055],[-96.84726332185868,32.83067206121931],[-96.84783959261058,32.831201970426555],[-96.84631985894406,32.83246390485729]]]},"properties":{"account":"00000429928000000","name":"(LAND VALUE) NWA - ECU","address":"6900 MAPLE AVE","city":"DALLAS","owner":"JONES BLAIR PAINT CO","kind":"industrial","class":"STORAGE WAREHOUSE","year_built":"1949","sqft":37640,"units":0,"land_value":5604840,"building_value":1000,"total_value":5605840,"building_share":0.0,"note":"","deed_date":"","acres":4.24,"history":[[2021,1000,4275630],[2022,1000,4275630],[2023,1000,4275630],[2024,1000,4275630],[2025,10000,5614840],[2026,1000,5605840]],"lng":-96.846745,"lat":32.831502,"street_view":"https://www.google.com/maps/@?api=1&map_action=pano&viewpoint=32.831502,-96.846745"}},{"type":"Feature","geometry":{"type":"Polygon","coordinates":[[[-96.79058243581119,32.82569545247491],[-96.79034962122898,32.825887584267505],[-96.78991002619365,32.82552018897108],[-96.78967721061497,32.8257123195086],[-96.78955689800625,32.82561176571302],[-96.78955701411925,32.825580926676125],[-96.79000401840402,32.82521203541605],[-96.79058243581119,32.82569545247491]]]},"properties":{"account":"60084500110020000","name":"AUSTINS PLACE","address":"4708 ABBOTT AVE","city":"HIGHLAND PARK","owner":"IP ABBOTT HP LLC","kind":"apartments","class":"APARTMENT (BRICK EXTERIOR)","year_built":"1963","sqft":23936,"units":26,"land_value":5574780,"building_value":1000,"total_value":5575780,"building_share":0.0,"note":"","deed_date":"01/19/2017","acres":0.71,"history":[[2021,623620,4495000],[2022,254350,4900000],[2023,10000,5584780],[2024,525220,6100000],[2025,325220,5900000],[2026,1000,5575780]],"lng":-96.790185,"lat":32.825557,"street_view":"https://www.google.com/maps/@?api=1&map_action=pano&viewpoint=32.825557,-96.790185"}},{"type":"Feature","geometry":{"type":"Polygon","coordinates":[[[-96.83643912713842,32.927887854350395],[-96.83514745217961,32.92788591408653],[-96.83517013274607,32.92642657427165],[-96.83556035539564,32.92639411419804],[-96.83646159436832,32.92627652293725],[-96.83643912713842,32.927887854350395]]]},"properties":{"account":"24128500010050000","name":"IMAX INDOOR FUN PARK, INTERSKATE ROLLER SKATING","address":"4355 LBJ FWY","city":"FARMERS BRANCH","owner":"PMH GROUP INC","kind":"retail","class":"FREE STANDING RETAIL STORE","year_built":"1971","sqft":154314,"units":0,"land_value":5510030,"building_value":649970,"total_value":6160000,"building_share":0.106,"note":"","deed_date":"05/07/2021","acres":5.05,"history":[[2021,54480,4400000],[2022,791980,5200000],[2023,991980,5400000],[2024,1191980,5600000],[2025,329970,5840000],[2026,649970,6160000]],"lng":-96.835804,"lat":32.927157,"street_view":"https://www.google.com/maps/@?api=1&map_action=pano&viewpoint=32.927157,-96.835804"}},{"type":"Feature","geometry":{"type":"Polygon","coordinates":[[[-96.7980867103584,32.8656682568356],[-96.79869409831655,32.86566956673261],[-96.79868137862991,32.86633235640797],[-96.79807074337332,32.866331892809114],[-96.7980867103584,32.8656682568356]]]},"properties":{"account":"00546300000010000","name":"ROYAL ORLEANS CONDO","address":"6306 DIAMOND HEAD CIR","city":"DALLAS","owner":"CP HOLLOW LP","kind":"apartments","class":"APARTMENT (BRICK EXTERIOR)","year_built":"1964","sqft":24718,"units":20,"land_value":5499250,"building_value":750,"total_value":5500000,"building_share":0.0,"note":"","deed_date":"03/02/2023","acres":1.04,"history":[[2024,3300300,5500000],[2025,750,5500000],[2026,750,5500000]],"lng":-96.798383,"lat":32.866006,"street_view":"https://www.google.com/maps/@?api=1&map_action=pano&viewpoint=32.866006,-96.798383"}},{"type":"Feature","geometry":{"type":"Polygon","coordinates":[[[-96.78780970117752,32.850780533242855],[-96.78759151840217,32.85078022258932],[-96.78749329000183,32.85073885667406],[-96.78702107547487,32.85073818165851],[-96.7870146028565,32.85028467691266],[-96.78780268860433,32.850285800066494],[-96.78780970117752,32.850780533242855]]]},"properties":{"account":"60023500040070000","name":"TOM THUMB","address":"7000 SNIDER PLAZA","city":"UNIVERSITY PARK","owner":"7000 SNIDER PLAZA LTD","kind":"retail","class":"SUPERMARKET","year_built":"1971","sqft":17070,"units":0,"land_value":5472000,"building_value":687010,"total_value":6159010,"building_share":0.112,"note":"","deed_date":"08/23/2001","acres":0.94,"history":[[2021,255000,3675000],[2022,10000,4798000],[2023,896000,5000000],[2024,5148080,5750000],[2025,508000,5980000],[2026,687010,6159010]],"lng":-96.787411,"lat":32.850473,"street_view":"https://www.google.com/maps/@?api=1&map_action=pano&viewpoint=32.850473,-96.787411"}},{"type":"Feature","geometry":{"type":"Polygon","coordinates":[[[-96.70567768415921,32.978524025608294],[-96.70566883082097,32.978784161352905],[-96.7056920963295,32.97896904716024],[-96.70571513366123,32.97906001595459],[-96.70578345798302,32.979236795554925],[-96.70582841275183,32.97932174667216],[-96.7059629704403,32.97952096523294],[-96.70348447534212,32.98067160592019],[-96.70417991115039,32.97822153417033],[-96.70567768415921,32.978524025608294]]]},"properties":{"account":"420190000A0040000","name":"AT&T","address":"2180 N GLENVILLE DR","city":"RICHARDSON","owner":"BOX RICHARDSON INDUSTRIAL LLC","kind":"office","class":"OFFICE BUILDING","year_built":"1996","sqft":70800,"units":0,"land_value":5426940,"building_value":572060,"total_value":5999000,"building_share":0.095,"note":"","deed_date":"06/05/2026","acres":8.36,"history":[[2021,363780,5790720],[2022,726110,6153050],[2023,1106560,6533500],[2024,1106560,6533500],[2025,572060,5999000],[2026,572060,5999000]],"lng":-96.704879,"lat":32.979447,"street_view":"https://www.google.com/maps/@?api=1&map_action=pano&viewpoint=32.979447,-96.704879"}},{"type":"Feature","geometry":{"type":"Polygon","coordinates":[[[-96.80530291903833,32.79863659157201],[-96.80421839540212,32.797720493610804],[-96.80427515986965,32.79768311022359],[-96.804687377583,32.79734855770282],[-96.80496402522053,32.79758473618372],[-96.80455044077954,32.7979158621161],[-96.80531094710858,32.79855881932902],[-96.80530291903833,32.79863659157201]]]},"properties":{"account":"00000135427000000","name":"(REDEVELOPMENT) 2808  FAIRMOUNT ST","address":"2808 FAIRMOUNT ST","city":"DALLAS","owner":"ROYAL 2500 CEDAR SPRINGS LLC","kind":"office","class":"OFFICE BUILDING","year_built":"1954","sqft":35550,"units":0,"land_value":5421500,"building_value":10000,"total_value":5431500,"building_share":0.002,"note":"","deed_date":"03/27/2024","acres":0.72,"history":[[2021,353000,5000000],[2022,584130,5231130],[2023,778000,5425000],[2024,778000,5425000],[2025,10000,5431500],[2026,10000,5431500]],"lng":-96.804592,"lat":32.797993,"street_view":"https://www.google.com/maps/@?api=1&map_action=pano&viewpoint=32.797993,-96.804592"}},{"type":"Feature","geometry":{"type":"Polygon","coordinates":[[[-96.76701642462393,32.893479451417804],[-96.7670457666632,32.89281584206336],[-96.76710779176378,32.89213348936139],[-96.76783571672189,32.89214370789042],[-96.76782766431013,32.892559366376325],[-96.76820573452012,32.892564672333386],[-96.7682010214537,32.89280377651636],[-96.7686977211981,32.89281075156612],[-96.76865275929174,32.893415970719],[-96.76844975561465,32.893452892476446],[-96.76844027004152,32.89342021423546],[-96.76790149457884,32.893556483228835],[-96.7673594687389,32.8935480001123],[-96.76736033155969,32.893484034211795],[-96.76701642462393,32.893479451417804]]]},"properties":{"account":"007291000008B0000","name":"SERVICE KING","address":"10720 N CENTRAL EXPY","city":"DALLAS","owner":"SK23 NORTH DALLAS LTD","kind":"other","class":"AUTOMOTIVE SERVICE","year_built":"2002","sqft":33675,"units":0,"land_value":5347080,"building_value":257040,"total_value":5604120,"building_share":0.046,"note":"","deed_date":"04/12/2012","acres":4.45,"history":[[2021,257040,5604120],[2022,257040,5604120],[2023,257040,5604120],[2024,257040,5604120],[2025,257040,5604120],[2026,257040,5604120]],"lng":-96.767861,"lat":32.892965,"street_view":"https://www.google.com/maps/@?api=1&map_action=pano&viewpoint=32.892965,-96.767861"}},{"type":"Feature","geometry":{"type":"Polygon","coordinates":[[[-96.78213320839026,32.831644069873974],[-96.7817233722219,32.831495459394624],[-96.78177216233642,32.83091481770662],[-96.78256211191176,32.83120101530453],[-96.78248991526202,32.83134338368992],[-96.78213320839026,32.831644069873974]]]},"properties":{"account":"00000194851000000","name":"DALLAS ENDOSCOPY CENTER/PATH ADVANTAGE","address":"5327 N CENTRAL EXPY","city":"DALLAS","owner":"MOLLIEROSE LLC","kind":"office","class":"MEDICAL OFFICE BUILDING","year_built":"1973","sqft":44892,"units":0,"land_value":5221250,"building_value":878750,"total_value":6100000,"building_share":0.144,"note":"","deed_date":"12/17/2010","acres":0.96,"history":[[2021,1000,3864730],[2022,381270,4245000],[2023,189950,5411200],[2024,403750,5625000],[2025,678750,5900000],[2026,878750,6100000]],"lng":-96.782135,"lat":32.831267,"street_view":"https://www.google.com/maps/@?api=1&map_action=pano&viewpoint=32.831267,-96.782135"}},{"type":"Feature","geometry":{"type":"Polygon","coordinates":[[[-96.78927776518506,32.78103472881468],[-96.78994440649683,32.78064158571873],[-96.79024485082684,32.78100516566201],[-96.79005808126531,32.78111530088446],[-96.7902443333026,32.781340689973725],[-96.78984411419849,32.78157669469889],[-96.7899560519267,32.78171215361353],[-96.78979280289292,32.78174445232146],[-96.789757062583,32.78161431884975],[-96.78927776518506,32.78103472881468]]]},"properties":{"account":"00000103231000100","name":"LONCAR AND ASSOCIATES AND OFFICE SPACE","address":"400 S CESAR CHAVEZ BLVD","city":"DALLAS","owner":"TOURMALINE PARTNERS PPTIES LLC","kind":"office","class":"OFFICE BUILDING","year_built":"1904","sqft":40000,"units":0,"land_value":5135530,"building_value":10000,"total_value":5145530,"building_share":0.002,"note":"","deed_date":"06/29/2015","acres":1.39,"history":[[2021,109080,5244610],[2022,212880,5952590],[2023,212880,5952590],[2024,212880,5952590],[2025,10000,5749710],[2026,10000,5145530]],"lng":-96.78979,"lat":32.781223,"street_view":"https://www.google.com/maps/@?api=1&map_action=pano&viewpoint=32.781223,-96.789790"}},{"type":"Feature","geometry":{"type":"Polygon","coordinates":[[[-96.83671703306634,32.830267369147876],[-96.83787492322159,32.82927145876603],[-96.83848677251366,32.829775379653555],[-96.83887055430138,32.83002019376848],[-96.83882510152833,32.83013149586637],[-96.83767700617165,32.83111711867615],[-96.83671776106003,32.830325430907784],[-96.83671703306634,32.830267369147876]]]},"properties":{"account":"00000429841000000","name":"SEWELL COLLISION CENTER","address":"6303 CEDAR SPRINGS RD","city":"DALLAS","owner":"SEWELL VILLAGE CADILLAC","kind":"industrial","class":"STORAGE WAREHOUSE","year_built":"1949","sqft":81976,"units":0,"land_value":5088780,"building_value":359600,"total_value":5448380,"building_share":0.066,"note":"","deed_date":"10/17/2000","acres":5.16,"history":[[2021,208920,3601440],[2022,385690,3778210],[2023,10000,4533360],[2024,871310,5394670],[2025,10000,5098780],[2026,359600,5448380]],"lng":-96.837771,"lat":32.830199,"street_view":"https://www.google.com/maps/@?api=1&map_action=pano&viewpoint=32.830199,-96.837771"}},{"type":"Feature","geometry":{"type":"Polygon","coordinates":[[[-96.79031030620591,32.92344565082394],[-96.79018444378534,32.923391494801315],[-96.78996097187,32.923333894878866],[-96.78989516629169,32.92330983238625],[-96.78983285364497,32.923279877196244],[-96.78972161333418,32.92320377561716],[-96.78967400509507,32.92315853187983],[-96.7895976291427,32.923056335351056],[-96.78945075601136,32.92272977656267],[-96.78937166972139,32.922616069096414],[-96.78926900134782,32.92251666792022],[-96.78914629707297,32.92243500629719],[-96.78900779507178,32.92237390476732],[-96.78881029648214,32.92231994490859],[-96.78880942881574,32.922218639780326],[-96.79070472817762,32.92215362298412],[-96.79071578940358,32.92304792521221],[-96.79031030620591,32.92344565082394]]]},"properties":{"account":"00000733274000000","name":"CONCORDE ON THE CREEK","address":"6750 HILLCREST PLAZA DR","city":"DALLAS","owner":"HIBBS FINANCIAL CENTER","kind":"office","class":"OFFICE BUILDING","year_built":"1979","sqft":99687,"units":0,"land_value":5039940,"building_value":110060,"total_value":5150000,"building_share":0.021,"note":"","deed_date":"01/07/2008","acres":3.85,"history":[[2021,1274910,4634870],[2022,1540040,4900000],[2023,1790040,5150000],[2024,1790040,5150000],[2025,110060,5150000],[2026,110060,5150000]],"lng":-96.790089,"lat":32.922769,"street_view":"https://www.google.com/maps/@?api=1&map_action=pano&viewpoint=32.922769,-96.790089"}},{"type":"Feature","geometry":{"type":"Polygon","coordinates":[[[-96.83627921305134,32.82792587829245],[-96.8353530309682,32.827132692794486],[-96.83658461686205,32.826093572744384],[-96.83756482326905,32.8268576092978],[-96.83627921305134,32.82792587829245]]]},"properties":{"account":"00000429826000000","name":"WILLIAMS BAKERY","address":"6000 DENTON DR","city":"DALLAS","owner":"JB WILLIAMS INVESTMENTS LLC","kind":"industrial","class":"STORAGE WAREHOUSE","year_built":"1962","sqft":67190,"units":0,"land_value":5000560,"building_value":10000,"total_value":5010560,"building_share":0.002,"note":"","deed_date":"11/18/2008","acres":5.09,"history":[[2021,10000,3343710],[2022,10000,3343710],[2023,10000,4454940],[2024,10000,4454940],[2025,10000,5010560],[2026,10000,5010560]],"lng":-96.836479,"lat":32.826978,"street_view":"https://www.google.com/maps/@?api=1&map_action=pano&viewpoint=32.826978,-96.836479"}},{"type":"Feature","geometry":{"type":"Polygon","coordinates":[[[-96.78082059828324,32.806591095027265],[-96.78153816880736,32.805991518484376],[-96.78200036909182,32.80639296606087],[-96.78178632348234,32.80658090253493],[-96.78128631953135,32.80698756305809],[-96.78082059828324,32.806591095027265]]]},"properties":{"account":"00000119869000000","name":"HOMESTEAD","address":"4609 MONARCH ST","city":"DALLAS","owner":"DAR MF LLC","kind":"apartments","class":"APARTMENT (BRICK EXTERIOR)","year_built":"1964","sqft":36840,"units":50,"land_value":4992000,"building_value":608000,"total_value":5600000,"building_share":0.109,"note":"","deed_date":"11/27/2024","acres":1.45,"history":[[2021,198000,2850000],[2022,186000,3150000],[2023,826000,3790000],[2024,231000,4599000],[2025,1150800,5518800],[2026,608000,5600000]],"lng":-96.781471,"lat":32.806442,"street_view":"https://www.google.com/maps/@?api=1&map_action=pano&viewpoint=32.806442,-96.781471"}},{"type":"Feature","geometry":{"type":"Polygon","coordinates":[[[-96.77171195096227,32.84379443367721],[-96.77246395828234,32.84379768421049],[-96.77248417398808,32.84379884868941],[-96.77253434161298,32.84383149367749],[-96.77257653450765,32.84388541448409],[-96.77252960839799,32.844643408671864],[-96.77171089651388,32.844645878144384],[-96.77171195096227,32.84379443367721]]]},"properties":{"account":"6030661A511810000","name":"JARRELL KITCHEN & BATH/HIGHLAND PARK DANCE CO.","address":"2651 FONDREN DR","city":"UNIVERSITY PARK","owner":"JARRELL FAMILY EXEMPT TRUST","kind":"industrial","class":"DISTRIBUTION WAREHOUSE","year_built":"1953","sqft":42845,"units":0,"land_value":4990310,"building_value":7850,"total_value":4998160,"building_share":0.002,"note":"","deed_date":"09/13/2016","acres":1.83,"history":[[2021,706200,3900000],[2022,806200,4000000],[2023,706200,3900000],[2024,545530,3739330],[2025,1000,4991310],[2026,7850,4998160]],"lng":-96.772134,"lat":32.844259,"street_view":"https://www.google.com/maps/@?api=1&map_action=pano&viewpoint=32.844259,-96.772134"}},{"type":"Feature","geometry":{"type":"Polygon","coordinates":[[[-96.84790483148363,32.964899292544715],[-96.845994215406,32.964882735535106],[-96.84603354092927,32.96177338102269],[-96.84665443604032,32.96178314113946],[-96.8467159546143,32.961823682548506],[-96.84676652945454,32.96183504542556],[-96.84684382217024,32.961825691373235],[-96.84690708983311,32.96178711038083],[-96.84794263550677,32.96180715726164],[-96.84790483148363,32.964899292544715]]]},"properties":{"account":"14006800010010000","name":"CTX BUILDERS SUPPLY   FOX AND JACOBS","address":"2800 SURVEYOR BLVD","city":"CARROLLTON","owner":"2800 SURVEYOR LP","kind":"other","class":"CANOPY","year_built":"1971","sqft":114410,"units":0,"land_value":4953940,"building_value":803960,"total_value":5757900,"building_share":0.14,"note":"","deed_date":"02/08/2005","acres":15.15,"history":[[2021,894300,2936930],[2022,894300,2936930],[2023,1627870,3670500],[2024,2325270,4367900],[2025,244290,5198230],[2026,803960,5757900]],"lng":-96.846973,"lat":32.963023,"street_view":"https://www.google.com/maps/@?api=1&map_action=pano&viewpoint=32.963023,-96.846973"}},{"type":"Feature","geometry":{"type":"Polygon","coordinates":[[[-96.83279247905824,32.939436379223466],[-96.83280275255974,32.937938082315064],[-96.83408121233614,32.9380407742716],[-96.83405505872955,32.93943127790624],[-96.83279247905824,32.939436379223466]]]},"properties":{"account":"24131500030010000","name":"SPRING VALLEY BUS CENTER 1 (ECU)","address":"4400 SPRING VALLEY RD","city":"FARMERS BRANCH","owner":"SV TECH CENTER LLC","kind":"office","class":"OFFICE/SHOWROOM","year_built":"1975","sqft":61100,"units":0,"land_value":4940930,"building_value":487960,"total_value":5428890,"building_share":0.09,"note":"","deed_date":"06/02/2023","acres":4.71,"history":[[2021,994140,2538180],[2022,493710,2964170],[2023,493710,2964170],[2024,1725480,4195940],[2025,487960,5428890],[2026,487960,5428890]],"lng":-96.833432,"lat":32.938728,"street_view":"https://www.google.com/maps/@?api=1&map_action=pano&viewpoint=32.938728,-96.833432"}},{"type":"Feature","geometry":{"type":"Polygon","coordinates":[[[-96.81130892167374,32.81589077029986],[-96.81086708015772,32.81625971044536],[-96.81022505583553,32.81571267447666],[-96.81022324724762,32.815695590489],[-96.81065661299469,32.81533373323056],[-96.81130892167374,32.81589077029986]]]},"properties":{"account":"001500000601A0000","name":"CVS PHARMACY","address":"4207 LEMMON AVE","city":"DALLAS","owner":"JOHNSON FOUR CORNERS LTD","kind":"retail","class":"FREE STANDING RETAIL STORE","year_built":"2006","sqft":13228,"units":0,"land_value":4900500,"building_value":681960,"total_value":5582460,"building_share":0.122,"note":"","deed_date":"12/31/1997","acres":1.25,"history":[[2021,479670,4563420],[2022,639390,4723140],[2023,431110,5059360],[2024,633750,5262000],[2025,791610,5419860],[2026,681960,5582460]],"lng":-96.810767,"lat":32.815802,"street_view":"https://www.google.com/maps/@?api=1&map_action=pano&viewpoint=32.815802,-96.810767"}},{"type":"Feature","geometry":{"type":"Polygon","coordinates":[[[-96.7877182264123,32.841809716893245],[-96.78771817514101,32.842235767789404],[-96.78721347193196,32.842235723462],[-96.78721352725583,32.841809672588454],[-96.7877182264123,32.841809716893245]]]},"properties":{"account":"602165000C01A0000","name":"BANK OF TEXAS","address":"6201 HILLCREST AVE","city":"UNIVERSITY PARK","owner":"FIRST NATIONAL BANK OF","kind":"office","class":"OFFICE BUILDING","year_built":"2014","sqft":13936,"units":0,"land_value":4804600,"building_value":65400,"total_value":4870000,"building_share":0.013,"note":"","deed_date":"06/23/2011","acres":0.55,"history":[[2021,607120,3610000],[2022,10000,4214030],[2023,421400,5226000],[2024,10000,4814600],[2025,65400,4870000],[2026,65400,4870000]],"lng":-96.787466,"lat":32.842044,"street_view":"https://www.google.com/maps/@?api=1&map_action=pano&viewpoint=32.842044,-96.787466"}},{"type":"Feature","geometry":{"type":"Polygon","coordinates":[[[-96.84103021467543,32.96495119000448],[-96.83906747958117,32.964927012588895],[-96.83891663403428,32.96472583644522],[-96.83885179343987,32.964620079447435],[-96.83874435726395,32.96439999039116],[-96.8387021200197,32.96428639252137],[-96.83864131108585,32.964053983563076],[-96.8386229421822,32.96393594775201],[-96.83861058151237,32.96369818088004],[-96.84105299576423,32.9637351800569],[-96.84103021467543,32.96495119000448]]]},"properties":{"account":"14003210530010200","name":"MCLANE FOODSERVICE","address":"2085 MIDWAY RD","city":"CARROLLTON","owner":"MCLANE FOODSERVICE INC","kind":"office","class":"OFFICE BUILDING","year_built":"1983","sqft":78435,"units":0,"land_value":4782520,"building_value":467480,"total_value":5250000,"building_share":0.089,"note":"","deed_date":"02/14/2003","acres":7.15,"history":[[2021,3281990,5125000],[2022,3606990,5450000],[2023,3606990,5450000],[2024,3456990,5300000],[2025,692480,5300000],[2026,467480,5250000]],"lng":-96.839882,"lat":32.964359,"street_view":"https://www.google.com/maps/@?api=1&map_action=pano&viewpoint=32.964359,-96.839882"}},{"type":"Feature","geometry":{"type":"Polygon","coordinates":[[[-96.97803067630339,32.89451674050198],[-96.97785285508265,32.89463172195384],[-96.9771069857259,32.89388185401049],[-96.97732313408007,32.89375149541749],[-96.97774188915383,32.89347556854674],[-96.9781414780399,32.89318010476937],[-96.97852062200867,32.89286604974732],[-96.97866075827753,32.89289254288269],[-96.97935594770357,32.89376578686694],[-96.97803067630339,32.89451674050198]]]},"properties":{"account":"32258570000010000","name":"161 CORPORATE CENTER","address":"6225 N STATE HWY 161","city":"IRVING","owner":"161 CORPORATE CENTER LLC","kind":"office","class":"OFFICE BUILDING","year_built":"1997","sqft":106920,"units":0,"land_value":4766960,"building_value":533040,"total_value":5300000,"building_share":0.101,"note":"","deed_date":"02/19/2025","acres":4.98,"history":[[2021,8338600,12238840],[2022,8849760,12750000],[2023,7699760,11600000],[2024,7348040,12115000],[2025,8033040,12800000],[2026,533040,5300000]],"lng":-96.978371,"lat":32.89369,"street_view":"https://www.google.com/maps/@?api=1&map_action=pano&viewpoint=32.893690,-96.978371"}},{"type":"Feature","geometry":{"type":"Polygon","coordinates":[[[-96.80053484233972,32.91457595525798],[-96.80055700758146,32.913416952953085],[-96.80314251968814,32.91340157054675],[-96.80346485608455,32.91367204316851],[-96.80344996339456,32.91454854161261],[-96.80053484233972,32.91457595525798]]]},"properties":{"account":"00000734273000000","name":"ACTIVITY BUILDING","address":"12100 PRESTON RD","city":"DALLAS","owner":"CAE LAND LLC","kind":"other","class":"RECREATION BUILDING","year_built":"1982","sqft":60901,"units":0,"land_value":4765650,"building_value":784350,"total_value":5550000,"building_share":0.141,"note":"","deed_date":"09/11/2025","acres":8.5,"history":[[2021,28820,3614000],[2022,28820,3614000],[2023,10000,4037860],[2024,34350,4800000],[2025,784350,5550000],[2026,784350,5550000]],"lng":-96.802003,"lat":32.913968,"street_view":"https://www.google.com/maps/@?api=1&map_action=pano&viewpoint=32.913968,-96.802003"}},{"type":"Feature","geometry":{"type":"Polygon","coordinates":[[[-96.85219284060561,32.77071895507086],[-96.85220532032122,32.76915575668837],[-96.85291876822222,32.76944506425976],[-96.85290282058979,32.772613380994024],[-96.850973913377,32.77260565141721],[-96.85097675301282,32.772200219970486],[-96.8513443920004,32.77220292893938],[-96.85134732581284,32.77178375337557],[-96.85139612850989,32.771784113187245],[-96.85139689702778,32.77167416593404],[-96.85134809601774,32.77167380614427],[-96.85135187917295,32.7711334145504],[-96.85098424133665,32.771130706934485],[-96.85098616960775,32.77085583749403],[-96.85219284060561,32.77071895507086]]]},"properties":{"account":"007242000A0020000","name":"TEXAS MAIL SERVICES","address":"1936 W COMMERCE ST","city":"DALLAS","owner":"1936 W COMMERCE LLC","kind":"office","class":"OFFICE BUILDING","year_built":"1956","sqft":21428,"units":0,"land_value":4736820,"building_value":10000,"total_value":4746820,"building_share":0.002,"note":"","deed_date":"04/07/2026","acres":10.74,"history":[[2021,37120,2161090],[2022,10000,3986590],[2023,10000,3986590],[2024,10000,3986590],[2025,10000,4150330],[2026,10000,4746820]],"lng":-96.851948,"lat":32.771005,"street_view":"https://www.google.com/maps/@?api=1&map_action=pano&viewpoint=32.771005,-96.851948"}},{"type":"Feature","geometry":{"type":"Polygon","coordinates":[[[-96.80587565164166,32.628080953883334],[-96.81402215428436,32.62802434284955],[-96.81425304266637,32.62806576812123],[-96.814256126094,32.63053119798561],[-96.81200509078162,32.630557472142584],[-96.80585365338332,32.63056841573379],[-96.8058745291124,32.63008266564122],[-96.80587565164166,32.628080953883334]]]},"properties":{"account":"65055965010050000","name":"WHSE","address":"3250 N LONGHORN DR","city":"LANCASTER","owner":"SWIFT TRANSPORTATION INC","kind":"industrial","class":"STORAGE WAREHOUSE","year_built":"2003","sqft":61971,"units":0,"land_value":4669890,"building_value":411730,"total_value":5081620,"building_share":0.081,"note":"","deed_date":"03/17/2000","acres":53.96,"history":[[2021,1514810,4200000],[2022,1624810,4310000],[2023,1962640,4647830],[2024,2272490,4957680],[2025,411730,5081620],[2026,411730,5081620]],"lng":-96.810065,"lat":32.629139,"street_view":"https://www.google.com/maps/@?api=1&map_action=pano&viewpoint=32.629139,-96.810065"}},{"type":"Feature","geometry":{"type":"Polygon","coordinates":[[[-96.84339912953126,32.92959614299247],[-96.84340622034522,32.92952201338466],[-96.84341119667879,32.928863685947114],[-96.84343105556357,32.92871687673904],[-96.84344990467089,32.928667644806644],[-96.84349358103516,32.92859812529426],[-96.84353185506633,32.928556024264076],[-96.84359969048442,32.92850194568269],[-96.84366635139206,32.928467094685296],[-96.84375409236782,32.92843802202141],[-96.84386354830532,32.928424357707044],[-96.84426118615949,32.92842689502575],[-96.84429405059623,32.92845619673641],[-96.84427687242645,32.93029094824611],[-96.84326972102217,32.93028442931312],[-96.8432728765277,32.92985424751425],[-96.84331041356391,32.92980801319699],[-96.84336007644718,32.929723453668565],[-96.84339912953126,32.92959614299247]]]},"properties":{"account":"24042550530030000","name":"THE CENTRE 8","address":"4001 MCEWEN RD","city":"FARMERS BRANCH","owner":"JBA PORTFOLIO LLC","kind":"office","class":"OFFICE BUILDING","year_built":"1980","sqft":94512,"units":0,"land_value":4647400,"building_value":517600,"total_value":5165000,"building_share":0.1,"note":"","deed_date":"10/10/2017","acres":4.27,"history":[[2021,3555780,4950000],[2022,4705780,6100000],[2023,4432690,6663440],[2024,4432690,6663440],[2025,517600,5165000],[2026,517600,5165000]],"lng":-96.843848,"lat":32.929199,"street_view":"https://www.google.com/maps/@?api=1&map_action=pano&viewpoint=32.929199,-96.843848"}},{"type":"Feature","geometry":{"type":"Polygon","coordinates":[[[-96.83667843945176,32.92337611569316],[-96.83667196038672,32.923988569937144],[-96.83711097749926,32.92407258850862],[-96.83711777840276,32.92489139508203],[-96.8365124242649,32.92504399132146],[-96.8362068639318,32.925111689758616],[-96.83559074072319,32.92522971799901],[-96.83558819545563,32.92337221758295],[-96.83667843945176,32.92337611569316]]]},"properties":{"account":"00000808914720000","name":"MIDWAY TOWER","address":"4230 LBJ FWY","city":"DALLAS","owner":"MIAN SHAUN T CORP","kind":"office","class":"OFFICE BUILDING","year_built":"1972","sqft":161653,"units":0,"land_value":4633920,"building_value":153580,"total_value":4787500,"building_share":0.032,"note":"","deed_date":"09/30/1991","acres":5.9,"history":[[2021,638400,4500000],[2022,219800,4725000],[2023,219800,4725000],[2024,219800,4725000],[2025,282300,4787500],[2026,153580,4787500]],"lng":-96.836351,"lat":32.92436,"street_view":"https://www.google.com/maps/@?api=1&map_action=pano&viewpoint=32.924360,-96.836351"}},{"type":"Feature","geometry":{"type":"Polygon","coordinates":[[[-96.7901111062794,32.776122806715286],[-96.78998865506895,32.776021358000285],[-96.78965060173594,32.77631242901131],[-96.78894182767532,32.77573790289148],[-96.78909946045597,32.77560443142291],[-96.78933643772861,32.77560552012822],[-96.78957588454587,32.775588223391914],[-96.7902169367673,32.77544861610506],[-96.79056262971062,32.77573710355397],[-96.7901111062794,32.776122806715286]]]},"properties":{"account":"00000102361000000","name":"30 HARWOOD LTD","address":"1900 ST LOUIS ST","city":"DALLAS","owner":"30 HARWOOD LTD","kind":"industrial","class":"DISTRIBUTION WAREHOUSE","year_built":"1982","sqft":28981,"units":0,"land_value":4599930,"building_value":139000,"total_value":4738930,"building_share":0.029,"note":"","deed_date":"03/12/2018","acres":1.91,"history":[[2021,1000,4600930],[2022,139000,4738930],[2023,139000,4738930],[2024,139000,4738930],[2025,139000,4738930],[2026,139000,4738930]],"lng":-96.789746,"lat":32.775894,"street_view":"https://www.google.com/maps/@?api=1&map_action=pano&viewpoint=32.775894,-96.789746"}},{"type":"Feature","geometry":{"type":"Polygon","coordinates":[[[-96.78218348302929,32.79926695791582],[-96.78187965014881,32.79951485605352],[-96.78183384453725,32.79951373669841],[-96.78042861977974,32.79828256113614],[-96.78042607321005,32.79824601241431],[-96.7807412548951,32.79798355326704],[-96.78108084220811,32.798285472561965],[-96.78102777751216,32.79832884705729],[-96.78114433685819,32.798432475590616],[-96.7812379655905,32.798455855754284],[-96.78218348302929,32.79926695791582]]]},"properties":{"account":"000717001425A0000","name":"AT&T GENERATOR PLANT","address":"1409 MCKELL ST","city":"DALLAS","owner":"AT&T COMM OF TEXAS LTD","kind":"other","class":"SPECIAL","year_built":"2018","sqft":24104,"units":0,"land_value":4456200,"building_value":554380,"total_value":5010580,"building_share":0.111,"note":"","deed_date":"05/12/2000","acres":2.04,"history":[[2021,1789420,6245620],[2022,1000000,5010580],[2023,554380,5010580],[2024,554380,5010580],[2025,554380,5010580],[2026,554380,5010580]],"lng":-96.781304,"lat":32.798777,"street_view":"https://www.google.com/maps/@?api=1&map_action=pano&viewpoint=32.798777,-96.781304"}},{"type":"Feature","geometry":{"type":"Polygon","coordinates":[[[-96.824702803706,32.777274389164894],[-96.82465411979082,32.77715432679753],[-96.82744423179942,32.77657119583734],[-96.8276295311106,32.777126341680386],[-96.82766127390302,32.777255447898774],[-96.8276676747877,32.777321212049145],[-96.82767251885879,32.778336988796454],[-96.82697199145825,32.77833646837342],[-96.82664635355732,32.77829886808993],[-96.82663686518968,32.77684920690299],[-96.824702803706,32.777274389164894]]]},"properties":{"account":"00000671699000000","name":"PIONEER CONCRETE","address":"240 SINGLETON BLVD","city":"DALLAS","owner":"GOLDEN TRINITY LLC","kind":"office","class":"OFFICE BUILDING","year_built":"1975","sqft":24844,"units":0,"land_value":4442820,"building_value":23260,"total_value":4466080,"building_share":0.005,"note":"","deed_date":"03/16/2023","acres":4.89,"history":[[2021,10000,2474520],[2022,10000,2692320],[2023,10000,4378280],[2024,10000,4449360],[2025,10000,4452820],[2026,23260,4466080]],"lng":-96.827157,"lat":32.77781,"street_view":"https://www.google.com/maps/@?api=1&map_action=pano&viewpoint=32.777810,-96.827157"}},{"type":"Feature","geometry":{"type":"Polygon","coordinates":[[[-96.82474271137386,32.74575668887486],[-96.82588971179057,32.74576051361367],[-96.825888639377,32.746295280850845],[-96.82474198865526,32.7462862637545],[-96.82474271137386,32.74575668887486]]]},"properties":{"account":"00000255589000000","name":"SOUTHWESTERN BELL SWITCHING CTR","address":"200 W 9TH ST","city":"DALLAS","owner":"SOUTHWESTERN BELL","kind":"other","class":"TECHNICAL BUILDING","year_built":"1915","sqft":76404,"units":0,"land_value":4419220,"building_value":75000,"total_value":4494220,"building_share":0.017,"note":"","deed_date":"02/05/1985","acres":1.56,"history":[[2021,1000,2720520],[2022,10000,3409400],[2023,10000,3749340],[2024,10000,3749340],[2025,2000,4081280],[2026,75000,4494220]],"lng":-96.825316,"lat":32.746026,"street_view":"https://www.google.com/maps/@?api=1&map_action=pano&viewpoint=32.746026,-96.825316"}},{"type":"Feature","geometry":{"type":"Polygon","coordinates":[[[-96.74415696772834,32.91097911754267],[-96.74416586970348,32.909325922917624],[-96.74426972773047,32.90932634258026],[-96.74426840545718,32.9096924192603],[-96.74431263661978,32.909733261931784],[-96.74474888581976,32.909736037068164],[-96.74474568507794,32.910178941945894],[-96.74640234317799,32.91019061273112],[-96.74606871375339,32.91107084495566],[-96.74582579037632,32.91100637040157],[-96.74415696772834,32.91097911754267]]]},"properties":{"account":"008411000005B0000","name":"FOREST GREEN BUSINESS PARK BLDG C","address":"11884 GREENVILLE AVE","city":"DALLAS","owner":"IMH FOREST GREEN HOLDER LLC","kind":"office","class":"OFFICE BUILDING","year_built":"1981","sqft":79500,"units":0,"land_value":4410000,"building_value":10000,"total_value":4420000,"building_share":0.002,"note":"","deed_date":"11/04/2022","acres":5.15,"history":[[2021,2159000,4805000],[2022,2547740,5193740],[2023,3582680,6228680],[2024,10000,4420000],[2025,10000,4420000],[2026,10000,4420000]],"lng":-96.745243,"lat":32.910378,"street_view":"https://www.google.com/maps/@?api=1&map_action=pano&viewpoint=32.910378,-96.745243"}},{"type":"Feature","geometry":{"type":"Polygon","coordinates":[[[-96.78078524967394,32.9215007753411],[-96.78191260814502,32.921508442008225],[-96.78317959882743,32.921578234611985],[-96.78317963961655,32.92292671308914],[-96.78205793551817,32.9228950571006],[-96.78196382831729,32.92269274842219],[-96.78190506140115,32.9225959831447],[-96.78176539227195,32.92241335681407],[-96.78159830843751,32.92224791649091],[-96.78124271858763,32.92196552080755],[-96.78105214492484,32.921789863927366],[-96.78078524967394,32.9215007753411]]]},"properties":{"account":"00000734830300000","name":"CREEKSIDE ON HILLCREST","address":"12740 HILLCREST RD","city":"DALLAS","owner":"SHELBY MANAGEMENT LLC","kind":"office","class":"OFFICE BUILDING","year_built":"1983","sqft":66000,"units":0,"land_value":4399440,"building_value":150560,"total_value":4550000,"building_share":0.033,"note":"","deed_date":"12/09/2013","acres":5.93,"history":[[2021,791980,4200000],[2022,991980,4400000],[2023,1319710,4727730],[2024,1541980,4950000],[2025,200560,4600000],[2026,150560,4550000]],"lng":-96.782366,"lat":32.922221,"street_view":"https://www.google.com/maps/@?api=1&map_action=pano&viewpoint=32.922221,-96.782366"}},{"type":"Feature","geometry":{"type":"Polygon","coordinates":[[[-96.74875253035532,32.93038210863964],[-96.74469160340318,32.93010442703516],[-96.74440384342357,32.93008478844086],[-96.74603624211514,32.92751417153938],[-96.74901824044674,32.92772402704703],[-96.74875253035532,32.93038210863964]]]},"properties":{"account":"00835600000020000","name":"BAYLOR TI","address":"13350 T I BLVD","city":"DALLAS","owner":"TEXAS INSTRUMENTS INC","kind":"office","class":"OFFICE BUILDING","year_built":"1978","sqft":30959,"units":0,"land_value":4385430,"building_value":300620,"total_value":4686050,"building_share":0.064,"note":"","deed_date":"","acres":25.17,"history":[[2021,300620,4686050],[2022,300620,4686050],[2023,300620,4686050],[2024,300620,4686050],[2025,300620,4686050],[2026,300620,4686050]],"lng":-96.747032,"lat":32.928909,"street_view":"https://www.google.com/maps/@?api=1&map_action=pano&viewpoint=32.928909,-96.747032"}},{"type":"Feature","geometry":{"type":"Polygon","coordinates":[[[-96.83248983218925,32.77083057327808],[-96.83232816214702,32.7705124750033],[-96.83318553407291,32.76815836779553],[-96.83353213161699,32.76812176662839],[-96.8335307446961,32.77084518597636],[-96.83248983218925,32.77083057327808]]]},"properties":{"account":"00000632770000000","name":"ANGELICA-CONTAMINATIED","address":"620 YORKTOWN ST","city":"DALLAS","owner":"ANG III LLC","kind":"industrial","class":"LIGHT INDUSTRIAL","year_built":"1963","sqft":79806,"units":0,"land_value":4381240,"building_value":218760,"total_value":4600000,"building_share":0.048,"note":"","deed_date":"05/04/2011","acres":5.63,"history":[[2021,196800,2345350],[2022,70710,3698100],[2023,10000,3559390],[2024,9900,3559290],[2025,166760,4548000],[2026,218760,4600000]],"lng":-96.833144,"lat":32.769341,"street_view":"https://www.google.com/maps/@?api=1&map_action=pano&viewpoint=32.769341,-96.833144"}},{"type":"Feature","geometry":{"type":"Polygon","coordinates":[[[-96.99883558883579,32.83931813456461],[-96.99869911642372,32.83930801568506],[-96.99838800742198,32.83934871859962],[-96.99819851602473,32.83836662488357],[-96.99873169226298,32.83829330884823],[-96.99870551857619,32.83815766116077],[-96.99876336346517,32.838149706573],[-96.9986295039025,32.83745594686848],[-96.99885407656416,32.83744313545755],[-97.00074338459648,32.83743782717568],[-97.0007606374548,32.839958208984676],[-96.99944201518315,32.83994139664395],[-96.99936349129547,32.8395344527176],[-96.99893291135581,32.8393470240297],[-96.99883558883579,32.83931813456461]]]},"properties":{"account":"322163000A0040000","name":"DILLARDS IRVING","address":"3901 IRVING MALL","city":"IRVING","owner":"DILLARDS PROPERTIES INC","kind":"retail","class":"DEPARTMENT STORE","year_built":"1983","sqft":214281,"units":0,"land_value":4333020,"building_value":166980,"total_value":4500000,"building_share":0.037,"note":"","deed_date":"01/26/2011","acres":13.28,"history":[[2021,78110,4700000],[2022,128110,4750000],[2023,128110,4750000],[2024,16770,4500000],[2025,166980,4500000],[2026,166980,4500000]],"lng":-96.999527,"lat":32.838908,"street_view":"https://www.google.com/maps/@?api=1&map_action=pano&viewpoint=32.838908,-96.999527"}},{"type":"Feature","geometry":{"type":"Polygon","coordinates":[[[-96.887730356731,32.80799341083382],[-96.88706581845709,32.80798666499212],[-96.88713172311734,32.80319622511539],[-96.88774154726659,32.80324604777219],[-96.88804525975569,32.803279966905535],[-96.88864945721939,32.80336572827161],[-96.88894961257922,32.80341752371831],[-96.8889040225619,32.80663244313769],[-96.88775818229165,32.80661998829414],[-96.887730356731,32.80799341083382]]]},"properties":{"account":"00000766897500000","name":"FRUEHAUF","address":"4132 IRVING BLVD","city":"DALLAS","owner":"SSK REAL ESTATE LLC","kind":"other","class":"AUTOMOTIVE SERVICE","year_built":"1969","sqft":55936,"units":0,"land_value":4312440,"building_value":237560,"total_value":4550000,"building_share":0.052,"note":"","deed_date":"09/01/2017","acres":17.93,"history":[[2021,79600,4000000],[2022,667660,4000000],[2023,667660,4000000],[2024,667660,4000000],[2025,667660,4000000],[2026,237560,4550000]],"lng":-96.888017,"lat":32.805013,"street_view":"https://www.google.com/maps/@?api=1&map_action=pano&viewpoint=32.805013,-96.888017"}},{"type":"Feature","geometry":{"type":"Polygon","coordinates":[[[-96.78844033152124,32.82072957278205],[-96.78784678566679,32.82050364184322],[-96.78812102018315,32.819989876371544],[-96.78871451440546,32.820215893310824],[-96.78844033152124,32.82072957278205]]]},"properties":{"account":"001533000G14A0000","name":"LIGNET ROSET/ORGIN/ROTI/SITKA","address":"4438 MCKINNEY AVE","city":"DALLAS","owner":"KNOX PROMENADE LLC","kind":"retail","class":"RETAIL STRIP","year_built":"2004","sqft":11618,"units":0,"land_value":4303950,"building_value":664800,"total_value":4968750,"building_share":0.134,"note":"","deed_date":"08/20/2012","acres":0.94,"history":[[2021,1000,4304950],[2022,451560,4755510],[2023,56050,4360000],[2024,109580,4413530],[2025,246050,4550000],[2026,664800,4968750]],"lng":-96.788281,"lat":32.82036,"street_view":"https://www.google.com/maps/@?api=1&map_action=pano&viewpoint=32.820360,-96.788281"}},{"type":"Feature","geometry":{"type":"Polygon","coordinates":[[[-96.78169370676872,32.80777274819255],[-96.78103274191444,32.80719599634958],[-96.78155369544386,32.806767599125756],[-96.78198775454874,32.80716988947601],[-96.78169370676872,32.80777274819255]]]},"properties":{"account":"00000119893000000","name":"SAN MIGUEL","address":"4624 LAFAYETTE ST","city":"DALLAS","owner":"RIGGIO DAVID ALAN","kind":"apartments","class":"APARTMENT (BRICK EXTERIOR)","year_built":"1964","sqft":30686,"units":42,"land_value":4286320,"building_value":213680,"total_value":4500000,"building_share":0.047,"note":"","deed_date":"11/01/2023","acres":1.24,"history":[[2021,413150,3360000],[2022,1463150,4410000],[2023,1052050,3731000],[2024,92400,3842930],[2025,349470,4100000],[2026,213680,4500000]],"lng":-96.781597,"lat":32.807488,"street_view":"https://www.google.com/maps/@?api=1&map_action=pano&viewpoint=32.807488,-96.781597"}},{"type":"Feature","geometry":{"type":"Polygon","coordinates":[[[-96.783710656906,32.83030260240757],[-96.78377571955546,32.83018085893596],[-96.78333204097044,32.83000856530375],[-96.7835286843074,32.82964756566932],[-96.78397375979557,32.82981725938575],[-96.78403807637947,32.82969701474088],[-96.78430920137956,32.8297997099458],[-96.783710656906,32.83030260240757]]]},"properties":{"account":"00000195048000000","name":"5207  MCKINNEY AVE","address":"5207 MCKINNEY AVE","city":"DALLAS","owner":"MCKINNEY WEBB HOLDINGS LLC","kind":"office","class":"OFFICE BUILDING","year_built":"1973","sqft":17128,"units":0,"land_value":4236130,"building_value":1010,"total_value":4237140,"building_share":0.0,"note":"","deed_date":"11/15/2022","acres":0.75,"history":[[2021,1000,3107960],[2022,1000,3107960],[2023,1000,4237130],[2024,1000,4237130],[2025,1010,4237140],[2026,1010,4237140]],"lng":-96.783776,"lat":32.829915,"street_view":"https://www.google.com/maps/@?api=1&map_action=pano&viewpoint=32.829915,-96.783776"}},{"type":"Feature","geometry":{"type":"Polygon","coordinates":[[[-96.88832185771157,32.911670851759105],[-96.88913777722914,32.91164039426866],[-96.88912625068923,32.912968251810014],[-96.88748627106719,32.91296085985821],[-96.88749642400958,32.91171591960132],[-96.88832185771157,32.911670851759105]]]},"properties":{"account":"24116500000010000","name":"ONE METRO SQUARE","address":"2655 VILLA CREEK DR","city":"FARMERS BRANCH","owner":"PMC2201 LLC","kind":"office","class":"OFFICE BUILDING","year_built":"1971","sqft":96252,"units":0,"land_value":4216770,"building_value":384230,"total_value":4601000,"building_share":0.084,"note":"","deed_date":"01/29/2024","acres":5.42,"history":[[2021,2243010,4000000],[2022,2293010,4050000],[2023,2543010,4300000],[2024,2543010,4300000],[2025,1789820,4601000],[2026,384230,4601000]],"lng":-96.88831,"lat":32.912554,"street_view":"https://www.google.com/maps/@?api=1&map_action=pano&viewpoint=32.912554,-96.888310"}},{"type":"Feature","geometry":{"type":"Polygon","coordinates":[[[-96.83772206410686,32.95120896252346],[-96.8377441400486,32.94928852428496],[-96.83846147224604,32.9492943912584],[-96.8387213024599,32.949384495899125],[-96.83870017406606,32.95122200021206],[-96.83772206410686,32.95120896252346]]]},"properties":{"account":"24008510500010000","name":"14500 MIDWAY RD","address":"14500 MIDWAY RD","city":"FARMERS BRANCH","owner":"MIDWAY ASSET PARTNERS LLC","kind":"office","class":"OFFICE/SHOWROOM","year_built":"1979","sqft":58660,"units":0,"land_value":4164320,"building_value":535680,"total_value":4700000,"building_share":0.114,"note":"","deed_date":"03/31/2017","acres":4.79,"history":[[2021,665920,3164510],[2022,901410,3400000],[2023,607090,3105680],[2024,1197170,3695760],[2025,85680,4250000],[2026,535680,4700000]],"lng":-96.838218,"lat":32.950585,"street_view":"https://www.google.com/maps/@?api=1&map_action=pano&viewpoint=32.950585,-96.838218"}},{"type":"Feature","geometry":{"type":"Polygon","coordinates":[[[-96.8235759122786,32.79048047377799],[-96.82412858255506,32.790770819469195],[-96.82310644756373,32.792158903687714],[-96.82290138996531,32.792042665515886],[-96.82250238022421,32.79179684878639],[-96.8238139761374,32.79002287758098],[-96.823887075709,32.79006128055086],[-96.8235759122786,32.79048047377799]]]},"properties":{"account":"00000634567000000","name":"(Land Value) APEX PLUMBING SUPPLY COMPANY","address":"180 OAK LAWN AVE","city":"DALLAS","owner":"JLK LTD","kind":"industrial","class":"STORAGE WAREHOUSE","year_built":"1954","sqft":33159,"units":0,"land_value":4105060,"building_value":10000,"total_value":4115060,"building_share":0.002,"note":"","deed_date":"06/07/2005","acres":3.18,"history":[[2021,0,3237330],[2022,10000,3581070],[2023,10000,3581070],[2024,40890,3979080],[2025,10000,3948190],[2026,10000,4115060]],"lng":-96.82325,"lat":32.791374,"street_view":"https://www.google.com/maps/@?api=1&map_action=pano&viewpoint=32.791374,-96.823250"}},{"type":"Feature","geometry":{"type":"Polygon","coordinates":[[[-96.76889696918153,32.8565199958119],[-96.76931877324071,32.85456400307825],[-96.76975168847268,32.85462794583858],[-96.76932309961929,32.85658659463718],[-96.76889696918153,32.8565199958119]]]},"properties":{"account":"00000366445000000","name":"SIGELS CARUTH","address":"5757 GREENVILLE AVE","city":"DALLAS","owner":"TEXAS CENTRAL CONTROL LLC","kind":"retail","class":"RETAIL STRIP","year_built":"1986","sqft":20898,"units":1,"land_value":4066400,"building_value":538850,"total_value":4605250,"building_share":0.117,"note":"","deed_date":"04/06/2016","acres":2.23,"history":[[2021,302930,3962690],[2022,505420,4165180],[2023,584320,4244080],[2024,690240,4350000],[2025,820740,4480500],[2026,538850,4605250]],"lng":-96.769281,"lat":32.855765,"street_view":"https://www.google.com/maps/@?api=1&map_action=pano&viewpoint=32.855765,-96.769281"}},{"type":"Feature","geometry":{"type":"Polygon","coordinates":[[[-96.79153324488934,32.823925396290036],[-96.79163815310868,32.82383657613892],[-96.79221605203993,32.824320445890095],[-96.79197951477254,32.82453321643177],[-96.7913846032785,32.82405773033525],[-96.79169785486765,32.82430617841335],[-96.79153324488934,32.823925396290036]]]},"properties":{"account":"60084500040010000","name":"4522 ABBOTT APTS","address":"4522 ABBOTT AVE","city":"HIGHLAND PARK","owner":"KEE SUZANNE PORTH &","kind":"apartments","class":"APARTMENT (BRICK EXTERIOR)","year_built":"1956","sqft":13408,"units":18,"land_value":4050000,"building_value":10000,"total_value":4060000,"building_share":0.002,"note":"","deed_date":"07/07/2021","acres":0.53,"history":[[2021,10000,2822500],[2022,1000,4219750],[2023,3380,4390880],[2024,12500,4400000],[2025,892500,5280000],[2026,10000,4060000]],"lng":-96.791852,"lat":32.824186,"street_view":"https://www.google.com/maps/@?api=1&map_action=pano&viewpoint=32.824186,-96.791852"}},{"type":"Feature","geometry":{"type":"Polygon","coordinates":[[[-96.80678676822603,32.79737266038596],[-96.80656930469404,32.79717940649693],[-96.80716042888659,32.796682931732896],[-96.80738174325984,32.79687847613353],[-96.80678676822603,32.79737266038596]]]},"properties":{"account":"00000134927000000","name":"FIRST DALLASSECURITIES/HISTORIC DESIGNATION ADJUST","address":"2905 MAPLE AVE","city":"DALLAS","owner":"2905 MAPLE LLC","kind":"office","class":"OFFICE BUILDING","year_built":"1930","sqft":15088,"units":0,"land_value":4016250,"building_value":10000,"total_value":4026250,"building_share":0.002,"note":"","deed_date":"08/02/2013","acres":0.57,"history":[[2021,10000,3452500],[2022,10000,3452500],[2023,10000,3452500],[2024,10000,3452500],[2025,10000,3898750],[2026,10000,4026250]],"lng":-96.806975,"lat":32.797029,"street_view":"https://www.google.com/maps/@?api=1&map_action=pano&viewpoint=32.797029,-96.806975"}},{"type":"Feature","geometry":{"type":"Polygon","coordinates":[[[-96.85656047396832,32.82307788677246],[-96.85656012145837,32.823037168541596],[-96.85652333295988,32.82303624546395],[-96.8565438951614,32.8223262809967],[-96.85658079180374,32.82232697457968],[-96.8565800333034,32.822353150729896],[-96.85698697380482,32.822351661274205],[-96.85810534794442,32.8223667051413],[-96.85809230973797,32.82312554830186],[-96.85660737617611,32.82311732305845],[-96.85656047396832,32.82307788677246]]]},"properties":{"account":"00000778282000000","name":"MOCKINGBIRD MALL 200 BLOCK","address":"1625 W MOCKINGBIRD LN","city":"DALLAS","owner":"1625 MOCKINGBIRD LTD","kind":"retail","class":"RETAIL STRIP","year_built":"1969","sqft":47052,"units":0,"land_value":4006290,"building_value":10000,"total_value":4016290,"building_share":0.002,"note":"","deed_date":"01/26/2005","acres":3.06,"history":[[2021,182480,1785000],[2022,96850,2100000],[2023,96850,2100000],[2024,311710,3318000],[2025,311710,3783830],[2026,10000,4016290]],"lng":-96.857315,"lat":32.822771,"street_view":"https://www.google.com/maps/@?api=1&map_action=pano&viewpoint=32.822771,-96.857315"}},{"type":"Feature","geometry":{"type":"Polygon","coordinates":[[[-96.80292486714558,32.80238478266058],[-96.80276185359959,32.802629341147394],[-96.80222496713941,32.80237493416254],[-96.80221921266569,32.80233986660564],[-96.80244831126515,32.80198877643595],[-96.80246750578554,32.80198660408768],[-96.80292486714558,32.80238478266058]]]},"properties":{"account":"000964001808A0000","name":"2909 COLE BLDG DAVID CARUTH","address":"2909 COLE AVE","city":"DALLAS","owner":"AM COLE LP","kind":"office","class":"OFFICE BUILDING","year_built":"1981","sqft":39355,"units":0,"land_value":4003810,"building_value":10000,"total_value":4013810,"building_share":0.002,"note":"","deed_date":"01/08/2026","acres":0.6,"history":[[2021,1000,2713260],[2022,218740,2931000],[2023,187740,2900000],[2024,81930,2975000],[2025,10000,3781330],[2026,10000,4013810]],"lng":-96.802505,"lat":32.802167,"street_view":"https://www.google.com/maps/@?api=1&map_action=pano&viewpoint=32.802167,-96.802505"}},{"type":"Feature","geometry":{"type":"Polygon","coordinates":[[[-96.79053791302938,32.82488674393825],[-96.79104806357729,32.82531118759497],[-96.79081525101233,32.82550332026563],[-96.79030510047339,32.8250788756618],[-96.79053791302938,32.82488674393825]]]},"properties":{"account":"60084500110040000","name":"JACOBS APTS","address":"4700 ABBOTT AVE","city":"HIGHLAND PARK","owner":"JACOBS APARTMENTS LLC","kind":"apartments","class":"APARTMENT (BRICK EXTERIOR)","year_built":"1956","sqft":14040,"units":20,"land_value":3959640,"building_value":140360,"total_value":4100000,"building_share":0.034,"note":"","deed_date":"06/25/2010","acres":0.5,"history":[[2021,1000,3190710],[2022,1000,3300700],[2023,1000,3960640],[2024,140360,4100000],[2025,140360,4100000],[2026,140360,4100000]],"lng":-96.790665,"lat":32.825185,"street_view":"https://www.google.com/maps/@?api=1&map_action=pano&viewpoint=32.825185,-96.790665"}},{"type":"Feature","geometry":{"type":"Polygon","coordinates":[[[-96.98520262637624,32.89616632078874],[-96.9852402425875,32.89372192106883],[-96.9854641443302,32.89383088177976],[-96.98558132332018,32.89387698430571],[-96.98582417560424,32.8939516617926],[-96.98607562812778,32.894002168587924],[-96.98620353039622,32.894018133676305],[-96.98656150178476,32.89403137931981],[-96.98655553394781,32.89616848997538],[-96.98520262637624,32.89616632078874]]]},"properties":{"account":"32665000000020000","name":"GATEWAY COMMERCE","address":"2801 GATEWAY DR","city":"IRVING","owner":"SDCO GATEWAY COMMERCE","kind":"office","class":"OFFICE BUILDING","year_built":"1998","sqft":94520,"units":0,"land_value":3906600,"building_value":10000,"total_value":3916600,"building_share":0.003,"note":"","deed_date":"02/10/2005","acres":7.65,"history":[[2021,5936150,8215000],[2022,6553140,8831990],[2023,6524770,8803620],[2024,4702450,8609050],[2025,3968810,7875410],[2026,10000,3916600]],"lng":-96.985889,"lat":32.895092,"street_view":"https://www.google.com/maps/@?api=1&map_action=pano&viewpoint=32.895092,-96.985889"}},{"type":"Feature","geometry":{"type":"Polygon","coordinates":[[[-96.68619311817314,32.60339967258875],[-96.68787579534077,32.60259471575854],[-96.69123415987714,32.60755214302852],[-96.69079709909676,32.607760571469],[-96.69082920302506,32.607808362232774],[-96.69026352930904,32.60808058869278],[-96.68924246524287,32.608432826950796],[-96.68902462774417,32.60853765490562],[-96.68886670784484,32.60859316675089],[-96.68874283514818,32.60855320053583],[-96.68794128023156,32.60716232118348],[-96.68648074798404,32.60399353463945],[-96.68619311817314,32.60339967258875]]]},"properties":{"account":"65127160010070000","name":"CRETE CARRIER CORP","address":"400 E PLEASANT RUN RD","city":"WILMER","owner":"CRETE CARRIER CORPORATION","kind":"other","class":"SHIPPING DOCK/TRUCK TERMINAL","year_built":"1999","sqft":33500,"units":17,"land_value":3841430,"building_value":268460,"total_value":4109890,"building_share":0.065,"note":"","deed_date":"11/14/1997","acres":35.26,"history":[[2021,1315940,3620800],[2022,1315940,3620800],[2023,268460,4109890],[2024,268460,4109890],[2025,268460,4109890],[2026,268460,4109890]],"lng":-96.688653,"lat":32.605747,"street_view":"https://www.google.com/maps/@?api=1&map_action=pano&viewpoint=32.605747,-96.688653"}},{"type":"Feature","geometry":{"type":"Polygon","coordinates":[[[-96.82116837173689,32.93832124985327],[-96.82161234793877,32.93832723239538],[-96.82163067960109,32.93843665062226],[-96.82163706545526,32.93863558295074],[-96.82163007430852,32.93875858859849],[-96.82161809907532,32.938819375624725],[-96.82119160642476,32.93881362875391],[-96.82118797093875,32.93901060481794],[-96.8211679788832,32.939010314776866],[-96.82116678148999,32.93907168469817],[-96.82091781535262,32.939068538160186],[-96.8209118344252,32.93938405143972],[-96.82060652144851,32.939379331086656],[-96.82060975472169,32.93920879674767],[-96.82026811588571,32.939204190629646],[-96.82028991487235,32.93805233016501],[-96.82117324209959,32.938064280243744],[-96.82116837173689,32.93832124985327]]]},"properties":{"account":"007006000A01A0000","name":"AMERICAN FREIGHT/JERSEY MIKES/LAKESHORE (ECU)","address":"14060 DALLAS PKWY","city":"DALLAS","owner":"FSH TOLLWAY LP","kind":"retail","class":"RETAIL STRIP","year_built":"2002","sqft":43430,"units":0,"land_value":3836170,"building_value":113830,"total_value":3950000,"building_share":0.029,"note":"","deed_date":"10/30/2001","acres":3.26,"history":[[2021,27800,3577950],[2022,99850,3650000],[2023,99850,3650000],[2024,1000,3551150],[2025,20000,3856170],[2026,113830,3950000]],"lng":-96.820955,"lat":32.938719,"street_view":"https://www.google.com/maps/@?api=1&map_action=pano&viewpoint=32.938719,-96.820955"}},{"type":"Feature","geometry":{"type":"Polygon","coordinates":[[[-96.83190817143489,32.83033159536824],[-96.8330123607223,32.82937528474103],[-96.83373311333115,32.82999123528541],[-96.83263009066148,32.830946556229456],[-96.83190817143489,32.83033159536824]]]},"properties":{"account":"00000429772000000","name":"JOHN EAGLE AUTHORIZED SERVICE CENTER","address":"6125 PEELER ST","city":"DALLAS","owner":"BROOK 6125 PEELER STREET LP","kind":"other","class":"AUTOMOTIVE SERVICE","year_built":"1947","sqft":74844,"units":0,"land_value":3823050,"building_value":443060,"total_value":4266110,"building_share":0.104,"note":"","deed_date":"07/26/2021","acres":3.51,"history":[[2021,106170,2400000],[2022,306170,2600000],[2023,1207670,4266110],[2024,1207670,4266110],[2025,443060,4266110],[2026,443060,4266110]],"lng":-96.832775,"lat":32.830201,"street_view":"https://www.google.com/maps/@?api=1&map_action=pano&viewpoint=32.830201,-96.832775"}},{"type":"Feature","geometry":{"type":"Polygon","coordinates":[[[-96.76862030821403,32.895018396183275],[-96.76863916790039,32.895892996686165],[-96.76732794693531,32.89588427020137],[-96.76733987228332,32.89500040859745],[-96.76862030821403,32.895018396183275]]]},"properties":{"account":"00729100000090000","name":"SOCIAL SECURITY ADMINISTRATION","address":"10824 N CENTRAL EXPY","city":"DALLAS","owner":"EGP 10824 DALLAS LP","kind":"office","class":"OFFICE BUILDING","year_built":"2005","sqft":28000,"units":0,"land_value":3821070,"building_value":478930,"total_value":4300000,"building_share":0.111,"note":"","deed_date":"09/17/2018","acres":2.92,"history":[[2021,73770,3894840],[2022,173430,3994500],[2023,478930,4300000],[2024,478930,4300000],[2025,478930,4300000],[2026,478930,4300000]],"lng":-96.767982,"lat":32.895447,"street_view":"https://www.google.com/maps/@?api=1&map_action=pano&viewpoint=32.895447,-96.767982"}},{"type":"Feature","geometry":{"type":"Polygon","coordinates":[[[-96.77628444236082,32.799288549745555],[-96.77568865987489,32.79978817784645],[-96.77536537847362,32.79950682138114],[-96.77549316798168,32.79939608502184],[-96.77517178204195,32.799115783834786],[-96.7756651269362,32.79869956563221],[-96.7762858812594,32.79925109671774],[-96.77628444236082,32.799288549745555]]]},"properties":{"account":"00000123079000000","name":"UNOCCUPIED","address":"4500 LIVE OAK ST","city":"DALLAS","owner":"LIVE OAK COMMERCIAL GROUP LLC","kind":"retail","class":"DISCOUNT STORE","year_built":"1965","sqft":19100,"units":1,"land_value":3808310,"building_value":9990,"total_value":3818300,"building_share":0.003,"note":"UNOCCUPIED","deed_date":"06/24/2024","acres":1.58,"history":[[2021,1000,2378260],[2022,1000,2378260],[2023,1000,2478260],[2024,10000,3818310],[2025,10000,3818310],[2026,9990,3818300]],"lng":-96.775809,"lat":32.799263,"street_view":"https://www.google.com/maps/@?api=1&map_action=pano&viewpoint=32.799263,-96.775809"}},{"type":"Feature","geometry":{"type":"Polygon","coordinates":[[[-96.76066593112117,32.83637640123548],[-96.76026932556836,32.83638820475276],[-96.76027384834289,32.835729906000424],[-96.7612960781743,32.83573490673769],[-96.76132828201743,32.835762552179254],[-96.76132060755616,32.83635786213236],[-96.76129584720368,32.83637948004886],[-96.76066593112117,32.83637640123548]]]},"properties":{"account":"002870000P0010000","name":"CVS PHARMACY","address":"6120 E MOCKINGBIRD LN","city":"DALLAS","owner":"RAVENWOOD TOWERS INC","kind":"retail","class":"FREE STANDING RETAIL STORE","year_built":"2003","sqft":13091,"units":0,"land_value":3804950,"building_value":100000,"total_value":3904950,"building_share":0.026,"note":"","deed_date":"09/27/2004","acres":1.75,"history":[[2021,421910,2720680],[2022,517130,2815900],[2023,658230,2957000],[2024,921770,3220540],[2025,1018390,3317160],[2026,100000,3904950]],"lng":-96.760798,"lat":32.836053,"street_view":"https://www.google.com/maps/@?api=1&map_action=pano&viewpoint=32.836053,-96.760798"}},{"type":"Feature","geometry":{"type":"Polygon","coordinates":[[[-96.83508306808321,32.83325400669551],[-96.83547876167538,32.83358680391379],[-96.8352820825879,32.83365478619681],[-96.83517992894903,32.833679699709144],[-96.83497060718457,32.83371073403626],[-96.83486451130241,32.83371669587861],[-96.8346521641209,32.83370935638054],[-96.83444323008617,32.83367651258555],[-96.83424198474339,32.833618836597104],[-96.83414554074619,32.83358103610263],[-96.83396347769916,32.83348847727757],[-96.83379892070928,32.833374934130816],[-96.83363131944552,32.83323329028489],[-96.83352044779447,32.83315059601338],[-96.83340419940173,32.833073343648536],[-96.83420786356346,32.83239149218859],[-96.83515793113013,32.83319056206139],[-96.83508306808321,32.83325400669551]]]},"properties":{"account":"00000429799000000","name":"CANOPY","address":"3305 MANOR WAY","city":"DALLAS","owner":"AN LUXURY IMPORTS LTD","kind":"other","class":"CANOPY","year_built":"2020","sqft":56724,"units":10,"land_value":3798290,"building_value":51710,"total_value":3850000,"building_share":0.013,"note":"","deed_date":"10/01/2007","acres":3.63,"history":[[2021,10000,1988280],[2022,10000,2067410],[2023,10000,2779590],[2024,930410,3700000],[2025,51710,3850000],[2026,51710,3850000]],"lng":-96.834224,"lat":32.833055,"street_view":"https://www.google.com/maps/@?api=1&map_action=pano&viewpoint=32.833055,-96.834224"}},{"type":"Feature","geometry":{"type":"Polygon","coordinates":[[[-96.83752336188684,32.95447680942341],[-96.83749322527213,32.95620534062271],[-96.83652664870165,32.95619639578257],[-96.83655535039101,32.95439701120337],[-96.83704075215698,32.95444225887906],[-96.83752336188684,32.95447680942341]]]},"properties":{"account":"10005340000000100","name":"MOTEL 6 & FREE STANDING  DENNYS RESTAURANT","address":"4325 BELT LINE RD","city":"ADDISON","owner":"ATX HOSPITALITY LLC","kind":"hotel","class":"MOTEL","year_built":"1980","sqft":71139,"units":147,"land_value":3794600,"building_value":455400,"total_value":4250000,"building_share":0.107,"note":"","deed_date":"01/09/2019","acres":4.37,"history":[[2021,229050,3075000],[2022,627050,3473000],[2023,1554050,4400000],[2024,2154050,5000000],[2025,980400,4775000],[2026,455400,4250000]],"lng":-96.837029,"lat":32.955068,"street_view":"https://www.google.com/maps/@?api=1&map_action=pano&viewpoint=32.955068,-96.837029"}},{"type":"Feature","geometry":{"type":"Polygon","coordinates":[[[-96.83299588696744,32.79567253308728],[-96.83191821274292,32.79551994136077],[-96.83228291158325,32.79374375131916],[-96.83228682652654,32.793671295813816],[-96.8322727195449,32.793526856433985],[-96.83222979306018,32.793386534907796],[-96.83215929277915,32.7932544028683],[-96.83314435748427,32.793760628612404],[-96.83322120166466,32.79387957982155],[-96.83324959227761,32.79394302455749],[-96.83328510962717,32.79407516874547],[-96.83329193536254,32.79414274842535],[-96.83328343215862,32.794278064494186],[-96.83324573314631,32.794409776833135],[-96.83299588696744,32.79567253308728]]]},"properties":{"account":"00000775780000000","name":"RESTAURANT DEPOT","address":"2151 IRVING BLVD","city":"DALLAS","owner":"JMDH REALESTATE OF DALLAS","kind":"retail","class":"DISCOUNT STORE","year_built":"2005","sqft":65250,"units":0,"land_value":3781830,"building_value":1000,"total_value":3782830,"building_share":0.0,"note":"","deed_date":"12/09/2004","acres":5.63,"history":[[2021,1000,3602740],[2022,1000,3602740],[2023,1000,3602740],[2024,1000,3602740],[2025,1000,3602740],[2026,1000,3782830]],"lng":-96.832585,"lat":32.794965,"street_view":"https://www.google.com/maps/@?api=1&map_action=pano&viewpoint=32.794965,-96.832585"}},{"type":"Feature","geometry":{"type":"Polygon","coordinates":[[[-96.79217124562413,32.81996106021421],[-96.79163612590226,32.819757227398206],[-96.79190452755196,32.81925657627987],[-96.79243874222132,32.81945985811438],[-96.79217124562413,32.81996106021421]]]},"properties":{"account":"00000158620000000","name":"KINGS PLACE","address":"4320 TRAVIS ST","city":"DALLAS","owner":"KINGS PALACE APARTMENTS LLC","kind":"apartments","class":"APARTMENT (BRICK EXTERIOR)","year_built":"1969","sqft":21326,"units":31,"land_value":3780000,"building_value":213550,"total_value":3993550,"building_share":0.053,"note":"","deed_date":"08/20/2021","acres":0.83,"history":[[2021,1000,3421000],[2022,145000,3565000],[2023,145000,3745000],[2024,290000,3890000],[2025,213550,3993550],[2026,213550,3993550]],"lng":-96.792004,"lat":32.819671,"street_view":"https://www.google.com/maps/@?api=1&map_action=pano&viewpoint=32.819671,-96.792004"}},{"type":"Feature","geometry":{"type":"Polygon","coordinates":[[[-96.93620534655825,32.85710018160149],[-96.93631571857327,32.85720025400067],[-96.93620299054513,32.85729866689949],[-96.93615114646194,32.85726016424655],[-96.9360336691117,32.85719922624881],[-96.9359029402357,32.85716220783643],[-96.9357656893026,32.85715101458559],[-96.93562898149656,32.85716622268458],[-96.93522160899204,32.85728911623093],[-96.93511494183942,32.85729077771263],[-96.93503900687384,32.857267726391136],[-96.9342207196217,32.85689505971918],[-96.93388603771004,32.856783180990064],[-96.9339288684902,32.85666157866225],[-96.93399341037632,32.85641384749092],[-96.93402931803855,32.85616201471119],[-96.93405312739173,32.85588057546881],[-96.93424808551728,32.855914587068156],[-96.93447159010495,32.856240026416955],[-96.93620534655825,32.85710018160149]]]},"properties":{"account":"32258250000010000","name":"COLONIAL PLAZA","address":"580 DECKER DR","city":"IRVING","owner":"RMI COLONIAL PLAZA LLC","kind":"office","class":"OFFICE BUILDING","year_built":"1979","sqft":48188,"units":0,"land_value":3769300,"building_value":15850,"total_value":3785150,"building_share":0.004,"note":"","deed_date":"11/09/2012","acres":3.48,"history":[[2021,1956340,3470000],[2022,672680,3700000],[2023,872680,3900000],[2024,672680,3700000],[2025,15850,3800000],[2026,15850,3785150]],"lng":-96.934588,"lat":32.856608,"street_view":"https://www.google.com/maps/@?api=1&map_action=pano&viewpoint=32.856608,-96.934588"}},{"type":"Feature","geometry":{"type":"Polygon","coordinates":[[[-96.80655221803612,32.818539149632585],[-96.80574551196108,32.81853624794475],[-96.80575552963263,32.818008383313504],[-96.80642334876136,32.81800999910886],[-96.8065599157578,32.81813254840512],[-96.80655221803612,32.818539149632585]]]},"properties":{"account":"00000161305000000","name":"NEWTON PARK","address":"4114 NEWTON AVE","city":"DALLAS","owner":"YAYA SMILE RE91 LLC","kind":"apartments","class":"APARTMENT (BRICK EXTERIOR)","year_built":"1966","sqft":25186,"units":36,"land_value":3761850,"building_value":638150,"total_value":4400000,"building_share":0.145,"note":"","deed_date":"04/06/2021","acres":1.07,"history":[[2021,1052580,3708000],[2022,1144720,4464000],[2023,879720,4199000],[2024,880720,4200000],[2025,438150,4200000],[2026,638150,4400000]],"lng":-96.806153,"lat":32.81833,"street_view":"https://www.google.com/maps/@?api=1&map_action=pano&viewpoint=32.818330,-96.806153"}},{"type":"Feature","geometry":{"type":"Polygon","coordinates":[[[-96.80384111435288,32.78811657561501],[-96.80414570569776,32.78782905117561],[-96.80446989975557,32.7876141218284],[-96.804202560223,32.788443945616635],[-96.80384111435288,32.78811657561501]]]},"properties":{"account":"00000106786000000","name":"SPENCER COMPANY","address":"2121 N AKARD ST","city":"DALLAS","owner":"2121 AKARD PS LP","kind":"office","class":"OFFICE BUILDING","year_built":"1946","sqft":19380,"units":0,"land_value":3752910,"building_value":25000,"total_value":3777910,"building_share":0.007,"note":"","deed_date":"05/17/2012","acres":0.53,"history":[[2021,5000,3043070],[2022,587450,3625520],[2023,835180,3873250],[2024,761920,3799990],[2025,25000,3777910],[2026,25000,3777910]],"lng":-96.804138,"lat":32.788025,"street_view":"https://www.google.com/maps/@?api=1&map_action=pano&viewpoint=32.788025,-96.804138"}},{"type":"Feature","geometry":{"type":"Polygon","coordinates":[[[-96.81454136490233,32.80420870011413],[-96.81569416880676,32.803253459998004],[-96.81595771568945,32.803067741906915],[-96.8160810134172,32.802968099044676],[-96.81612826855795,32.80294873430542],[-96.81620653888189,32.80294565603472],[-96.81625572043916,32.802961228043266],[-96.81629646709771,32.80298921934345],[-96.81633283799597,32.803047832486094],[-96.8167823108319,32.804602239458774],[-96.8174184153251,32.806667078139725],[-96.81749356559135,32.80700411195834],[-96.81735801056382,32.806914568918366],[-96.81580691041636,32.805606437895],[-96.8158184949736,32.805596790154844],[-96.81513880976068,32.80501589324357],[-96.81489332375203,32.80476125076357],[-96.814710524464,32.804535811317514],[-96.81453631207275,32.8042383835818],[-96.81454136490233,32.80420870011413]]]},"properties":{"account":"00C53000000000B00","name":"NURSES QUARTERS","address":"3949 OAK LAWN AVE","city":"DALLAS","owner":"OLD PARKLAND UNIT B LLC","kind":"office","class":"OFFICE BUILDING","year_built":"1925","sqft":43028,"units":0,"land_value":3748240,"building_value":466380,"total_value":4214620,"building_share":0.111,"note":"","deed_date":"12/17/2012","acres":12.64,"history":[[2021,642890,3352480],[2022,1390410,4100000],[2023,1053490,4305000],[2024,917660,4224930],[2025,604220,4131980],[2026,466380,4214620]],"lng":-96.815967,"lat":32.804934,"street_view":"https://www.google.com/maps/@?api=1&map_action=pano&viewpoint=32.804934,-96.815967"}},{"type":"Feature","geometry":{"type":"Polygon","coordinates":[[[-96.8230435488905,32.77217160456222],[-96.82358284295397,32.772165345918225],[-96.82358403472648,32.77193068634708],[-96.82396736819571,32.77193024191015],[-96.8239571011032,32.77219596613093],[-96.82396170955334,32.773707576701575],[-96.82310306829345,32.77369854671072],[-96.82307118601717,32.77364201890369],[-96.82304432314896,32.772983381347125],[-96.8230435488905,32.77217160456222]]]},"properties":{"account":"006809000A01A0000","name":"BLANKS COLOR IMAGING","address":"2343 N BECKLEY AVE","city":"DALLAS","owner":"BLANKS INVESTMENT","kind":"industrial","class":"LIGHT INDUSTRIAL","year_built":"1974","sqft":76188,"units":0,"land_value":3746700,"building_value":10000,"total_value":3756700,"building_share":0.003,"note":"","deed_date":"11/13/1987","acres":3.81,"history":[[2021,1000,2665320],[2022,1000,3081620],[2023,1000,3081620],[2024,1000,3081620],[2025,13190,3759890],[2026,10000,3756700]],"lng":-96.823501,"lat":32.77259,"street_view":"https://www.google.com/maps/@?api=1&map_action=pano&viewpoint=32.772590,-96.823501"}},{"type":"Feature","geometry":{"type":"Polygon","coordinates":[[[-96.80794065919784,32.93220532748718],[-96.80794155430718,32.93187396943264],[-96.81028427913782,32.931891452308456],[-96.81028791216492,32.93197041297855],[-96.81119433587236,32.93196881854459],[-96.81119522513994,32.932327168789456],[-96.81084991952214,32.93233272833345],[-96.81014602674973,32.93232824359605],[-96.81013668004371,32.932702516332284],[-96.81014755018396,32.93271028965286],[-96.81013650483341,32.93271076109508],[-96.8101473179258,32.93271400596203],[-96.81014773112456,32.932724216028376],[-96.80868934070544,32.93271909730657],[-96.8086924670793,32.93220832278806],[-96.80794065919784,32.93220532748718]]]},"properties":{"account":"007409000A07A0000","name":"SPORTSPLEX","address":"5702 ALPHA RD","city":"DALLAS","owner":"13331 PRESTON RD LP","kind":"other","class":"RECREATION BUILDING","year_built":"2004","sqft":64045,"units":0,"land_value":3738660,"building_value":50000,"total_value":3788660,"building_share":0.013,"note":"","deed_date":"04/25/2012","acres":4.75,"history":[[2021,1000,3022660],[2022,1000,3022660],[2023,1000,3022660],[2024,1000,3483590],[2025,50000,3788660],[2026,50000,3788660]],"lng":-96.809854,"lat":32.932314,"street_view":"https://www.google.com/maps/@?api=1&map_action=pano&viewpoint=32.932314,-96.809854"}},{"type":"Feature","geometry":{"type":"Polygon","coordinates":[[[-96.82347698825384,32.76767997332718],[-96.82303579834769,32.7676960367063],[-96.8230409541355,32.765774674990865],[-96.82353083399752,32.76577769952258],[-96.82352585470142,32.767636967142245],[-96.82347698825384,32.76767997332718]]]},"properties":{"account":"00000332632000000","name":"LONE STAR FOOD SER","address":"1909 N BECKLEY AVE","city":"DALLAS","owner":"LONE STAR CONSOLIDATED FOODS","kind":"other","class":"FOOD PROCESSING","year_built":"1963","sqft":47356,"units":0,"land_value":3736800,"building_value":443040,"total_value":4179840,"building_share":0.106,"note":"","deed_date":"09/16/2019","acres":2.4,"history":[[2021,103380,2345460],[2022,14870,2810000],[2023,14870,2810000],[2024,14870,2810000],[2025,51510,4161990],[2026,443040,4179840]],"lng":-96.823283,"lat":32.766706,"street_view":"https://www.google.com/maps/@?api=1&map_action=pano&viewpoint=32.766706,-96.823283"}},{"type":"Feature","geometry":{"type":"Polygon","coordinates":[[[-96.83345081233466,32.8316521959679],[-96.83263009066148,32.830946556229456],[-96.83368627023955,32.83002940415165],[-96.83452154718847,32.830744115430754],[-96.83345081233466,32.8316521959679]]]},"properties":{"account":"00571700010030000","name":"PARK PLACE MERCEDES","address":"6219 PEELER ST","city":"DALLAS","owner":"ASBURY DALLAS MB LLC","kind":"industrial","class":"STORAGE WAREHOUSE","year_built":"1948","sqft":55264,"units":0,"land_value":3736480,"building_value":491220,"total_value":4227700,"building_share":0.116,"note":"","deed_date":"05/20/2021","acres":3.88,"history":[[2021,501600,2200000],[2022,32080,2240000],[2023,653600,2352000],[2024,1000,2973200],[2025,338520,4075000],[2026,491220,4227700]],"lng":-96.833552,"lat":32.830865,"street_view":"https://www.google.com/maps/@?api=1&map_action=pano&viewpoint=32.830865,-96.833552"}},{"type":"Feature","geometry":{"type":"Polygon","coordinates":[[[-96.80633220763293,32.801126290648774],[-96.80586194134708,32.801237004049575],[-96.80573995026101,32.80083771317755],[-96.80616648220382,32.80073812815147],[-96.80621859612074,32.800782079599976],[-96.80633220763293,32.801126290648774]]]},"properties":{"account":"00000135172000000","name":"UPTOWN SELF STG","address":"2711 CEDAR SPRINGS RD","city":"DALLAS","owner":"CUBESMART LP","kind":"industrial","class":"MINI-WAREHOUSE","year_built":"1964","sqft":19896,"units":200,"land_value":3735250,"building_value":632000,"total_value":4367250,"building_share":0.145,"note":"","deed_date":"12/01/2014","acres":0.51,"history":[[2021,922250,4100000],[2022,922250,4100000],[2023,922250,4100000],[2024,922250,4100000],[2025,942000,4510000],[2026,632000,4367250]],"lng":-96.806015,"lat":32.800924,"street_view":"https://www.google.com/maps/@?api=1&map_action=pano&viewpoint=32.800924,-96.806015"}},{"type":"Feature","geometry":{"type":"Polygon","coordinates":[[[-96.85509402989545,32.82229664848207],[-96.85512688535249,32.822944323041334],[-96.85477757759553,32.82328452847805],[-96.85407499036772,32.82327847375106],[-96.85408674647412,32.82231845107563],[-96.85468844737659,32.82231758655376],[-96.85509402989545,32.82229664848207]]]},"properties":{"account":"00000502828500000","name":"COMPLETE DIGITAL PRINTING SOLUTION","address":"1825 W MOCKINGBIRD LN","city":"DALLAS","owner":"GENTI K PROP LP PS","kind":"industrial","class":"DISTRIBUTION WAREHOUSE","year_built":"1975","sqft":54158,"units":0,"land_value":3705700,"building_value":38300,"total_value":3744000,"building_share":0.01,"note":"","deed_date":"11/11/2002","acres":2.42,"history":[[2021,516690,1787210],[2022,661840,2250000],[2023,1036840,2625000],[2024,570710,2900000],[2025,73170,3249480],[2026,38300,3744000]],"lng":-96.854597,"lat":32.822631,"street_view":"https://www.google.com/maps/@?api=1&map_action=pano&viewpoint=32.822631,-96.854597"}},{"type":"Feature","geometry":{"type":"Polygon","coordinates":[[[-96.85115388307446,32.810959792142974],[-96.85185486908486,32.81008425139188],[-96.85289497662656,32.81023330269459],[-96.85270946783051,32.811267419362835],[-96.85205706688384,32.811159763098956],[-96.85175408803272,32.81109938681865],[-96.85115388307446,32.810959792142974]]]},"properties":{"account":"00000776602000000","name":"PERFORMANCE PRINTING COPR","address":"2929 N STEMMONS FWY","city":"DALLAS","owner":"CT2 2929S LLC","kind":"office","class":"OFFICE/SHOWROOM","year_built":"1971","sqft":51294,"units":0,"land_value":3678630,"building_value":547540,"total_value":4226170,"building_share":0.13,"note":"","deed_date":"12/24/2025","acres":3.5,"history":[[2021,276910,2925520],[2022,510270,3158880],[2023,21810,3259000],[2024,762810,4000000],[2025,764060,4001250],[2026,547540,4226170]],"lng":-96.852196,"lat":32.810483,"street_view":"https://www.google.com/maps/@?api=1&map_action=pano&viewpoint=32.810483,-96.852196"}},{"type":"Feature","geometry":{"type":"Polygon","coordinates":[[[-96.82729243652065,32.93081961497356],[-96.82729273657336,32.93190394615873],[-96.8265297570799,32.93190332940392],[-96.82632946857818,32.931916078343875],[-96.82613302478067,32.93195139538145],[-96.82603736138827,32.9319773326809],[-96.82585331866053,32.93204517729065],[-96.82566288424326,32.932135209497794],[-96.82566344437178,32.93081851734925],[-96.82729243652065,32.93081961497356]]]},"properties":{"account":"240809500A0010100","name":"(184,839 SQFT ECU) BRINKMAN","address":"4821 SIMONTON RD","city":"FARMERS BRANCH","owner":"FRESHPOINT DALLAS INC","kind":"industrial","class":"DISTRIBUTION WAREHOUSE","year_built":"1970","sqft":59426,"units":0,"land_value":3675670,"building_value":528720,"total_value":4204390,"building_share":0.126,"note":"","deed_date":"03/04/2019","acres":4.7,"history":[[2021,1083210,2614740],[2022,1054470,2586000],[2023,214810,2665260],[2024,817980,3268430],[2025,65200,3740870],[2026,528720,4204390]],"lng":-96.826478,"lat":32.931334,"street_view":"https://www.google.com/maps/@?api=1&map_action=pano&viewpoint=32.931334,-96.826478"}},{"type":"Feature","geometry":{"type":"Polygon","coordinates":[[[-96.85214215504509,32.77689363275769],[-96.8528416243183,32.77690290039389],[-96.85281278426703,32.77848346413074],[-96.85274589611466,32.77852604363541],[-96.8521122412895,32.77850453339676],[-96.85212653421499,32.777734845226945],[-96.85136199095477,32.77772471088924],[-96.8513668725475,32.777385142845894],[-96.85213291641993,32.77739115285313],[-96.85214215504509,32.77689363275769]]]},"properties":{"account":"00000701455000000","name":"HOLMAN BOILER WORKS","address":"2808 PUGET ST","city":"DALLAS","owner":"NM CVRB LP","kind":"industrial","class":"HEAVY INDUSTRIAL","year_built":"1979","sqft":115472,"units":0,"land_value":3656380,"building_value":143620,"total_value":3800000,"building_share":0.038,"note":"","deed_date":"07/20/2023","acres":3.57,"history":[[2021,476780,2029660],[2022,743930,2296810],[2023,743930,2296810],[2024,195210,2296810],[2025,796470,2898070],[2026,143620,3800000]],"lng":-96.852095,"lat":32.777682,"street_view":"https://www.google.com/maps/@?api=1&map_action=pano&viewpoint=32.777682,-96.852095"}},{"type":"Feature","geometry":{"type":"Polygon","coordinates":[[[-96.94726085784065,32.86629396523505],[-96.94713165214361,32.86609294141682],[-96.94797308633159,32.86569054954896],[-96.9480397256616,32.865706071173044],[-96.94859640132827,32.86652733486619],[-96.94871156930071,32.86665364756056],[-96.9487766755868,32.86671143256555],[-96.94892035904881,32.866814863106114],[-96.94800983719495,32.866979355500135],[-96.94780448819519,32.866671667018586],[-96.94762595311002,32.86675679862478],[-96.9475831737001,32.86669290174332],[-96.94728992440224,32.866838926332974],[-96.9470025381804,32.86641665966153],[-96.94726085784065,32.86629396523505]]]},"properties":{"account":"32077750010010000","name":"CORPORATE PLAZA","address":"4925 N OCONNOR RD","city":"IRVING","owner":"EYM REALTY OF TEXAS II LLC","kind":"office","class":"OFFICE BUILDING","year_built":"1980","sqft":43080,"units":0,"land_value":3650100,"building_value":449900,"total_value":4100000,"building_share":0.11,"note":"","deed_date":"11/19/2021","acres":3.35,"history":[[2021,109940,2300000],[2022,979920,3900000],[2023,249900,3900000],[2024,444900,4095000],[2025,485850,4135950],[2026,449900,4100000]],"lng":-96.94781,"lat":32.866364,"street_view":"https://www.google.com/maps/@?api=1&map_action=pano&viewpoint=32.866364,-96.947810"}},{"type":"Feature","geometry":{"type":"Polygon","coordinates":[[[-96.74832681515737,32.86205467073801],[-96.74795145549162,32.86191177974018],[-96.74779660848861,32.861825132336115],[-96.74765997935565,32.861718877544085],[-96.74754501810305,32.86159569844936],[-96.74749659354775,32.86152871968877],[-96.74741938546833,32.86138609853265],[-96.74715646615358,32.86077685681574],[-96.74900437105825,32.860408104625634],[-96.7494437185576,32.86197558928951],[-96.75014363436838,32.86183568420418],[-96.75041153960665,32.86217193552497],[-96.75033785572745,32.8622131917945],[-96.75010511582066,32.86191980514348],[-96.75008801496259,32.86190477517151],[-96.75005376053403,32.86189341288961],[-96.74893008439122,32.862110630193634],[-96.74882419986223,32.86210431382555],[-96.74877331745593,32.862091127651205],[-96.74864969836042,32.86203867444986],[-96.74861373522799,32.86204080281292],[-96.74859242479617,32.86205044156979],[-96.74853365064004,32.862121605379414],[-96.74852258473364,32.86214975571514],[-96.7486913419223,32.86227329875715],[-96.7488372623211,32.86241606289013],[-96.74895730441993,32.86257507250555],[-96.74900681660144,32.86265964505391],[-96.74909326786106,32.862627747018614],[-96.7491401224229,32.86271297103539],[-96.74904327998823,32.86275048502461],[-96.74895487373188,32.862588972786796],[-96.7488983062114,32.86250634497268],[-96.74883469559235,32.8624274497581],[-96.74868775787056,32.862282541876745],[-96.74860522570981,32.86221731314023],[-96.74842426486124,32.86210306854971],[-96.74832681515737,32.86205467073801]]]},"properties":{"account":"005414000C01F0000","name":"HOME DEPOT LANDSCAPE SUPPLY","address":"6410 EASTRIDGE DR","city":"DALLAS","owner":"HOME DEPOT USA INC","kind":"other","class":"GREENHOUSE","year_built":"2003","sqft":37383,"units":0,"land_value":3643360,"building_value":50000,"total_value":3693360,"building_share":0.014,"note":"","deed_date":"02/14/2003","acres":6.97,"history":[[2021,63870,3100000],[2022,113870,3150000],[2023,163870,3200000],[2024,188870,3225000],[2025,50000,3693360],[2026,50000,3693360]],"lng":-96.748428,"lat":32.861575,"street_view":"https://www.google.com/maps/@?api=1&map_action=pano&viewpoint=32.861575,-96.748428"}},{"type":"Feature","geometry":{"type":"Polygon","coordinates":[[[-96.68130231251152,32.64516494417617],[-96.68665440343128,32.64260710265105],[-96.687267972349,32.64353358242252],[-96.68637001985981,32.64396414657128],[-96.68699604658192,32.64488673938796],[-96.68710406546334,32.64483508875329],[-96.6876013815388,32.64558081047001],[-96.68783014222232,32.64593961367967],[-96.6872075586023,32.646239818402535],[-96.68736255426897,32.6464698536592],[-96.68699695213161,32.646610397206025],[-96.68747028614958,32.64734481366004],[-96.68506415700377,32.64847950315191],[-96.68369757069465,32.64725572066535],[-96.68183894355913,32.64564076683412],[-96.68130231251152,32.64516494417617]]]},"properties":{"account":"65049912210190000","name":"ALL STAR TRUCK AND TRAILER REPAIR","address":"1700 DOWDY FERRY RD","city":"NO TOWN","owner":"JEMIL PARKING LLC","kind":"industrial","class":"STORAGE WAREHOUSE","year_built":"2000","sqft":12000,"units":0,"land_value":3623200,"building_value":74800,"total_value":3698000,"building_share":0.02,"note":"","deed_date":"07/25/2024","acres":51.55,"history":[[2021,3000,934680],[2022,3000,1297000],[2023,26000,1320000],[2024,26000,1320000],[2025,39350,1436870],[2026,74800,3698000]],"lng":-96.68449,"lat":32.645373,"street_view":"https://www.google.com/maps/@?api=1&map_action=pano&viewpoint=32.645373,-96.684490"}},{"type":"Feature","geometry":{"type":"Polygon","coordinates":[[[-96.83196766233387,32.92788075641614],[-96.8305913417534,32.92787606288733],[-96.83059614635629,32.927577856473164],[-96.83091556719532,32.92757938810903],[-96.83091682870335,32.92720965917536],[-96.83110900052014,32.92704454273279],[-96.83126623996006,32.92704664942372],[-96.83127702159024,32.92643100896255],[-96.83198760096107,32.92643227970134],[-96.83196766233387,32.92788075641614]]]},"properties":{"account":"24128510010040000","name":"SUN HOLDINGS INC.","address":"4515 LBJ FWY","city":"FARMERS BRANCH","owner":"FOREST LANE REALTY LP","kind":"office","class":"OFFICE BUILDING","year_built":"1972","sqft":57740,"units":0,"land_value":3600850,"building_value":199150,"total_value":3800000,"building_share":0.052,"note":"","deed_date":"08/23/2017","acres":3.58,"history":[[2021,1484440,3644950],[2022,1765810,3926320],[2023,1954490,4115000],[2024,1639490,3800000],[2025,199150,3800000],[2026,199150,3800000]],"lng":-96.831495,"lat":32.927134,"street_view":"https://www.google.com/maps/@?api=1&map_action=pano&viewpoint=32.927134,-96.831495"}},{"type":"Feature","geometry":{"type":"Polygon","coordinates":[[[-96.88098352121195,32.910069732978535],[-96.88099844299985,32.910069535234555],[-96.88100480204842,32.910410799377374],[-96.88092204240098,32.91043263243727],[-96.88102107708065,32.910708258878465],[-96.87993520305928,32.91102637505314],[-96.8793675453956,32.911150202864825],[-96.87928519842207,32.91008507832506],[-96.8799466193459,32.910076318896444],[-96.87992069195143,32.90959907792951],[-96.88097641710155,32.909565472187886],[-96.88098352121195,32.910069732978535]]]},"properties":{"account":"0065900A0003A0000","name":"OFFICE DEPOT/HERTZ","address":"2909 FOREST LN","city":"DALLAS","owner":"JOSEY VILLAGE LTD","kind":"retail","class":"DISCOUNT STORE","year_built":"1979","sqft":41584,"units":0,"land_value":3592740,"building_value":138800,"total_value":3731540,"building_share":0.037,"note":"","deed_date":"01/16/2003","acres":5.05,"history":[[2021,74820,2208010],[2022,43740,2699000],[2023,84440,3003540],[2024,729990,3200000],[2025,138800,3731540],[2026,138800,3731540]],"lng":-96.880149,"lat":32.910248,"street_view":"https://www.google.com/maps/@?api=1&map_action=pano&viewpoint=32.910248,-96.880149"}},{"type":"Feature","geometry":{"type":"Polygon","coordinates":[[[-96.78539616738867,32.826523830732526],[-96.78497028038772,32.82636507971229],[-96.78523781717718,32.82586146566856],[-96.78566141000051,32.82602451263475],[-96.78539616738867,32.826523830732526]]]},"properties":{"account":"001623000F0120000","name":"CASA DEL REY","address":"4810 MCKINNEY AVE","city":"DALLAS","owner":"DALLAS 4810 LP","kind":"apartments","class":"APARTMENT (FRAME EXTERIOR)","year_built":"1968","sqft":13739,"units":21,"land_value":3575000,"building_value":225000,"total_value":3800000,"building_share":0.059,"note":"","deed_date":"01/10/2023","acres":0.66,"history":[[2023,88200,3348600],[2024,445000,4020000],[2025,1000,3576000],[2026,225000,3800000]],"lng":-96.785317,"lat":32.826192,"street_view":"https://www.google.com/maps/@?api=1&map_action=pano&viewpoint=32.826192,-96.785317"}},{"type":"Feature","geometry":{"type":"Polygon","coordinates":[[[-96.78691734608896,32.82530234884743],[-96.78637432200124,32.82509714234948],[-96.78658558088773,32.824703770901124],[-96.78712535468982,32.82490748849027],[-96.78691734608896,32.82530234884743]]]},"properties":{"account":"001624000G0320000","name":"MONTICELLO MANOR","address":"4701 MCKINNEY AVE","city":"DALLAS","owner":"4701 MCKINNEY AVE LLC &","kind":"apartments","class":"APARTMENT (BRICK EXTERIOR)","year_built":"1962","sqft":16048,"units":20,"land_value":3567320,"building_value":1000,"total_value":3568320,"building_share":0.0,"note":"","deed_date":"06/10/2025","acres":0.66,"history":[[2021,1000,2767500],[2022,1000,2767500],[2023,1000,3320790],[2024,1000,3495520],[2025,1000,3568320],[2026,1000,3568320]],"lng":-96.786731,"lat":32.825039,"street_view":"https://www.google.com/maps/@?api=1&map_action=pano&viewpoint=32.825039,-96.786731"}},{"type":"Feature","geometry":{"type":"Polygon","coordinates":[[[-96.917730281928,32.94761740877934],[-96.9167796753027,32.94765334773704],[-96.91677981316423,32.94751577038961],[-96.91680956157484,32.94710661369265],[-96.91680997945387,32.946688343813186],[-96.91685263981348,32.946661059182546],[-96.91708870217984,32.94661664449129],[-96.91720397777831,32.94658567110859],[-96.91742699313347,32.94650673628068],[-96.9175339489459,32.946459052309855],[-96.91755468051342,32.94643319328324],[-96.9180074059689,32.94624181153498],[-96.91852402871021,32.94596222117619],[-96.91852202879235,32.94644663104194],[-96.9189913187008,32.946453148072514],[-96.91898631915348,32.94751825646892],[-96.91919121600633,32.94752110110577],[-96.91900933275826,32.9476675852872],[-96.91892598468132,32.94774704685174],[-96.9187757872093,32.94791715856683],[-96.91864913426467,32.94810038494756],[-96.91859114259475,32.94820486585042],[-96.91849833984185,32.94842179003709],[-96.91850390156719,32.94763237753572],[-96.917730281928,32.94761740877934]]]},"properties":{"account":"14005000010010000","name":"HIXON PLANT + OPEN LUMBER WHSE","address":"1440 HUTTON DR","city":"CARROLLTON","owner":"HIXSON PROPERTY HOLDINGS LLC","kind":"industrial","class":"LIGHT INDUSTRIAL","year_built":"1962","sqft":38027,"units":0,"land_value":3518170,"building_value":281830,"total_value":3800000,"building_share":0.074,"note":"","deed_date":"06/10/2021","acres":7.44,"history":[[2021,453040,1892290],[2022,281000,2200000],[2023,581000,2500000],[2024,881000,2800000],[2025,84190,3602360],[2026,281830,3800000]],"lng":-96.917891,"lat":32.947312,"street_view":"https://www.google.com/maps/@?api=1&map_action=pano&viewpoint=32.947312,-96.917891"}},{"type":"Feature","geometry":{"type":"Polygon","coordinates":[[[-96.80854289888225,32.796837629667706],[-96.8081136913982,32.796466321341974],[-96.80834026754285,32.796280660725714],[-96.80874161386852,32.796629309444604],[-96.80873975678168,32.79667038302493],[-96.80854289888225,32.796837629667706]]]},"properties":{"account":"0009390E0001A0000","name":"HARNETT LAW FIRM","address":"2920 N PEARL ST","city":"DALLAS","owner":"HARTNETT PROPERTIES CO","kind":"office","class":"OFFICE BUILDING","year_built":"1988","sqft":15404,"units":0,"land_value":3505780,"building_value":388460,"total_value":3894240,"building_share":0.1,"note":"","deed_date":"08/01/2005","acres":0.42,"history":[[2021,10000,2864700],[2022,239300,3094000],[2023,525600,3380300],[2024,525600,3380300],[2025,100000,3605780],[2026,388460,3894240]],"lng":-96.808426,"lat":32.796546,"street_view":"https://www.google.com/maps/@?api=1&map_action=pano&viewpoint=32.796546,-96.808426"}},{"type":"Feature","geometry":{"type":"Polygon","coordinates":[[[-96.82818825540879,32.793201639461856],[-96.82765380378044,32.79394050576783],[-96.82754952428681,32.79388669369883],[-96.82743924074354,32.79403915763506],[-96.82688535261019,32.79375333025405],[-96.82753009178721,32.79286200468119],[-96.82818825540879,32.793201639461856]]]},"properties":{"account":"00789000230030000","name":"BOWLOUNGE/TWISTED ROOT/CROSSFIT/ URBAN ENGINEERS","address":"167 TURTLE CREEK BLVD","city":"DALLAS","owner":"URBAN PROFESSIONALS GROUP LLC","kind":"office","class":"OFFICE/SHOWROOM","year_built":"1952","sqft":23847,"units":0,"land_value":3504640,"building_value":290370,"total_value":3795010,"building_share":0.077,"note":"","deed_date":"01/18/2011","acres":2.01,"history":[[2021,52940,2550000],[2022,50000,2853710],[2023,177170,2980880],[2024,446650,3250360],[2025,646290,3450000],[2026,290370,3795010]],"lng":-96.827554,"lat":32.793454,"street_view":"https://www.google.com/maps/@?api=1&map_action=pano&viewpoint=32.793454,-96.827554"}},{"type":"Feature","geometry":{"type":"Polygon","coordinates":[[[-96.8540163730565,32.82500600644773],[-96.85497056024434,32.823782345559145],[-96.85601472568571,32.82380412684897],[-96.85599022357677,32.825539410814784],[-96.85654416353414,32.82555246255443],[-96.85653640631813,32.826102086668065],[-96.85622639676332,32.82607471092375],[-96.85568818837078,32.825994335603696],[-96.85540685238895,32.8259778579668],[-96.85505155763977,32.82582957753726],[-96.8540163730565,32.82500600644773]]]},"properties":{"account":"006061000A0020000","name":"IFCO PALLET SYSTEM","address":"6909 HARRY HINES BLVD","city":"DALLAS","owner":"SRP EMPIRE LP","kind":"other","class":"SHIPPING DOCK/TRUCK TERMINAL","year_built":"1946","sqft":35732,"units":0,"land_value":3477380,"building_value":21520,"total_value":3498900,"building_share":0.006,"note":"","deed_date":"05/24/2018","acres":8.87,"history":[[2021,1000,2829560],[2022,1000,2829560],[2023,1000,2829560],[2024,25000,3309210],[2025,21520,3498900],[2026,21520,3498900]],"lng":-96.855101,"lat":32.82478,"street_view":"https://www.google.com/maps/@?api=1&map_action=pano&viewpoint=32.824780,-96.855101"}},{"type":"Feature","geometry":{"type":"Polygon","coordinates":[[[-96.64448957054631,32.858250663418694],[-96.6433638985937,32.85730037255845],[-96.6446424342911,32.85621365827758],[-96.64642210093241,32.857699877856376],[-96.6457725474071,32.85825582987288],[-96.64512660484431,32.85768794444827],[-96.64448957054631,32.858250663418694]]]},"properties":{"account":"26391500010030000","name":"KROGER & DRY CLEAN CITY/TAILOR SHOP","address":"1030 W CENTERVILLE RD","city":"GARLAND","owner":"BONIUK INTERESTS LTD","kind":"retail","class":"SHOPPING CENTER","year_built":"1975","sqft":81558,"units":0,"land_value":3473900,"building_value":62230,"total_value":3536130,"building_share":0.018,"note":"","deed_date":"04/02/2004","acres":8.06,"history":[[2021,18270,2450000],[2022,92270,2524000],[2023,92270,2524000],[2024,328110,2759840],[2025,328110,2759840],[2026,62230,3536130]],"lng":-96.644661,"lat":32.856789,"street_view":"https://www.google.com/maps/@?api=1&map_action=pano&viewpoint=32.856789,-96.644661"}},{"type":"Feature","geometry":{"type":"Polygon","coordinates":[[[-96.84803243240283,32.76800581419499],[-96.84803059368635,32.766349526549405],[-96.84897356428296,32.76633563360542],[-96.8490195767201,32.76741478940583],[-96.84901864061199,32.76800445363373],[-96.84803243240283,32.76800581419499]]]},"properties":{"account":"006157000001A0000","name":"LOOMIS FARGO","address":"1655 VILBIG RD","city":"DALLAS","owner":"LOOMIS FARGO & CO","kind":"industrial","class":"DISTRIBUTION WAREHOUSE","year_built":"1983","sqft":45096,"units":0,"land_value":3454300,"building_value":254700,"total_value":3709000,"building_share":0.069,"note":"","deed_date":"09/28/1983","acres":4.15,"history":[[2021,408900,2136050],[2022,576460,3167190],[2023,576460,3167190],[2024,576460,3167190],[2025,679900,3270630],[2026,254700,3709000]],"lng":-96.848514,"lat":32.766882,"street_view":"https://www.google.com/maps/@?api=1&map_action=pano&viewpoint=32.766882,-96.848514"}},{"type":"Feature","geometry":{"type":"Polygon","coordinates":[[[-96.8365274502239,32.770901528645915],[-96.83657530521666,32.770770750494584],[-96.83659649204324,32.770636310412044],[-96.8365907570296,32.77050077053291],[-96.83655826196706,32.77036795171391],[-96.83653223680957,32.770303738654675],[-96.83646154868633,32.77018196871962],[-96.83618850865726,32.76979716631642],[-96.83633041875807,32.76969244428797],[-96.83662917852362,32.769498512078584],[-96.83694609708022,32.76932638056389],[-96.83737254506862,32.76912186724366],[-96.83737762887021,32.7694985289197],[-96.8372075164851,32.769501798917105],[-96.83722829946082,32.77104181439086],[-96.83730175897672,32.77104110744765],[-96.83730203655404,32.77106172238303],[-96.8373605968732,32.77106115842348],[-96.83736307337578,32.7712924949593],[-96.83637112621437,32.77127977368601],[-96.83635943107815,32.771266779001195],[-96.8365336759239,32.77088889332055],[-96.8365274502239,32.770901528645915]]]},"properties":{"account":"004017000B01A0000","name":"BELMONT HOTEL/VILLA AT DILBECK COURT","address":"901 FORT WORTH AVE","city":"DALLAS","owner":"DIAMOND BELMONT HOLDINGS LLC","kind":"hotel","class":"MOTEL","year_built":"1946","sqft":48840,"units":0,"land_value":3408140,"building_value":207300,"total_value":3615440,"building_share":0.057,"note":"","deed_date":"09/10/2018","acres":3.95,"history":[[2021,205800,2147180],[2022,277940,2350000],[2023,1439880,3615440],[2024,1439880,3615440],[2025,1439880,3615440],[2026,207300,3615440]],"lng":-96.836849,"lat":32.770217,"street_view":"https://www.google.com/maps/@?api=1&map_action=pano&viewpoint=32.770217,-96.836849"}},{"type":"Feature","geometry":{"type":"Polygon","coordinates":[[[-96.84326604708248,32.830191187670636],[-96.84313647922994,32.83025145666044],[-96.84299698362817,32.83029302972286],[-96.84285131435846,32.83031478804776],[-96.84254857318541,32.8303350961713],[-96.8424620738188,32.83033135888748],[-96.84229233651244,32.830303016120595],[-96.84213784692268,32.830254856371035],[-96.84199165104803,32.830190849035375],[-96.84266249968947,32.829654206345545],[-96.84326604708248,32.830191187670636]]]},"properties":{"account":"00000222637000000","name":"(LAND VALUE - 68,527 SQFT ECU) MOCKINGBIRD DEPOT","address":"2727 W MOCKINGBIRD LN","city":"DALLAS","owner":"SPC MOCKINGBIRD DEPOT","kind":"office","class":"OFFICE/SHOWROOM","year_built":"2005","sqft":19074,"units":0,"land_value":3403340,"building_value":10000,"total_value":3413340,"building_share":0.003,"note":"","deed_date":"08/02/2013","acres":1.2,"history":[[2021,1000,2540410],[2022,1000,2618950],[2023,1000,2723670],[2024,10000,2732670],[2025,180570,2903240],[2026,10000,3413340]],"lng":-96.842651,"lat":32.829919,"street_view":"https://www.google.com/maps/@?api=1&map_action=pano&viewpoint=32.829919,-96.842651"}},{"type":"Feature","geometry":{"type":"Polygon","coordinates":[[[-96.85124310006937,32.82182623868316],[-96.85117409218178,32.82172910693743],[-96.8511292887275,32.821687277198215],[-96.85106017511079,32.82163962710553],[-96.85095116246619,32.821592822641634],[-96.85063228423904,32.821495127315636],[-96.85061095198198,32.82146048121391],[-96.85073151790202,32.82141122195556],[-96.85080671454509,32.82139434990736],[-96.8509062186435,32.82138466580942],[-96.85266760642011,32.82140015573505],[-96.8526621686845,32.82203362835344],[-96.85255877373241,32.822037071452165],[-96.85211786836472,32.82202172854055],[-96.85187531180118,32.8220472748389],[-96.8517233227356,32.82208161758575],[-96.85166938810464,32.822086436520934],[-96.8515575704012,32.82207657566254],[-96.85145091802121,32.82204158271598],[-96.85135930716177,32.82198369821667],[-96.85128946407269,32.821907172180424],[-96.85124310006937,32.82182623868316]]]},"properties":{"account":"00000778024000000","name":"ALLSTATE TROWELL EMPIRE","address":"1900 W MOCKINGBIRD LN","city":"DALLAS","owner":"BURNETT BROTHERS TRUST","kind":"other","class":"AUTOMOTIVE SERVICE","year_built":"1950","sqft":41160,"units":0,"land_value":3397680,"building_value":221670,"total_value":3619350,"building_share":0.061,"note":"","deed_date":"09/11/2007","acres":2.67,"history":[[2021,271110,1336690],[2022,149980,1696570],[2023,407040,1953630],[2024,17240,2508870],[2025,20000,2964660],[2026,221670,3619350]],"lng":-96.851921,"lat":32.821743,"street_view":"https://www.google.com/maps/@?api=1&map_action=pano&viewpoint=32.821743,-96.851921"}},{"type":"Feature","geometry":{"type":"Polygon","coordinates":[[[-96.78720136571049,32.84134669553547],[-96.78769450038322,32.841357001193686],[-96.78768492337457,32.84165396288841],[-96.7871927681796,32.84164512771192],[-96.78720136571049,32.84134669553547]]]},"properties":{"account":"60216500040050000","name":"HOTEL LUMEN ADDITION","address":"6117 HILLCREST AVE","city":"UNIVERSITY PARK","owner":"GDTX LLC","kind":"hotel","class":"HOTEL","year_built":"2011","sqft":38000,"units":34,"land_value":3375000,"building_value":25000,"total_value":3400000,"building_share":0.007,"note":"","deed_date":"05/25/2023","acres":0.38,"history":[[2021,506240,2615620],[2022,431750,2963000],[2023,605070,3558200],[2024,518730,3893730],[2025,614110,3989110],[2026,25000,3400000]],"lng":-96.787441,"lat":32.841565,"street_view":"https://www.google.com/maps/@?api=1&map_action=pano&viewpoint=32.841565,-96.787441"}},{"type":"Feature","geometry":{"type":"Polygon","coordinates":[[[-96.82354518794467,32.93865368890327],[-96.82439951947997,32.938659166923735],[-96.8246666564463,32.93942227099414],[-96.82353518259971,32.93941642076482],[-96.82354518794467,32.93865368890327]]]},"properties":{"account":"24171500000020000","name":"ORCHESTRATE HR","address":"5050 SPRING VALLEY RD","city":"FARMERS BRANCH","owner":"BLUE MAGNUM FORTRESS HOLDINGS LLC","kind":"office","class":"OFFICE BUILDING","year_built":"1976","sqft":27690,"units":0,"land_value":3357080,"building_value":491920,"total_value":3849000,"building_share":0.128,"note":"","deed_date":"03/23/2020","acres":1.94,"history":[[2021,11920,3369000],[2022,433050,3790130],[2023,302920,3660000],[2024,354930,3712010],[2025,491920,3849000],[2026,491920,3849000]],"lng":-96.824036,"lat":32.939028,"street_view":"https://www.google.com/maps/@?api=1&map_action=pano&viewpoint=32.939028,-96.824036"}},{"type":"Feature","geometry":{"type":"Polygon","coordinates":[[[-96.76910196482329,32.81669651746616],[-96.76916492160316,32.81669689859266],[-96.76917225301062,32.81614816653478],[-96.77004770553968,32.816156939315384],[-96.77004152631602,32.816772652640864],[-96.76909896287394,32.81676368152203],[-96.76910196482329,32.81669651746616]]]},"properties":{"account":"00000184498000000","name":"SAMS CLUB NOW","address":"2218 GREENVILLE AVE","city":"DALLAS","owner":"R&F INVESTMENTS II LTD","kind":"retail","class":"DISCOUNT STORE","year_built":"1967","sqft":21486,"units":0,"land_value":3352140,"building_value":187860,"total_value":3540000,"building_share":0.053,"note":"","deed_date":"03/19/2012","acres":1.4,"history":[[2021,250050,2809870],[2022,460180,3020000],[2023,287340,3030000],[2024,282600,3330000],[2025,377600,3425000],[2026,187860,3540000]],"lng":-96.769607,"lat":32.816406,"street_view":"https://www.google.com/maps/@?api=1&map_action=pano&viewpoint=32.816406,-96.769607"}},{"type":"Feature","geometry":{"type":"Polygon","coordinates":[[[-96.88954959991426,32.91216079490117],[-96.88913326617752,32.91216002184928],[-96.88913777722914,32.91164039426866],[-96.89041166082961,32.911574437336185],[-96.89066041345905,32.9115351116096],[-96.89112731605057,32.911406380007236],[-96.89136146969793,32.91136982988436],[-96.89135747820532,32.91183858111616],[-96.89108964776915,32.9118374510374],[-96.89108766022336,32.91217278795658],[-96.89058582575764,32.91217067046875],[-96.89058362396177,32.912541740511315],[-96.88954736232229,32.91253736118584],[-96.88954959991426,32.91216079490117]]]},"properties":{"account":"24117620500010000","name":"THREE METRO SQUARE","address":"12000 FORD RD","city":"FARMERS BRANCH","owner":"BOXER F2 LP","kind":"office","class":"OFFICE BUILDING","year_built":"1979","sqft":81164,"units":0,"land_value":3343460,"building_value":10000,"total_value":3353460,"building_share":0.003,"note":"","deed_date":"07/09/2012","acres":4.28,"history":[[2021,1506890,2900000],[2022,1851890,3245000],[2023,1766970,3160080],[2024,1766970,3160080],[2025,10000,2238980],[2026,10000,3353460]],"lng":-96.890112,"lat":32.911992,"street_view":"https://www.google.com/maps/@?api=1&map_action=pano&viewpoint=32.911992,-96.890112"}},{"type":"Feature","geometry":{"type":"Polygon","coordinates":[[[-96.77521386570675,32.80811914965833],[-96.77467063376942,32.807645083021214],[-96.77521328670562,32.80720162206549],[-96.77575363105662,32.80767319000245],[-96.77521386570675,32.80811914965833]]]},"properties":{"account":"000673000401A0000","name":"WALGREENS 7334","address":"5001 ROSS AVE","city":"DALLAS","owner":"MV1 PROPERTIES LLC","kind":"retail","class":"FREE STANDING RETAIL STORE","year_built":"2003","sqft":13566,"units":0,"land_value":3340680,"building_value":50000,"total_value":3390680,"building_share":0.015,"note":"","deed_date":"07/17/2007","acres":1.28,"history":[[2021,1000,2784900],[2022,84550,2868450],[2023,170600,2954500],[2024,50970,3113260],[2025,144360,3206650],[2026,50000,3390680]],"lng":-96.775212,"lat":32.807659,"street_view":"https://www.google.com/maps/@?api=1&map_action=pano&viewpoint=32.807659,-96.775212"}},{"type":"Feature","geometry":{"type":"Polygon","coordinates":[[[-96.82819521000903,32.74517940377867],[-96.82819463004061,32.74571285655598],[-96.82818799885987,32.74573893456449],[-96.82737485679692,32.745735760134565],[-96.82737168257542,32.745174180335354],[-96.82819521000903,32.74517940377867]]]},"properties":{"account":"00000255502000000","name":"ANGELIQUE APTS","address":"323 W 10TH ST","city":"DALLAS","owner":"BISHOP ARTS VILLAGE LLC","kind":"apartments","class":"APARTMENT (BRICK EXTERIOR)","year_built":"1969","sqft":32708,"units":42,"land_value":3321240,"building_value":1000,"total_value":3322240,"building_share":0.0,"note":"","deed_date":"03/10/2016","acres":1.18,"history":[[2021,308120,1841000],[2022,215760,2259600],[2023,6010,2305330],[2024,325680,2625000],[2025,776440,3331240],[2026,1000,3322240]],"lng":-96.827783,"lat":32.745358,"street_view":"https://www.google.com/maps/@?api=1&map_action=pano&viewpoint=32.745358,-96.827783"}},{"type":"Feature","geometry":{"type":"Polygon","coordinates":[[[-96.79668681882951,32.770449605730974],[-96.79718314716753,32.76995718059082],[-96.79800088522461,32.770543097753986],[-96.79809630140024,32.770433692256326],[-96.79896232164396,32.77107684981724],[-96.79883079524805,32.77132790114975],[-96.79866498831034,32.77159172292621],[-96.79668681882951,32.770449605730974]]]},"properties":{"account":"00042000010010000","name":"CADIZ PLACE","address":"1010 CADIZ ST","city":"DALLAS","owner":"B H DALLAS PORTFOLIO LLC","kind":"office","class":"OFFICE BUILDING","year_built":"1982","sqft":57531,"units":0,"land_value":3316450,"building_value":473550,"total_value":3790000,"building_share":0.125,"note":"","deed_date":"04/16/2008","acres":3.63,"history":[[2021,236290,3000000],[2022,586290,3350000],[2023,46660,3600000],[2024,226660,3780000],[2025,473550,3790000],[2026,473550,3790000]],"lng":-96.797944,"lat":32.770803,"street_view":"https://www.google.com/maps/@?api=1&map_action=pano&viewpoint=32.770803,-96.797944"}},{"type":"Feature","geometry":{"type":"Polygon","coordinates":[[[-96.83585537743738,32.95669721033913],[-96.83649302705373,32.95666649102544],[-96.83738119652618,32.9566832059676],[-96.83737890670943,32.95798544701385],[-96.83592972299746,32.957980563955566],[-96.83585537743738,32.95669721033913]]]},"properties":{"account":"10000909612000000","name":"BUSINESS ASSET CONSULTANTS **** 3 ACCTS ECU","address":"4200 LINDBERGH DR","city":"ADDISON","owner":"ETC WOODLIND LLC","kind":"industrial","class":"STORAGE WAREHOUSE","year_built":"1964","sqft":33000,"units":0,"land_value":3310770,"building_value":39230,"total_value":3350000,"building_share":0.012,"note":"","deed_date":"12/27/2013","acres":4.99,"history":[[2021,127690,1452000],[2022,127690,1452000],[2023,313980,1638290],[2024,575690,1900000],[2025,10000,3320770],[2026,39230,3350000]],"lng":-96.836636,"lat":32.957342,"street_view":"https://www.google.com/maps/@?api=1&map_action=pano&viewpoint=32.957342,-96.836636"}},{"type":"Feature","geometry":{"type":"Polygon","coordinates":[[[-96.86242487651602,32.83992239528314],[-96.86291395097079,32.839489214482825],[-96.8637501300412,32.84023499458903],[-96.86298386279117,32.84087154559307],[-96.8629949708489,32.84088159106346],[-96.86239206942018,32.84138345484373],[-96.86155924898503,32.840634724438466],[-96.86242487651602,32.83992239528314]]]},"properties":{"account":"005771000B0010000","name":"TOVAR FURNITURE STUDIO","address":"2335 BURBANK ST","city":"DALLAS","owner":"VICEROY REGAL LP","kind":"industrial","class":"STORAGE WAREHOUSE","year_built":"1952","sqft":32361,"units":0,"land_value":3310770,"building_value":26230,"total_value":3337000,"building_share":0.008,"note":"","deed_date":"03/21/2017","acres":5.01,"history":[[2021,30670,2900000],[2022,1000,2870330],[2023,1000,2870330],[2024,1000,2870330],[2025,9480,3320250],[2026,26230,3337000]],"lng":-96.862648,"lat":32.840442,"street_view":"https://www.google.com/maps/@?api=1&map_action=pano&viewpoint=32.840442,-96.862648"}},{"type":"Feature","geometry":{"type":"Polygon","coordinates":[[[-96.88706581845709,32.80798666499212],[-96.88593996426191,32.80797519502459],[-96.88598845339031,32.80315951258619],[-96.88669431515241,32.80316980727717],[-96.88713172311734,32.80319622511539],[-96.88706581845709,32.80798666499212]]]},"properties":{"account":"00000766901000000","name":"TEXAS KENWORTH CO","address":"4040 IRVING BLVD","city":"DALLAS","owner":"TEXAS KENWORTH CO","kind":"office","class":"OFFICE BUILDING","year_built":"1975","sqft":83075,"units":0,"land_value":3300690,"building_value":314310,"total_value":3615000,"building_share":0.087,"note":"","deed_date":"","acres":14.01,"history":[[2021,110830,3111460],[2022,840580,3391120],[2023,840580,3391120],[2024,840580,3391120],[2025,840580,3391120],[2026,314310,3615000]],"lng":-96.886527,"lat":32.80593,"street_view":"https://www.google.com/maps/@?api=1&map_action=pano&viewpoint=32.805930,-96.886527"}},{"type":"Feature","geometry":{"type":"Polygon","coordinates":[[[-96.91390846189776,32.95019628768919],[-96.91610790476594,32.95021919613822],[-96.9161163336211,32.95035335401825],[-96.91611946129252,32.95132114382262],[-96.91395817069133,32.951422559829744],[-96.91459083793085,32.952323662207526],[-96.9143948440454,32.95233412963021],[-96.91315728700881,32.950562898358804],[-96.91287232414987,32.95017336973143],[-96.91306925357318,32.95015638230592],[-96.91318948890957,32.950156827847174],[-96.91390846189776,32.95019628768919]]]},"properties":{"account":"65108911410250000","name":"ONCOR","address":"1015 HUTTON DR","city":"CARROLLTON","owner":"TEXAS UTILITIES ELEC CO","kind":"other","class":"SHIPPING DOCK/TRUCK TERMINAL","year_built":"1982","sqft":25523,"units":0,"land_value":3285540,"building_value":200000,"total_value":3485540,"building_share":0.057,"note":"","deed_date":"04/16/1976","acres":8.94,"history":[[2021,30800,2350000],[2022,34490,2353690],[2023,34490,2353690],[2024,152180,2471380],[2025,200000,3485540],[2026,200000,3485540]],"lng":-96.914765,"lat":32.950944,"street_view":"https://www.google.com/maps/@?api=1&map_action=pano&viewpoint=32.950944,-96.914765"}},{"type":"Feature","geometry":{"type":"Polygon","coordinates":[[[-96.83119856322325,32.792760907775865],[-96.83215929277915,32.7932544028683],[-96.83222979306018,32.793386534907796],[-96.83225480017578,32.79345592225127],[-96.83228342092455,32.7935988219542],[-96.83228682652654,32.793671295813816],[-96.83227170452821,32.793815661908766],[-96.83191821274292,32.79551994136077],[-96.83112064948456,32.7954029239488],[-96.83153152074568,32.79349089639682],[-96.83155050136897,32.793339713876826],[-96.83153750401316,32.79318808059535],[-96.83151910257736,32.793113594554406],[-96.83145922077922,32.792970224392995],[-96.83134772196594,32.79291429259344],[-96.8313030968528,32.792859728735564],[-96.83119856322325,32.792760907775865]]]},"properties":{"account":"00000775789000000","name":"(LAND VALUE) 2121 IRVING BLVD","address":"2121 IRVING BLVD","city":"DALLAS","owner":"OHT DESIGN DISTRICT LP","kind":"industrial","class":"STORAGE WAREHOUSE","year_built":"1960","sqft":46168,"units":0,"land_value":3251290,"building_value":10000,"total_value":3261290,"building_share":0.003,"note":"","deed_date":"12/19/2023","acres":4.82,"history":[[2021,1000,3200680],[2022,104210,3200680],[2023,104220,3200690],[2024,712350,3808820],[2025,712350,3808820],[2026,10000,3261290]],"lng":-96.831691,"lat":32.794645,"street_view":"https://www.google.com/maps/@?api=1&map_action=pano&viewpoint=32.794645,-96.831691"}},{"type":"Feature","geometry":{"type":"Polygon","coordinates":[[[-96.8147684859807,32.81963633482735],[-96.81428592776835,32.81922485776422],[-96.814681837046,32.818907122688195],[-96.8151613717984,32.8193166604148],[-96.8147684859807,32.81963633482735]]]},"properties":{"account":"00000197491000000","name":"4525  LEMMON AVE","address":"4525 LEMMON AVE","city":"DALLAS","owner":"WINDWARD PARTNERS VII LP","kind":"office","class":"OFFICE BUILDING","year_built":"1967","sqft":31007,"units":0,"land_value":3251250,"building_value":172130,"total_value":3423380,"building_share":0.05,"note":"","deed_date":"04/24/2018","acres":0.81,"history":[[2021,390620,3100000],[2022,440620,3150000],[2023,79370,3150000],[2024,144380,3215010],[2025,229370,3300000],[2026,172130,3423380]],"lng":-96.814738,"lat":32.819283,"street_view":"https://www.google.com/maps/@?api=1&map_action=pano&viewpoint=32.819283,-96.814738"}},{"type":"Feature","geometry":{"type":"Polygon","coordinates":[[[-96.76956335272023,32.805208540146204],[-96.77023312930223,32.80578378611247],[-96.76981343476986,32.806127387011394],[-96.76914470094775,32.8055504213775],[-96.76956335272023,32.805208540146204]]]},"properties":{"account":"00000119980000000","name":"CORAL GATES (ECU)","address":"5119 LIVE OAK ST","city":"DALLAS","owner":"ROLLING CASH UPPER E LP","kind":"apartments","class":"APARTMENT (BRICK EXTERIOR)","year_built":"1958","sqft":33142,"units":44,"land_value":3232320,"building_value":1000,"total_value":3233320,"building_share":0.0,"note":"","deed_date":"11/04/2010","acres":1.21,"history":[[2021,507370,2392890],[2022,116380,2809980],[2023,303720,2997320],[2024,310670,3273630],[2025,34360,2997320],[2026,1000,3233320]],"lng":-96.769689,"lat":32.805667,"street_view":"https://www.google.com/maps/@?api=1&map_action=pano&viewpoint=32.805667,-96.769689"}},{"type":"Feature","geometry":{"type":"Polygon","coordinates":[[[-96.77723856808468,32.78425448053751],[-96.77634972456089,32.784424045598385],[-96.77627849680832,32.78435882552695],[-96.7763352568446,32.784305346379824],[-96.77581982499873,32.78384857558217],[-96.77692024670434,32.783632375805006],[-96.77701621386441,32.78398347791883],[-96.77715658461983,32.783955898765235],[-96.77723856808468,32.78425448053751]]]},"properties":{"account":"000849000602A0000","name":"FUTURA LOFTS COVERED PARKING","address":"3220 COMMERCE ST","city":"DALLAS","owner":"WESTDALE FUTURA LOFTS LTD","kind":"other","class":"CANOPY","year_built":"2011","sqft":34485,"units":6,"land_value":3207290,"building_value":133460,"total_value":3340750,"building_share":0.04,"note":"","deed_date":"02/13/2018","acres":1.67,"history":[[2022,152990,2505000],[2023,2710,3210000],[2024,129100,3336390],[2025,129100,3336390],[2026,133460,3340750]],"lng":-96.776655,"lat":32.784112,"street_view":"https://www.google.com/maps/@?api=1&map_action=pano&viewpoint=32.784112,-96.776655"}},{"type":"Feature","geometry":{"type":"Polygon","coordinates":[[[-96.78827224621918,32.770809471548226],[-96.7886338765581,32.77108525243867],[-96.78904154877189,32.77143854714219],[-96.78833301051615,32.77204671992019],[-96.78752577763791,32.77153897556388],[-96.78827224621918,32.770809471548226]]]},"properties":{"account":"00000110005000000","name":"1610 S ERVAY","address":"1610 S ERVAY ST","city":"DALLAS","owner":"GANO HOLDINGS LLC","kind":"industrial","class":"STORAGE WAREHOUSE","year_built":"1946","sqft":37740,"units":0,"land_value":3182580,"building_value":10000,"total_value":3192580,"building_share":0.003,"note":"","deed_date":"08/02/2016","acres":2.44,"history":[[2021,1000,2334890],[2022,1000,2334890],[2023,1000,2653150],[2024,1000,2759240],[2025,1000,3439800],[2026,10000,3192580]],"lng":-96.788331,"lat":32.771255,"street_view":"https://www.google.com/maps/@?api=1&map_action=pano&viewpoint=32.771255,-96.788331"}},{"type":"Feature","geometry":{"type":"Polygon","coordinates":[[[-96.77560242438808,32.794094098093105],[-96.7758375208085,32.79389673644519],[-96.77629536537465,32.794288983720016],[-96.7755293553393,32.79492787955],[-96.77502873699953,32.79449556050573],[-96.77555676875613,32.794055264929355],[-96.77560242438808,32.794094098093105]]]},"properties":{"account":"00077400060040000","name":"ALDI","address":"4120 GASTON AVE","city":"DALLAS","owner":"ALDI TX LLC","kind":"retail","class":"SUPERMARKET","year_built":"2009","sqft":19025,"units":0,"land_value":3159860,"building_value":447200,"total_value":3607060,"building_share":0.124,"note":"","deed_date":"05/22/2008","acres":1.62,"history":[[2021,350430,3159190],[2022,445210,3253970],[2023,94110,3253970],[2024,240140,3400000],[2025,342140,3502000],[2026,447200,3607060]],"lng":-96.775618,"lat":32.794429,"street_view":"https://www.google.com/maps/@?api=1&map_action=pano&viewpoint=32.794429,-96.775618"}},{"type":"Feature","geometry":{"type":"Polygon","coordinates":[[[-96.67295943323785,32.90768614728534],[-96.67289646893374,32.907742159015896],[-96.67278604872328,32.90786514386141],[-96.67269825847072,32.90800048393653],[-96.67265233929596,32.90809407452106],[-96.67261400813332,32.908190065077584],[-96.67256078010251,32.90838748691239],[-96.67253954165399,32.908589156833365],[-96.67253362902937,32.90882961623752],[-96.67252055571241,32.90889098256372],[-96.6724856402408,32.908945936309934],[-96.67246098431791,32.90896928833626],[-96.67243230148075,32.90898909950588],[-96.67236576128472,32.90901624640138],[-96.67229253235563,32.909024720697666],[-96.66856215011852,32.90895938513997],[-96.66859164268209,32.90706347121187],[-96.67216450771801,32.90712307106909],[-96.67244376633684,32.90714528645985],[-96.6727160556856,32.907202110659945],[-96.6728477035745,32.9072431402845],[-96.67297538078215,32.907292294252265],[-96.67321603226785,32.9074138511705],[-96.67295943323785,32.90768614728534]]]},"properties":{"account":"263926102R0010000","name":"CONWAY TRANSPORTATION","address":"530 S INTERNATIONAL RD","city":"GARLAND","owner":"RLIF CENTRAL LLC","kind":"other","class":"SHIPPING DOCK/TRUCK TERMINAL","year_built":"2000","sqft":37100,"units":0,"land_value":3155250,"building_value":144750,"total_value":3300000,"building_share":0.044,"note":"","deed_date":"08/15/2019","acres":20.17,"history":[[2021,155470,3300000],[2022,155470,3300000],[2023,144750,3300000],[2024,144750,3300000],[2025,144750,3300000],[2026,144750,3300000]],"lng":-96.670628,"lat":32.908017,"street_view":"https://www.google.com/maps/@?api=1&map_action=pano&viewpoint=32.908017,-96.670628"}},{"type":"Feature","geometry":{"type":"Polygon","coordinates":[[[-96.76882641068173,32.83645120219769],[-96.76807766744649,32.836439893285736],[-96.76801366692132,32.8363839435942],[-96.7680259528209,32.83577480550095],[-96.7688839910784,32.83578512964401],[-96.76888068266938,32.836045776007516],[-96.76886258340599,32.83617616248172],[-96.76885921014329,32.83644187863611],[-96.76882660497388,32.83644158307481],[-96.76882641068173,32.83645120219769]]]},"properties":{"account":"002893000B0030000","name":"WALGREENS 6660","address":"5742 E MOCKINGBIRD LN","city":"DALLAS","owner":"RHJ DALLAS I LLC","kind":"retail","class":"FREE STANDING RETAIL STORE","year_built":"2001","sqft":15328,"units":0,"land_value":3150250,"building_value":174580,"total_value":3324830,"building_share":0.053,"note":"","deed_date":"09/11/2024","acres":1.45,"history":[[2021,1327430,2902560],[2022,1414510,2989640],[2023,1504200,3079330],[2024,1804470,3379600],[2025,1275800,3480980],[2026,174580,3324830]],"lng":-96.768446,"lat":32.836105,"street_view":"https://www.google.com/maps/@?api=1&map_action=pano&viewpoint=32.836105,-96.768446"}},{"type":"Feature","geometry":{"type":"Polygon","coordinates":[[[-96.74198676751064,32.977995587043395],[-96.74129876637083,32.97798988692296],[-96.74130551351507,32.97744661394743],[-96.74131692715535,32.97744670765964],[-96.7413175692277,32.97739500827564],[-96.74130615562139,32.97739491318932],[-96.74130756075733,32.97728172947351],[-96.7405316494948,32.97727529715429],[-96.74054460744166,32.97623269954413],[-96.74090063196,32.97623683191045],[-96.74109459592954,32.97625985213861],[-96.74122393556563,32.97629028560266],[-96.74200710323898,32.976513461274784],[-96.74198676751064,32.977995587043395]]]},"properties":{"account":"420207500101B0000","name":"CAMPBELL ROAD VILLAGE","address":"635 W CAMPBELL RD","city":"RICHARDSON","owner":"UNDERWOOD FINANCIAL","kind":"retail","class":"RETAIL STRIP","year_built":"1965","sqft":65127,"units":0,"land_value":3150240,"building_value":499760,"total_value":3650000,"building_share":0.137,"note":"","deed_date":"08/02/2019","acres":4.82,"history":[[2021,2139900,3400000],[2022,2164900,3425000],[2023,904810,3425000],[2024,904810,3425000],[2025,904810,3425000],[2026,499760,3650000]],"lng":-96.741269,"lat":32.976892,"street_view":"https://www.google.com/maps/@?api=1&map_action=pano&viewpoint=32.976892,-96.741269"}},{"type":"Feature","geometry":{"type":"Polygon","coordinates":[[[-96.85429591425402,32.82205683135902],[-96.85396362980198,32.82204993373413],[-96.85396632651955,32.82141611702162],[-96.8554794892392,32.821433890701186],[-96.85547690809204,32.82167986725878],[-96.85548912890177,32.82167994358164],[-96.85548605806976,32.821965765415236],[-96.85547392644301,32.82196386214628],[-96.85541959615124,32.82200683752121],[-96.85529285855299,32.82200748461845],[-96.85466892768247,32.822050646244364],[-96.85429591425402,32.82205683135902]]]},"properties":{"account":"00000778045000000","name":"E-Z STOP - JIMMY JOHNS","address":"1820 W MOCKINGBIRD LN","city":"DALLAS","owner":"GIC 1820 LP","kind":"retail","class":"RETAIL STRIP","year_built":"1975","sqft":26612,"units":0,"land_value":3129660,"building_value":245340,"total_value":3375000,"building_share":0.073,"note":"","deed_date":"02/29/2008","acres":2.38,"history":[[2021,1948140,3200000],[2022,1454670,3019500],[2023,1535170,3100000],[2024,70340,3200000],[2025,562630,3275000],[2026,245340,3375000]],"lng":-96.854726,"lat":32.821812,"street_view":"https://www.google.com/maps/@?api=1&map_action=pano&viewpoint=32.821812,-96.854726"}},{"type":"Feature","geometry":{"type":"Polygon","coordinates":[[[-96.79187937698273,32.79417008046194],[-96.79138423321307,32.79458531298359],[-96.7912440980277,32.794465003462086],[-96.79122909207742,32.79447765754858],[-96.79081032077792,32.794126796971746],[-96.79133105420388,32.79370411224055],[-96.79187937698273,32.79417008046194]]]},"properties":{"account":"00000115192000000","name":"XOXO SOCIAL/REPUBLIC RANCH/3 SHEETS DALLAS/PILIKA","address":"3113 ROSS AVE","city":"DALLAS","owner":"3121 ROSS ROSE LLC","kind":"retail","class":"FREE STANDING RETAIL STORE","year_built":"1946","sqft":22734,"units":0,"land_value":3119880,"building_value":508250,"total_value":3628130,"building_share":0.14,"note":"","deed_date":"12/28/2021","acres":1.21,"history":[[2021,10090,2350000],[2022,127130,2987020],[2023,515110,3375000],[2024,775100,3375000],[2025,508250,3628130],[2026,508250,3628130]],"lng":-96.791345,"lat":32.794148,"street_view":"https://www.google.com/maps/@?api=1&map_action=pano&viewpoint=32.794148,-96.791345"}},{"type":"Feature","geometry":{"type":"Polygon","coordinates":[[[-96.78831265847374,32.8152650427688],[-96.78851583257901,32.8149010326353],[-96.7882214924712,32.814783650079804],[-96.78843074169087,32.81440777887963],[-96.78935096974996,32.81475618593674],[-96.7891457207064,32.815147879675756],[-96.78882322205892,32.815028611670215],[-96.78866518235434,32.81533105329282],[-96.78831265847374,32.8152650427688]]]},"properties":{"account":"00000193510000000","name":"QUALITY INN","address":"4150 N CENTRAL EXPY","city":"DALLAS","owner":"RAJ HOSPITALITY LP","kind":"hotel","class":"MOTEL","year_built":"1965","sqft":32426,"units":77,"land_value":3117900,"building_value":38790,"total_value":3156690,"building_share":0.012,"note":"","deed_date":"09/11/2002","acres":1.43,"history":[[2021,10000,3127900],[2022,348990,2900000],[2023,10000,3127900],[2024,7100,3125000],[2025,38790,3100000],[2026,38790,3156690]],"lng":-96.788857,"lat":32.814871,"street_view":"https://www.google.com/maps/@?api=1&map_action=pano&viewpoint=32.814871,-96.788857"}},{"type":"Feature","geometry":{"type":"Polygon","coordinates":[[[-96.84786749198474,32.77364146028083],[-96.84492570026056,32.773225826574354],[-96.84493107823519,32.77274710122716],[-96.84787632613391,32.772778718722265],[-96.84786749198474,32.77364146028083]]]},"properties":{"account":"00000703051000000","name":"PPP","address":"1607 W COMMERCE ST","city":"DALLAS","owner":"1607 COMMERCE LLC","kind":"industrial","class":"STORAGE WAREHOUSE","year_built":"1955","sqft":195917,"units":0,"land_value":3091420,"building_value":54390,"total_value":3145810,"building_share":0.017,"note":"","deed_date":"06/21/2024","acres":5.06,"history":[[2021,4870,2265000],[2022,139810,2344810],[2023,139810,2344810],[2024,139810,2344810],[2025,54390,2925000],[2026,54390,3145810]],"lng":-96.846401,"lat":32.773034,"street_view":"https://www.google.com/maps/@?api=1&map_action=pano&viewpoint=32.773034,-96.846401"}},{"type":"Feature","geometry":{"type":"Polygon","coordinates":[[[-96.85487575078848,32.80584993918214],[-96.85508199111077,32.80585651131314],[-96.85527655181569,32.805887047581855],[-96.85583543499482,32.80627512533753],[-96.85598659327282,32.80651855708491],[-96.85612228667368,32.80676840399784],[-96.85629399192493,32.80700191747837],[-96.85651714604172,32.80720001116075],[-96.85682560041973,32.80854368418759],[-96.8560974090529,32.808652644929474],[-96.85603757214854,32.80820108468737],[-96.85590663378312,32.807975070366744],[-96.85419143213994,32.806593860834035],[-96.85402077610269,32.80644387758095],[-96.85423604097785,32.80624394119083],[-96.85447302803075,32.80605552723418],[-96.85473226820189,32.80588932135243],[-96.85487575078848,32.80584993918214]]]},"properties":{"account":"00000575957000000","name":"DALLAS COLLISION CENTER/ ENTERPRISE","address":"2964 IRVING BLVD","city":"DALLAS","owner":"ACURA OF DALLAS LLC","kind":"other","class":"AUTOMOTIVE SERVICE","year_built":"1979","sqft":39773,"units":0,"land_value":3068120,"building_value":10000,"total_value":3078120,"building_share":0.003,"note":"","deed_date":"08/06/2013","acres":8.74,"history":[[2021,353170,1750000],[2022,353170,1750000],[2023,10000,2139260],[2024,10000,2139260],[2025,10000,2139260],[2026,10000,3078120]],"lng":-96.85601,"lat":32.807585,"street_view":"https://www.google.com/maps/@?api=1&map_action=pano&viewpoint=32.807585,-96.856010"}},{"type":"Feature","geometry":{"type":"Polygon","coordinates":[[[-96.85996124685941,32.81807105899858],[-96.86028115040665,32.81781028060465],[-96.86036622019844,32.8177696603362],[-96.8604608421194,32.81774901655248],[-96.86075695053572,32.8177492360316],[-96.8607921784838,32.81782458947697],[-96.86081925278107,32.8178581618782],[-96.86088937908804,32.817913448729925],[-96.86093089987642,32.81793395597451],[-96.86102234342812,32.817958468965124],[-96.8612047677416,32.817963210991046],[-96.86119594033869,32.81867297458501],[-96.86161910374653,32.818676727057614],[-96.86159919348748,32.81893442138939],[-96.86165899816555,32.81920774654886],[-96.86168146741399,32.819279922088924],[-96.86031025014488,32.8192788306621],[-96.86031625135998,32.818665363734695],[-96.86020883665496,32.8186642324537],[-96.86021017646942,32.8185735325312],[-96.8598456145659,32.81856965993702],[-96.85985292431538,32.81825282459301],[-96.85987898842927,32.81817317853754],[-96.85990102980273,32.81813619305044],[-96.85996124685941,32.81807105899858]]]},"properties":{"account":"007925000A0010000","name":"1345 RIVER BEND","address":"1345 RIVER BEND DR","city":"DALLAS","owner":"OPTIMUM RE INSURANCE CO","kind":"office","class":"OFFICE BUILDING","year_built":"1983","sqft":58408,"units":0,"land_value":3051360,"building_value":248640,"total_value":3300000,"building_share":0.075,"note":"","deed_date":"07/21/2014","acres":4.67,"history":[[2021,147090,3198470],[2022,147090,3198470],[2023,448620,3500000],[2024,448620,3500000],[2025,198620,3250000],[2026,248640,3300000]],"lng":-96.860523,"lat":32.818446,"street_view":"https://www.google.com/maps/@?api=1&map_action=pano&viewpoint=32.818446,-96.860523"}},{"type":"Feature","geometry":{"type":"Polygon","coordinates":[[[-96.79653795098194,32.80416266091149],[-96.79642230251616,32.804085971889705],[-96.79612795514615,32.80383167258437],[-96.79645256148908,32.80354213946894],[-96.79685147968874,32.80388509028804],[-96.79653795098194,32.80416266091149]]]},"properties":{"account":"00000117163000000","name":"KEY WHITMAN BLDG","address":"2801 LEMMON AVE","city":"DALLAS","owner":"2801 INVESTMENTS LTD","kind":"office","class":"MEDICAL OFFICE BUILDING","year_built":"1983","sqft":47649,"units":0,"land_value":3033240,"building_value":276130,"total_value":3309370,"building_share":0.083,"note":"","deed_date":"04/06/2001","acres":0.58,"history":[[2021,10000,2474510],[2022,100000,2627700],[2023,213190,2677700],[2024,385490,2850000],[2025,149740,3309370],[2026,276130,3309370]],"lng":-96.79649,"lat":32.803858,"street_view":"https://www.google.com/maps/@?api=1&map_action=pano&viewpoint=32.803858,-96.796490"}},{"type":"Feature","geometry":{"type":"Polygon","coordinates":[[[-96.85550847704947,32.80870827987415],[-96.85546161611562,32.80835466681724],[-96.85500538893812,32.80786008020919],[-96.85439490943595,32.807341378993904],[-96.85368378477072,32.80710868724562],[-96.85419143213994,32.806593860834035],[-96.85590663378312,32.807975070366744],[-96.85603757214854,32.80820108468737],[-96.8560974090529,32.808652644929474],[-96.85550847704947,32.80870827987415]]]},"properties":{"account":"00000575965000000","name":"2950 IRVING BLVD","address":"2950 IRVING BLVD","city":"DALLAS","owner":"TRINITY CONVERGENCE LLC","kind":"industrial","class":"STORAGE WAREHOUSE","year_built":"1956","sqft":30376,"units":0,"land_value":3028280,"building_value":120700,"total_value":3148980,"building_share":0.038,"note":"","deed_date":"07/13/2015","acres":3.73,"history":[[2021,787230,1771420],[2022,546760,1530950],[2023,3690,2274900],[2024,388270,2659480],[2025,533700,2804910],[2026,120700,3148980]],"lng":-96.855077,"lat":32.807606,"street_view":"https://www.google.com/maps/@?api=1&map_action=pano&viewpoint=32.807606,-96.855077"}},{"type":"Feature","geometry":{"type":"Polygon","coordinates":[[[-96.77262468136266,32.81044194002334],[-96.77222026711951,32.810779245909615],[-96.7715615563054,32.81021491433062],[-96.77197061789882,32.80987968197306],[-96.77262468136266,32.81044194002334]]]},"properties":{"account":"001471000604A0000","name":"HEALTHCARE CLINICS OF AMERICA","address":"5315 ROSS AVE","city":"DALLAS","owner":"WILLOW LAKE INVESTMENTS","kind":"office","class":"MEDICAL OFFICE BUILDING","year_built":"2008","sqft":13800,"units":0,"land_value":3024000,"building_value":150000,"total_value":3174000,"building_share":0.047,"note":"","deed_date":"07/27/2007","acres":1.15,"history":[[2021,282000,2550000],[2022,332000,2600000],[2023,210000,2730000],[2024,78000,2850000],[2025,228000,3000000],[2026,150000,3174000]],"lng":-96.772046,"lat":32.810288,"street_view":"https://www.google.com/maps/@?api=1&map_action=pano&viewpoint=32.810288,-96.772046"}},{"type":"Feature","geometry":{"type":"Polygon","coordinates":[[[-96.84275130163661,32.798719524724774],[-96.8415900484921,32.79955441229119],[-96.8413503316112,32.79933340920075],[-96.84109221268609,32.799127721571274],[-96.84081705988172,32.798938439557254],[-96.84059397371085,32.798803225071225],[-96.84093181683916,32.798371819986095],[-96.84126092654957,32.79791301712122],[-96.84248526982333,32.79848257115134],[-96.84275130163661,32.798719524724774]]]},"properties":{"account":"00000775846000000","name":"GOGGIN","address":"2515 IRVING BLVD","city":"DALLAS","owner":"TFB PARTNERS LTD","kind":"other","class":"SHIPPING DOCK/TRUCK TERMINAL","year_built":"1957","sqft":25996,"units":0,"land_value":3000000,"building_value":10000,"total_value":3010000,"building_share":0.003,"note":"","deed_date":"02/16/1999","acres":4.66,"history":[[2021,1000,2201000],[2022,10000,2310000],[2023,10000,2310000],[2024,10000,2310000],[2025,10000,3010000],[2026,10000,3010000]],"lng":-96.841656,"lat":32.798761,"street_view":"https://www.google.com/maps/@?api=1&map_action=pano&viewpoint=32.798761,-96.841656"}},{"type":"Feature","geometry":{"type":"Polygon","coordinates":[[[-96.88954959991426,32.91216079490117],[-96.88954736232229,32.91253736118584],[-96.89058362396177,32.912541740511315],[-96.89058582575764,32.91217067046875],[-96.89108766022336,32.91217278795658],[-96.89108964776915,32.9118374510374],[-96.89135747820532,32.91183858111616],[-96.89134759824235,32.9129985014366],[-96.89098836387952,32.91299628807926],[-96.89098926818127,32.91289184112837],[-96.89057867787339,32.91288931081161],[-96.8905777730877,32.91299375775952],[-96.88912610786882,32.91298480181616],[-96.88913326617752,32.91216002184928],[-96.88954959991426,32.91216079490117]]]},"properties":{"account":"24117620520010000","name":"THREE METRO SQUARE","address":"12100 FORD RD","city":"FARMERS BRANCH","owner":"BOXER F2 LP","kind":"office","class":"OFFICE BUILDING","year_built":"1979","sqft":81164,"units":0,"land_value":2996910,"building_value":250000,"total_value":3246910,"building_share":0.077,"note":"","deed_date":"07/09/2012","acres":3.82,"history":[[2021,2067520,2900000],[2022,2412520,3245000],[2023,2327600,3160080],[2024,1911370,3160080],[2025,1162140,3160080],[2026,250000,3246910]],"lng":-96.890969,"lat":32.912365,"street_view":"https://www.google.com/maps/@?api=1&map_action=pano&viewpoint=32.912365,-96.890969"}},{"type":"Feature","geometry":{"type":"Polygon","coordinates":[[[-96.82275611035645,32.759764886710066],[-96.8217412687985,32.759751192381096],[-96.82175410456519,32.7590723408483],[-96.82224200776069,32.759078927711556],[-96.82224216353625,32.759070686672985],[-96.82229095377313,32.75907134099174],[-96.82229306448463,32.75895967402481],[-96.82273798579787,32.75902002423956],[-96.82276958228768,32.759051872597546],[-96.82275611035645,32.759764886710066]]]},"properties":{"account":"003345002301A0000","name":"WALGREENS","address":"1306 N BECKLEY AVE","city":"DALLAS","owner":"CTA ASSOCIATES LP","kind":"retail","class":"FREE STANDING RETAIL STORE","year_built":"1999","sqft":13833,"units":0,"land_value":2990960,"building_value":74320,"total_value":3065280,"building_share":0.024,"note":"","deed_date":"08/11/2000","acres":1.88,"history":[[2021,435310,2483910],[2022,10000,2796100],[2023,93880,2879980],[2024,190890,2976990],[2025,190890,3181850],[2026,74320,3065280]],"lng":-96.822255,"lat":32.759419,"street_view":"https://www.google.com/maps/@?api=1&map_action=pano&viewpoint=32.759419,-96.822255"}},{"type":"Feature","geometry":{"type":"Polygon","coordinates":[[[-96.88650366137091,32.91176207313698],[-96.88749642400958,32.91171591960132],[-96.88748627106719,32.91296085985821],[-96.88649417909909,32.91295510002802],[-96.88649215031539,32.912819617070134],[-96.88631629941406,32.912811840577604],[-96.88622219166398,32.911785196057295],[-96.88650366137091,32.91176207313698]]]},"properties":{"account":"24117500000010000","name":"VIEWPOINT SYSTEMS","address":"2665 VILLA CREEK DR","city":"FARMERS BRANCH","owner":"FOF 3 VILLA CREEK","kind":"office","class":"OFFICE BUILDING","year_built":"1976","sqft":70588,"units":0,"land_value":2974810,"building_value":9990,"total_value":2984800,"building_share":0.003,"note":"","deed_date":"05/04/2026","acres":3.72,"history":[[2021,1260500,2500000],[2022,1685500,2925000],[2023,1981810,3221310],[2024,1981810,3221310],[2025,488750,2471950],[2026,9990,2984800]],"lng":-96.88688,"lat":32.912306,"street_view":"https://www.google.com/maps/@?api=1&map_action=pano&viewpoint=32.912306,-96.886880"}},{"type":"Feature","geometry":{"type":"Polygon","coordinates":[[[-96.87725011966138,32.77658785434662],[-96.87659582695646,32.77669658283675],[-96.87626703849475,32.776743416664694],[-96.87560671735443,32.776821946565654],[-96.87527540159353,32.77685361684119],[-96.87487967528246,32.77690884245415],[-96.87399635820675,32.77692801700394],[-96.87399639606583,32.77644234873685],[-96.87485751757683,32.77644232553531],[-96.87528614284136,32.77586586221941],[-96.87399594090714,32.77586566213585],[-96.8739965009185,32.77541676388419],[-96.8754121804368,32.774585150832934],[-96.8757031938094,32.77439640698015],[-96.877241323614,32.774397425608356],[-96.87725011966138,32.77658785434662]]]},"properties":{"account":"007219000A0010000","name":"2757 N WESTMORELAND","address":"2757 N WESTMORELAND RD","city":"DALLAS","owner":"DLB HQ OWNER LLC","kind":"office","class":"OFFICE/SHOWROOM","year_built":"1970","sqft":28453,"units":0,"land_value":2955230,"building_value":244770,"total_value":3200000,"building_share":0.076,"note":"","deed_date":"05/27/2020","acres":16.21,"history":[[2023,1000,2782390],[2024,1000,2956230],[2025,1000,2956230],[2026,244770,3200000]],"lng":-96.875621,"lat":32.775654,"street_view":"https://www.google.com/maps/@?api=1&map_action=pano&viewpoint=32.775654,-96.875621"}},{"type":"Feature","geometry":{"type":"Polygon","coordinates":[[[-96.75262099449894,32.81498182865488],[-96.75271077490575,32.81512332211189],[-96.75274548477066,32.81519810825058],[-96.75279346504978,32.815353435202674],[-96.7528119400624,32.815513199393145],[-96.75281000746948,32.81606153903627],[-96.75275581720139,32.81610039252465],[-96.75161094746497,32.816098409886465],[-96.75147049893104,32.81607861718126],[-96.75135104534992,32.81603424894395],[-96.75134482452027,32.8159897909295],[-96.75147228358497,32.815845989372534],[-96.75157817255938,32.81569020802128],[-96.75162252776619,32.81560853607521],[-96.75177705247059,32.815267407895504],[-96.75235013860468,32.81542426953566],[-96.75257674853475,32.814927500606586],[-96.75262099449894,32.81498182865488]]]},"properties":{"account":"002787000A01B0000","name":"WHOLE FOODS MARKET","address":"2118 ABRAMS RD","city":"DALLAS","owner":"ALEFF LLC","kind":"retail","class":"SUPERMARKET","year_built":"1974","sqft":43101,"units":1,"land_value":2954130,"building_value":393370,"total_value":3347500,"building_share":0.118,"note":"","deed_date":"10/02/2012","acres":2.68,"history":[[2021,85690,3039820],[2022,227290,3181420],[2023,227290,3181420],[2024,245870,3200000],[2025,545870,3500000],[2026,393370,3347500]],"lng":-96.752241,"lat":32.815513,"street_view":"https://www.google.com/maps/@?api=1&map_action=pano&viewpoint=32.815513,-96.752241"}},{"type":"Feature","geometry":{"type":"Polygon","coordinates":[[[-96.84049656612736,32.7975405699761],[-96.83990896688132,32.798358858987086],[-96.83830009966803,32.79745376712507],[-96.83888039574788,32.79670927896],[-96.84049656612736,32.7975405699761]]]},"properties":{"account":"00000775822000100","name":"TRANSTAR INDUSTRIES","address":"2425 IRVING BLVD","city":"DALLAS","owner":"WILEMON ENTERPRISES LTD","kind":"other","class":"AUTOMOTIVE SERVICE","year_built":"1961","sqft":91400,"units":0,"land_value":2949450,"building_value":10000,"total_value":2959450,"building_share":0.003,"note":"","deed_date":"07/28/1995","acres":4.53,"history":[[2021,387820,2845700],[2022,10000,2959450],[2023,10000,2959450],[2024,10000,2959450],[2025,10000,2959450],[2026,10000,2959450]],"lng":-96.83968,"lat":32.797943,"street_view":"https://www.google.com/maps/@?api=1&map_action=pano&viewpoint=32.797943,-96.839680"}},{"type":"Feature","geometry":{"type":"Polygon","coordinates":[[[-96.73617062541149,32.94551335781444],[-96.73726503426627,32.94628049925009],[-96.73664280831329,32.946919485428424],[-96.73550715916623,32.9464187720933],[-96.73581342360339,32.945966229804164],[-96.73598733668321,32.94573716542046],[-96.73617062541149,32.94551335781444]]]},"properties":{"account":"42239520000010000","name":"405 S CENTRAL EXPY","address":"405 S CENTRAL EXPY","city":"RICHARDSON","owner":"LANZA JOHN ROBERT TR &","kind":"other","class":"AUTOMOTIVE SERVICE","year_built":"1980","sqft":35287,"units":0,"land_value":2903920,"building_value":75080,"total_value":2979000,"building_share":0.025,"note":"","deed_date":"12/04/2018","acres":3.29,"history":[[2021,136470,2750000],[2022,136470,2750000],[2023,136470,2750000],[2024,136470,2750000],[2025,136470,2750000],[2026,75080,2979000]],"lng":-96.736403,"lat":32.946178,"street_view":"https://www.google.com/maps/@?api=1&map_action=pano&viewpoint=32.946178,-96.736403"}},{"type":"Feature","geometry":{"type":"Polygon","coordinates":[[[-96.9241074033409,32.977929315907765],[-96.92400846059051,32.977825072726425],[-96.92397013672088,32.97785345380943],[-96.92260222746032,32.97641664119812],[-96.92340721342508,32.975866545550524],[-96.92373997179726,32.97618356162119],[-96.92507173176973,32.97762682261454],[-96.92506511756764,32.97766632989443],[-96.92479377154147,32.9778470784211],[-96.92472727203139,32.97788000330494],[-96.92461344561208,32.97789455007687],[-96.92443433355716,32.97785796882922],[-96.92432717492355,32.97785955205779],[-96.92422412150675,32.97788436275095],[-96.92413213795085,32.977930724132555],[-96.9241074033409,32.977929315907765]]]},"properties":{"account":"65114754010160000","name":"AGL CONSTRUCTION - 2024 SALE","address":"2441 N BROADWAY ST","city":"CARROLLTON","owner":"C2R REAL ESTATE HOLDINGS I LLC","kind":"industrial","class":"STORAGE WAREHOUSE","year_built":"1967","sqft":11625,"units":0,"land_value":2893980,"building_value":96740,"total_value":2990720,"building_share":0.032,"note":"","deed_date":"04/23/2026","acres":5.79,"history":[[2021,25000,1269050],[2022,25000,1269050],[2023,25000,1269050],[2024,347360,1591410],[2025,96740,2990720],[2026,96740,2990720]],"lng":-96.923581,"lat":32.976739,"street_view":"https://www.google.com/maps/@?api=1&map_action=pano&viewpoint=32.976739,-96.923581"}},{"type":"Feature","geometry":{"type":"Polygon","coordinates":[[[-96.78258078978735,32.79640705845976],[-96.78328850125835,32.79701434250274],[-96.78264071966802,32.79755566693913],[-96.78193311004372,32.796948420504854],[-96.78258078978735,32.79640705845976]]]},"properties":{"account":"00000117994000000","name":"S W BELL COMPLEX","address":"3901 BRYAN ST","city":"DALLAS","owner":"SOUTHWESTERN BELL","kind":"office","class":"OFFICE BUILDING","year_built":"1974","sqft":24788,"units":0,"land_value":2891000,"building_value":258800,"total_value":3149800,"building_share":0.082,"note":"","deed_date":"01/25/1985","acres":1.99,"history":[[2021,1000,2685500],[2022,419450,3103950],[2023,258800,3149800],[2024,258800,3149800],[2025,258800,3149800],[2026,258800,3149800]],"lng":-96.782611,"lat":32.796981,"street_view":"https://www.google.com/maps/@?api=1&map_action=pano&viewpoint=32.796981,-96.782611"}},{"type":"Feature","geometry":{"type":"Polygon","coordinates":[[[-96.85673357135353,32.827588201261555],[-96.85658552089221,32.82746915235113],[-96.85643877762928,32.82727028399148],[-96.85612501863338,32.82688379735397],[-96.85595826945298,32.826696507307176],[-96.85560573987824,32.82633462891291],[-96.85577525187615,32.82618998014022],[-96.85619021187497,32.826284303409025],[-96.85763556017255,32.82629096436371],[-96.85762941262492,32.82724291647738],[-96.85741286455148,32.827098156820064],[-96.8574009230864,32.827173320612715],[-96.85673357135353,32.827588201261555]]]},"properties":{"account":"00000502879000000","name":"LOS AMIGOS MEX REST / M&M TIRES / PUMP HAUS","address":"7125 HARRY HINES BLVD","city":"DALLAS","owner":"HARRY EMPIRE LTD","kind":"office","class":"OFFICE/SHOWROOM","year_built":"1954","sqft":40762,"units":0,"land_value":2867100,"building_value":82900,"total_value":2950000,"building_share":0.028,"note":"","deed_date":"07/28/2011","acres":4.39,"history":[[2021,233030,1880000],[2022,428030,2075000],[2023,354740,2075000],[2024,844560,2469250],[2025,586760,2880440],[2026,82900,2950000]],"lng":-96.856918,"lat":32.826989,"street_view":"https://www.google.com/maps/@?api=1&map_action=pano&viewpoint=32.826989,-96.856918"}},{"type":"Feature","geometry":{"type":"Polygon","coordinates":[[[-96.82483358378367,32.79877003772211],[-96.82350302441537,32.798684997864676],[-96.82377294831541,32.79841538713075],[-96.82375226893228,32.798236946104055],[-96.82412305125483,32.7984172487645],[-96.82490816502595,32.79809725127087],[-96.82526383299884,32.79869199733229],[-96.82508401981602,32.798751260249496],[-96.8249355979656,32.7987708296429],[-96.82483358378367,32.79877003772211]]]},"properties":{"account":"00000775690000000","name":"DAYS INN MARKET CENTER/DENNYS","address":"2026 MARKET CENTER BLVD","city":"DALLAS","owner":"KALAN INC","kind":"hotel","class":"MOTEL","year_built":"1966","sqft":31400,"units":71,"land_value":2866240,"building_value":133760,"total_value":3000000,"building_share":0.045,"note":"","deed_date":"07/17/1995","acres":1.76,"history":[[2021,1000,2208780],[2022,10000,2488910],[2023,10000,2488910],[2024,10000,2488910],[2025,29360,2605110],[2026,133760,3000000]],"lng":-96.824416,"lat":32.798552,"street_view":"https://www.google.com/maps/@?api=1&map_action=pano&viewpoint=32.798552,-96.824416"}},{"type":"Feature","geometry":{"type":"Polygon","coordinates":[[[-96.90497351516146,32.89873386996779],[-96.90499262581021,32.897238469678854],[-96.90498073117742,32.897238432770436],[-96.90498220627714,32.89715484574002],[-96.90779523996746,32.897176226312865],[-96.90775813994199,32.89874772975489],[-96.90593115654707,32.89872720632875],[-96.9056492456929,32.89873853516955],[-96.90497351516146,32.89873386996779]]]},"properties":{"account":"00000604130000000","name":"SOUTHWEST CONSTRUCTION SERVICES","address":"11430 NEWKIRK ST","city":"DALLAS","owner":"DUGAN OF DALLAS LLP","kind":"other","class":"SHIPPING DOCK/TRUCK TERMINAL","year_built":"1972","sqft":48232,"units":70,"land_value":2863460,"building_value":80440,"total_value":2943900,"building_share":0.027,"note":"","deed_date":"11/18/2005","acres":11.25,"history":[[2021,640740,1600000],[2022,41400,2189000],[2023,41400,2189000],[2024,41400,2189000],[2025,80440,2943900],[2026,80440,2943900]],"lng":-96.90638,"lat":32.897965,"street_view":"https://www.google.com/maps/@?api=1&map_action=pano&viewpoint=32.897965,-96.906380"}},{"type":"Feature","geometry":{"type":"Polygon","coordinates":[[[-96.8369771165603,32.94680198819789],[-96.83741119161455,32.94599681770608],[-96.83873151533253,32.94600343446467],[-96.83872557142813,32.946841809319814],[-96.83790555493796,32.94684324279545],[-96.8369771165603,32.94680198819789]]]},"properties":{"account":"24122500060010000","name":"14330 MIDWAY RD","address":"14330 MIDWAY RD","city":"FARMERS BRANCH","owner":"PROTON 11 LLC","kind":"office","class":"OFFICE BUILDING","year_built":"1978","sqft":37897,"units":0,"land_value":2862760,"building_value":137240,"total_value":3000000,"building_share":0.046,"note":"","deed_date":"09/16/2021","acres":3.29,"history":[[2021,668620,2100000],[2022,1132490,2850150],[2023,1132490,2850150],[2024,1002340,2720000],[2025,183640,3046400],[2026,137240,3000000]],"lng":-96.837961,"lat":32.94641,"street_view":"https://www.google.com/maps/@?api=1&map_action=pano&viewpoint=32.946410,-96.837961"}},{"type":"Feature","geometry":{"type":"Polygon","coordinates":[[[-96.98655976732219,32.893834622730544],[-96.98632920755023,32.89383088328344],[-96.98619916585693,32.89382003107636],[-96.98607023922183,32.893802050463194],[-96.9858179176419,32.89374503994158],[-96.98557653129606,32.89366082067904],[-96.98546123009302,32.893608937632],[-96.98524386170159,32.89348672720231],[-96.98526513989619,32.89210403397671],[-96.98656129259997,32.89210485774965],[-96.98655976732219,32.893834622730544]]]},"properties":{"account":"32663000000010000","name":"2410 GATEWAY SPLIT BY JURISDICTION","address":"2410 GATEWAY DR","city":"IRVING","owner":"BLV II TX 2410 GATEWAY","kind":"other","class":"TECHNICAL BUILDING","year_built":"1983","sqft":33851,"units":0,"land_value":2851960,"building_value":487440,"total_value":3339400,"building_share":0.146,"note":"","deed_date":"06/12/2025","acres":5.45,"history":[[2021,1536360,3200000],[2022,1586060,3249700],[2023,1536360,3200000],[2024,348040,3200000],[2025,668040,3520000],[2026,487440,3339400]],"lng":-96.985908,"lat":32.892803,"street_view":"https://www.google.com/maps/@?api=1&map_action=pano&viewpoint=32.892803,-96.985908"}},{"type":"Feature","geometry":{"type":"Polygon","coordinates":[[[-96.7690926139541,32.817252447404954],[-96.76909896287394,32.81676368152203],[-96.77004152631602,32.816772652640864],[-96.77003272325351,32.81725898165973],[-96.7690926139541,32.817252447404954]]]},"properties":{"account":"00000184495000000","name":"SAMS CLUB NOW","address":"2222 GREENVILLE AVE","city":"DALLAS","owner":"RASANSKY MITCHELL &","kind":"retail","class":"DISCOUNT STORE","year_built":"2012","sqft":13230,"units":0,"land_value":2807200,"building_value":10000,"total_value":2817200,"building_share":0.004,"note":"","deed_date":"01/07/2002","acres":1.18,"history":[[2021,10000,2153680],[2022,36320,2180000],[2023,38200,2335000],[2024,25000,2577000],[2025,123000,2675000],[2026,10000,2817200]],"lng":-96.769567,"lat":32.817008,"street_view":"https://www.google.com/maps/@?api=1&map_action=pano&viewpoint=32.817008,-96.769567"}},{"type":"Feature","geometry":{"type":"Polygon","coordinates":[[[-96.83414501743084,32.83223227155392],[-96.83345081233466,32.8316521959679],[-96.83452154718847,32.830744115430754],[-96.83521396176634,32.8313257212314],[-96.83414501743084,32.83223227155392]]]},"properties":{"account":"00000429769000000","name":"G E APPARATUS SERVICE","address":"3202 MANOR WAY","city":"DALLAS","owner":"INDUSTRIAL MANOR LP","kind":"other","class":"TECHNICAL BUILDING","year_built":"1947","sqft":52635,"units":0,"land_value":2792460,"building_value":207540,"total_value":3000000,"building_share":0.069,"note":"","deed_date":"02/02/2022","acres":3.21,"history":[[2021,120100,2123170],[2022,28820,2123170],[2023,5650,2100000],[2024,600,2000000],[2025,3160,2952000],[2026,207540,3000000]],"lng":-96.834307,"lat":32.831511,"street_view":"https://www.google.com/maps/@?api=1&map_action=pano&viewpoint=32.831511,-96.834307"}},{"type":"Feature","geometry":{"type":"Polygon","coordinates":[[[-96.74181172329205,32.94258416992479],[-96.74095449164547,32.94180598592345],[-96.74111794897347,32.94167371712495],[-96.74118545446882,32.94160811315174],[-96.74124720587255,32.94153859561409],[-96.74135220547383,32.941389270428864],[-96.7413949128782,32.941310231915594],[-96.74145629772174,32.94115635960535],[-96.74147639474458,32.94108270366023],[-96.74150005681646,32.94093294016925],[-96.74162216533709,32.94093368099063],[-96.74268088946118,32.94189073710317],[-96.74260773779635,32.94196071372287],[-96.74181172329205,32.94258416992479]]]},"properties":{"account":"42102500000030000","name":"CENTRAL EXCHANGE OFFICE PARK","address":"777 S CENTRAL EXPY","city":"RICHARDSON","owner":"REBATE AT CLOSING REALTY LLC","kind":"office","class":"OFFICE BUILDING","year_built":"1967","sqft":45948,"units":0,"land_value":2768670,"building_value":131330,"total_value":2900000,"building_share":0.045,"note":"","deed_date":"04/03/2017","acres":3.58,"history":[[2021,50000,2669020],[2022,190240,2809260],[2023,190240,2809260],[2024,190240,2809260],[2025,190240,2809260],[2026,131330,2900000]],"lng":-96.741786,"lat":32.941782,"street_view":"https://www.google.com/maps/@?api=1&map_action=pano&viewpoint=32.941782,-96.741786"}},{"type":"Feature","geometry":{"type":"Polygon","coordinates":[[[-96.82873570967955,32.74570849035751],[-96.82873650481811,32.745557310830016],[-96.8284112828277,32.74555320845653],[-96.82841305761804,32.745216491013956],[-96.82846205451337,32.745175877855026],[-96.82922632684412,32.7451855153796],[-96.82922354437812,32.74571464164924],[-96.82873570967955,32.74570849035751]]]},"properties":{"account":"00000187200000000","name":"BLACK SWAN YOGA/TROMP/GLAM LOUNGE","address":"407 W 10TH ST","city":"DALLAS","owner":"BISHOP ARTS LLC","kind":"retail","class":"RETAIL STRIP","year_built":"1981","sqft":13801,"units":0,"land_value":2763480,"building_value":132330,"total_value":2895810,"building_share":0.046,"note":"","deed_date":"12/29/2017","acres":0.98,"history":[[2021,979700,2255150],[2022,979700,3105450],[2023,424250,2550000],[2024,259250,2385000],[2025,259250,2385000],[2026,132330,2895810]],"lng":-96.828819,"lat":32.74539,"street_view":"https://www.google.com/maps/@?api=1&map_action=pano&viewpoint=32.745390,-96.828819"}},{"type":"Feature","geometry":{"type":"Polygon","coordinates":[[[-96.8311155081225,32.817668305145574],[-96.83149515908181,32.817347443031636],[-96.83211051246246,32.817861576106026],[-96.83188137795658,32.81806072551032],[-96.83216166957348,32.818293866118],[-96.8320170441986,32.818418961648376],[-96.83206031809075,32.81845500486795],[-96.83194269600581,32.81855338401071],[-96.83135265366172,32.81805921531664],[-96.83146567093233,32.8179598677723],[-96.8311155081225,32.817668305145574]]]},"properties":{"account":"00000211453000100","name":"RIO GRANDE GROCERY/POLLOS A LA PARRILLA","address":"5308 MAPLE AVE","city":"DALLAS","owner":"MAYA FOODS INC","kind":"retail","class":"SUPERMARKET","year_built":"1971","sqft":29383,"units":0,"land_value":2762490,"building_value":194540,"total_value":2957030,"building_share":0.066,"note":"","deed_date":"08/18/2006","acres":1.48,"history":[[2021,1000,2341690],[2022,134310,2475000],[2023,134310,2475000],[2024,134310,2475000],[2025,108410,2870900],[2026,194540,2957030]],"lng":-96.831725,"lat":32.81791,"street_view":"https://www.google.com/maps/@?api=1&map_action=pano&viewpoint=32.817910,-96.831725"}},{"type":"Feature","geometry":{"type":"Polygon","coordinates":[[[-96.78049298588377,32.77409767175262],[-96.77990807431279,32.773407696793896],[-96.78086147652496,32.772823451510874],[-96.78118095717198,32.773177625687076],[-96.78136674507226,32.773073876405206],[-96.78165623550795,32.77339480087505],[-96.78049298588377,32.77409767175262]]]},"properties":{"account":"000472000A01B0000","name":"(VALUE IN LAND) UNOCCUPIED - PILGRIM PRIDE FOODS","address":"2011 S GOOD LATIMER EXPY","city":"DALLAS","owner":"CEDAR EAST PHASE I LLC","kind":"other","class":"FOOD PROCESSING","year_built":"1955","sqft":30465,"units":0,"land_value":2750610,"building_value":50000,"total_value":2800610,"building_share":0.018,"note":"UNOCCUPIED","deed_date":"07/18/2017","acres":2.84,"history":[[2021,51840,1906190],[2022,458920,2313270],[2023,349970,3100580],[2024,49390,2800000],[2025,249390,3000000],[2026,50000,2800610]],"lng":-96.780623,"lat":32.773759,"street_view":"https://www.google.com/maps/@?api=1&map_action=pano&viewpoint=32.773759,-96.780623"}},{"type":"Feature","geometry":{"type":"Polygon","coordinates":[[[-96.78740974904339,32.76530008378455],[-96.78833661113356,32.76583617759246],[-96.78815169288066,32.76596900018886],[-96.78781310478995,32.76617607972395],[-96.78759195359284,32.76634281361294],[-96.78753856958569,32.766341162882036],[-96.78678562582675,32.76581914763418],[-96.78740974904339,32.76530008378455]]]},"properties":{"account":"00000132862000000","name":"1300 CORINTH","address":"1300 CORINTH ST","city":"DALLAS","owner":"CCH LAMAR PARTNERS I LP","kind":"industrial","class":"LIGHT INDUSTRIAL","year_built":"1965","sqft":74784,"units":0,"land_value":2739000,"building_value":140180,"total_value":2879180,"building_share":0.049,"note":"","deed_date":"07/11/2008","acres":2.1,"history":[[2021,2000,2010600],[2022,2000,2010600],[2023,2000,2147550],[2024,50000,2560750],[2025,114250,2625000],[2026,140180,2879180]],"lng":-96.787527,"lat":32.765699,"street_view":"https://www.google.com/maps/@?api=1&map_action=pano&viewpoint=32.765699,-96.787527"}},{"type":"Feature","geometry":{"type":"Polygon","coordinates":[[[-96.84233173278386,32.829563392687945],[-96.8420395131317,32.829309229725936],[-96.84267097683845,32.828773244296876],[-96.84297165883822,32.82903473615855],[-96.84233173278386,32.829563392687945]]]},"properties":{"account":"00000325462000000","name":"UNOCCUPIED","address":"2626 W MOCKINGBIRD LN","city":"DALLAS","owner":"DALLAS STORAGE CONVERSION LLC","kind":"office","class":"OFFICE BUILDING","year_built":"1962","sqft":80860,"units":0,"land_value":2733150,"building_value":1000,"total_value":2734150,"building_share":0.0,"note":"UNOCCUPIED","deed_date":"09/12/2022","acres":0.83,"history":[[2021,1000,1751270],[2022,1000,1877580],[2023,1000,1895980],[2024,1000,1895980],[2025,1000,1895980],[2026,1000,2734150]],"lng":-96.842563,"lat":32.829122,"street_view":"https://www.google.com/maps/@?api=1&map_action=pano&viewpoint=32.829122,-96.842563"}},{"type":"Feature","geometry":{"type":"Polygon","coordinates":[[[-96.84725337074163,32.82957114285681],[-96.84724562777123,32.82950107912493],[-96.84783199608204,32.829018892040985],[-96.84948283214203,32.830447233342376],[-96.8489120217247,32.830895729062874],[-96.84844518261879,32.83049399823502],[-96.84798538000058,32.83068166018091],[-96.84788365629656,32.83045701147832],[-96.84759998299819,32.830331921436965],[-96.84757415492375,32.83024204148111],[-96.84757276642732,32.83019370828299],[-96.84748476272794,32.830065670275026],[-96.84745519813454,32.829859427860804],[-96.84725337074163,32.82957114285681]]]},"properties":{"account":"00000334594500000","name":"2400 EMPIRE CENTRAL","address":"2400 EMPIRE CENTRAL","city":"DALLAS","owner":"MAPLE EMPIRE LLC","kind":"office","class":"OFFICE BUILDING","year_built":"1985","sqft":13484,"units":0,"land_value":2718700,"building_value":32720,"total_value":2751420,"building_share":0.012,"note":"","deed_date":"03/17/2016","acres":5.08,"history":[[2021,1000,2719140],[2022,1000,2719140],[2023,119360,2837500],[2024,119360,2837500],[2025,32720,2751420],[2026,32720,2751420]],"lng":-96.848209,"lat":32.829972,"street_view":"https://www.google.com/maps/@?api=1&map_action=pano&viewpoint=32.829972,-96.848209"}},{"type":"Feature","geometry":{"type":"Polygon","coordinates":[[[-96.76860421408772,32.897157624460505],[-96.76731718333302,32.897253357136954],[-96.76730971282818,32.89723561510599],[-96.76731873597078,32.89656695770287],[-96.76861540437345,32.896584944107026],[-96.76860421408772,32.897157624460505]]]},"properties":{"account":"00000706467100000","name":"SAM ASH MEGA STORES","address":"10838 N CENTRAL EXPY","city":"DALLAS","owner":"10838 NCX LLC","kind":"retail","class":"DISCOUNT STORE","year_built":"1956","sqft":21582,"units":0,"land_value":2710050,"building_value":10000,"total_value":2720050,"building_share":0.004,"note":"","deed_date":"02/19/2016","acres":2.09,"history":[[2021,10000,2720050],[2022,10000,2720050],[2023,10000,2720050],[2024,10000,2720050],[2025,10000,2720050],[2026,10000,2720050]],"lng":-96.767962,"lat":32.896862,"street_view":"https://www.google.com/maps/@?api=1&map_action=pano&viewpoint=32.896862,-96.767962"}},{"type":"Feature","geometry":{"type":"Polygon","coordinates":[[[-96.75425905711884,32.83638974711683],[-96.75426486082043,32.83555731871218],[-96.7548469971817,32.83556232341849],[-96.75484220273371,32.83639504083845],[-96.75425905711884,32.83638974711683]]]},"properties":{"account":"00000235093000000","name":"CHASE","address":"6310 E MOCKINGBIRD LN","city":"DALLAS","owner":"ADX REAL ESTATE LLC &","kind":"other","class":"BANK","year_built":"1966","sqft":11916,"units":0,"land_value":2692250,"building_value":307750,"total_value":3000000,"building_share":0.103,"note":"","deed_date":"10/01/2012","acres":1.24,"history":[[2021,1090730,2598390],[2022,1090730,2598390],[2023,1342340,2850000],[2024,1342340,2850000],[2025,1342340,2850000],[2026,307750,3000000]],"lng":-96.754553,"lat":32.835979,"street_view":"https://www.google.com/maps/@?api=1&map_action=pano&viewpoint=32.835979,-96.754553"}},{"type":"Feature","geometry":{"type":"Polygon","coordinates":[[[-96.7692611735638,32.80409045515076],[-96.76962892571991,32.80378767247314],[-96.77025844131995,32.80433371278367],[-96.76989315115581,32.80464211222924],[-96.7692611735638,32.80409045515076]]]},"properties":{"account":"00000119959000000","name":"RIVIERA","address":"5010 LIVE OAK ST","city":"DALLAS","owner":"RIVIERA APARTMENTS LLC","kind":"apartments","class":"APARTMENT (BRICK EXTERIOR)","year_built":"1958","sqft":27088,"units":37,"land_value":2688000,"building_value":346000,"total_value":3034000,"building_share":0.114,"note":"","deed_date":"06/13/2014","acres":1.01,"history":[[2021,243000,2035000],[2022,708000,2500000],[2023,758400,2640000],[2024,609000,2849000],[2025,717860,2957860],[2026,346000,3034000]],"lng":-96.769759,"lat":32.804212,"street_view":"https://www.google.com/maps/@?api=1&map_action=pano&viewpoint=32.804212,-96.769759"}},{"type":"Feature","geometry":{"type":"Polygon","coordinates":[[[-96.81152369778287,32.806646475869336],[-96.8119606568771,32.80702081108899],[-96.81228928077837,32.807301195730524],[-96.81205922516989,32.8074930664589],[-96.81129426735824,32.806837996299],[-96.81152369778287,32.806646475869336]]]},"properties":{"account":"00000149491000000","name":"CITY VET","address":"2727 OAK LAWN AVE","city":"DALLAS","owner":"CANNON YOUNG PPTIES LP","kind":"office","class":"OFFICE BUILDING","year_built":"1964","sqft":22440,"units":0,"land_value":2678400,"building_value":121600,"total_value":2800000,"building_share":0.043,"note":"","deed_date":"12/10/2007","acres":0.76,"history":[[2021,10000,2521000],[2022,10000,2521000],[2023,10000,2688400],[2024,121600,2800000],[2025,121600,2800000],[2026,121600,2800000]],"lng":-96.811813,"lat":32.807088,"street_view":"https://www.google.com/maps/@?api=1&map_action=pano&viewpoint=32.807088,-96.811813"}},{"type":"Feature","geometry":{"type":"Polygon","coordinates":[[[-96.84278050099371,32.82955980832393],[-96.84313450820541,32.82927661777031],[-96.84375046757692,32.829823824993845],[-96.84339557690524,32.83010680072024],[-96.84278050099371,32.82955980832393]]]},"properties":{"account":"00000222667000000","name":"(LAND VALUE - 68,527 SQFT ECU + 2 LAND ACCT)","address":"2703 W MOCKINGBIRD LN","city":"DALLAS","owner":"SPC MOCKINGBIRD DEPOT","kind":"office","class":"OFFICE/SHOWROOM","year_built":"1949","sqft":13050,"units":0,"land_value":2673970,"building_value":10000,"total_value":2683970,"building_share":0.004,"note":"","deed_date":"08/02/2013","acres":0.94,"history":[[2021,1000,1996190],[2022,1000,2057900],[2023,1000,2140180],[2024,10000,2149180],[2025,10000,2149180],[2026,10000,2683970]],"lng":-96.843265,"lat":32.829692,"street_view":"https://www.google.com/maps/@?api=1&map_action=pano&viewpoint=32.829692,-96.843265"}},{"type":"Feature","geometry":{"type":"Polygon","coordinates":[[[-96.83053347910636,32.953413414177255],[-96.8300174319444,32.95195752396764],[-96.8313522886889,32.95197294139752],[-96.83135198658587,32.95342232393225],[-96.83053347910636,32.953413414177255]]]},"properties":{"account":"10000901810300000","name":"ATTIC SELF STORAGE MINI WAREHOUSE","address":"15025 INWOOD RD","city":"ADDISON","owner":"CROSSMAN CORP","kind":"industrial","class":"MINI-WAREHOUSE","year_built":"1976","sqft":65286,"units":336,"land_value":2632530,"building_value":162680,"total_value":2795210,"building_share":0.058,"note":"","deed_date":"07/18/1983","acres":4.01,"history":[[2021,337240,2092260],[2022,728460,2483480],[2023,579070,2334090],[2024,757080,2512100],[2025,29570,2662100],[2026,162680,2795210]],"lng":-96.830812,"lat":32.952683,"street_view":"https://www.google.com/maps/@?api=1&map_action=pano&viewpoint=32.952683,-96.830812"}},{"type":"Feature","geometry":{"type":"Polygon","coordinates":[[[-96.77090394687205,32.81045126947389],[-96.77027514843772,32.81096455368317],[-96.77023972247022,32.81093819204261],[-96.7702331075756,32.80986171780723],[-96.77090394687205,32.81045126947389]]]},"properties":{"account":"00000156073000000","name":"TAQUERO/ TOASTED COFFEE AND STRIP","address":"5400 ROSS AVE","city":"DALLAS","owner":"NAYEB FAMILY LP","kind":"retail","class":"RETAIL STRIP","year_built":"1940","sqft":24215,"units":3,"land_value":2630580,"building_value":69420,"total_value":2700000,"building_share":0.026,"note":"","deed_date":"03/06/2018","acres":0.97,"history":[[2021,39850,2232000],[2022,207850,2400000],[2023,207850,2400000],[2024,32090,2443460],[2025,32090,2443460],[2026,69420,2700000]],"lng":-96.770402,"lat":32.810154,"street_view":"https://www.google.com/maps/@?api=1&map_action=pano&viewpoint=32.810154,-96.770402"}},{"type":"Feature","geometry":{"type":"Polygon","coordinates":[[[-96.80879290879264,32.785122777668626],[-96.80876341218172,32.78514530254145],[-96.80865372348386,32.78505191144978],[-96.80863891118753,32.7850630733459],[-96.80832835358173,32.78476869787703],[-96.80853053406906,32.78459742527565],[-96.8086335508059,32.784684138926686],[-96.80880954804256,32.784675361637056],[-96.80879290879264,32.785122777668626]]]},"properties":{"account":"00039100000010000","name":"2211 N LAMAR ST","address":"2211 N LAMAR ST","city":"DALLAS","owner":"DORBET INC","kind":"office","class":"OFFICE BUILDING","year_built":"1930","sqft":22642,"units":0,"land_value":2617440,"building_value":270390,"total_value":2887830,"building_share":0.094,"note":"","deed_date":"03/06/2001","acres":0.38,"history":[[2021,28520,2482370],[2022,203150,2657000],[2023,346150,2800000],[2024,346150,2800000],[2025,270390,2887830],[2026,270390,2887830]],"lng":-96.80861,"lat":32.784854,"street_view":"https://www.google.com/maps/@?api=1&map_action=pano&viewpoint=32.784854,-96.808610"}},{"type":"Feature","geometry":{"type":"Polygon","coordinates":[[[-96.8376309371436,32.9427572679121],[-96.8376374585221,32.9418886608917],[-96.83876210556707,32.94189541592904],[-96.83875559521611,32.94276402300752],[-96.8376309371436,32.9427572679121]]]},"properties":{"account":"24122560070010000","name":"METROPOLITAN ATRIUM","address":"14140 MIDWAY RD","city":"FARMERS BRANCH","owner":"LABORERS NAT L PENSION FD","kind":"office","class":"OFFICE BUILDING","year_built":"1980","sqft":45214,"units":0,"land_value":2616480,"building_value":58520,"total_value":2675000,"building_share":0.022,"note":"","deed_date":"","acres":2.5,"history":[[2021,1479800,2570000],[2022,1491760,2800000],[2023,1709250,3017490],[2024,1616760,2925000],[2025,308520,2925000],[2026,58520,2675000]],"lng":-96.838198,"lat":32.942219,"street_view":"https://www.google.com/maps/@?api=1&map_action=pano&viewpoint=32.942219,-96.838198"}},{"type":"Feature","geometry":{"type":"Polygon","coordinates":[[[-96.80713874253225,32.79852997583206],[-96.80749587952889,32.798231421057906],[-96.80773029881927,32.7984314481518],[-96.8073645890787,32.798722707688896],[-96.80713874253225,32.79852997583206]]]},"properties":{"account":"00000134981000000","name":"NICK &  SAMS","address":"3008 MAPLE AVE","city":"DALLAS","owner":"ROMANO SAMUEL P","kind":"retail","class":"RESTAURANT","year_built":"1958","sqft":12089,"units":0,"land_value":2599430,"building_value":163200,"total_value":2762630,"building_share":0.059,"note":"","deed_date":"01/10/2020","acres":0.36,"history":[[2021,1000,2018470],[2022,100000,2117470],[2023,100000,2427850],[2024,100000,2427850],[2025,150070,2633110],[2026,163200,2762630]],"lng":-96.807433,"lat":32.798481,"street_view":"https://www.google.com/maps/@?api=1&map_action=pano&viewpoint=32.798481,-96.807433"}},{"type":"Feature","geometry":{"type":"Polygon","coordinates":[[[-96.79220447249712,32.776955050359],[-96.79159919478744,32.77645305280509],[-96.79244819134215,32.77573331727275],[-96.79305570948748,32.77623556140721],[-96.79241830337043,32.77677432534288],[-96.79218849313047,32.776579735816696],[-96.79208038517646,32.77667111133045],[-96.79231019544244,32.776865699680855],[-96.79220447249712,32.776955050359]]]},"properties":{"account":"00000102133000000","name":"HINES NUT CO","address":"990 S ST PAUL ST","city":"DALLAS","owner":"HINES CORE HOLDINGS LLC SERIES I","kind":"industrial","class":"LIGHT INDUSTRIAL","year_built":"1982","sqft":74084,"units":0,"land_value":2597900,"building_value":10000,"total_value":2607900,"building_share":0.004,"note":"","deed_date":"12/24/2025","acres":2.11,"history":[[2021,1000,1895320],[2022,1000,2084750],[2023,1000,2084750],[2024,10000,2188470],[2025,75000,2253470],[2026,10000,2607900]],"lng":-96.792381,"lat":32.776299,"street_view":"https://www.google.com/maps/@?api=1&map_action=pano&viewpoint=32.776299,-96.792381"}},{"type":"Feature","geometry":{"type":"Polygon","coordinates":[[[-96.84372215187533,32.82880651864489],[-96.84434237434941,32.82935395564831],[-96.84397933345902,32.829635316684545],[-96.84337995052361,32.82908027104642],[-96.84372215187533,32.82880651864489]]]},"properties":{"account":"00000222640000000","name":"(68,527 SQFT ECU + 1 LAND ACCT) MOCKINGBIRD DEPOT","address":"2601 W MOCKINGBIRD LN","city":"DALLAS","owner":"SPC MOCKINGBIRD DEPOT","kind":"office","class":"OFFICE/SHOWROOM","year_built":"1948","sqft":16781,"units":0,"land_value":2587000,"building_value":10000,"total_value":2597000,"building_share":0.004,"note":"","deed_date":"08/02/2013","acres":0.93,"history":[[2021,1000,1931300],[2022,1000,1991000],[2023,1000,2070600],[2024,288940,2358540],[2025,423430,2493030],[2026,10000,2597000]],"lng":-96.843858,"lat":32.829217,"street_view":"https://www.google.com/maps/@?api=1&map_action=pano&viewpoint=32.829217,-96.843858"}},{"type":"Feature","geometry":{"type":"Polygon","coordinates":[[[-96.83664125504167,32.94433024913717],[-96.83554917210799,32.94432391043929],[-96.83555566236907,32.943458052043596],[-96.8366477346283,32.94346439068532],[-96.83664125504167,32.94433024913717]]]},"properties":{"account":"24122500060120000","name":"14240 PROTON RD","address":"14240 PROTON RD","city":"FARMERS BRANCH","owner":"FIRST MILESTONE GROUP LTD","kind":"office","class":"OFFICE BUILDING","year_built":"1975","sqft":24992,"units":0,"land_value":2531780,"building_value":10000,"total_value":2541780,"building_share":0.004,"note":"","deed_date":"09/08/2003","acres":2.42,"history":[[2021,967050,1600000],[2022,434110,1700000],[2023,504110,1770000],[2024,504110,1770000],[2025,10000,2541780],[2026,10000,2541780]],"lng":-96.8361,"lat":32.943689,"street_view":"https://www.google.com/maps/@?api=1&map_action=pano&viewpoint=32.943689,-96.836100"}},{"type":"Feature","geometry":{"type":"Polygon","coordinates":[[[-96.88159354205811,32.80275754765395],[-96.88156972561247,32.80382361104986],[-96.88150870046151,32.80777370344373],[-96.88145420775261,32.80793193641022],[-96.88129177620249,32.807928551310184],[-96.88138301236391,32.80490340985072],[-96.88022716471721,32.80488954827002],[-96.88026462461504,32.80294046421777],[-96.8804124006511,32.80293547463905],[-96.88041802637126,32.80274909736799],[-96.88159354205811,32.80275754765395]]]},"properties":{"account":"007704000F01A0000","name":"ACI MOTOR FREIGHT INC","address":"3818 IRVING BLVD","city":"DALLAS","owner":"SWIT HOLDINGS LLC","kind":"other","class":"SHIPPING DOCK/TRUCK TERMINAL","year_built":"1962","sqft":65290,"units":0,"land_value":2531100,"building_value":87740,"total_value":2618840,"building_share":0.034,"note":"","deed_date":"04/20/1988","acres":8.7,"history":[[2021,213800,2424900],[2022,213800,2424900],[2023,383540,2594640],[2024,383540,2594640],[2025,223310,2434410],[2026,87740,2618840]],"lng":-96.88146,"lat":32.805276,"street_view":"https://www.google.com/maps/@?api=1&map_action=pano&viewpoint=32.805276,-96.881460"}},{"type":"Feature","geometry":{"type":"Polygon","coordinates":[[[-96.8953798981027,32.77835917873557],[-96.8946905331448,32.778364533138706],[-96.89412597287357,32.77839961028411],[-96.89360842436481,32.77845200038397],[-96.89350712677444,32.77844776260347],[-96.89336490290609,32.77770344925488],[-96.89334561943515,32.77770601925461],[-96.89319059200932,32.776875860384216],[-96.89249791683021,32.77701223092174],[-96.89236766184929,32.77654700802679],[-96.89492533060363,32.77600037542873],[-96.8953798981027,32.77835917873557]]]},"properties":{"account":"007200000A0020000","name":"BOWMAN TRUCK LEASING WAREHOUSE","address":"4528 SINGLETON BLVD","city":"DALLAS","owner":"4400 SINGLETON LLC","kind":"industrial","class":"STORAGE WAREHOUSE","year_built":"1953","sqft":22096,"units":0,"land_value":2526980,"building_value":18120,"total_value":2545100,"building_share":0.007,"note":"","deed_date":"03/23/2020","acres":11.61,"history":[[2021,3020,2530000],[2022,10000,2536980],[2023,10000,2536980],[2024,10000,2536980],[2025,10010,2536990],[2026,18120,2545100]],"lng":-96.894225,"lat":32.77731,"street_view":"https://www.google.com/maps/@?api=1&map_action=pano&viewpoint=32.777310,-96.894225"}},{"type":"Feature","geometry":{"type":"Polygon","coordinates":[[[-96.88844702305283,32.77518086029907],[-96.88752562609264,32.77538234229951],[-96.88752566985268,32.775280629091604],[-96.88747762524969,32.77481437881321],[-96.89036429954072,32.77420413054624],[-96.89035792961566,32.778801817962105],[-96.89024187238229,32.778801613139535],[-96.89018926815882,32.7787788379693],[-96.88962288831446,32.7787771302508],[-96.88949174565565,32.77864140292675],[-96.88923993698738,32.7786406470957],[-96.88912181088261,32.77876401339166],[-96.88909928213981,32.778799593979784],[-96.88842808965263,32.77879840193068],[-96.88844702305283,32.77518086029907]]]},"properties":{"account":"00000700246000000","name":"MAGELLAN","address":"4200 SINGLETON BLVD","city":"DALLAS","owner":"MAGELLAN PIPELINE TERMINA","kind":"industrial","class":"STORAGE WAREHOUSE","year_built":"1951","sqft":47353,"units":0,"land_value":2515790,"building_value":150180,"total_value":2665970,"building_share":0.056,"note":"","deed_date":"05/07/2007","acres":22.86,"history":[[2021,1410,2539000],[2022,10000,2547590],[2023,10000,2547590],[2024,10000,2547590],[2025,150000,2665790],[2026,150180,2665970]],"lng":-96.889402,"lat":32.776039,"street_view":"https://www.google.com/maps/@?api=1&map_action=pano&viewpoint=32.776039,-96.889402"}},{"type":"Feature","geometry":{"type":"Polygon","coordinates":[[[-96.83827935994967,32.82960313389289],[-96.83889333547755,32.82908673801407],[-96.83886079206707,32.82905730638037],[-96.83949184949515,32.82851970671837],[-96.83993946304682,32.82889883935656],[-96.83874220526906,32.82993832148974],[-96.83848677251366,32.829775379653555],[-96.83827935994967,32.82960313389289]]]},"properties":{"account":"005720000C0010000","name":"JEEP AUTO SERVICE CENTER","address":"6350 DENTON DR","city":"DALLAS","owner":"VICEROY DELIVERY LP","kind":"other","class":"AUTOMOTIVE SERVICE","year_built":"2012","sqft":31972,"units":0,"land_value":2510100,"building_value":5900,"total_value":2516000,"building_share":0.002,"note":"","deed_date":"10/15/1998","acres":2.35,"history":[[2021,557370,2094170],[2022,557370,2094170],[2023,45110,2094170],[2024,45020,2094080],[2025,5900,2516000],[2026,5900,2516000]],"lng":-96.839042,"lat":32.829315,"street_view":"https://www.google.com/maps/@?api=1&map_action=pano&viewpoint=32.829315,-96.839042"}},{"type":"Feature","geometry":{"type":"Polygon","coordinates":[[[-96.84796038044497,32.806108360014086],[-96.84804394548209,32.80635438701429],[-96.84804426885911,32.806532807147015],[-96.84808980869218,32.80668922632401],[-96.84681353527611,32.80730877154398],[-96.84659139949783,32.807099119361055],[-96.8463927969164,32.80687325362951],[-96.84796038044497,32.806108360014086]]]},"properties":{"account":"00000776458000000","name":"DFW HOT SHOTS","address":"2789 IRVING BLVD","city":"DALLAS","owner":"2789 IRVING BLVD LLC","kind":"industrial","class":"STORAGE WAREHOUSE","year_built":"1963","sqft":15173,"units":0,"land_value":2502900,"building_value":1000,"total_value":2503900,"building_share":0.0,"note":"","deed_date":"05/15/2026","acres":2.37,"history":[[2021,1000,1502740],[2022,1000,2003320],[2023,990,2003310],[2024,458100,2460420],[2025,1000,2503900],[2026,1000,2503900]],"lng":-96.847242,"lat":32.806781,"street_view":"https://www.google.com/maps/@?api=1&map_action=pano&viewpoint=32.806781,-96.847242"}},{"type":"Feature","geometry":{"type":"Polygon","coordinates":[[[-96.75596323883175,32.83559551361332],[-96.7559535483266,32.836378018739694],[-96.75524250095586,32.83637063441523],[-96.7552450922019,32.83558846956324],[-96.75596323883175,32.83559551361332]]]},"properties":{"account":"00000235100000000","name":"COMERICA","address":"6260 E MOCKINGBIRD LN","city":"DALLAS","owner":"MDD REAL ESTATE LLC","kind":"office","class":"OFFICE BUILDING","year_built":"1971","sqft":24854,"units":0,"land_value":2500000,"building_value":300000,"total_value":2800000,"building_share":0.107,"note":"","deed_date":"03/26/2014","acres":1.43,"history":[[2021,467390,2147390],[2022,628440,2308440],[2023,830250,2510250],[2024,720000,2400000],[2025,728000,2408000],[2026,300000,2800000]],"lng":-96.755601,"lat":32.835983,"street_view":"https://www.google.com/maps/@?api=1&map_action=pano&viewpoint=32.835983,-96.755601"}},{"type":"Feature","geometry":{"type":"Polygon","coordinates":[[[-96.99012110767978,32.869585326144154],[-96.99010443429086,32.86949534721624],[-96.99008443494894,32.869455467852205],[-96.99002359442792,32.869386054757584],[-96.9899402440422,32.86933598818683],[-96.9898926306798,32.86931984219735],[-96.98979140443895,32.8693073176752],[-96.98978179628149,32.86867508756538],[-96.99148242701015,32.8686731287733],[-96.99147184473443,32.86958367638157],[-96.99012110767978,32.869585326144154]]]},"properties":{"account":"32565100540020000","name":"EXTRON","address":"4200 N BELTLINE RD","city":"IRVING","owner":"ACE ASSET LEASING LLC","kind":"office","class":"OFFICE BUILDING","year_built":"1984","sqft":16063,"units":0,"land_value":2458100,"building_value":10000,"total_value":2468100,"building_share":0.004,"note":"","deed_date":"07/10/2012","acres":3.76,"history":[[2021,848260,1831500],[2022,1223510,2206750],[2023,785370,2096350],[2024,457680,2096410],[2025,665940,2304670],[2026,10000,2468100]],"lng":-96.990633,"lat":32.869001,"street_view":"https://www.google.com/maps/@?api=1&map_action=pano&viewpoint=32.869001,-96.990633"}},{"type":"Feature","geometry":{"type":"Polygon","coordinates":[[[-96.7895797034076,32.7717185300916],[-96.78930261750382,32.771452023755636],[-96.78951728498696,32.7708062047311],[-96.78957982426184,32.77082081331619],[-96.78960043790029,32.77075784560314],[-96.78989927408342,32.77101115650569],[-96.79001177375785,32.77091098708874],[-96.79030732896702,32.77117794787348],[-96.79023336304009,32.771347957487556],[-96.79020670895616,32.77143573161157],[-96.79017466331632,32.77161482727856],[-96.7901694173317,32.77170533549815],[-96.78986919753861,32.771974192179286],[-96.78984727141574,32.77197389060537],[-96.789703134846,32.77183632246377],[-96.79001442072456,32.77156058067747],[-96.78989235874221,32.77144264250166],[-96.7895797034076,32.7717185300916]]]},"properties":{"account":"000449000A0010000","name":"1601 S ERVAY - UNOCCUPIED STORAGE WAREHOUSE","address":"1503 S ERVAY ST","city":"DALLAS","owner":"K STROMBERG LLC &","kind":"retail","class":"FREE STANDING RETAIL STORE","year_built":"1956","sqft":24193,"units":1,"land_value":2455280,"building_value":181580,"total_value":2636860,"building_share":0.069,"note":"UNOCCUPIED","deed_date":"04/03/2023","acres":1.68,"history":[[2021,1000,1986890],[2022,100000,2085890],[2023,31580,2198000],[2024,181580,2348000],[2025,200000,2510850],[2026,181580,2636860]],"lng":-96.789773,"lat":32.771386,"street_view":"https://www.google.com/maps/@?api=1&map_action=pano&viewpoint=32.771386,-96.789773"}},{"type":"Feature","geometry":{"type":"Polygon","coordinates":[[[-96.88037114871332,32.80594630817501],[-96.88037779577371,32.80557527240659],[-96.88021790586325,32.80557323024046],[-96.88021741603058,32.80488943094102],[-96.88138301236391,32.80490340985072],[-96.88129177620249,32.807928551310184],[-96.88033585045835,32.807916837769405],[-96.88033988722742,32.80769155039599],[-96.88017999350379,32.80768950818148],[-96.88019550214054,32.80682375814711],[-96.88035539430422,32.806825800341855],[-96.88035785605297,32.806688379696595],[-96.88019796413688,32.80668633750501],[-96.88021125813432,32.80594426600038],[-96.88037114871332,32.80594630817501]]]},"properties":{"account":"007705000101A0000","name":"SO WEST INTERNATIONAL","address":"3722 IRVING BLVD","city":"DALLAS","owner":"SWIT HOLDINGS LLC","kind":"other","class":"AUTOMOTIVE SERVICE","year_built":"1964","sqft":64964,"units":0,"land_value":2441670,"building_value":131990,"total_value":2573660,"building_share":0.051,"note":"","deed_date":"07/16/2012","acres":8.52,"history":[[2021,217020,2498700],[2022,217020,2498700],[2023,217020,2498700],[2024,217020,2498700],[2025,217020,2498700],[2026,131990,2573660]],"lng":-96.880772,"lat":32.806323,"street_view":"https://www.google.com/maps/@?api=1&map_action=pano&viewpoint=32.806323,-96.880772"}},{"type":"Feature","geometry":{"type":"Polygon","coordinates":[[[-96.90424871479499,32.87442487860204],[-96.90434545742146,32.87442495174712],[-96.90432412308517,32.87451351856628],[-96.90432263586334,32.874695038337435],[-96.90604474837212,32.874705067242296],[-96.90603947355729,32.875335743020074],[-96.90245752485576,32.8753099685736],[-96.90247409425241,32.87399027704532],[-96.90250701510848,32.873962783152216],[-96.90445540115682,32.87396897657439],[-96.90436361561059,32.874349678365014],[-96.90424879473282,32.874349590662014],[-96.90424871479499,32.87442487860204]]]},"properties":{"account":"006508000D02A0000","name":"TD- PENSKE TRUCK LEASING CENTER","address":"10801 GOODNIGHT LN","city":"DALLAS","owner":"PENSKE TRUCK LEASING CO","kind":"other","class":"AUTOMOTIVE SERVICE","year_built":"2004","sqft":18653,"units":0,"land_value":2427250,"building_value":15750,"total_value":2443000,"building_share":0.006,"note":"","deed_date":"12/11/2003","acres":9.28,"history":[[2021,615550,2420250],[2022,638300,2443000],[2023,638300,2443000],[2024,638300,2443000],[2025,638300,2443000],[2026,15750,2443000]],"lng":-96.903395,"lat":32.874586,"street_view":"https://www.google.com/maps/@?api=1&map_action=pano&viewpoint=32.874586,-96.903395"}},{"type":"Feature","geometry":{"type":"Polygon","coordinates":[[[-96.99592724043508,32.838117737782],[-96.99624971607555,32.83795795698789],[-96.99647580062197,32.839129841812884],[-96.99462626472668,32.83938468965422],[-96.99473268269509,32.83993634769171],[-96.99460008392619,32.83995457627313],[-96.99461473770187,32.84003053939131],[-96.99422137368288,32.83988811547502],[-96.99421672725107,32.84031786011004],[-96.993762164658,32.84031435720136],[-96.99378189972272,32.84019622733222],[-96.99380640843499,32.83995856608106],[-96.99382789863058,32.838925193046606],[-96.993975823118,32.83880930419706],[-96.99443162436093,32.838794537796325],[-96.99501070499866,32.83864205963188],[-96.99541387340969,32.83846248957015],[-96.99592724043508,32.838117737782]]]},"properties":{"account":"322163000A0020100","name":"FIRESTONE TIRE","address":"3602 W AIRPORT FWY","city":"IRVING","owner":"MALL GROUND PORTFOLIO LLC","kind":"other","class":"AUTOMOTIVE SERVICE","year_built":"1970","sqft":14206,"units":0,"land_value":2412220,"building_value":12780,"total_value":2425000,"building_share":0.005,"note":"","deed_date":"10/14/2019","acres":6.84,"history":[[2021,32060,1600000],[2022,32060,1600000],[2023,32060,1600000],[2024,32160,1600100],[2025,27780,2440000],[2026,12780,2425000]],"lng":-96.994649,"lat":32.839258,"street_view":"https://www.google.com/maps/@?api=1&map_action=pano&viewpoint=32.839258,-96.994649"}},{"type":"Feature","geometry":{"type":"Polygon","coordinates":[[[-96.80759433512695,32.78164914403838],[-96.80696231162355,32.78178019028198],[-96.80688399813386,32.78151339560904],[-96.80751601985283,32.78138234976068],[-96.80759433512695,32.78164914403838]]]},"properties":{"account":"00000100144000000","name":"MARKET ROSS PLACE/HIGGINBOTHAM PEARLSTONE","address":"1701 N MARKET ST","city":"DALLAS","owner":"HOBSON ELECTRIC LLC","kind":"office","class":"OFFICE BUILDING","year_built":"1965","sqft":80000,"units":0,"land_value":2400000,"building_value":100000,"total_value":2500000,"building_share":0.04,"note":"","deed_date":"03/18/2026","acres":0.46,"history":[[2021,1990200,4190200],[2022,2254180,4454180],[2023,1529000,3729000],[2024,1210000,3610000],[2025,1755500,4155500],[2026,100000,2500000]],"lng":-96.807239,"lat":32.781581,"street_view":"https://www.google.com/maps/@?api=1&map_action=pano&viewpoint=32.781581,-96.807239"}},{"type":"Feature","geometry":{"type":"Polygon","coordinates":[[[-96.80674303436733,32.781033166149896],[-96.80737505450111,32.780902121035204],[-96.80745336732708,32.78116891401534],[-96.80682134703567,32.78129995954745],[-96.80674303436733,32.781033166149896]]]},"properties":{"account":"00000100147000000","name":"WEST END PROFESSIONAL BLDG/HOFFBRAU STEAKS","address":"311 N MARKET ST","city":"DALLAS","owner":"WEST END OFFICE PROPERTIES LLC","kind":"office","class":"OFFICE BUILDING","year_built":"1897","sqft":33000,"units":0,"land_value":2400000,"building_value":1000,"total_value":2401000,"building_share":0.0,"note":"","deed_date":"05/07/2018","acres":0.46,"history":[[2021,27190,1877190],[2022,1000,2001000],[2023,1000,2001000],[2024,1000,2201000],[2025,1000,2401000],[2026,1000,2401000]],"lng":-96.807098,"lat":32.781101,"street_view":"https://www.google.com/maps/@?api=1&map_action=pano&viewpoint=32.781101,-96.807098"}},{"type":"Feature","geometry":{"type":"Polygon","coordinates":[[[-96.82575230252208,32.75803486959817],[-96.82625590792598,32.757425242400195],[-96.82672547450974,32.75771077039059],[-96.82631390121104,32.758365292632625],[-96.82575230252208,32.75803486959817]]]},"properties":{"account":"0033630M0023A0000","name":"FRESENIUS MEDICAL CARE/DALLAS NEPHROLOGY ASSOCIATE","address":"1150 N BISHOP AVE","city":"DALLAS","owner":"HAINES SHARSHIV LLC","kind":"office","class":"MEDICAL OFFICE BUILDING","year_built":"1990","sqft":14482,"units":0,"land_value":2399040,"building_value":193330,"total_value":2592370,"building_share":0.075,"note":"","deed_date":"12/17/2020","acres":1.2,"history":[[2021,99540,1299080],[2022,690630,2130050],[2023,690630,2130050],[2024,10000,2142480],[2025,224220,2356700],[2026,193330,2592370]],"lng":-96.826255,"lat":32.757873,"street_view":"https://www.google.com/maps/@?api=1&map_action=pano&viewpoint=32.757873,-96.826255"}},{"type":"Feature","geometry":{"type":"Polygon","coordinates":[[[-96.78637670519164,32.827837761818884],[-96.78660399727342,32.827426247272385],[-96.78662760143932,32.827435539861696],[-96.78669641279606,32.82731098199028],[-96.78705885760625,32.827453685440595],[-96.78652459460967,32.8278961714589],[-96.78637670519164,32.827837761818884]]]},"properties":{"account":"00000166915000000","name":"HUNSICKER APPRAISAL/DALLAS AQUATIC MASTERS","address":"4901 COLE AVE","city":"DALLAS","owner":"BANK OF WYANDOTTE","kind":"office","class":"OFFICE BUILDING","year_built":"1971","sqft":12010,"units":0,"land_value":2384750,"building_value":1000,"total_value":2385750,"building_share":0.0,"note":"","deed_date":"02/09/2022","acres":0.44,"history":[[2021,1000,1756180],[2022,188390,1943570],[2023,10640,2300000],[2024,1000,2385750],[2025,1000,2385750],[2026,1000,2385750]],"lng":-96.786659,"lat":32.82764,"street_view":"https://www.google.com/maps/@?api=1&map_action=pano&viewpoint=32.827640,-96.786659"}},{"type":"Feature","geometry":{"type":"Polygon","coordinates":[[[-96.79031278123689,32.819027728017815],[-96.79014438444966,32.81934276287902],[-96.7895804758808,32.81912821769743],[-96.78974889618839,32.81881314403305],[-96.79031278123689,32.819027728017815]]]},"properties":{"account":"00000158545000000","name":"MCKINNEY ARMS","address":"4333 MCKINNEY AVE","city":"DALLAS","owner":"BPKK LTD &","kind":"apartments","class":"APARTMENT (BRICK EXTERIOR)","year_built":"1964","sqft":14244,"units":20,"land_value":2375000,"building_value":1000,"total_value":2376000,"building_share":0.0,"note":"","deed_date":"01/06/2015","acres":0.55,"history":[[2021,1000,2257250],[2022,1000,2257250],[2023,1000,2138500],[2024,1000,2316630],[2025,1000,2376000],[2026,1000,2376000]],"lng":-96.789947,"lat":32.819078,"street_view":"https://www.google.com/maps/@?api=1&map_action=pano&viewpoint=32.819078,-96.789947"}},{"type":"Feature","geometry":{"type":"Polygon","coordinates":[[[-96.86186410460483,32.81760598278321],[-96.86168390397154,32.817655316810956],[-96.86153785515137,32.81767299412672],[-96.86148453178035,32.817665627262464],[-96.86142815179095,32.81762830651306],[-96.86138809041617,32.81754992548266],[-96.86133226179439,32.81748370993239],[-96.86124744380206,32.81743027563618],[-96.86114664579415,32.81740319508047],[-96.86109851141629,32.817400430108755],[-96.86100342180777,32.817412888998334],[-96.86091676370519,32.81744821400619],[-96.86087267543546,32.81747907409636],[-96.86067503762072,32.81726301363723],[-96.86067529081467,32.81683182561508],[-96.86109047244199,32.81684095369569],[-96.8619322733362,32.81669664224705],[-96.86233167551535,32.8174650065315],[-96.86211529580669,32.81751142098648],[-96.86186410460483,32.81760598278321]]]},"properties":{"account":"00792600010020000","name":"RIVER BEND PARK","address":"1330 RIVER BEND DR","city":"DALLAS","owner":"HOLDINGS MOKABI LLC","kind":"office","class":"OFFICE BUILDING","year_built":"1981","sqft":41058,"units":0,"land_value":2355120,"building_value":44880,"total_value":2400000,"building_share":0.019,"note":"","deed_date":"12/09/2025","acres":2.78,"history":[[2021,833660,2600000],[2022,833660,2600000],[2023,833660,2600000],[2024,833660,2600000],[2025,833660,2600000],[2026,44880,2400000]],"lng":-96.861421,"lat":32.817134,"street_view":"https://www.google.com/maps/@?api=1&map_action=pano&viewpoint=32.817134,-96.861421"}},{"type":"Feature","geometry":{"type":"Polygon","coordinates":[[[-97.00727852251377,32.9121078136828],[-97.00727687977877,32.91268934244427],[-97.0054004887029,32.9126702933105],[-97.00540680402237,32.9120327427652],[-97.00673640449006,32.91204529563121],[-97.00710564214289,32.912098302723],[-97.00727852251377,32.9121078136828]]]},"properties":{"account":"32420300000010000","name":"(LAND VALUE) CABLETEX","address":"4405 REESE RD","city":"IRVING","owner":"7 6 HEMPSTEAD PARTNERS LP","kind":"industrial","class":"STORAGE WAREHOUSE","year_built":"1981","sqft":15519,"units":0,"land_value":2352240,"building_value":147760,"total_value":2500000,"building_share":0.059,"note":"","deed_date":"12/28/2023","acres":3.02,"history":[[2021,122040,1428840],[2022,32760,1862280],[2023,5530,1965730],[2024,147760,2500000],[2025,147760,2500000],[2026,147760,2500000]],"lng":-97.006341,"lat":32.912387,"street_view":"https://www.google.com/maps/@?api=1&map_action=pano&viewpoint=32.912387,-97.006341"}},{"type":"Feature","geometry":{"type":"Polygon","coordinates":[[[-96.83733034414304,32.82799110776088],[-96.83683880884178,32.828399598987005],[-96.83627921305134,32.82792587829245],[-96.83756018282833,32.82686146608652],[-96.83783681854653,32.827102402507364],[-96.83705549790652,32.82775172952418],[-96.83733034414304,32.82799110776088]]]},"properties":{"account":"005720000A0020000","name":"UNOCCUPIED","address":"6124 DENTON DR","city":"DALLAS","owner":"6124 DENTON DRIVE LLC","kind":"other","class":"AUTOMOTIVE SERVICE","year_built":"2008","sqft":51176,"units":0,"land_value":2337100,"building_value":237900,"total_value":2575000,"building_share":0.092,"note":"UNOCCUPIED","deed_date":"04/30/2024","acres":2.14,"history":[[2021,1237970,2500000],[2022,1237970,2500000],[2023,705320,2575000],[2024,705320,2575000],[2025,237900,2575000],[2026,237900,2575000]],"lng":-96.837167,"lat":32.827423,"street_view":"https://www.google.com/maps/@?api=1&map_action=pano&viewpoint=32.827423,-96.837167"}},{"type":"Feature","geometry":{"type":"Polygon","coordinates":[[[-96.80617804487184,32.79774081655882],[-96.80653495298287,32.797442066221066],[-96.8067411366847,32.7976177772449],[-96.80638422856111,32.79791652816992],[-96.80617804487184,32.79774081655882]]]},"properties":{"account":"000944000703A0000","name":"1ST FL 2906 MAPLE UNOCC","address":"2906 MAPLE AVE","city":"DALLAS","owner":"2906 MAPLE AVE LLC","kind":"office","class":"OFFICE BUILDING","year_built":"1963","sqft":14580,"units":0,"land_value":2329090,"building_value":100000,"total_value":2429090,"building_share":0.041,"note":"","deed_date":"06/13/2012","acres":0.32,"history":[[2021,1000,2086750],[2022,214250,2300000],[2023,214250,2300000],[2024,214250,2300000],[2025,125200,2350000],[2026,100000,2429090]],"lng":-96.80646,"lat":32.797679,"street_view":"https://www.google.com/maps/@?api=1&map_action=pano&viewpoint=32.797679,-96.806460"}},{"type":"Feature","geometry":{"type":"Polygon","coordinates":[[[-96.92555886957796,32.857662334328126],[-96.92565084469514,32.85771759790715],[-96.92575326535326,32.85775769242564],[-96.92574636166617,32.857868504806575],[-96.92590919044189,32.85786974918213],[-96.92592407358715,32.85804905563459],[-96.92594403558368,32.85813740665117],[-96.92600837882331,32.8583087525403],[-96.92610386155201,32.85846942028787],[-96.92642847403995,32.8588569428048],[-96.92591328441415,32.85932794985343],[-96.92594698667142,32.85948788810282],[-96.92584308098235,32.8594843802627],[-96.9258714230333,32.85930880428227],[-96.92586797526819,32.85913163019628],[-96.92583281720225,32.85895693443493],[-96.92580357154618,32.8588717767593],[-96.92572258843813,32.85870829163957],[-96.92561324048991,32.85855702494188],[-96.92551108044312,32.8584551081477],[-96.92545322370835,32.858409526016366],[-96.92532573248539,32.85833051321175],[-96.9251488600916,32.858253271210145],[-96.92509343550223,32.8579931871996],[-96.92555886957796,32.857662334328126]]]},"properties":{"account":"322588100G02A0000","name":"LAS COLINAS ASSOCIATION","address":"3838 TELEPORT BLVD","city":"IRVING","owner":"LAS COLINAS ASSOCIATION THE","kind":"office","class":"OFFICE BUILDING","year_built":"1985","sqft":15494,"units":0,"land_value":2298300,"building_value":96700,"total_value":2395000,"building_share":0.04,"note":"","deed_date":"04/17/2014","acres":2.3,"history":[[2021,2305180,2555000],[2022,2200180,2450000],[2023,1910300,2310000],[2024,1595590,2395000],[2025,96700,2395000],[2026,96700,2395000]],"lng":-96.925927,"lat":32.858598,"street_view":"https://www.google.com/maps/@?api=1&map_action=pano&viewpoint=32.858598,-96.925927"}},{"type":"Feature","geometry":{"type":"Polygon","coordinates":[[[-96.82992334512302,32.835500971870815],[-96.82962636424323,32.83509042165614],[-96.83012652795101,32.834832551123206],[-96.8304602061946,32.8352524033005],[-96.83050193343293,32.83533149368348],[-96.83051273553146,32.83537391863771],[-96.83051319070006,32.83546049872446],[-96.83050283507058,32.83550300295374],[-96.83032441880137,32.83600664074635],[-96.82992334512302,32.835500971870815]]]},"properties":{"account":"005696000001A0000","name":"LOVE FIELD FINANCIAL CENTER","address":"6310 LEMMON AVE","city":"DALLAS","owner":"LOVE FIELD FINANCIAL","kind":"office","class":"OFFICE BUILDING","year_built":"1979","sqft":26626,"units":0,"land_value":2276600,"building_value":10000,"total_value":2286600,"building_share":0.004,"note":"","deed_date":"02/04/1993","acres":1.33,"history":[[2021,1000,1993030],[2022,48970,2041000],[2023,48970,2041000],[2024,10000,2002030],[2025,10000,2286600],[2026,10000,2286600]],"lng":-96.830194,"lat":32.835435,"street_view":"https://www.google.com/maps/@?api=1&map_action=pano&viewpoint=32.835435,-96.830194"}},{"type":"Feature","geometry":{"type":"Polygon","coordinates":[[[-96.78031617577143,32.79802687437465],[-96.7798639721962,32.79839649418526],[-96.77939548669545,32.79798760927323],[-96.7798476901384,32.79761799115322],[-96.77983282090686,32.79760501456764],[-96.78000821963366,32.79746164742582],[-96.78003125886492,32.797481754047226],[-96.78007721438243,32.797444192223665],[-96.78019168567675,32.797541324186426],[-96.77996984197604,32.797723406736786],[-96.78031617577143,32.79802687437465]]]},"properties":{"account":"00072300110010000","name":"AT T CHILLERPLANT","address":"4200 BRYAN ST","city":"DALLAS","owner":"AT & T CORP","kind":"other","class":"SPECIAL","year_built":"1999","sqft":23825,"units":0,"land_value":2276250,"building_value":258720,"total_value":2534970,"building_share":0.102,"note":"","deed_date":"05/01/1996","acres":1.05,"history":[[2021,622920,2534970],[2022,622920,2534970],[2023,258720,2534970],[2024,258720,2534970],[2025,258720,2534970],[2026,258720,2534970]],"lng":-96.779843,"lat":32.797858,"street_view":"https://www.google.com/maps/@?api=1&map_action=pano&viewpoint=32.797858,-96.779843"}},{"type":"Feature","geometry":{"type":"Polygon","coordinates":[[[-96.83636462467318,32.83036341631938],[-96.83521396176634,32.8313257212314],[-96.83480741189163,32.83098581289687],[-96.83601177712931,32.82998518907438],[-96.8363649879945,32.8303051657158],[-96.83636462467318,32.83036341631938]]]},"properties":{"account":"00000429757000000","name":"PARK PLACE VOLVO","address":"6262 CEDAR SPRINGS RD","city":"DALLAS","owner":"ASBURY DALLAS VOL LLC","kind":"industrial","class":"STORAGE WAREHOUSE","year_built":"1965","sqft":32510,"units":0,"land_value":2250980,"building_value":349020,"total_value":2600000,"building_share":0.134,"note":"","deed_date":"05/20/2021","acres":2.06,"history":[[2021,10000,1225530],[2022,39450,1300000],[2023,24410,1375000],[2024,1000,1576680],[2025,499020,2750000],[2026,349020,2600000]],"lng":-96.835609,"lat":32.830656,"street_view":"https://www.google.com/maps/@?api=1&map_action=pano&viewpoint=32.830656,-96.835609"}},{"type":"Feature","geometry":{"type":"Polygon","coordinates":[[[-96.85885993716538,32.80700650861072],[-96.86004457203003,32.80626983816238],[-96.8599539844883,32.80689410494924],[-96.85943140960423,32.80816732830256],[-96.85897876972427,32.80824115050836],[-96.85885993716538,32.80700650861072]]]},"properties":{"account":"00000575956000000","name":"PALFLEET EQUIPMENT","address":"3030 IRVING BLVD","city":"DALLAS","owner":"GOODELL CORPORATION THE","kind":"industrial","class":"STORAGE WAREHOUSE","year_built":"1957","sqft":12960,"units":0,"land_value":2242320,"building_value":86520,"total_value":2328840,"building_share":0.037,"note":"","deed_date":"07/24/1997","acres":3.31,"history":[[2021,377190,1300940],[2022,419150,1342900],[2023,9760,1729000],[2024,9760,1729000],[2025,86520,1805760],[2026,86520,2328840]],"lng":-96.859358,"lat":32.807159,"street_view":"https://www.google.com/maps/@?api=1&map_action=pano&viewpoint=32.807159,-96.859358"}},{"type":"Feature","geometry":{"type":"Polygon","coordinates":[[[-96.80647561457108,32.78160760725491],[-96.80665627891918,32.781572156252345],[-96.80686169035306,32.78231131212298],[-96.80677238102422,32.78238301431436],[-96.80631603693584,32.781929569477064],[-96.80655220117106,32.781883233500494],[-96.80647561457108,32.78160760725491]]]},"properties":{"account":"00000100192000000","name":"MUSEUM OF ILLUSIONS/GATORS/KOKOPELLI SWEETS","address":"701 ROSS AVE","city":"DALLAS","owner":"WEDGE RETAIL LLC","kind":"retail","class":"RETAIL STRIP","year_built":"1925","sqft":13705,"units":0,"land_value":2242070,"building_value":200000,"total_value":2442070,"building_share":0.082,"note":"","deed_date":"03/18/2026","acres":0.49,"history":[[2021,724270,3050000],[2022,924270,3250000],[2023,1024270,3350000],[2024,643660,3180820],[2025,738640,3275800],[2026,200000,2442070]],"lng":-96.806591,"lat":32.782016,"street_view":"https://www.google.com/maps/@?api=1&map_action=pano&viewpoint=32.782016,-96.806591"}},{"type":"Feature","geometry":{"type":"Polygon","coordinates":[[[-96.8131534879224,32.80377503281192],[-96.81275655337551,32.80342886587931],[-96.81303741137062,32.80319375952594],[-96.81343434593536,32.803539926943415],[-96.8131534879224,32.80377503281192]]]},"properties":{"account":"00000138193000000","name":"LAW OFFICES OF JOSEPH E ASHMORE","address":"3636 MAPLE AVE","city":"DALLAS","owner":"3636 MAPLE LTD","kind":"office","class":"OFFICE BUILDING","year_built":"1948","sqft":11214,"units":0,"land_value":2232510,"building_value":97490,"total_value":2330000,"building_share":0.042,"note":"","deed_date":"12/23/2009","acres":0.49,"history":[[2021,266730,2074000],[2022,392730,2200000],[2023,180110,2200000],[2024,310110,2330000],[2025,97490,2330000],[2026,97490,2330000]],"lng":-96.8131,"lat":32.803488,"street_view":"https://www.google.com/maps/@?api=1&map_action=pano&viewpoint=32.803488,-96.813100"}},{"type":"Feature","geometry":{"type":"Polygon","coordinates":[[[-96.98475615285282,32.893988906570975],[-96.98510676658802,32.893641860264005],[-96.9852402425875,32.89372192106883],[-96.98520262637624,32.89616632078874],[-96.98440276418258,32.8961650309498],[-96.98443181394849,32.89592134932057],[-96.98446582179903,32.89543241563893],[-96.98447200225775,32.894637799980025],[-96.9844868620506,32.89448151504185],[-96.98450510021,32.89440458522232],[-96.98456263569369,32.89425550148158],[-96.98464700719326,32.894115804030506],[-96.98475615285282,32.893988906570975]]]},"properties":{"account":"32665000000020100","name":"GATEWAY COMMERCE","address":"2801 GATEWAY DR","city":"IRVING","owner":"SDCO GATEWAY COMMERCE","kind":"office","class":"OFFICE BUILDING","year_built":"1998","sqft":31506,"units":0,"land_value":2223960,"building_value":10000,"total_value":2233960,"building_share":0.004,"note":"","deed_date":"02/10/2005","acres":4.34,"history":[[2021,2087690,3385000],[2022,2342330,3639640],[2023,2330560,3627870],[2024,1016990,3240950],[2025,400630,2624590],[2026,10000,2233960]],"lng":-96.984847,"lat":32.894917,"street_view":"https://www.google.com/maps/@?api=1&map_action=pano&viewpoint=32.894917,-96.984847"}},{"type":"Feature","geometry":{"type":"Polygon","coordinates":[[[-96.76076115938088,32.81393679580077],[-96.76140376813505,32.813940335546235],[-96.76139059844671,32.81446608218074],[-96.76075206210085,32.8144605375324],[-96.76076115938088,32.81393679580077]]]},"properties":{"account":"00000202129000000","name":"TOP SMILE/EAST DALLAS DEVELOPMENT CORP","address":"2010 SKILLMAN ST","city":"DALLAS","owner":"AP SKILLMAN LP","kind":"office","class":"OFFICE BUILDING","year_built":"1974","sqft":10355,"units":0,"land_value":2217120,"building_value":16130,"total_value":2233250,"building_share":0.007,"note":"","deed_date":"09/11/2024","acres":0.86,"history":[[2021,1160,1553140],[2022,1160,1553140],[2023,2000,1553980],[2024,2000,1849600],[2025,16130,2233250],[2026,16130,2233250]],"lng":-96.761077,"lat":32.814201,"street_view":"https://www.google.com/maps/@?api=1&map_action=pano&viewpoint=32.814201,-96.761077"}},{"type":"Feature","geometry":{"type":"Polygon","coordinates":[[[-96.80639082012898,32.8133631617002],[-96.80675438230787,32.81306289953802],[-96.80712949568468,32.81339055894312],[-96.80676616274621,32.813687762836125],[-96.80639082012898,32.8133631617002]]]},"properties":{"account":"00000148855000000","name":"3906 LEMMON AVE (UNOCC)","address":"3906 LEMMON AVE","city":"DALLAS","owner":"HEB GROCERY COMPANY LP","kind":"office","class":"OFFICE BUILDING","year_built":"1985","sqft":17360,"units":1,"land_value":2214080,"building_value":10000,"total_value":2224080,"building_share":0.004,"note":"","deed_date":"11/30/2017","acres":0.59,"history":[[2021,496030,2449630],[2022,496030,2449630],[2023,235550,2449630],[2024,505230,2550000],[2025,505230,2550000],[2026,10000,2224080]],"lng":-96.806757,"lat":32.813374,"street_view":"https://www.google.com/maps/@?api=1&map_action=pano&viewpoint=32.813374,-96.806757"}},{"type":"Feature","geometry":{"type":"Polygon","coordinates":[[[-96.89886510522517,32.80806818627516],[-96.89805688511981,32.808067238357204],[-96.89805258956582,32.80782163956818],[-96.89823693575873,32.80750608767623],[-96.8982381869695,32.80683166091293],[-96.8988254573835,32.80683143799506],[-96.89882444043856,32.80649939230642],[-96.90034196556594,32.80698910907898],[-96.90063654527584,32.8071095231442],[-96.90077951294309,32.80717680376735],[-96.90105575017009,32.80732501632406],[-96.90118861240781,32.80740572972158],[-96.90103164887438,32.80754952560835],[-96.90027010438618,32.80784858370201],[-96.89886510522517,32.80806818627516]]]},"properties":{"account":"00000766924000100","name":"(LAND VALUE) TRANS FREIGHT","address":"4700 IRVING BLVD","city":"DALLAS","owner":"TRANS FREIGHT INC","kind":"other","class":"SHIPPING DOCK/TRUCK TERMINAL","year_built":"1966","sqft":13720,"units":0,"land_value":2200850,"building_value":238570,"total_value":2439420,"building_share":0.098,"note":"","deed_date":"09/06/2011","acres":7.79,"history":[[2021,60980,1500000],[2022,60980,1500000],[2023,60980,1500000],[2024,465020,1904040],[2025,465020,1904040],[2026,238570,2439420]],"lng":-96.899612,"lat":32.807269,"street_view":"https://www.google.com/maps/@?api=1&map_action=pano&viewpoint=32.807269,-96.899612"}},{"type":"Feature","geometry":{"type":"Polygon","coordinates":[[[-96.83810530484024,32.82194614444252],[-96.83846958871126,32.821636085240115],[-96.83909224492568,32.822154537109036],[-96.8387281849754,32.822458990263314],[-96.83810530484024,32.82194614444252]]]},"properties":{"account":"0023710D0022A0000","name":"MAPLEWOOD PLACE","address":"2424 STUTZ RD","city":"DALLAS","owner":"2424 STUTZ LLC","kind":"office","class":"OFFICE BUILDING","year_built":"1986","sqft":15694,"units":0,"land_value":2200000,"building_value":100000,"total_value":2300000,"building_share":0.043,"note":"","deed_date":"06/20/2024","acres":0.97,"history":[[2021,28870,1348870],[2022,1000,1541000],[2023,1000,1541000],[2024,1000,1541000],[2025,300000,2500000],[2026,100000,2300000]],"lng":-96.838599,"lat":32.82205,"street_view":"https://www.google.com/maps/@?api=1&map_action=pano&viewpoint=32.822050,-96.838599"}},{"type":"Feature","geometry":{"type":"Polygon","coordinates":[[[-96.83065583816602,32.82929089745756],[-96.8311976056642,32.82975006952665],[-96.83038656474245,32.83042822617368],[-96.82953624108542,32.8297092063676],[-96.82980603728993,32.82966258851726],[-96.83006704530696,32.82958843794143],[-96.83031533927567,32.829487869957156],[-96.83043354240077,32.82942813720557],[-96.83065583816602,32.82929089745756]]]},"properties":{"account":"00000429727000000","name":"PARK PLACE BODY WERKS","address":"3316 ATWELL ST","city":"DALLAS","owner":"ASBURY DALLAS MB LLC","kind":"other","class":"AUTOMOTIVE SERVICE","year_built":"1949","sqft":42202,"units":0,"land_value":2191680,"building_value":91020,"total_value":2282700,"building_share":0.04,"note":"","deed_date":"05/20/2021","acres":2.29,"history":[[2021,55670,1550000],[2022,55670,1550000],[2023,143170,1637500],[2024,1000,1744390],[2025,180000,2371680],[2026,91020,2282700]],"lng":-96.830382,"lat":32.830084,"street_view":"https://www.google.com/maps/@?api=1&map_action=pano&viewpoint=32.830084,-96.830382"}},{"type":"Feature","geometry":{"type":"Polygon","coordinates":[[[-96.83443981631265,32.7778310240782],[-96.83444442425282,32.77718118832826],[-96.83568026826076,32.77717710266783],[-96.83566625426222,32.777810841672526],[-96.83443981631265,32.7778310240782]]]},"properties":{"account":"00000703651000000","name":"TNT EQUIPMENT","address":"2816 SYLVAN AVE","city":"DALLAS","owner":"2920 SYLVAN LLC","kind":"other","class":"AUTOMOTIVE SERVICE","year_built":"1967","sqft":12186,"units":0,"land_value":2184500,"building_value":2000,"total_value":2186500,"building_share":0.001,"note":"","deed_date":"01/04/2019","acres":2.03,"history":[[2021,472540,1783240],[2022,10300,1757900],[2023,2000,2186500],[2024,2000,2186500],[2025,2000,2186500],[2026,2000,2186500]],"lng":-96.835057,"lat":32.777566,"street_view":"https://www.google.com/maps/@?api=1&map_action=pano&viewpoint=32.777566,-96.835057"}},{"type":"Feature","geometry":{"type":"Polygon","coordinates":[[[-96.79108303203749,32.818039480932086],[-96.7912034048362,32.817813940165216],[-96.79106095203406,32.81775973141223],[-96.79114120041007,32.817609371382936],[-96.791675401783,32.81781265650262],[-96.7914747805226,32.81818855662007],[-96.79108303203749,32.818039480932086]]]},"properties":{"account":"00000158413000000","name":"HILTON ARMS","address":"4246 COLE AVE","city":"DALLAS","owner":"ASD COLE & LEE","kind":"apartments","class":"APARTMENT (BRICK EXTERIOR)","year_built":"1963","sqft":16240,"units":18,"land_value":2181820,"building_value":8180,"total_value":2190000,"building_share":0.004,"note":"","deed_date":"12/20/2024","acres":0.52,"history":[[2021,1000,2155600],[2022,1000,2155600],[2023,1000,2269000],[2024,57700,2269000],[2025,463600,2845000],[2026,8180,2190000]],"lng":-96.791389,"lat":32.817907,"street_view":"https://www.google.com/maps/@?api=1&map_action=pano&viewpoint=32.817907,-96.791389"}},{"type":"Feature","geometry":{"type":"Polygon","coordinates":[[[-96.81628960676252,32.74705747280377],[-96.8165153952799,32.74737381346609],[-96.81657686919515,32.74737413331317],[-96.8165725537131,32.74820483830784],[-96.81624728912733,32.74820341151488],[-96.81624897803304,32.74792854023479],[-96.81576108267153,32.74792639914335],[-96.81576477121675,32.74732665887066],[-96.81628960676252,32.74705747280377]]]},"properties":{"account":"00000252673000000","name":"549 E JEFFERSON BLVD","address":"549 E JEFFERSON BLVD","city":"DALLAS","owner":"549 E JEFFERSON BLVD LLC","kind":"other","class":"CHURCH BUILDING","year_built":"1950","sqft":35573,"units":0,"land_value":2172740,"building_value":15000,"total_value":2187740,"building_share":0.007,"note":"","deed_date":"03/01/2023","acres":1.72,"history":[[2021,50000,1398650],[2022,50000,1698350],[2023,248810,1900000],[2024,23650,1900000],[2025,15010,2079000],[2026,15000,2187740]],"lng":-96.81617,"lat":32.74752,"street_view":"https://www.google.com/maps/@?api=1&map_action=pano&viewpoint=32.747520,-96.816170"}},{"type":"Feature","geometry":{"type":"Polygon","coordinates":[[[-96.88653039985462,32.65731128592854],[-96.88483564815363,32.656474280083266],[-96.88571441151134,32.65503073427792],[-96.8857573448462,32.65502016002215],[-96.88742161510125,32.65584236495252],[-96.88653039985462,32.65731128592854]]]},"properties":{"account":"006932000502A0000","name":"GANNON PLAZA","address":"7401 S WESTMORELAND RD","city":"DALLAS","owner":"126 GANNON PLAZA LLC","kind":"retail","class":"SHOPPING CENTER","year_built":"1984","sqft":116811,"units":0,"land_value":2171900,"building_value":15000,"total_value":2186900,"building_share":0.007,"note":"","deed_date":"02/17/2011","acres":8.31,"history":[[2021,5000,1380540],[2022,5000,1380540],[2023,5000,1380540],[2024,5000,1380540],[2025,5000,1380540],[2026,15000,2186900]],"lng":-96.886129,"lat":32.656158,"street_view":"https://www.google.com/maps/@?api=1&map_action=pano&viewpoint=32.656158,-96.886129"}},{"type":"Feature","geometry":{"type":"Polygon","coordinates":[[[-96.81724526020126,32.79707779102123],[-96.81711227298153,32.79700590059412],[-96.81685632565161,32.7968497562629],[-96.81731244073666,32.79618559184893],[-96.81772064226796,32.796385567532624],[-96.81724526020126,32.79707779102123]]]},"properties":{"account":"00000137773000000","name":"STEMMONS BUSINESS PARK","address":"1625 N STEMMONS FWY","city":"DALLAS","owner":"1625 N STEMMONS LLC","kind":"office","class":"OFFICE/SHOWROOM","year_built":"1962","sqft":13492,"units":0,"land_value":2171510,"building_value":204030,"total_value":2375540,"building_share":0.086,"note":"","deed_date":"09/15/2004","acres":0.95,"history":[[2021,1000,1663400],[2022,1000,1975100],[2023,1000,2286800],[2024,1000,2286800],[2025,194290,2365800],[2026,204030,2375540]],"lng":-96.817288,"lat":32.796618,"street_view":"https://www.google.com/maps/@?api=1&map_action=pano&viewpoint=32.796618,-96.817288"}},{"type":"Feature","geometry":{"type":"Polygon","coordinates":[[[-96.8387178353693,32.93912046129341],[-96.83766232017362,32.939109874831296],[-96.83767497630565,32.93835870687928],[-96.83876284295002,32.93836073269331],[-96.8387178353693,32.93912046129341]]]},"properties":{"account":"24122700000010000","name":"CINGULAR WIRELESS","address":"13900 MIDWAY RD","city":"FARMERS BRANCH","owner":"SW BELL WIRELESS","kind":"office","class":"OFFICE BUILDING","year_built":"1979","sqft":27000,"units":0,"land_value":2163020,"building_value":368240,"total_value":2531260,"building_share":0.145,"note":"","deed_date":"06/28/1991","acres":2.07,"history":[[2021,1348740,2250000],[2022,1630000,2531260],[2023,1449750,2531260],[2024,1449750,2531260],[2025,368240,2531260],[2026,368240,2531260]],"lng":-96.838204,"lat":32.93874,"street_view":"https://www.google.com/maps/@?api=1&map_action=pano&viewpoint=32.938740,-96.838204"}},{"type":"Feature","geometry":{"type":"Polygon","coordinates":[[[-96.80771226930918,32.81541973042269],[-96.80733536243173,32.81573066445852],[-96.80699199619315,32.81544063716079],[-96.80737187372594,32.81512757280322],[-96.80771226930918,32.81541973042269]]]},"properties":{"account":"00000160576000000","name":"THE FAIRFIELD","address":"4026 BOWSER AVE","city":"DALLAS","owner":"4026 BOWSER LLC","kind":"apartments","class":"APARTMENT (BRICK EXTERIOR)","year_built":"1961","sqft":13560,"units":17,"land_value":2160000,"building_value":206210,"total_value":2366210,"building_share":0.087,"note":"","deed_date":"01/29/2026","acres":0.56,"history":[[2021,1000,1441000],[2022,10000,1630000],[2023,45000,1725000],[2024,443170,2123170],[2025,506900,2186900],[2026,206210,2366210]],"lng":-96.807352,"lat":32.81543,"street_view":"https://www.google.com/maps/@?api=1&map_action=pano&viewpoint=32.815430,-96.807352"}},{"type":"Feature","geometry":{"type":"Polygon","coordinates":[[[-96.82604067109482,32.74459192951225],[-96.82507865122149,32.74458941659709],[-96.82508027522276,32.74424299818986],[-96.82571967557256,32.74424482221282],[-96.82571994926042,32.74423031070671],[-96.82588119181649,32.744230668116735],[-96.82588064554497,32.74424583573305],[-96.82604135185069,32.744245306003826],[-96.82604067109482,32.74459192951225]]]},"properties":{"account":"00000255655000000","name":"NOVEDADES/AVITA DRUGS/TRINITY HEALTH & WELLNESS","address":"219 SUNSET AVE","city":"DALLAS","owner":"219 SUNSET BA LLC","kind":"office","class":"OFFICE BUILDING","year_built":"1981","sqft":17812,"units":0,"land_value":2156000,"building_value":44000,"total_value":2200000,"building_share":0.02,"note":"","deed_date":"12/18/2019","acres":0.86,"history":[[2021,53710,1208710],[2022,23260,1563260],[2023,160000,1700000],[2024,63750,1700000],[2025,10000,1935000],[2026,44000,2200000]],"lng":-96.82556,"lat":32.744417,"street_view":"https://www.google.com/maps/@?api=1&map_action=pano&viewpoint=32.744417,-96.825560"}},{"type":"Feature","geometry":{"type":"Polygon","coordinates":[[[-96.76709328947321,32.90825687283534],[-96.76719759844705,32.90780600724128],[-96.76721032303507,32.90771507758886],[-96.76721865983077,32.907502127445504],[-96.76790695591508,32.90751720115276],[-96.76789590881206,32.90776923644542],[-96.76791311348701,32.908002705709904],[-96.76788052925104,32.90800249303253],[-96.76788534232547,32.9080677872285],[-96.76791792655855,32.908068001278764],[-96.7679215945626,32.90811776790278],[-96.76759056176904,32.90812622809577],[-96.76761236973793,32.908497683795886],[-96.76757398137866,32.90851587093858],[-96.76753070823635,32.90862220785638],[-96.76753786800984,32.90877774003353],[-96.76710986978841,32.908813873300836],[-96.76708098320289,32.908449521565686],[-96.76709328947321,32.90825687283534]]]},"properties":{"account":"00000767540000000","name":"ONE FOREST CENTRE","address":"11615 FOREST CENTRAL DR","city":"DALLAS","owner":"CLOISTER PROPERTIES LLC","kind":"office","class":"OFFICE BUILDING","year_built":"1980","sqft":51450,"units":0,"land_value":2142700,"building_value":357300,"total_value":2500000,"building_share":0.143,"note":"","deed_date":"10/29/2014","acres":1.96,"history":[[2021,1014380,2300000],[2022,1014380,2300000],[2023,1214380,2500000],[2024,1314380,2600000],[2025,457300,2600000],[2026,357300,2500000]],"lng":-96.767351,"lat":32.908205,"street_view":"https://www.google.com/maps/@?api=1&map_action=pano&viewpoint=32.908205,-96.767351"}},{"type":"Feature","geometry":{"type":"Polygon","coordinates":[[[-96.84397933345902,32.829635316684545],[-96.84375046757692,32.829823824993845],[-96.84313450820541,32.82927661777031],[-96.84337995052361,32.82908027104642],[-96.84397933345902,32.829635316684545]]]},"properties":{"account":"00000222643000000","name":"(68,527 SQFT ECU) MOCKINGBIRD DEPOT","address":"2615 W MOCKINGBIRD LN","city":"DALLAS","owner":"SPC MOCKINGBIRD DEPOT","kind":"office","class":"OFFICE/SHOWROOM","year_built":"1948","sqft":16781,"units":0,"land_value":2140200,"building_value":10000,"total_value":2150200,"building_share":0.005,"note":"","deed_date":"08/02/2013","acres":0.64,"history":[[2021,1000,1385000],[2022,1000,1427800],[2023,1000,1484870],[2024,858180,2342050],[2025,1012740,2496610],[2026,10000,2150200]],"lng":-96.843561,"lat":32.829456,"street_view":"https://www.google.com/maps/@?api=1&map_action=pano&viewpoint=32.829456,-96.843561"}},{"type":"Feature","geometry":{"type":"Polygon","coordinates":[[[-96.78236884103013,32.800923647714],[-96.78211552329232,32.801134817861545],[-96.78121920363797,32.800368026371196],[-96.78147392670566,32.80015656268226],[-96.78236884103013,32.800923647714]]]},"properties":{"account":"00000118021000000","name":"CROSSFIT214","address":"4226 ROSS AVE","city":"DALLAS","owner":"AHC ROSS II LP","kind":"office","class":"OFFICE BUILDING","year_built":"1922","sqft":15578,"units":0,"land_value":2138750,"building_value":10000,"total_value":2148750,"building_share":0.005,"note":"","deed_date":"02/14/2022","acres":0.99,"history":[[2021,1000,2145200],[2022,287510,2426260],[2023,10000,2148750],[2024,10000,2148750],[2025,10000,2148750],[2026,10000,2148750]],"lng":-96.781897,"lat":32.800733,"street_view":"https://www.google.com/maps/@?api=1&map_action=pano&viewpoint=32.800733,-96.781897"}},{"type":"Feature","geometry":{"type":"Polygon","coordinates":[[[-96.78501779885667,32.873370955992996],[-96.78316469628598,32.87335246174063],[-96.78316930866788,32.87253637114747],[-96.78665886478589,32.872571164332975],[-96.78664717819369,32.87334046419589],[-96.78662408649255,32.87335947648148],[-96.78599547428394,32.87335321284596],[-96.78501779885667,32.873370955992996]]]},"properties":{"account":"00000403069000000","name":"DALLAS WOMENS CLUB","address":"7000 PARK LN","city":"DALLAS","owner":"DALLAS WOMANS CLUB","kind":"other","class":"COUNTRY CLUB","year_built":"1979","sqft":27129,"units":0,"land_value":2136640,"building_value":1000,"total_value":2137640,"building_share":0.0,"note":"","deed_date":"03/03/1986","acres":7.21,"history":[[2021,1000,2011950],[2022,1000,2011950],[2023,1000,2011950],[2024,1000,2011950],[2025,1000,2137640],[2026,1000,2137640]],"lng":-96.78491,"lat":32.872938,"street_view":"https://www.google.com/maps/@?api=1&map_action=pano&viewpoint=32.872938,-96.784910"}},{"type":"Feature","geometry":{"type":"Polygon","coordinates":[[[-96.83280793398305,32.93717148416366],[-96.83379594341056,32.93718007656598],[-96.8337893451944,32.93801794229105],[-96.83279788621427,32.93793768592822],[-96.83280793398305,32.93717148416366]]]},"properties":{"account":"24131500030020000","name":"UNITED PROTECTIVE SERVICES","address":"4455 SIGMA RD","city":"FARMERS BRANCH","owner":"4455 SIGMA ROAD","kind":"office","class":"OFFICE BUILDING","year_built":"1975","sqft":19097,"units":0,"land_value":2132690,"building_value":25000,"total_value":2157690,"building_share":0.012,"note":"","deed_date":"06/25/2021","acres":2.03,"history":[[2021,508800,1130000],[2022,791530,1458000],[2023,391660,1458000],[2024,391660,1458000],[2025,25000,2157690],[2026,25000,2157690]],"lng":-96.833298,"lat":32.937561,"street_view":"https://www.google.com/maps/@?api=1&map_action=pano&viewpoint=32.937561,-96.833298"}},{"type":"Feature","geometry":{"type":"Polygon","coordinates":[[[-96.77892269454105,32.80374721462796],[-96.77849556660483,32.80337839950727],[-96.77893743664802,32.80301349631594],[-96.77939173856687,32.80340883387404],[-96.7789910530491,32.803747550190934],[-96.77892269454105,32.80374721462796]]]},"properties":{"account":"00064800010060000","name":"PIZZA HUT & RETAIL STRIP","address":"4540 ROSS AVE","city":"DALLAS","owner":"PRESCOTT INTERESTS MIDWAY PLAZA LTD","kind":"retail","class":"RETAIL STRIP","year_built":"2013","sqft":10380,"units":0,"land_value":2113100,"building_value":290630,"total_value":2403730,"building_share":0.121,"note":"","deed_date":"09/05/2014","acres":0.87,"history":[[2021,232100,1961000],[2022,129000,2050000],[2023,179000,2100000],[2024,277900,2198900],[2025,404000,2325000],[2026,290630,2403730]],"lng":-96.778934,"lat":32.803279,"street_view":"https://www.google.com/maps/@?api=1&map_action=pano&viewpoint=32.803279,-96.778934"}},{"type":"Feature","geometry":{"type":"Polygon","coordinates":[[[-96.83835616740457,32.956686898200125],[-96.83834920542616,32.957887078282496],[-96.83823461968716,32.95798923102859],[-96.83737890670943,32.95798544701385],[-96.83738119652618,32.9566832059676],[-96.83835616740457,32.956686898200125]]]},"properties":{"account":"10000909609000000","name":"DENT CENTER","address":"15200 MIDWAY RD","city":"ADDISON","owner":"SBLFT OF I LTD","kind":"industrial","class":"STORAGE WAREHOUSE","year_built":"1971","sqft":30240,"units":0,"land_value":2111790,"building_value":307410,"total_value":2419200,"building_share":0.127,"note":"","deed_date":"04/30/2020","acres":3.23,"history":[[2021,526360,1371080],[2022,526360,1371080],[2023,589370,1434090],[2024,861850,1706570],[2025,88210,2200000],[2026,307410,2419200]],"lng":-96.837866,"lat":32.957285,"street_view":"https://www.google.com/maps/@?api=1&map_action=pano&viewpoint=32.957285,-96.837866"}},{"type":"Feature","geometry":{"type":"Polygon","coordinates":[[[-96.79325961723951,32.77469740905684],[-96.79332360551494,32.774752582032285],[-96.7924938590014,32.77545532338706],[-96.79241906039792,32.77545292165541],[-96.79189042275993,32.77501702146645],[-96.79325961723951,32.77469740905684]]]},"properties":{"account":"000105001101A0000","name":"ECU-MILLET THE PRINTER","address":"1000 S ERVAY ST","city":"DALLAS","owner":"MILLET THE PRINTER INC","kind":"industrial","class":"LIGHT INDUSTRIAL","year_built":"1966","sqft":28721,"units":0,"land_value":2102000,"building_value":357440,"total_value":2459440,"building_share":0.145,"note":"","deed_date":"03/24/1986","acres":1.17,"history":[[2021,1000,1314750],[2022,40000,1353750],[2023,40000,1353750],[2024,10000,1586500],[2025,614050,2190550],[2026,357440,2459440]],"lng":-96.79245,"lat":32.775239,"street_view":"https://www.google.com/maps/@?api=1&map_action=pano&viewpoint=32.775239,-96.792450"}},{"type":"Feature","geometry":{"type":"Polygon","coordinates":[[[-96.85127315914359,32.81770573021702],[-96.85128422336533,32.819562871635995],[-96.85072828603607,32.81956069151313],[-96.85071668361802,32.81945514527519],[-96.85067191753059,32.819246632608724],[-96.85063890370026,32.81914436387056],[-96.85055216654133,32.81894551140375],[-96.85049873348088,32.8188495930353],[-96.8503726318361,32.81866637566058],[-96.85030038522243,32.81857968969359],[-96.85013870835861,32.818417612465446],[-96.85071578138125,32.8184204658947],[-96.85071591196998,32.81770458404135],[-96.85127315914359,32.81770573021702]]]},"properties":{"account":"006060000A06B0000","name":"BEN E KEITH COMPANY","address":"5920 WYCHE BLVD","city":"DALLAS","owner":"KEITH BEN E COMPANY","kind":"industrial","class":"STORAGE WAREHOUSE","year_built":"2008","sqft":33000,"units":0,"land_value":2088920,"building_value":10000,"total_value":2098920,"building_share":0.005,"note":"","deed_date":"02/10/1997","acres":3.23,"history":[[2021,361200,1753810],[2022,285920,1678530],[2023,368010,1760620],[2024,587390,1980000],[2025,140240,1881000],[2026,10000,2098920]],"lng":-96.850808,"lat":32.818629,"street_view":"https://www.google.com/maps/@?api=1&map_action=pano&viewpoint=32.818629,-96.850808"}},{"type":"Feature","geometry":{"type":"Polygon","coordinates":[[[-96.83027493788481,32.7795500716384],[-96.8302682255559,32.7787625746906],[-96.83029795256417,32.77872073835868],[-96.830343664414,32.77869878495421],[-96.8311941096502,32.77871151537441],[-96.83119438178552,32.77906796478831],[-96.83153067209126,32.77906990987724],[-96.83153115878656,32.779128919915806],[-96.83119317294141,32.779127053792195],[-96.8311989107456,32.779552193589126],[-96.83027493788481,32.7795500716384]]]},"properties":{"account":"00000672121000000","name":"ATHLETIC ZONE/OAKFIT/TX ELITE BARBERS/CULTURE CLUB","address":"423 SINGLETON BLVD","city":"DALLAS","owner":"GOLDEN TRINITY LLC","kind":"other","class":"RECREATION BUILDING","year_built":"1969","sqft":12810,"units":0,"land_value":2085200,"building_value":125000,"total_value":2210200,"building_share":0.057,"note":"","deed_date":"03/16/2023","acres":2.06,"history":[[2021,40380,1291500],[2022,114260,1584330],[2023,10000,2011790],[2024,10000,2095200],[2025,125000,2210200],[2026,125000,2210200]],"lng":-96.830731,"lat":32.779148,"street_view":"https://www.google.com/maps/@?api=1&map_action=pano&viewpoint=32.779148,-96.830731"}},{"type":"Feature","geometry":{"type":"Polygon","coordinates":[[[-96.76946930932012,32.90404146957651],[-96.76948442068426,32.903352452503505],[-96.77009906192717,32.903356720720964],[-96.7704807885632,32.90328682916074],[-96.77065265665092,32.90397343017678],[-96.76976905526908,32.904061264705724],[-96.76959822330923,32.904056813986685],[-96.76946930932012,32.90404146957651]]]},"properties":{"account":"00000705948000000","name":"11411 N CENTRAL","address":"11411 N CENTRAL EXPY","city":"DALLAS","owner":"NORTHHAVENCENTRAL","kind":"office","class":"OFFICE BUILDING","year_built":"1980","sqft":17342,"units":0,"land_value":2066420,"building_value":189830,"total_value":2256250,"building_share":0.084,"note":"","deed_date":"11/06/2018","acres":1.94,"history":[[2021,32980,1755000],[2022,93540,1850000],[2023,15780,1910000],[2024,69680,2050000],[2025,189830,2256250],[2026,189830,2256250]],"lng":-96.770023,"lat":32.903629,"street_view":"https://www.google.com/maps/@?api=1&map_action=pano&viewpoint=32.903629,-96.770023"}},{"type":"Feature","geometry":{"type":"Polygon","coordinates":[[[-97.00538437332087,32.91441153604402],[-97.00608254947296,32.91478769686458],[-97.00606201997108,32.915783371153395],[-97.0060588990108,32.91642387087612],[-97.00502821299963,32.91641895982852],[-97.00500817063934,32.9162814258267],[-97.00537521107186,32.91628317563591],[-97.00538437332087,32.91441153604402]]]},"properties":{"account":"32107800000000000","name":"DAYS INN","address":"4325 W JOHN W CARPENTER FWY","city":"IRVING","owner":"AMBE HOTELS LLC","kind":"hotel","class":"MOTEL","year_built":"1983","sqft":43613,"units":134,"land_value":2060010,"building_value":139990,"total_value":2200000,"building_share":0.064,"note":"","deed_date":"05/20/2010","acres":3.35,"history":[[2021,1355550,2500000],[2022,2155550,3300000],[2023,2533320,4250000],[2024,1449990,3510000],[2025,989990,3050000],[2026,139990,2200000]],"lng":-97.005723,"lat":32.91556,"street_view":"https://www.google.com/maps/@?api=1&map_action=pano&viewpoint=32.915560,-97.005723"}},{"type":"Feature","geometry":{"type":"Polygon","coordinates":[[[-96.8361521006588,32.93301144370614],[-96.83520103457745,32.93301110714896],[-96.8351998538014,32.9319898244282],[-96.83615167205606,32.93199292022392],[-96.8361521006588,32.93301144370614]]]},"properties":{"account":"24120600010010000","name":"ALPHA BUSINESS CENTER","address":"4300 ALPHA RD","city":"FARMERS BRANCH","owner":"KENNINGTON ALPHA BUSINESS","kind":"office","class":"OFFICE BUILDING","year_built":"1978","sqft":35092,"units":0,"land_value":2052760,"building_value":23530,"total_value":2076290,"building_share":0.011,"note":"","deed_date":"11/30/2017","acres":2.49,"history":[[2021,854200,1664500],[2022,824550,1634850],[2023,414200,1710680],[2024,414200,1710680],[2025,174400,1795000],[2026,23530,2076290]],"lng":-96.835676,"lat":32.932501,"street_view":"https://www.google.com/maps/@?api=1&map_action=pano&viewpoint=32.932501,-96.835676"}},{"type":"Feature","geometry":{"type":"Polygon","coordinates":[[[-96.82279341123386,32.82586708174707],[-96.82330656100713,32.82630568529924],[-96.82287215375558,32.826658419211306],[-96.82237539923713,32.82621027574921],[-96.82279341123386,32.82586708174707]]]},"properties":{"account":"00000427447000000","name":"AVONDALE PREMIER COLLECTIONS","address":"5333 LEMMON AVE","city":"DALLAS","owner":"LITHIA REAL ESTATE INC","kind":"other","class":"AUTOMOTIVE SERVICE","year_built":"1960","sqft":14220,"units":0,"land_value":2051700,"building_value":233300,"total_value":2285000,"building_share":0.102,"note":"","deed_date":"05/26/2021","acres":0.93,"history":[[2021,1053810,2490000],[2022,963810,2400000],[2023,963810,2400000],[2024,1063810,2500000],[2025,503470,2350000],[2026,233300,2285000]],"lng":-96.822828,"lat":32.826248,"street_view":"https://www.google.com/maps/@?api=1&map_action=pano&viewpoint=32.826248,-96.822828"}},{"type":"Feature","geometry":{"type":"Polygon","coordinates":[[[-96.81100997774534,32.818326257883214],[-96.8113591709532,32.81862613950515],[-96.8109912954581,32.8189278052777],[-96.81064187080234,32.81862811192312],[-96.81100997774534,32.818326257883214]]]},"properties":{"account":"00000161068000000","name":"4330  BOWSER AVE","address":"4330 BOWSER AVE","city":"DALLAS","owner":"4330 BOWSER LLC","kind":"apartments","class":"APARTMENT (BRICK EXTERIOR)","year_built":"1963","sqft":16146,"units":18,"land_value":2040000,"building_value":310000,"total_value":2350000,"building_share":0.132,"note":"","deed_date":"04/28/2023","acres":0.55,"history":[[2021,410000,1850000],[2022,400000,2200000],[2023,450000,2250000],[2024,396000,2196000],[2025,396000,2196000],[2026,310000,2350000]],"lng":-96.811001,"lat":32.818627,"street_view":"https://www.google.com/maps/@?api=1&map_action=pano&viewpoint=32.818627,-96.811001"}},{"type":"Feature","geometry":{"type":"Polygon","coordinates":[[[-96.79163390249388,32.81346278783667],[-96.79218650877644,32.81367507289801],[-96.79204674105605,32.81393756133914],[-96.79149382784837,32.81372593124573],[-96.79163390249388,32.81346278783667]]]},"properties":{"account":"00000157786000000","name":"4054 MCKINNEY","address":"4054 MCKINNEY AVE","city":"DALLAS","owner":"MCKINNEY AVE JV","kind":"office","class":"OFFICE BUILDING","year_built":"1971","sqft":24328,"units":0,"land_value":2038300,"building_value":178400,"total_value":2216700,"building_share":0.08,"note":"","deed_date":"","acres":0.45,"history":[[2021,3300,2041600],[2022,103300,2141600],[2023,178300,2216600],[2024,178300,2216600],[2025,178400,2216700],[2026,178400,2216700]],"lng":-96.79184,"lat":32.813701,"street_view":"https://www.google.com/maps/@?api=1&map_action=pano&viewpoint=32.813701,-96.791840"}},{"type":"Feature","geometry":{"type":"Polygon","coordinates":[[[-96.89955438653546,32.901332359820174],[-96.9023422020269,32.90132702896371],[-96.90233597445305,32.90243312130042],[-96.89960476614785,32.902438344302254],[-96.89955438653546,32.901332359820174]]]},"properties":{"account":"00000604490000000","name":"BISON LOGISTICS","address":"11529 EMERALD ST","city":"DALLAS","owner":"JORDAN 55 LLC","kind":"other","class":"SHIPPING DOCK/TRUCK TERMINAL","year_built":"1970","sqft":26908,"units":1,"land_value":2032460,"building_value":56540,"total_value":2089000,"building_share":0.027,"note":"","deed_date":"01/18/2017","acres":7.82,"history":[[2021,280650,1805000],[2022,111280,1805000],[2023,111280,1805000],[2024,111280,1805000],[2025,56540,2089000],[2026,56540,2089000]],"lng":-96.900959,"lat":32.901883,"street_view":"https://www.google.com/maps/@?api=1&map_action=pano&viewpoint=32.901883,-96.900959"}},{"type":"Feature","geometry":{"type":"Polygon","coordinates":[[[-96.81891722522992,32.7456920322871],[-96.81924275059826,32.74614412400407],[-96.81842147698839,32.74656723540061],[-96.81811257083356,32.74614123534132],[-96.81812742928895,32.746097011054545],[-96.81891722522992,32.7456920322871]]]},"properties":{"account":"003092010905A0000","name":"MARR BROTHERS","address":"423 E JEFFERSON BLVD","city":"DALLAS","owner":"MARR RUSSELL A &","kind":"industrial","class":"STORAGE WAREHOUSE","year_built":"1964","sqft":27900,"units":0,"land_value":2006380,"building_value":48230,"total_value":2054610,"building_share":0.023,"note":"","deed_date":"05/09/2016","acres":1.31,"history":[[2021,1000,1147500],[2022,1000,1434130],[2023,1000,1434130],[2024,1000,1720750],[2025,331250,2051000],[2026,48230,2054610]],"lng":-96.818677,"lat":32.74612,"street_view":"https://www.google.com/maps/@?api=1&map_action=pano&viewpoint=32.746120,-96.818677"}},{"type":"Feature","geometry":{"type":"Polygon","coordinates":[[[-96.68038040796245,32.905582058629356],[-96.68121854890623,32.90683239448154],[-96.67918978894104,32.90782766659791],[-96.67891642281118,32.907913974799136],[-96.67832119907438,32.90656771560485],[-96.67908639877743,32.90631617460475],[-96.67930503116898,32.9062327468969],[-96.6794855479705,32.90615335259823],[-96.67977478653093,32.90600385627759],[-96.67999494622063,32.90586997018048],[-96.68012812904401,32.9057785358895],[-96.68038040796245,32.905582058629356]]]},"properties":{"account":"26392610010010100","name":"SECO","address":"3345 MILLER PARK N","city":"GARLAND","owner":"TERMINAL INV LLC","kind":"other","class":"SHIPPING DOCK/TRUCK TERMINAL","year_built":"1987","sqft":28500,"units":0,"land_value":2003760,"building_value":1000,"total_value":2004760,"building_share":0.0,"note":"","deed_date":"12/28/2009","acres":8.81,"history":[[2021,1000,2004760],[2022,1000,2004760],[2023,1000,2004760],[2024,1000,2004760],[2025,1000,2004760],[2026,1000,2004760]],"lng":-96.679761,"lat":32.906707,"street_view":"https://www.google.com/maps/@?api=1&map_action=pano&viewpoint=32.906707,-96.679761"}},{"type":"Feature","geometry":{"type":"Polygon","coordinates":[[[-96.89062747670435,32.65661898191451],[-96.89037644707119,32.6566010013161],[-96.89020984379572,32.656559937032384],[-96.88940047608718,32.65624642736363],[-96.8892323884246,32.65619309515316],[-96.88923025858793,32.65483467321932],[-96.89118391621376,32.65482988580728],[-96.89118007022915,32.656219911620404],[-96.8906279109565,32.65622716176086],[-96.89062747670435,32.65661898191451]]]},"properties":{"account":"00000654168920000","name":"STE 100 VACANT / STE 200 CRUNCH FITNESS","address":"4350 GANNON LN","city":"DALLAS","owner":"SLINK HOLDGINS LLC SERIES DA","kind":"retail","class":"RETAIL STRIP","year_built":"1978","sqft":91696,"units":0,"land_value":1997320,"building_value":202680,"total_value":2200000,"building_share":0.092,"note":"VACANT","deed_date":"01/04/2016","acres":7.75,"history":[[2021,751340,1750000],[2022,751340,1750000],[2023,751340,1750000],[2024,751340,1750000],[2025,851340,1850000],[2026,202680,2200000]],"lng":-96.890207,"lat":32.655527,"street_view":"https://www.google.com/maps/@?api=1&map_action=pano&viewpoint=32.655527,-96.890207"}},{"type":"Feature","geometry":{"type":"Polygon","coordinates":[[[-96.80195607961763,32.924658495689386],[-96.80176030241208,32.924560086600685],[-96.80167146391258,32.92454749833045],[-96.80166995524064,32.92423792477384],[-96.80330946281723,32.92423589353783],[-96.80324974325683,32.92449037074957],[-96.80325114415218,32.924545636162165],[-96.80289250977731,32.92454696018846],[-96.80283647612626,32.92481075861302],[-96.80195607961763,32.924658495689386]]]},"properties":{"account":"00000732915850000","name":"NORTH DALLAS BANK","address":"12900 PRESTON RD","city":"DALLAS","owner":"NORTH DALLAS BANK & TR","kind":"office","class":"OFFICE BUILDING","year_built":"1977","sqft":14076,"units":0,"land_value":1991230,"building_value":8770,"total_value":2000000,"building_share":0.004,"note":"","deed_date":"","acres":1.75,"history":[[2021,8770,2000000],[2022,8770,2000000],[2023,8770,2000000],[2024,8770,2000000],[2025,8770,2000000],[2026,8770,2000000]],"lng":-96.802461,"lat":32.924507,"street_view":"https://www.google.com/maps/@?api=1&map_action=pano&viewpoint=32.924507,-96.802461"}},{"type":"Feature","geometry":{"type":"Polygon","coordinates":[[[-96.76980866678355,32.78475906622033],[-96.76897559419031,32.78454678789403],[-96.76920759205635,32.784163712810276],[-96.76939998647914,32.784209221523504],[-96.76941508800122,32.784169129801235],[-96.76923331761148,32.78412121230861],[-96.76935299679674,32.78392365028302],[-96.76963540142977,32.783992898973295],[-96.76959707974747,32.7840888868151],[-96.76965024644153,32.784104055306116],[-96.76968732186268,32.78400563501867],[-96.7702894194097,32.78415295118496],[-96.76977088507536,32.78483403097073],[-96.76975826802195,32.784828494665895],[-96.76980866678355,32.78475906622033]]]},"properties":{"account":"00000127375000000","name":"TEXAS ICE HOUSE - LAND CONTAM","address":"4008 COMMERCE ST","city":"DALLAS","owner":"4008 COMMERCE OPERATIONS","kind":"industrial","class":"DISTRIBUTION WAREHOUSE","year_built":"1913","sqft":26706,"units":0,"land_value":1976000,"building_value":99000,"total_value":2075000,"building_share":0.048,"note":"","deed_date":"02/26/2016","acres":1.62,"history":[[2021,1000,1036050],[2022,1000,1310800],[2023,1000,1310800],[2024,22000,1998000],[2025,560650,2536650],[2026,99000,2075000]],"lng":-96.769566,"lat":32.784424,"street_view":"https://www.google.com/maps/@?api=1&map_action=pano&viewpoint=32.784424,-96.769566"}},{"type":"Feature","geometry":{"type":"Polygon","coordinates":[[[-96.86636944103824,32.839876038282185],[-96.86619126565402,32.83990424918643],[-96.8660885904727,32.83993416736265],[-96.86603250643986,32.83979869028715],[-96.86603327317339,32.83949339343517],[-96.8669239958506,32.838743838503774],[-96.8677020995873,32.83938410171199],[-96.86720242152013,32.83982075901471],[-96.86716815631866,32.83977787879604],[-96.86708993922555,32.83973807771002],[-96.86699863080571,32.8397364892918],[-96.86691853781603,32.83977353638629],[-96.86688220914073,32.839815188540804],[-96.86687098144648,32.83983935686637],[-96.86686408354579,32.839890752706324],[-96.86687835521066,32.83994105467536],[-96.86691208644203,32.8399842355867],[-96.86680692169159,32.839939591344276],[-96.86663656147722,32.83989339460993],[-96.86645899327651,32.8398747695701],[-96.86636944103824,32.839876038282185]]]},"properties":{"account":"005771000A0020000","name":"ABILITY CONNECTION TEXAS","address":"8802 HARRY HINES BLVD","city":"DALLAS","owner":"VICEROY WADLEY LP","kind":"office","class":"OFFICE BUILDING","year_built":"1996","sqft":23903,"units":0,"land_value":1943210,"building_value":156790,"total_value":2100000,"building_share":0.075,"note":"","deed_date":"11/30/2015","acres":2.95,"history":[[2021,179790,2123000],[2022,179790,2123000],[2023,56790,2000000],[2024,156790,2100000],[2025,156790,2100000],[2026,156790,2100000]],"lng":-96.866934,"lat":32.839059,"street_view":"https://www.google.com/maps/@?api=1&map_action=pano&viewpoint=32.839059,-96.866934"}},{"type":"Feature","geometry":{"type":"Polygon","coordinates":[[[-96.87030514702366,32.80903988871873],[-96.87027504388702,32.81192616381266],[-96.86924741465144,32.81191349491197],[-96.86921566917515,32.81190551401474],[-96.86919267996137,32.8118853778531],[-96.86918439529357,32.81185829651137],[-96.86921364928916,32.80956934736201],[-96.86920871390905,32.809330220462506],[-96.86983478386894,32.809338426812076],[-96.86984034208147,32.80903596448193],[-96.87030514702366,32.80903988871873]]]},"properties":{"account":"00769700020130000","name":"RYDER TRUCK","address":"3200 HALIFAX ST","city":"DALLAS","owner":"RYDER TRUCK RENTAL INC","kind":"other","class":"AUTOMOTIVE SERVICE","year_built":"1977","sqft":26200,"units":0,"land_value":1913150,"building_value":186850,"total_value":2100000,"building_share":0.089,"note":"","deed_date":"11/05/1985","acres":7.58,"history":[[2021,53000,890000],[2022,60000,1220000],[2023,60000,1522130],[2024,217810,1679940],[2025,458960,1921090],[2026,186850,2100000]],"lng":-96.869746,"lat":32.810521,"street_view":"https://www.google.com/maps/@?api=1&map_action=pano&viewpoint=32.810521,-96.869746"}},{"type":"Feature","geometry":{"type":"Polygon","coordinates":[[[-96.73918771376329,32.6134302998057],[-96.73615509394446,32.613423912233706],[-96.73615135780247,32.611612033893046],[-96.74072352349164,32.6116187017922],[-96.73918771376329,32.6134302998057]]]},"properties":{"account":"360062500A01R0000","name":"BILCO","address":"2116 N LANCASTER HUTCHINS RD","city":"LANCASTER","owner":"BILCO CORP","kind":"industrial","class":"LIGHT INDUSTRIAL","year_built":"1965","sqft":60974,"units":0,"land_value":1910760,"building_value":227160,"total_value":2137920,"building_share":0.106,"note":"","deed_date":"11/09/1994","acres":17.73,"history":[[2021,686700,1300810],[2022,804200,1927140],[2023,804200,1927140],[2024,804200,1927140],[2025,83460,1994220],[2026,227160,2137920]],"lng":-96.738042,"lat":32.612526,"street_view":"https://www.google.com/maps/@?api=1&map_action=pano&viewpoint=32.612526,-96.738042"}},{"type":"Feature","geometry":{"type":"Polygon","coordinates":[[[-96.78385147544104,32.79848021334026],[-96.7842112833811,32.79879813461134],[-96.78393797556346,32.799022026194734],[-96.78397703117572,32.79905607241213],[-96.78379704076688,32.79920334180035],[-96.78375809084373,32.79916938495626],[-96.78367962399278,32.79923434508099],[-96.78331874899872,32.798917744989005],[-96.78385147544104,32.79848021334026]]]},"properties":{"account":"00000117667000000","name":"ACE MART","address":"4009 SAN JACINTO ST","city":"DALLAS","owner":"ROSS AVE WAREHOUSE LP","kind":"retail","class":"SUPERMARKET","year_built":"1963","sqft":17234,"units":0,"land_value":1907050,"building_value":307950,"total_value":2215000,"building_share":0.139,"note":"","deed_date":"05/31/2006","acres":0.87,"history":[[2021,821300,1584120],[2022,43780,1760130],[2023,10000,1917050],[2024,9900,1916950],[2025,217160,2124210],[2026,307950,2215000]],"lng":-96.78373,"lat":32.798887,"street_view":"https://www.google.com/maps/@?api=1&map_action=pano&viewpoint=32.798887,-96.783730"}},{"type":"Feature","geometry":{"type":"Polygon","coordinates":[[[-96.76353217335104,32.773283177869565],[-96.76353245744254,32.77332353877557],[-96.76271187720083,32.77405513321829],[-96.76265760556495,32.774053137816395],[-96.76205013970159,32.77352272979042],[-96.76198531488556,32.773386677390924],[-96.76164186293249,32.77310187915366],[-96.76241616799854,32.77240700546001],[-96.76353217335104,32.773283177869565]]]},"properties":{"account":"001379000A0010000","name":"MINYARD","address":"3230 MARTIN LUTHER KING JR BLVD","city":"DALLAS","owner":"RESOURCES ASSISTANTS","kind":"retail","class":"SUPERMARKET","year_built":"1995","sqft":50142,"units":0,"land_value":1894940,"building_value":230060,"total_value":2125000,"building_share":0.108,"note":"","deed_date":"01/27/2023","acres":4.05,"history":[[2021,788660,1650000],[2022,863660,1725000],[2023,958820,1820160],[2024,528160,1820160],[2025,95060,1990000],[2026,230060,2125000]],"lng":-96.762616,"lat":32.773218,"street_view":"https://www.google.com/maps/@?api=1&map_action=pano&viewpoint=32.773218,-96.762616"}},{"type":"Feature","geometry":{"type":"Polygon","coordinates":[[[-96.89805258959063,32.80782163819401],[-96.89805688511981,32.808067238357204],[-96.89699520722864,32.808065982606784],[-96.89699879762311,32.80590801303338],[-96.8988244387617,32.8064993950339],[-96.89882545573148,32.80683143934834],[-96.89823818534228,32.80683166089197],[-96.89823693575873,32.80750608767623],[-96.89805258959063,32.80782163819401]]]},"properties":{"account":"00000766924000000","name":"RMD KWIKFORM","address":"4700 IRVING BLVD","city":"DALLAS","owner":"4700 IRVING BLVD V1 LLC","kind":"other","class":"SHIPPING DOCK/TRUCK TERMINAL","year_built":"1966","sqft":54676,"units":0,"land_value":1893360,"building_value":184330,"total_value":2077690,"building_share":0.089,"note":"","deed_date":"05/02/2022","acres":6.69,"history":[[2021,43570,1500000],[2022,262030,1500000],[2023,262030,1500000],[2024,547030,1785000],[2025,636320,1874290],[2026,184330,2077690]],"lng":-96.897617,"lat":32.806991,"street_view":"https://www.google.com/maps/@?api=1&map_action=pano&viewpoint=32.806991,-96.897617"}},{"type":"Feature","geometry":{"type":"Polygon","coordinates":[[[-96.79130838553625,32.81729612197697],[-96.79143234496757,32.81704689325551],[-96.79196652332425,32.81725021671833],[-96.79184258540587,32.817499406384435],[-96.79130838553625,32.81729612197697]]]},"properties":{"account":"00000158422000000","name":"MADRAS","address":"4220 COLE AVE","city":"DALLAS","owner":"IPENEMA INVESTMENTS LTD","kind":"apartments","class":"APARTMENT (BRICK EXTERIOR)","year_built":"1964","sqft":10898,"units":14,"land_value":1890000,"building_value":310000,"total_value":2200000,"building_share":0.141,"note":"","deed_date":"05/14/1999","acres":0.41,"history":[[2021,1000,1711000],[2022,65000,1775000],[2023,50000,1850000],[2024,451500,2206500],[2025,506040,2396040],[2026,310000,2200000]],"lng":-96.791638,"lat":32.817273,"street_view":"https://www.google.com/maps/@?api=1&map_action=pano&viewpoint=32.817273,-96.791638"}},{"type":"Feature","geometry":{"type":"Polygon","coordinates":[[[-96.80258089045046,32.78682528464705],[-96.8026652474328,32.786722891545935],[-96.80276008686864,32.78663607622414],[-96.80286784780935,32.786728115691695],[-96.802948952443,32.78674725379763],[-96.80303175663161,32.786783812422065],[-96.80348672117071,32.78719162104522],[-96.80313912621834,32.787480056742645],[-96.80309855251697,32.787477798677614],[-96.80258089045046,32.78682528464705]]]},"properties":{"account":"00000112331000000","name":"CUMBERLAND SCHOOL BUILDING","address":"1901 N AKARD ST","city":"DALLAS","owner":"CLEMENTS FOUNDATION","kind":"office","class":"OFFICE BUILDING","year_built":"1900","sqft":28522,"units":0,"land_value":1888780,"building_value":211220,"total_value":2100000,"building_share":0.101,"note":"","deed_date":"01/11/2011","acres":0.89,"history":[[2021,111220,2000000],[2022,271220,2160000],[2023,271220,2160000],[2024,271220,2160000],[2025,211220,2100000],[2026,211220,2100000]],"lng":-96.803006,"lat":32.787008,"street_view":"https://www.google.com/maps/@?api=1&map_action=pano&viewpoint=32.787008,-96.803006"}},{"type":"Feature","geometry":{"type":"Polygon","coordinates":[[[-96.94698084604794,32.8671652418738],[-96.94651874872193,32.86648036784283],[-96.94657552714293,32.86645347774579],[-96.94652747656659,32.866381865576855],[-96.94713165214361,32.86609294141682],[-96.94726085784065,32.86629396523505],[-96.9470025381804,32.86641665966153],[-96.94728992440224,32.866838926332974],[-96.9475831737001,32.86669290174332],[-96.94762595311002,32.86675679862478],[-96.94780448819519,32.866671667018586],[-96.94800983719495,32.866979355500135],[-96.94698084604794,32.8671652418738]]]},"properties":{"account":"32077750010020000","name":"CORPORATE PLAZA/GCT","address":"4953 N OCONNOR RD","city":"IRVING","owner":"EYM REALTY OF TEXAS II LLC","kind":"office","class":"OFFICE BUILDING","year_built":"1980","sqft":19360,"units":0,"land_value":1887780,"building_value":322220,"total_value":2210000,"building_share":0.146,"note":"","deed_date":"11/19/2021","acres":1.71,"history":[[2021,67330,1200000],[2022,57710,1567930],[2023,212220,2100000],[2024,317220,2205000],[2025,339270,2227050],[2026,322220,2210000]],"lng":-96.946844,"lat":32.866572,"street_view":"https://www.google.com/maps/@?api=1&map_action=pano&viewpoint=32.866572,-96.946844"}},{"type":"Feature","geometry":{"type":"Polygon","coordinates":[[[-96.78751145140225,32.80558193745931],[-96.78775092793795,32.80518969893291],[-96.78817944466338,32.805346577257566],[-96.78817419961244,32.80537116855706],[-96.78797720884332,32.805755717883535],[-96.78751145140225,32.80558193745931]]]},"properties":{"account":"00000119422000000","name":"AMERIHEALTH LAB/ EPIC PAIN & ORTHOPEDICS","address":"4225 OFFICE PKWY","city":"DALLAS","owner":"OFFICE PARKWAY INVESTORS LLC","kind":"office","class":"OFFICE BUILDING","year_built":"1966","sqft":12642,"units":0,"land_value":1866830,"building_value":245170,"total_value":2112000,"building_share":0.116,"note":"","deed_date":"08/20/2018","acres":0.56,"history":[[2021,510950,1844400],[2022,778550,2112000],[2023,778550,2112000],[2024,778550,2112000],[2025,245170,2112000],[2026,245170,2112000]],"lng":-96.787863,"lat":32.805451,"street_view":"https://www.google.com/maps/@?api=1&map_action=pano&viewpoint=32.805451,-96.787863"}},{"type":"Feature","geometry":{"type":"Polygon","coordinates":[[[-96.88107980058814,32.85335868772738],[-96.88052631672456,32.85216584672268],[-96.8819861433331,32.851669665671906],[-96.88313554380946,32.852731432044536],[-96.88016857919207,32.85370909286884],[-96.88014692834531,32.85366106295741],[-96.88107980058814,32.85335868772738]]]},"properties":{"account":"005797000A03D0000","name":"SUMMIT TRANSPORTATION","address":"9775 STEMMONS FWY","city":"DALLAS","owner":"CP DI IOS HARRY HINES TX LP","kind":"other","class":"AUTOMOTIVE SERVICE","year_built":"1994","sqft":17220,"units":0,"land_value":1856040,"building_value":308960,"total_value":2165000,"building_share":0.143,"note":"","deed_date":"10/22/2025","acres":6.57,"history":[[2021,751210,1607840],[2022,751210,1607840],[2023,751210,1607840],[2024,751210,1607840],[2025,557820,1700000],[2026,308960,2165000]],"lng":-96.881828,"lat":32.852552,"street_view":"https://www.google.com/maps/@?api=1&map_action=pano&viewpoint=32.852552,-96.881828"}},{"type":"Feature","geometry":{"type":"Polygon","coordinates":[[[-96.81153763789597,32.80639295228301],[-96.81089398052077,32.805828623727535],[-96.81101480788863,32.80573151740923],[-96.81134630968033,32.8060244795728],[-96.81147981194331,32.805917578082514],[-96.81178053663189,32.80618159952469],[-96.81153763789597,32.80639295228301]]]},"properties":{"account":"00000138643000000","name":"CANCER SUPPORT COMMUNITY","address":"2710 OAK LAWN AVE","city":"DALLAS","owner":"GOODSON ACURA OF DALLAS LLC","kind":"office","class":"OFFICE BUILDING","year_built":"1968","sqft":11680,"units":0,"land_value":1854790,"building_value":318210,"total_value":2173000,"building_share":0.146,"note":"","deed_date":"03/27/2013","acres":0.51,"history":[[2021,195210,2050000],[2022,195210,2050000],[2023,195210,2050000],[2024,318210,2173000],[2025,318210,2173000],[2026,318210,2173000]],"lng":-96.81143,"lat":32.806086,"street_view":"https://www.google.com/maps/@?api=1&map_action=pano&viewpoint=32.806086,-96.811430"}},{"type":"Feature","geometry":{"type":"Polygon","coordinates":[[[-96.82810489656765,32.937726882942265],[-96.82742030057162,32.93772594014313],[-96.82742157599276,32.93670881328494],[-96.82810616412853,32.936709756077185],[-96.82810489656765,32.937726882942265]]]},"properties":{"account":"241265003C12A0000","name":"JOHNSON EQUIPMENT SUPPLY","address":"4674 OLIN RD","city":"FARMERS BRANCH","owner":"RLJ EQUITIES LLC","kind":"industrial","class":"STORAGE WAREHOUSE","year_built":"1972","sqft":30000,"units":0,"land_value":1844640,"building_value":255360,"total_value":2100000,"building_share":0.122,"note":"","deed_date":"12/14/2012","acres":1.78,"history":[[2021,673550,1250000],[2022,713550,1290000],[2023,477680,1400000],[2024,743680,1666000],[2025,491520,1875000],[2026,255360,2100000]],"lng":-96.827763,"lat":32.937218,"street_view":"https://www.google.com/maps/@?api=1&map_action=pano&viewpoint=32.937218,-96.827763"}},{"type":"Feature","geometry":{"type":"Polygon","coordinates":[[[-96.90847676707011,32.699368300663],[-96.9084585860699,32.70063223956849],[-96.90448022307014,32.70065079015057],[-96.90413349561237,32.70035254428106],[-96.90365050731131,32.70035464139627],[-96.90371066135224,32.69858693384549],[-96.9047858586156,32.698597067467084],[-96.90478686389542,32.69915179079037],[-96.9049659546422,32.699151378269704],[-96.9053297875937,32.699341469177334],[-96.90847676707011,32.699368300663]]]},"properties":{"account":"00801800020020000","name":"MOBILE MINI ONE","address":"3550 DUNCANVILLE RD","city":"DALLAS","owner":"MOBILE MINI I","kind":"industrial","class":"STORAGE WAREHOUSE","year_built":"1984","sqft":25962,"units":0,"land_value":1815150,"building_value":185080,"total_value":2000230,"building_share":0.093,"note":"","deed_date":"06/28/1994","acres":17.72,"history":[[2021,95140,951880],[2022,160790,1017530],[2023,359550,1216290],[2024,20000,1835150],[2025,77460,1892610],[2026,185080,2000230]],"lng":-96.906069,"lat":32.699864,"street_view":"https://www.google.com/maps/@?api=1&map_action=pano&viewpoint=32.699864,-96.906069"}},{"type":"Feature","geometry":{"type":"Polygon","coordinates":[[[-97.01224989498878,32.952438118474554],[-97.01090968648586,32.95243000604881],[-97.01092738852789,32.95042283453785],[-97.0122675356707,32.950430947779864],[-97.01224989498878,32.952438118474554]]]},"properties":{"account":"18002840014R10000","name":"(LAND VALUE) FREEPORT CROSSING","address":"777 FREEPORT PKWY","city":"COPPELL","owner":"MP 777 FREEPORT LLC","kind":"other","class":"AUTOMOTIVE SERVICE","year_built":"1980","sqft":13064,"units":0,"land_value":1800770,"building_value":266610,"total_value":2067380,"building_share":0.129,"note":"","deed_date":"01/30/2026","acres":6.89,"history":[[2021,149420,1500000],[2022,105850,1456430],[2023,10000,1810770],[2024,10000,1810770],[2025,25000,1825770],[2026,266610,2067380]],"lng":-97.011589,"lat":32.95143,"street_view":"https://www.google.com/maps/@?api=1&map_action=pano&viewpoint=32.951430,-97.011589"}},{"type":"Feature","geometry":{"type":"Polygon","coordinates":[[[-96.89216544308489,32.775834422189256],[-96.89164050636965,32.773991565975365],[-96.89439049204219,32.773385871682365],[-96.89476489072162,32.775266133336096],[-96.89216544308489,32.775834422189256]]]},"properties":{"account":"00000700147000000","name":"IFCO PALLET SYSTEMS","address":"2805 MICAN DR","city":"DALLAS","owner":"TERMINAL LOGISTICS II TEXAS","kind":"other","class":"SHIPPING DOCK/TRUCK TERMINAL","year_built":"1985","sqft":30040,"units":63,"land_value":1784430,"building_value":215570,"total_value":2000000,"building_share":0.108,"note":"","deed_date":"01/06/2021","acres":13.46,"history":[[2021,215570,2000000],[2022,215570,2000000],[2023,215570,2000000],[2024,215570,2000000],[2025,215570,2000000],[2026,215570,2000000]],"lng":-96.893229,"lat":32.774629,"street_view":"https://www.google.com/maps/@?api=1&map_action=pano&viewpoint=32.774629,-96.893229"}}]}