{
"type": "FeatureCollection",
"name": "dallas_soft_sites",
"crs": { "type": "name", "properties": { "name": "urn:ogc:def:crs:OGC:1.3:CRS84" } },
"features": [
{ "type": "Feature", "properties": { "dcad_account": "00000135106000000", "address": "3131 MAPLE AVE", "property_name": "TERRACE HOUSE APTS", "owner": "TERRACE HOUSE LLC", "group": "building", "where": "North of Woodall Rodgers", "acres": 5.393, "land_value": 37794240, "improvement_value": 5256760, "land_psf": 160.88, "improvement_to_land": 0.14, "deed_date": "06/13/2024", "feet_to_klyde_warren": 3677.0, "street_view": "https://www.google.com/maps/@?api=1&map_action=pano&viewpoint=32.799051,-96.809533" }, "geometry": { "type": "Polygon", "coordinates": [ [ [ -96.809718, 32.799932, 0.0 ], [ -96.809234, 32.799482, 0.0 ], [ -96.808424, 32.798749, 0.0 ], [ -96.808619, 32.798586, 0.0 ], [ -96.809004, 32.798346, 0.0 ], [ -96.808996, 32.7983, 0.0 ], [ -96.80894, 32.798264, 0.0 ], [ -96.808939, 32.798261, 0.0 ], [ -96.808881, 32.798114, 0.0 ], [ -96.80885, 32.798033, 0.0 ], [ -96.809078, 32.797843, 0.0 ], [ -96.809414, 32.798114, 0.0 ], [ -96.809644, 32.798322, 0.0 ], [ -96.809724, 32.798257, 0.0 ], [ -96.81053, 32.799353, 0.0 ], [ -96.810538, 32.799364, 0.0 ], [ -96.810424, 32.79943, 0.0 ], [ -96.81037, 32.799416, 0.0 ], [ -96.810285, 32.799467, 0.0 ], [ -96.810369, 32.799535, 0.0 ], [ -96.809718, 32.799932, 0.0 ] ] ] } },
{ "type": "Feature", "properties": { "dcad_account": "000305000A0020000", "address": "2702 WOODALL RODGERS FWY", "property_name": "TWO ARTS PLAZA LEASING OFFICE", "owner": "CROW BILLINGSLEY 17", "group": "parking", "where": "Downtown", "acres": 6.474, "land_value": 28530120, "improvement_value": 264450, "land_psf": 101.17, "improvement_to_land": 0.01, "deed_date": "10/19/1990", "feet_to_klyde_warren": 1323.0, "street_view": "https://www.google.com/maps/@?api=1&map_action=pano&viewpoint=32.793010,-96.795156" }, "geometry": { "type": "Polygon", "coordinates": [ [ [ -96.79576, 32.792306, 0.0 ], [ -96.795782, 32.792325, 0.0 ], [ -96.795862, 32.792261, 0.0 ], [ -96.79584, 32.792241, 0.0 ], [ -96.795999, 32.792111, 0.0 ], [ -96.796201, 32.792287, 0.0 ], [ -96.796394, 32.792454, 0.0 ], [ -96.796456, 32.792403, 0.0 ], [ -96.796596, 32.792289, 0.0 ], [ -96.796793, 32.792503, 0.0 ], [ -96.796872, 32.792583, 0.0 ], [ -96.796955, 32.792658, 0.0 ], [ -96.79698, 32.792684, 0.0 ], [ -96.796903, 32.792749, 0.0 ], [ -96.794944, 32.793637, 0.0 ], [ -96.794874, 32.793665, 0.0 ], [ -96.794802, 32.793688, 0.0 ], [ -96.794728, 32.793706, 0.0 ], [ -96.794652, 32.793718, 0.0 ], [ -96.794575, 32.793724, 0.0 ], [ -96.794498, 32.793725, 0.0 ], [ -96.794446, 32.793723, 0.0 ], [ -96.794395, 32.793717, 0.0 ], [ -96.794331, 32.793708, 0.0 ], [ -96.794267, 32.793696, 0.0 ], [ -96.794188, 32.793677, 0.0 ], [ -96.79411, 32.793654, 0.0 ], [ -96.79419, 32.793588, 0.0 ], [ -96.793954, 32.793385, 0.0 ], [ -96.793799, 32.793511, 0.0 ], [ -96.793722, 32.79346, 0.0 ], [ -96.793649, 32.793404, 0.0 ], [ -96.793581, 32.793344, 0.0 ], [ -96.793749, 32.793208, 0.0 ], [ -96.793747, 32.793206, 0.0 ], [ -96.794693, 32.792435, 0.0 ], [ -96.795133, 32.792815, 0.0 ], [ -96.79576, 32.792306, 0.0 ] ] ] } },
{ "type": "Feature", "properties": { "dcad_account": "0004150A000010100", "address": "701 SPORTS ST", "property_name": "VACANT - FMR REUNION ARENA", "owner": "HUNT REUNION HOLDINGS INC", "group": "vacant", "where": "Downtown", "acres": 7.98, "land_value": 27805200, "improvement_value": 0, "land_psf": 79.99, "improvement_to_land": 0.0, "deed_date": "12/18/2012", "feet_to_klyde_warren": 5374.0, "street_view": "https://www.google.com/maps/@?api=1&map_action=pano&viewpoint=32.772978,-96.808050" }, "geometry": { "type": "Polygon", "coordinates": [ [ [ -96.808502, 32.774251, 0.0 ], [ -96.808468, 32.774171, 0.0 ], [ -96.808434, 32.774151, 0.0 ], [ -96.808294, 32.774193, 0.0 ], [ -96.808249, 32.774099, 0.0 ], [ -96.8082, 32.774008, 0.0 ], [ -96.808145, 32.773919, 0.0 ], [ -96.808084, 32.773832, 0.0 ], [ -96.808019, 32.773748, 0.0 ], [ -96.807949, 32.773666, 0.0 ], [ -96.807874, 32.773588, 0.0 ], [ -96.807794, 32.773513, 0.0 ], [ -96.80771, 32.773441, 0.0 ], [ -96.807612, 32.773378, 0.0 ], [ -96.807519, 32.77331, 0.0 ], [ -96.807432, 32.773236, 0.0 ], [ -96.807352, 32.773096, 0.0 ], [ -96.807283, 32.773016, 0.0 ], [ -96.807208, 32.77294, 0.0 ], [ -96.807128, 32.772867, 0.0 ], [ -96.807043, 32.772798, 0.0 ], [ -96.806954, 32.772734, 0.0 ], [ -96.806861, 32.772673, 0.0 ], [ -96.807711, 32.771617, 0.0 ], [ -96.808356, 32.771987, 0.0 ], [ -96.808483, 32.772027, 0.0 ], [ -96.808542, 32.772061, 0.0 ], [ -96.808601, 32.772098, 0.0 ], [ -96.808656, 32.772141, 0.0 ], [ -96.808706, 32.772187, 0.0 ], [ -96.80875, 32.772237, 0.0 ], [ -96.808789, 32.772291, 0.0 ], [ -96.808821, 32.772348, 0.0 ], [ -96.808847, 32.772406, 0.0 ], [ -96.808866, 32.772467, 0.0 ], [ -96.808878, 32.772529, 0.0 ], [ -96.808884, 32.772592, 0.0 ], [ -96.808882, 32.772654, 0.0 ], [ -96.808813, 32.773448, 0.0 ], [ -96.808806, 32.773565, 0.0 ], [ -96.808807, 32.773681, 0.0 ], [ -96.808815, 32.773798, 0.0 ], [ -96.80883, 32.773914, 0.0 ], [ -96.808852, 32.774029, 0.0 ], [ -96.808881, 32.774144, 0.0 ], [ -96.808894, 32.77419, 0.0 ], [ -96.808897, 32.774207, 0.0 ], [ -96.808897, 32.774225, 0.0 ], [ -96.808894, 32.774242, 0.0 ], [ -96.808887, 32.774259, 0.0 ], [ -96.808878, 32.774275, 0.0 ], [ -96.808865, 32.774289, 0.0 ], [ -96.80885, 32.774301, 0.0 ], [ -96.808833, 32.774311, 0.0 ], [ -96.808814, 32.774319, 0.0 ], [ -96.808794, 32.774323, 0.0 ], [ -96.808773, 32.774326, 0.0 ], [ -96.808753, 32.774325, 0.0 ], [ -96.808675, 32.774321, 0.0 ], [ -96.808597, 32.77432, 0.0 ], [ -96.80852, 32.774324, 0.0 ], [ -96.808502, 32.774251, 0.0 ] ] ] } },
{ "type": "Feature", "properties": { "dcad_account": "00021900170010000", "address": "1100 MCKINNEY AVE", "property_name": "PAID PARKING LOT", "owner": "DKW LAND LLC", "group": "parking", "where": "Downtown", "acres": 4.717, "land_value": 26670540, "improvement_value": 0, "land_psf": 129.81, "improvement_to_land": 0.0, "deed_date": "01/06/2023", "feet_to_klyde_warren": 1262.0, "street_view": "https://www.google.com/maps/@?api=1&map_action=pano&viewpoint=32.784758,-96.805270" }, "geometry": { "type": "Polygon", "coordinates": [ [ [ -96.805338, 32.785648, 0.0 ], [ -96.804755, 32.785125, 0.0 ], [ -96.804236, 32.784634, 0.0 ], [ -96.804562, 32.78435, 0.0 ], [ -96.804572, 32.784349, 0.0 ], [ -96.804605, 32.784344, 0.0 ], [ -96.804638, 32.784337, 0.0 ], [ -96.80467, 32.784328, 0.0 ], [ -96.80472, 32.784307, 0.0 ], [ -96.804767, 32.784282, 0.0 ], [ -96.804811, 32.784252, 0.0 ], [ -96.804831, 32.784235, 0.0 ], [ -96.804834, 32.784232, 0.0 ], [ -96.804844, 32.784223, 0.0 ], [ -96.80525, 32.783867, 0.0 ], [ -96.806302, 32.784882, 0.0 ], [ -96.805738, 32.785358, 0.0 ], [ -96.805534, 32.785492, 0.0 ], [ -96.805345, 32.785654, 0.0 ], [ -96.805338, 32.785648, 0.0 ] ] ] } },
{ "type": "Feature", "properties": { "dcad_account": "000927000A01A0000", "address": "1607 LYTE ST", "property_name": "MAGNOLIA STATION (50% C CLASS)", "owner": "MAGNOLIA STATION LLC", "group": "building", "where": "North of Woodall Rodgers", "acres": 3.312, "land_value": 23083360, "improvement_value": 2532640, "land_psf": 160.0, "improvement_to_land": 0.11, "deed_date": "03/06/2011", "feet_to_klyde_warren": 2494.0, "street_view": "https://www.google.com/maps/@?api=1&map_action=pano&viewpoint=32.792794,-96.810562" }, "geometry": { "type": "Polygon", "coordinates": [ [ [ -96.80964, 32.792479, 0.0 ], [ -96.810354, 32.791917, 0.0 ], [ -96.810392, 32.791919, 0.0 ], [ -96.810756, 32.792344, 0.0 ], [ -96.811386, 32.793109, 0.0 ], [ -96.811206, 32.793254, 0.0 ], [ -96.811103, 32.793338, 0.0 ], [ -96.810849, 32.793543, 0.0 ], [ -96.80964, 32.792479, 0.0 ] ] ] } },
{ "type": "Feature", "properties": { "dcad_account": "000637010A01A0000", "address": "3524 MCKINNEY AVE", "property_name": "100% VACANT", "owner": "PAN COASTAL LIMITED PS", "group": "building", "where": "North of Woodall Rodgers", "acres": 4.384, "land_value": 21784800, "improvement_value": 200000, "land_psf": 114.07, "improvement_to_land": 0.01, "deed_date": "03/09/1989", "feet_to_klyde_warren": 5329.0, "street_view": "https://www.google.com/maps/@?api=1&map_action=pano&viewpoint=32.806089,-96.797445" }, "geometry": { "type": "Polygon", "coordinates": [ [ [ -96.797265, 32.805044, 0.0 ], [ -96.798242, 32.805886, 0.0 ], [ -96.798258, 32.805938, 0.0 ], [ -96.797662, 32.806838, 0.0 ], [ -96.797609, 32.806842, 0.0 ], [ -96.796947, 32.806273, 0.0 ], [ -96.796907, 32.806239, 0.0 ], [ -96.796404, 32.805808, 0.0 ], [ -96.796371, 32.80578, 0.0 ], [ -96.796401, 32.805756, 0.0 ], [ -96.796799, 32.80543, 0.0 ], [ -96.796892, 32.805355, 0.0 ], [ -96.79719, 32.805107, 0.0 ], [ -96.797227, 32.805076, 0.0 ], [ -96.797265, 32.805044, 0.0 ] ] ] } },
{ "type": "Feature", "properties": { "dcad_account": "00093200030010100", "address": "3000 HARRY HINES BLVD", "property_name": "KERA BROADCASTING", "owner": "KDP CH INVESTORS LP", "group": "vacant", "where": "North of Woodall Rodgers", "acres": 2.315, "land_value": 20149200, "improvement_value": 0, "land_psf": 199.82, "improvement_to_land": 0.0, "deed_date": "06/13/2025", "feet_to_klyde_warren": 3366.0, "street_view": "https://www.google.com/maps/@?api=1&map_action=pano&viewpoint=32.796167,-96.811179" }, "geometry": { "type": "Polygon", "coordinates": [ [ [ -96.811361, 32.796026, 0.0 ], [ -96.811625, 32.796309, 0.0 ], [ -96.811826, 32.796517, 0.0 ], [ -96.812033, 32.796722, 0.0 ], [ -96.811735, 32.796956, 0.0 ], [ -96.810275, 32.795634, 0.0 ], [ -96.810276, 32.795594, 0.0 ], [ -96.810685, 32.795258, 0.0 ], [ -96.811361, 32.796026, 0.0 ] ] ] } },
{ "type": "Feature", "properties": { "dcad_account": "000409000701B0000", "address": "2371 VICTORY AVE", "property_name": "PAVED PARKING", "owner": "VICTORY BLOCK M LP", "group": "parking", "where": "North of Woodall Rodgers", "acres": 2.95, "land_value": 17336100, "improvement_value": 0, "land_psf": 134.9, "improvement_to_land": 0.0, "deed_date": "07/01/2022", "feet_to_klyde_warren": 2386.0, "street_view": "https://www.google.com/maps/@?api=1&map_action=pano&viewpoint=32.786689,-96.810901" }, "geometry": { "type": "Polygon", "coordinates": [ [ [ -96.811607, 32.787469, 0.0 ], [ -96.811594, 32.787457, 0.0 ], [ -96.811527, 32.787401, 0.0 ], [ -96.811455, 32.78735, 0.0 ], [ -96.811379, 32.787304, 0.0 ], [ -96.811298, 32.787264, 0.0 ], [ -96.811213, 32.78723, 0.0 ], [ -96.811125, 32.787201, 0.0 ], [ -96.811035, 32.78718, 0.0 ], [ -96.810943, 32.787165, 0.0 ], [ -96.810849, 32.787156, 0.0 ], [ -96.810755, 32.787154, 0.0 ], [ -96.810661, 32.787159, 0.0 ], [ -96.810526, 32.787171, 0.0 ], [ -96.810242, 32.786224, 0.0 ], [ -96.810337, 32.786207, 0.0 ], [ -96.811216, 32.786019, 0.0 ], [ -96.811625, 32.787364, 0.0 ], [ -96.811585, 32.787398, 0.0 ], [ -96.811607, 32.787469, 0.0 ] ] ] } },
{ "type": "Feature", "properties": { "dcad_account": "00000100129000000", "address": "508 YOUNG ST", "property_name": "TXCN", "owner": "CHARTER DMN HOLDINGS LP", "group": "building", "where": "Downtown", "acres": 3.766, "land_value": 17218430, "improvement_value": 7781570, "land_psf": 104.97, "improvement_to_land": 0.45, "deed_date": "05/17/2019", "feet_to_klyde_warren": 4584.0, "street_view": "https://www.google.com/maps/@?api=1&map_action=pano&viewpoint=32.775397,-96.806237" }, "geometry": { "type": "Polygon", "coordinates": [ [ [ -96.805493, 32.774189, 0.0 ], [ -96.805629, 32.774653, 0.0 ], [ -96.805783, 32.77462, 0.0 ], [ -96.805941, 32.774587, 0.0 ], [ -96.806099, 32.774555, 0.0 ], [ -96.806257, 32.774522, 0.0 ], [ -96.806415, 32.774489, 0.0 ], [ -96.806429, 32.774486, 0.0 ], [ -96.806586, 32.77502, 0.0 ], [ -96.806571, 32.775023, 0.0 ], [ -96.80679, 32.77577, 0.0 ], [ -96.805956, 32.775944, 0.0 ], [ -96.805578, 32.774664, 0.0 ], [ -96.805024, 32.774779, 0.0 ], [ -96.804969, 32.774592, 0.0 ], [ -96.80497, 32.774509, 0.0 ], [ -96.804911, 32.774311, 0.0 ], [ -96.804979, 32.774297, 0.0 ], [ -96.804994, 32.774265, 0.0 ], [ -96.804998, 32.774218, 0.0 ], [ -96.805387, 32.774137, 0.0 ], [ -96.805408, 32.774172, 0.0 ], [ -96.805448, 32.774199, 0.0 ], [ -96.805493, 32.774189, 0.0 ] ] ] } },
{ "type": "Feature", "properties": { "dcad_account": "00000137724100000", "address": "3305 HARRY HINES BLVD", "property_name": "ALEXAN APTS - 00000137726100000", "owner": "ASA APARTMENTS LIMITED PARTNERSHIP", "group": "vacant", "where": "North of Woodall Rodgers", "acres": 2.337, "land_value": 16552800, "improvement_value": 0, "land_psf": 162.62, "improvement_to_land": 0.0, "deed_date": "08/09/2013", "feet_to_klyde_warren": 4048.0, "street_view": "https://www.google.com/maps/@?api=1&map_action=pano&viewpoint=32.796493,-96.813813" }, "geometry": { "type": "Polygon", "coordinates": [ [ [ -96.813991, 32.796017, 0.0 ], [ -96.813983, 32.796081, 0.0 ], [ -96.813982, 32.796145, 0.0 ], [ -96.813987, 32.796209, 0.0 ], [ -96.813998, 32.796273, 0.0 ], [ -96.814066, 32.796549, 0.0 ], [ -96.813972, 32.796571, 0.0 ], [ -96.814029, 32.796737, 0.0 ], [ -96.814078, 32.796872, 0.0 ], [ -96.81413, 32.797007, 0.0 ], [ -96.814223, 32.79698, 0.0 ], [ -96.814258, 32.797084, 0.0 ], [ -96.8143, 32.797186, 0.0 ], [ -96.814349, 32.797286, 0.0 ], [ -96.814405, 32.797383, 0.0 ], [ -96.814467, 32.797477, 0.0 ], [ -96.814536, 32.797567, 0.0 ], [ -96.814612, 32.797654, 0.0 ], [ -96.814548, 32.797661, 0.0 ], [ -96.813887, 32.797161, 0.0 ], [ -96.813622, 32.797439, 0.0 ], [ -96.813524, 32.797369, 0.0 ], [ -96.813376, 32.797237, 0.0 ], [ -96.813429, 32.797108, 0.0 ], [ -96.813474, 32.796976, 0.0 ], [ -96.813512, 32.796843, 0.0 ], [ -96.813542, 32.796709, 0.0 ], [ -96.813565, 32.796573, 0.0 ], [ -96.81358, 32.796437, 0.0 ], [ -96.813587, 32.7963, 0.0 ], [ -96.813587, 32.796163, 0.0 ], [ -96.813579, 32.796026, 0.0 ], [ -96.813563, 32.795889, 0.0 ], [ -96.813539, 32.795754, 0.0 ], [ -96.813507, 32.795619, 0.0 ], [ -96.813468, 32.795486, 0.0 ], [ -96.813422, 32.795355, 0.0 ], [ -96.813991, 32.796017, 0.0 ] ] ] } },
{ "type": "Feature", "properties": { "dcad_account": "000519000A0020000", "address": "1807 ROSS AVE", "property_name": "1807 ROSS", "owner": "HUNT ROSS AKARD LLC", "group": "building", "where": "Downtown", "acres": 2.878, "land_value": 15043920, "improvement_value": 6846080, "land_psf": 120.0, "improvement_to_land": 0.46, "deed_date": "06/16/1998", "feet_to_klyde_warren": 427.0, "street_view": "https://www.google.com/maps/@?api=1&map_action=pano&viewpoint=32.786545,-96.801230" }, "geometry": { "type": "Polygon", "coordinates": [ [ [ -96.801718, 32.787293, 0.0 ], [ -96.800376, 32.786161, 0.0 ], [ -96.800376, 32.786123, 0.0 ], [ -96.800947, 32.785648, 0.0 ], [ -96.800993, 32.785648, 0.0 ], [ -96.801846, 32.786371, 0.0 ], [ -96.801865, 32.786394, 0.0 ], [ -96.801822, 32.78643, 0.0 ], [ -96.801793, 32.786406, 0.0 ], [ -96.801494, 32.786659, 0.0 ], [ -96.801983, 32.787072, 0.0 ], [ -96.801718, 32.787293, 0.0 ] ] ] } },
{ "type": "Feature", "properties": { "dcad_account": "000405000101A0000", "address": "703 MCKINNEY AVE", "property_name": "DRAFT PICKS", "owner": "VICTORY BREWERY 2013 LP", "group": "building", "where": "North of Woodall Rodgers", "acres": 3.604, "land_value": 14847460, "improvement_value": 10000, "land_psf": 94.56, "improvement_to_land": 0.0, "deed_date": "12/18/2013", "feet_to_klyde_warren": 2451.0, "street_view": "https://www.google.com/maps/@?api=1&map_action=pano&viewpoint=32.783932,-96.809797" }, "geometry": { "type": "Polygon", "coordinates": [ [ [ -96.809333, 32.783303, 0.0 ], [ -96.809601, 32.783239, 0.0 ], [ -96.809702, 32.783218, 0.0 ], [ -96.809806, 32.783204, 0.0 ], [ -96.80991, 32.783196, 0.0 ], [ -96.810015, 32.783194, 0.0 ], [ -96.810119, 32.783199, 0.0 ], [ -96.810223, 32.783211, 0.0 ], [ -96.810326, 32.783229, 0.0 ], [ -96.810582, 32.784131, 0.0 ], [ -96.810323, 32.784183, 0.0 ], [ -96.810312, 32.784193, 0.0 ], [ -96.81031, 32.784186, 0.0 ], [ -96.809822, 32.784284, 0.0 ], [ -96.809571, 32.784294, 0.0 ], [ -96.809376, 32.78429, 0.0 ], [ -96.809197, 32.784288, 0.0 ], [ -96.809179, 32.784287, 0.0 ], [ -96.809162, 32.784283, 0.0 ], [ -96.809145, 32.784278, 0.0 ], [ -96.809127, 32.784269, 0.0 ], [ -96.80911, 32.784258, 0.0 ], [ -96.809096, 32.784245, 0.0 ], [ -96.809084, 32.78423, 0.0 ], [ -96.809076, 32.784214, 0.0 ], [ -96.80907, 32.784196, 0.0 ], [ -96.809069, 32.784178, 0.0 ], [ -96.809067, 32.783732, 0.0 ], [ -96.809067, 32.783716, 0.0 ], [ -96.809064, 32.783632, 0.0 ], [ -96.809058, 32.783549, 0.0 ], [ -96.809045, 32.783387, 0.0 ], [ -96.809076, 32.783365, 0.0 ], [ -96.809333, 32.783303, 0.0 ] ] ] } },
{ "type": "Feature", "properties": { "dcad_account": "000262000209J0000", "address": "710 LEONARD ST", "property_name": "VACANT", "owner": "SPIRE DEVELOPMENT HOLDINGS LLC", "group": "parking", "where": "Downtown", "acres": 2.942, "land_value": 14522200, "improvement_value": 0, "land_psf": 113.34, "improvement_to_land": 0.0, "deed_date": "03/14/2013", "feet_to_klyde_warren": 1955.0, "street_view": "https://www.google.com/maps/@?api=1&map_action=pano&viewpoint=32.788174,-96.793643" }, "geometry": { "type": "Polygon", "coordinates": [ [ [ -96.794415, 32.787914, 0.0 ], [ -96.793714, 32.788532, 0.0 ], [ -96.793659, 32.788579, 0.0 ], [ -96.793177, 32.788986, 0.0 ], [ -96.793013, 32.788846, 0.0 ], [ -96.792994, 32.788424, 0.0 ], [ -96.793138, 32.788304, 0.0 ], [ -96.793203, 32.78825, 0.0 ], [ -96.793129, 32.788097, 0.0 ], [ -96.793335, 32.787648, 0.0 ], [ -96.793354, 32.787634, 0.0 ], [ -96.79374, 32.78735, 0.0 ], [ -96.794415, 32.787914, 0.0 ] ] ] } },
{ "type": "Feature", "properties": { "dcad_account": "00000105556000200", "address": "2214 BRYAN ST", "property_name": "HISTORICAL DESIGNATION", "owner": "LANTOWER BRYAN ST DALLAS", "group": "parking", "where": "Downtown", "acres": 3.319, "land_value": 14226670, "improvement_value": 0, "land_psf": 98.41, "improvement_to_land": 0.0, "deed_date": "12/04/2018", "feet_to_klyde_warren": 2243.0, "street_view": "https://www.google.com/maps/@?api=1&map_action=pano&viewpoint=32.786159,-96.793190" }, "geometry": { "type": "Polygon", "coordinates": [ [ [ -96.793829, 32.785995, 0.0 ], [ -96.793749, 32.785925, 0.0 ], [ -96.793477, 32.786148, 0.0 ], [ -96.793629, 32.786277, 0.0 ], [ -96.793548, 32.786345, 0.0 ], [ -96.793627, 32.786413, 0.0 ], [ -96.793535, 32.786489, 0.0 ], [ -96.793708, 32.786637, 0.0 ], [ -96.793801, 32.78656, 0.0 ], [ -96.793988, 32.786718, 0.0 ], [ -96.793901, 32.78679, 0.0 ], [ -96.793596, 32.787042, 0.0 ], [ -96.792807, 32.78637, 0.0 ], [ -96.792843, 32.786269, 0.0 ], [ -96.792885, 32.78617, 0.0 ], [ -96.792931, 32.786072, 0.0 ], [ -96.793141, 32.785671, 0.0 ], [ -96.793213, 32.78558, 0.0 ], [ -96.79329, 32.785492, 0.0 ], [ -96.793371, 32.785406, 0.0 ], [ -96.793457, 32.785324, 0.0 ], [ -96.79354, 32.785254, 0.0 ], [ -96.793955, 32.785611, 0.0 ], [ -96.794052, 32.78553, 0.0 ], [ -96.794338, 32.785777, 0.0 ], [ -96.794303, 32.785805, 0.0 ], [ -96.79469, 32.786139, 0.0 ], [ -96.794542, 32.786261, 0.0 ], [ -96.794102, 32.785888, 0.0 ], [ -96.793963, 32.786004, 0.0 ], [ -96.793892, 32.785943, 0.0 ], [ -96.793829, 32.785995, 0.0 ] ] ] } },
{ "type": "Feature", "properties": { "dcad_account": "001031000A0040000", "address": "2999 TURTLE CREEK BLVD", "property_name": "VANTAGE CORP HEADQUARTERS", "owner": "HNGH TURTLE CREEK LLC", "group": "building", "where": "North of Woodall Rodgers", "acres": 2.37, "land_value": 13936860, "improvement_value": 521880, "land_psf": 135.02, "improvement_to_land": 0.04, "deed_date": "11/01/2021", "feet_to_klyde_warren": 5135.0, "street_view": "https://www.google.com/maps/@?api=1&map_action=pano&viewpoint=32.804809,-96.805942" }, "geometry": { "type": "Polygon", "coordinates": [ [ [ -96.805384, 32.804316, 0.0 ], [ -96.805425, 32.804254, 0.0 ], [ -96.805462, 32.80419, 0.0 ], [ -96.805463, 32.80419, 0.0 ], [ -96.806038, 32.804682, 0.0 ], [ -96.806112, 32.804621, 0.0 ], [ -96.806134, 32.80464, 0.0 ], [ -96.806505, 32.804326, 0.0 ], [ -96.806562, 32.804375, 0.0 ], [ -96.806582, 32.804363, 0.0 ], [ -96.806811, 32.80456, 0.0 ], [ -96.806367, 32.804935, 0.0 ], [ -96.806518, 32.805064, 0.0 ], [ -96.806092, 32.80542, 0.0 ], [ -96.806087, 32.805424, 0.0 ], [ -96.805629, 32.805037, 0.0 ], [ -96.805634, 32.805033, 0.0 ], [ -96.805162, 32.804635, 0.0 ], [ -96.805158, 32.804593, 0.0 ], [ -96.805328, 32.804388, 0.0 ], [ -96.805384, 32.804316, 0.0 ] ] ] } },
{ "type": "Feature", "properties": { "dcad_account": "001021000A0010000", "address": "2727 TURTLE CREEK BLVD", "property_name": "VACANT", "owner": "2727 TURTLE CREEK LLC", "group": "vacant", "where": "North of Woodall Rodgers", "acres": 2.125, "land_value": 13327240, "improvement_value": 0, "land_psf": 144.0, "improvement_to_land": 0.0, "deed_date": "06/02/2022", "feet_to_klyde_warren": 4856.0, "street_view": "https://www.google.com/maps/@?api=1&map_action=pano&viewpoint=32.803105,-96.808160" }, "geometry": { "type": "Polygon", "coordinates": [ [ [ -96.80836, 32.803485, 0.0 ], [ -96.808241, 32.803567, 0.0 ], [ -96.80761, 32.802913, 0.0 ], [ -96.808654, 32.802195, 0.0 ], [ -96.808698, 32.802164, 0.0 ], [ -96.808745, 32.802135, 0.0 ], [ -96.808794, 32.80211, 0.0 ], [ -96.808711, 32.802416, 0.0 ], [ -96.808472, 32.803297, 0.0 ], [ -96.808649, 32.803586, 0.0 ], [ -96.808801, 32.803808, 0.0 ], [ -96.808722, 32.80386, 0.0 ], [ -96.80836, 32.803485, 0.0 ] ] ] } },
{ "type": "Feature", "properties": { "dcad_account": "00000136534000000", "address": "3230 N HALL ST", "property_name": "CARLISLE ON THE KATY TRAIL", "owner": "CARLISLE ON THE CREEK LLC", "group": "building", "where": "North of Woodall Rodgers", "acres": 2.482, "land_value": 13326130, "improvement_value": 10240, "land_psf": 123.24, "improvement_to_land": 0.0, "deed_date": "03/09/2022", "feet_to_klyde_warren": 5575.0, "street_view": "https://www.google.com/maps/@?api=1&map_action=pano&viewpoint=32.806668,-96.801425" }, "geometry": { "type": "Polygon", "coordinates": [ [ [ -96.800983, 32.806802, 0.0 ], [ -96.800866, 32.806702, 0.0 ], [ -96.800753, 32.806606, 0.0 ], [ -96.800694, 32.806556, 0.0 ], [ -96.800692, 32.806511, 0.0 ], [ -96.80084, 32.806377, 0.0 ], [ -96.800855, 32.806363, 0.0 ], [ -96.800884, 32.806337, 0.0 ], [ -96.801049, 32.80619, 0.0 ], [ -96.801275, 32.805991, 0.0 ], [ -96.801305, 32.805992, 0.0 ], [ -96.801446, 32.806112, 0.0 ], [ -96.801616, 32.806257, 0.0 ], [ -96.801723, 32.806347, 0.0 ], [ -96.80183, 32.806437, 0.0 ], [ -96.801937, 32.806528, 0.0 ], [ -96.80204, 32.806615, 0.0 ], [ -96.802042, 32.806622, 0.0 ], [ -96.80204, 32.806634, 0.0 ], [ -96.801826, 32.807111, 0.0 ], [ -96.801808, 32.807147, 0.0 ], [ -96.801693, 32.807407, 0.0 ], [ -96.801646, 32.807367, 0.0 ], [ -96.801594, 32.807322, 0.0 ], [ -96.801542, 32.807278, 0.0 ], [ -96.801428, 32.807181, 0.0 ], [ -96.801314, 32.807084, 0.0 ], [ -96.801203, 32.806989, 0.0 ], [ -96.801091, 32.806894, 0.0 ], [ -96.800983, 32.806802, 0.0 ] ] ] } },
{ "type": "Feature", "properties": { "dcad_account": "000633000B11E0000", "address": "2305 N CENTRAL EXPY", "property_name": "WALMART NBHD MKT", "owner": "WALMART REAL ESTATE", "group": "building", "where": "North of Woodall Rodgers", "acres": 3.36, "land_value": 13168620, "improvement_value": 908160, "land_psf": 89.97, "improvement_to_land": 0.07, "deed_date": "02/07/2011", "feet_to_klyde_warren": 3993.0, "street_view": "https://www.google.com/maps/@?api=1&map_action=pano&viewpoint=32.800876,-96.793988" }, "geometry": { "type": "Polygon", "coordinates": [ [ [ -96.793548, 32.801427, 0.0 ], [ -96.793519, 32.801402, 0.0 ], [ -96.793529, 32.801154, 0.0 ], [ -96.793536, 32.800951, 0.0 ], [ -96.793544, 32.8008, 0.0 ], [ -96.793545, 32.800611, 0.0 ], [ -96.793563, 32.800525, 0.0 ], [ -96.793577, 32.800438, 0.0 ], [ -96.793585, 32.80035, 0.0 ], [ -96.793587, 32.800262, 0.0 ], [ -96.793583, 32.800174, 0.0 ], [ -96.79358, 32.800132, 0.0 ], [ -96.793937, 32.800151, 0.0 ], [ -96.793953, 32.800138, 0.0 ], [ -96.793975, 32.800153, 0.0 ], [ -96.793999, 32.800165, 0.0 ], [ -96.794026, 32.800174, 0.0 ], [ -96.794054, 32.800178, 0.0 ], [ -96.794058, 32.800178, 0.0 ], [ -96.794112, 32.800181, 0.0 ], [ -96.794113, 32.800181, 0.0 ], [ -96.794132, 32.800184, 0.0 ], [ -96.79415, 32.800188, 0.0 ], [ -96.794167, 32.800195, 0.0 ], [ -96.794182, 32.800204, 0.0 ], [ -96.794196, 32.800214, 0.0 ], [ -96.794409, 32.800398, 0.0 ], [ -96.79445, 32.800362, 0.0 ], [ -96.794741, 32.800614, 0.0 ], [ -96.794288, 32.801003, 0.0 ], [ -96.794593, 32.801268, 0.0 ], [ -96.794084, 32.801704, 0.0 ], [ -96.793942, 32.801586, 0.0 ], [ -96.793545, 32.801582, 0.0 ], [ -96.793548, 32.801427, 0.0 ] ] ] } },
{ "type": "Feature", "properties": { "dcad_account": "00000105269000000", "address": "704 N HARWOOD ST", "property_name": "704 N HARWOOD ST-COMM SPTD CODE", "owner": "POLLOCK REALTY CORP", "group": "parking", "where": "Downtown", "acres": 2.487, "land_value": 12647160, "improvement_value": 2950000, "land_psf": 116.73, "improvement_to_land": 0.23, "deed_date": "", "feet_to_klyde_warren": 1491.0, "street_view": "https://www.google.com/maps/@?api=1&map_action=pano&viewpoint=32.786158,-96.797390" }, "geometry": { "type": "Polygon", "coordinates": [ [ [ -96.796953, 32.78643, 0.0 ], [ -96.796732, 32.786242, 0.0 ], [ -96.796683, 32.7862, 0.0 ], [ -96.797, 32.785914, 0.0 ], [ -96.796676, 32.785636, 0.0 ], [ -96.796728, 32.785592, 0.0 ], [ -96.796777, 32.785545, 0.0 ], [ -96.796821, 32.785494, 0.0 ], [ -96.796825, 32.785498, 0.0 ], [ -96.797033, 32.785675, 0.0 ], [ -96.797176, 32.785796, 0.0 ], [ -96.797457, 32.785535, 0.0 ], [ -96.797509, 32.785578, 0.0 ], [ -96.79759, 32.785647, 0.0 ], [ -96.797709, 32.785747, 0.0 ], [ -96.797757, 32.785788, 0.0 ], [ -96.797849, 32.785866, 0.0 ], [ -96.798099, 32.786078, 0.0 ], [ -96.798099, 32.786116, 0.0 ], [ -96.797855, 32.786328, 0.0 ], [ -96.797711, 32.786454, 0.0 ], [ -96.797553, 32.786591, 0.0 ], [ -96.797492, 32.786645, 0.0 ], [ -96.797366, 32.786754, 0.0 ], [ -96.797335, 32.786754, 0.0 ], [ -96.79702, 32.786487, 0.0 ], [ -96.796953, 32.78643, 0.0 ] ] ] } },
{ "type": "Feature", "properties": { "dcad_account": "00093200030010000", "address": "3000 HARRY HINES BLVD", "property_name": "KERA BROADCASTING", "owner": "NORTH TEXAS PUBLIC", "group": "vacant", "where": "North of Woodall Rodgers", "acres": 1.426, "land_value": 12608000, "improvement_value": 0, "land_psf": 202.92, "improvement_to_land": 0.0, "deed_date": "04/12/1994", "feet_to_klyde_warren": 4032.0, "street_view": "https://www.google.com/maps/@?api=1&map_action=pano&viewpoint=32.797365,-96.812424" }, "geometry": { "type": "Polygon", "coordinates": [ [ [ -96.812093, 32.797713, 0.0 ], [ -96.812106, 32.797702, 0.0 ], [ -96.812117, 32.797689, 0.0 ], [ -96.812126, 32.797674, 0.0 ], [ -96.812131, 32.797659, 0.0 ], [ -96.812133, 32.797643, 0.0 ], [ -96.812132, 32.797627, 0.0 ], [ -96.812128, 32.797611, 0.0 ], [ -96.812121, 32.797597, 0.0 ], [ -96.81212, 32.797595, 0.0 ], [ -96.812117, 32.797588, 0.0 ], [ -96.812116, 32.797581, 0.0 ], [ -96.812116, 32.797574, 0.0 ], [ -96.812118, 32.797567, 0.0 ], [ -96.812121, 32.79756, 0.0 ], [ -96.812125, 32.797554, 0.0 ], [ -96.812131, 32.797548, 0.0 ], [ -96.812266, 32.797438, 0.0 ], [ -96.811735, 32.796956, 0.0 ], [ -96.812033, 32.796722, 0.0 ], [ -96.812171, 32.796855, 0.0 ], [ -96.812212, 32.796975, 0.0 ], [ -96.812392, 32.797135, 0.0 ], [ -96.812574, 32.797292, 0.0 ], [ -96.812761, 32.797447, 0.0 ], [ -96.812951, 32.797598, 0.0 ], [ -96.81287, 32.797705, 0.0 ], [ -96.812783, 32.797808, 0.0 ], [ -96.81269, 32.797908, 0.0 ], [ -96.812451, 32.797807, 0.0 ], [ -96.812471, 32.797824, 0.0 ], [ -96.812077, 32.797723, 0.0 ], [ -96.812093, 32.797713, 0.0 ] ] ] } },
{ "type": "Feature", "properties": { "dcad_account": "001021000A0030000", "address": "2743 TURTLE CREEK BLVD", "property_name": "VACANT", "owner": "2727 TURTLE CREEK LLC", "group": "vacant", "where": "North of Woodall Rodgers", "acres": 1.913, "land_value": 12051240, "improvement_value": 0, "land_psf": 144.64, "improvement_to_land": 0.0, "deed_date": "06/02/2022", "feet_to_klyde_warren": 4959.0, "street_view": "https://www.google.com/maps/@?api=1&map_action=pano&viewpoint=32.804068,-96.807872" }, "geometry": { "type": "Polygon", "coordinates": [ [ [ -96.807773, 32.803903, 0.0 ], [ -96.808269, 32.804423, 0.0 ], [ -96.808548, 32.804233, 0.0 ], [ -96.808557, 32.80437, 0.0 ], [ -96.808532, 32.804476, 0.0 ], [ -96.80851, 32.804574, 0.0 ], [ -96.808506, 32.804587, 0.0 ], [ -96.808427, 32.804652, 0.0 ], [ -96.808402, 32.804672, 0.0 ], [ -96.808392, 32.804681, 0.0 ], [ -96.807758, 32.805199, 0.0 ], [ -96.807671, 32.805122, 0.0 ], [ -96.807717, 32.805123, 0.0 ], [ -96.807896, 32.804977, 0.0 ], [ -96.808027, 32.804808, 0.0 ], [ -96.808111, 32.804733, 0.0 ], [ -96.808134, 32.804709, 0.0 ], [ -96.808152, 32.804682, 0.0 ], [ -96.808165, 32.804652, 0.0 ], [ -96.808171, 32.804622, 0.0 ], [ -96.808184, 32.804506, 0.0 ], [ -96.808185, 32.804491, 0.0 ], [ -96.808183, 32.804475, 0.0 ], [ -96.808179, 32.80446, 0.0 ], [ -96.808173, 32.804445, 0.0 ], [ -96.807075, 32.803294, 0.0 ], [ -96.807555, 32.802991, 0.0 ], [ -96.808155, 32.803643, 0.0 ], [ -96.807773, 32.803903, 0.0 ] ] ] } },
{ "type": "Feature", "properties": { "dcad_account": "000639000101B0000", "address": "2889 W CITYPLACE BLVD", "property_name": "MUTTS", "owner": "BLACKBURN CENTRAL", "group": "building", "where": "North of Woodall Rodgers", "acres": 2.599, "land_value": 11327800, "improvement_value": 30390, "land_psf": 100.06, "improvement_to_land": 0.0, "deed_date": "09/19/2012", "feet_to_klyde_warren": 5464.0, "street_view": "https://www.google.com/maps/@?api=1&map_action=pano&viewpoint=32.805600,-96.795162" }, "geometry": { "type": "Polygon", "coordinates": [ [ [ -96.795159, 32.804965, 0.0 ], [ -96.795367, 32.805143, 0.0 ], [ -96.795402, 32.805172, 0.0 ], [ -96.795812, 32.805524, 0.0 ], [ -96.795893, 32.805593, 0.0 ], [ -96.795893, 32.805632, 0.0 ], [ -96.795156, 32.806241, 0.0 ], [ -96.795155, 32.806241, 0.0 ], [ -96.795111, 32.806241, 0.0 ], [ -96.795111, 32.80624, 0.0 ], [ -96.795026, 32.806166, 0.0 ], [ -96.795002, 32.806146, 0.0 ], [ -96.794437, 32.805659, 0.0 ], [ -96.794433, 32.805642, 0.0 ], [ -96.794426, 32.805609, 0.0 ], [ -96.794427, 32.805606, 0.0 ], [ -96.794455, 32.805556, 0.0 ], [ -96.794481, 32.805518, 0.0 ], [ -96.794509, 32.805481, 0.0 ], [ -96.794541, 32.805447, 0.0 ], [ -96.794586, 32.805406, 0.0 ], [ -96.795116, 32.804965, 0.0 ], [ -96.79515, 32.804965, 0.0 ], [ -96.795151, 32.804965, 0.0 ], [ -96.795159, 32.804965, 0.0 ] ] ] } },
{ "type": "Feature", "properties": { "dcad_account": "000971001108A0000", "address": "3418 MCKINNEY AVE", "property_name": "WALGREENS 152", "owner": "WEBSTER INTERESTS 300 SOUTH", "group": "building", "where": "North of Woodall Rodgers", "acres": 1.745, "land_value": 11295300, "improvement_value": 50000, "land_psf": 148.62, "improvement_to_land": 0.0, "deed_date": "01/30/2023", "feet_to_klyde_warren": 5113.0, "street_view": "https://www.google.com/maps/@?api=1&map_action=pano&viewpoint=32.805171,-96.798179" }, "geometry": { "type": "Polygon", "coordinates": [ [ [ -96.798285, 32.805698, 0.0 ], [ -96.797774, 32.805248, 0.0 ], [ -96.79751, 32.805019, 0.0 ], [ -96.797513, 32.804978, 0.0 ], [ -96.798, 32.804553, 0.0 ], [ -96.79848, 32.804979, 0.0 ], [ -96.798725, 32.805094, 0.0 ], [ -96.798323, 32.805694, 0.0 ], [ -96.798285, 32.805698, 0.0 ] ] ] } },
{ "type": "Feature", "properties": { "dcad_account": "00000108922300100", "address": "701 SPORTS ST", "property_name": "PARKING", "owner": "HUNT REUNION HOLDINGS INC", "group": "parking", "where": "Downtown", "acres": 3.235, "land_value": 11272640, "improvement_value": 0, "land_psf": 79.99, "improvement_to_land": 0.0, "deed_date": "12/24/1997", "feet_to_klyde_warren": 5514.0, "street_view": "https://www.google.com/maps/@?api=1&map_action=pano&viewpoint=32.773257,-96.809529" }, "geometry": { "type": "Polygon", "coordinates": [ [ [ -96.809829, 32.772525, 0.0 ], [ -96.809904, 32.772923, 0.0 ], [ -96.80993, 32.773049, 0.0 ], [ -96.810082, 32.773917, 0.0 ], [ -96.809139, 32.77411, 0.0 ], [ -96.809134, 32.774092, 0.0 ], [ -96.809108, 32.773989, 0.0 ], [ -96.809088, 32.773885, 0.0 ], [ -96.809074, 32.77378, 0.0 ], [ -96.809067, 32.773675, 0.0 ], [ -96.809067, 32.773569, 0.0 ], [ -96.809073, 32.773464, 0.0 ], [ -96.809141, 32.77267, 0.0 ], [ -96.809144, 32.772611, 0.0 ], [ -96.809829, 32.772525, 0.0 ] ] ] } },
{ "type": "Feature", "properties": { "dcad_account": "000639000101C0000", "address": "3656 HOWELL ST", "property_name": "RUSTIC", "owner": "BLACKBURN CENTRAL", "group": "parking", "where": "North of Woodall Rodgers", "acres": 2.562, "land_value": 11159100, "improvement_value": 100000, "land_psf": 99.98, "improvement_to_land": 0.01, "deed_date": "09/19/2012", "feet_to_klyde_warren": 5273.0, "street_view": "https://www.google.com/maps/@?api=1&map_action=pano&viewpoint=32.804750,-96.794382" }, "geometry": { "type": "Polygon", "coordinates": [ [ [ -96.793989, 32.804039, 0.0 ], [ -96.794052, 32.804068, 0.0 ], [ -96.794145, 32.804129, 0.0 ], [ -96.794233, 32.804194, 0.0 ], [ -96.794236, 32.804196, 0.0 ], [ -96.794429, 32.804338, 0.0 ], [ -96.79451, 32.804409, 0.0 ], [ -96.794849, 32.804706, 0.0 ], [ -96.794951, 32.804795, 0.0 ], [ -96.794984, 32.804823, 0.0 ], [ -96.794991, 32.80483, 0.0 ], [ -96.795003, 32.80484, 0.0 ], [ -96.795002, 32.804878, 0.0 ], [ -96.794468, 32.805314, 0.0 ], [ -96.794426, 32.805351, 0.0 ], [ -96.794388, 32.805389, 0.0 ], [ -96.794341, 32.805444, 0.0 ], [ -96.794311, 32.805488, 0.0 ], [ -96.794284, 32.805533, 0.0 ], [ -96.79404, 32.80532, 0.0 ], [ -96.793866, 32.805317, 0.0 ], [ -96.793866, 32.805168, 0.0 ], [ -96.793866, 32.805164, 0.0 ], [ -96.793863, 32.804108, 0.0 ], [ -96.793989, 32.804039, 0.0 ] ] ] } },
{ "type": "Feature", "properties": { "dcad_account": "000262000209D0000", "address": "770 LEONARD ST", "property_name": "VACANT", "owner": "SPIRE DEVELOPMENT HOLDINGS LLC", "group": "parking", "where": "Downtown", "acres": 2.234, "land_value": 10985610, "improvement_value": 0, "land_psf": 112.9, "improvement_to_land": 0.0, "deed_date": "03/14/2013", "feet_to_klyde_warren": 1640.0, "street_view": "https://www.google.com/maps/@?api=1&map_action=pano&viewpoint=32.788270,-96.794470" }, "geometry": { "type": "Polygon", "coordinates": [ [ [ -96.79517, 32.788579, 0.0 ], [ -96.79517, 32.788618, 0.0 ], [ -96.794489, 32.789186, 0.0 ], [ -96.793769, 32.788579, 0.0 ], [ -96.794471, 32.787962, 0.0 ], [ -96.79517, 32.788579, 0.0 ] ] ] } },
{ "type": "Feature", "properties": { "dcad_account": "00000138976000000", "address": "3015 CEDAR SPRINGS RD", "property_name": "VACANT", "owner": "3001 TURTLE CREEK LP", "group": "vacant", "where": "North of Woodall Rodgers", "acres": 1.909, "land_value": 10902600, "improvement_value": 0, "land_psf": 131.13, "improvement_to_land": 0.0, "deed_date": "11/05/2015", "feet_to_klyde_warren": 5293.0, "street_view": "https://www.google.com/maps/@?api=1&map_action=pano&viewpoint=32.805401,-96.805026" }, "geometry": { "type": "Polygon", "coordinates": [ [ [ -96.804878, 32.804921, 0.0 ], [ -96.805021, 32.804748, 0.0 ], [ -96.805682, 32.805307, 0.0 ], [ -96.804954, 32.805922, 0.0 ], [ -96.804404, 32.805494, 0.0 ], [ -96.804878, 32.804921, 0.0 ] ] ] } },
{ "type": "Feature", "properties": { "dcad_account": "00000105534000000", "address": "2318 ROSS AVE", "property_name": "SYSTEM PARKING", "owner": "HALL ARTS TOWER LLC", "group": "parking", "where": "Downtown", "acres": 1.96, "land_value": 10729620, "improvement_value": 0, "land_psf": 125.65, "improvement_to_land": 0.0, "deed_date": "07/11/2013", "feet_to_klyde_warren": 1133.0, "street_view": "https://www.google.com/maps/@?api=1&map_action=pano&viewpoint=32.788679,-96.796193" }, "geometry": { "type": "Polygon", "coordinates": [ [ [ -96.796909, 32.788752, 0.0 ], [ -96.796274, 32.789266, 0.0 ], [ -96.795471, 32.788605, 0.0 ], [ -96.795639, 32.788467, 0.0 ], [ -96.795626, 32.788458, 0.0 ], [ -96.795971, 32.788174, 0.0 ], [ -96.795987, 32.788188, 0.0 ], [ -96.796381, 32.788527, 0.0 ], [ -96.796524, 32.788413, 0.0 ], [ -96.796909, 32.788752, 0.0 ] ] ] } },
{ "type": "Feature", "properties": { "dcad_account": "00000108922300000", "address": "500 S STEMMONS FWY", "property_name": "PARKING", "owner": "HUNT REUNION HOLDINGS INC", "group": "parking", "where": "Downtown", "acres": 3.001, "land_value": 10483680, "improvement_value": 0, "land_psf": 80.2, "improvement_to_land": 0.0, "deed_date": "12/30/1997", "feet_to_klyde_warren": 6045.0, "street_view": "https://www.google.com/maps/@?api=1&map_action=pano&viewpoint=32.771765,-96.808957" }, "geometry": { "type": "Polygon", "coordinates": [ [ [ -96.808222, 32.770992, 0.0 ], [ -96.809082, 32.771485, 0.0 ], [ -96.809177, 32.771544, 0.0 ], [ -96.809267, 32.771608, 0.0 ], [ -96.809352, 32.771677, 0.0 ], [ -96.809431, 32.771751, 0.0 ], [ -96.809504, 32.771829, 0.0 ], [ -96.80957, 32.771911, 0.0 ], [ -96.80963, 32.771997, 0.0 ], [ -96.809683, 32.772086, 0.0 ], [ -96.809728, 32.772178, 0.0 ], [ -96.809766, 32.772273, 0.0 ], [ -96.809796, 32.772369, 0.0 ], [ -96.809818, 32.772467, 0.0 ], [ -96.809142, 32.772552, 0.0 ], [ -96.809131, 32.772473, 0.0 ], [ -96.809112, 32.772396, 0.0 ], [ -96.809084, 32.77232, 0.0 ], [ -96.809048, 32.772247, 0.0 ], [ -96.809005, 32.772176, 0.0 ], [ -96.808955, 32.77211, 0.0 ], [ -96.808897, 32.772047, 0.0 ], [ -96.808833, 32.771989, 0.0 ], [ -96.808763, 32.771936, 0.0 ], [ -96.808688, 32.771889, 0.0 ], [ -96.808494, 32.771778, 0.0 ], [ -96.808091, 32.771546, 0.0 ], [ -96.807875, 32.771422, 0.0 ], [ -96.808222, 32.770992, 0.0 ] ] ] } },
{ "type": "Feature", "properties": { "dcad_account": "00000136092000000", "address": "2929 CARLISLE ST", "property_name": "OAKS AT TURTLE CREEK", "owner": "KLP NEWVILLE LP", "group": "building", "where": "North of Woodall Rodgers", "acres": 1.579, "land_value": 10314900, "improvement_value": 1585100, "land_psf": 149.95, "improvement_to_land": 0.15, "deed_date": "11/07/2012", "feet_to_klyde_warren": 4278.0, "street_view": "https://www.google.com/maps/@?api=1&map_action=pano&viewpoint=32.802626,-96.803986" }, "geometry": { "type": "Polygon", "coordinates": [ [ [ -96.804397, 32.802725, 0.0 ], [ -96.804375, 32.802744, 0.0 ], [ -96.804251, 32.802852, 0.0 ], [ -96.804131, 32.802963, 0.0 ], [ -96.804017, 32.803079, 0.0 ], [ -96.803907, 32.803198, 0.0 ], [ -96.803361, 32.802933, 0.0 ], [ -96.803908, 32.802107, 0.0 ], [ -96.803915, 32.802113, 0.0 ], [ -96.804375, 32.802487, 0.0 ], [ -96.804475, 32.802576, 0.0 ], [ -96.804341, 32.802676, 0.0 ], [ -96.804397, 32.802725, 0.0 ] ] ] } },
{ "type": "Feature", "properties": { "dcad_account": "00000135109000000", "address": "2501 CEDAR SPRINGS RD", "property_name": "CEDAR SPRINGS PLAZA", "owner": "GH CEDAR SPRINGS INC", "group": "building", "where": "North of Woodall Rodgers", "acres": 1.282, "land_value": 10134080, "improvement_value": 2115920, "land_psf": 181.47, "improvement_to_land": 0.21, "deed_date": "10/18/2013", "feet_to_klyde_warren": 3117.0, "street_view": "https://www.google.com/maps/@?api=1&map_action=pano&viewpoint=32.798675,-96.805911" }, "geometry": { "type": "Polygon", "coordinates": [ [ [ -96.805619, 32.798141, 0.0 ], [ -96.805627, 32.798147, 0.0 ], [ -96.805744, 32.798243, 0.0 ], [ -96.80586, 32.798339, 0.0 ], [ -96.805977, 32.798435, 0.0 ], [ -96.806093, 32.798531, 0.0 ], [ -96.80621, 32.798627, 0.0 ], [ -96.806326, 32.798723, 0.0 ], [ -96.806443, 32.798819, 0.0 ], [ -96.806524, 32.798886, 0.0 ], [ -96.806128, 32.799231, 0.0 ], [ -96.806046, 32.799164, 0.0 ], [ -96.80593, 32.799068, 0.0 ], [ -96.805813, 32.798972, 0.0 ], [ -96.805696, 32.798876, 0.0 ], [ -96.80558, 32.79878, 0.0 ], [ -96.805545, 32.798752, 0.0 ], [ -96.805564, 32.798597, 0.0 ], [ -96.805591, 32.798376, 0.0 ], [ -96.805617, 32.798156, 0.0 ], [ -96.805619, 32.798141, 0.0 ] ] ] } },
{ "type": "Feature", "properties": { "dcad_account": "00000112348000000", "address": "2012 N FIELD ST", "property_name": "FUTURE BANK OF AMERICA BLDG", "owner": "2012 FIELD STREET LP", "group": "parking", "where": "Downtown", "acres": 1.641, "land_value": 9859460, "improvement_value": 0, "land_psf": 137.9, "improvement_to_land": 0.0, "deed_date": "11/04/2013", "feet_to_klyde_warren": 691.0, "street_view": "https://www.google.com/maps/@?api=1&map_action=pano&viewpoint=32.786212,-96.803933" }, "geometry": { "type": "Polygon", "coordinates": [ [ [ -96.80336, 32.786163, 0.0 ], [ -96.803486, 32.786062, 0.0 ], [ -96.803556, 32.786005, 0.0 ], [ -96.80362, 32.785953, 0.0 ], [ -96.803666, 32.785916, 0.0 ], [ -96.803783, 32.785822, 0.0 ], [ -96.803962, 32.785679, 0.0 ], [ -96.804251, 32.785987, 0.0 ], [ -96.804417, 32.786164, 0.0 ], [ -96.804443, 32.786195, 0.0 ], [ -96.804461, 32.786229, 0.0 ], [ -96.804473, 32.786265, 0.0 ], [ -96.804477, 32.786302, 0.0 ], [ -96.804473, 32.786339, 0.0 ], [ -96.804462, 32.786375, 0.0 ], [ -96.804444, 32.786409, 0.0 ], [ -96.804418, 32.78644, 0.0 ], [ -96.804387, 32.786466, 0.0 ], [ -96.804024, 32.786763, 0.0 ], [ -96.803686, 32.786459, 0.0 ], [ -96.80336, 32.786163, 0.0 ] ] ] } },
{ "type": "Feature", "properties": { "dcad_account": "000978000001A0000", "address": "3501 MCKINNEY AVE", "property_name": "MENS WAREHOUSE-PAPA JOHNS PIZZA-BIBBENTUCKERS", "owner": "3501 MCKINNEY LTD", "group": "building", "where": "North of Woodall Rodgers", "acres": 1.512, "land_value": 9850050, "improvement_value": 974490, "land_psf": 149.56, "improvement_to_land": 0.1, "deed_date": "03/26/1996", "feet_to_klyde_warren": 5621.0, "street_view": "https://www.google.com/maps/@?api=1&map_action=pano&viewpoint=32.806591,-96.798626" }, "geometry": { "type": "Polygon", "coordinates": [ [ [ -96.798612, 32.806996, 0.0 ], [ -96.798062, 32.806482, 0.0 ], [ -96.798366, 32.806017, 0.0 ], [ -96.798405, 32.806013, 0.0 ], [ -96.799199, 32.8067, 0.0 ], [ -96.798722, 32.807092, 0.0 ], [ -96.798612, 32.806996, 0.0 ] ] ] } },
{ "type": "Feature", "properties": { "dcad_account": "001021000A0020000", "address": "2735 TURTLE CREEK BLVD", "property_name": "VACANT", "owner": "2727 TURTLE CREEK 2 LLC", "group": "vacant", "where": "North of Woodall Rodgers", "acres": 1.612, "land_value": 9606980, "improvement_value": 0, "land_psf": 136.83, "improvement_to_land": 0.0, "deed_date": "06/02/2022", "feet_to_klyde_warren": 4941.0, "street_view": "https://www.google.com/maps/@?api=1&map_action=pano&viewpoint=32.803715,-96.808316" }, "geometry": { "type": "Polygon", "coordinates": [ [ [ -96.808155, 32.803643, 0.0 ], [ -96.807534, 32.802968, 0.0 ], [ -96.80761, 32.802913, 0.0 ], [ -96.808241, 32.803567, 0.0 ], [ -96.80836, 32.803485, 0.0 ], [ -96.808722, 32.80386, 0.0 ], [ -96.808801, 32.803808, 0.0 ], [ -96.808826, 32.803787, 0.0 ], [ -96.808939, 32.803886, 0.0 ], [ -96.80885, 32.803959, 0.0 ], [ -96.808822, 32.804029, 0.0 ], [ -96.808548, 32.804233, 0.0 ], [ -96.808269, 32.804423, 0.0 ], [ -96.807773, 32.803903, 0.0 ], [ -96.808155, 32.803643, 0.0 ] ] ] } },
{ "type": "Feature", "properties": { "dcad_account": "000261000A02D0000", "address": "2520 ROSS AVE", "property_name": "VACANT", "owner": "2500 ROSS DEVELOPMENT LP", "group": "parking", "where": "Downtown", "acres": 1.872, "land_value": 9257390, "improvement_value": 0, "land_psf": 113.53, "improvement_to_land": 0.0, "deed_date": "12/20/2021", "feet_to_klyde_warren": 1416.0, "street_view": "https://www.google.com/maps/@?api=1&map_action=pano&viewpoint=32.789876,-96.794692" }, "geometry": { "type": "Polygon", "coordinates": [ [ [ -96.794315, 32.789537, 0.0 ], [ -96.794362, 32.789538, 0.0 ], [ -96.794339, 32.789518, 0.0 ], [ -96.79446, 32.789419, 0.0 ], [ -96.794483, 32.789439, 0.0 ], [ -96.79448, 32.789403, 0.0 ], [ -96.794549, 32.789345, 0.0 ], [ -96.79484, 32.789597, 0.0 ], [ -96.795045, 32.789692, 0.0 ], [ -96.795166, 32.789714, 0.0 ], [ -96.795166, 32.789759, 0.0 ], [ -96.795173, 32.789804, 0.0 ], [ -96.795186, 32.789848, 0.0 ], [ -96.795206, 32.78989, 0.0 ], [ -96.795232, 32.789929, 0.0 ], [ -96.79524, 32.789938, 0.0 ], [ -96.79525, 32.789947, 0.0 ], [ -96.795261, 32.789953, 0.0 ], [ -96.795273, 32.789958, 0.0 ], [ -96.795286, 32.789961, 0.0 ], [ -96.7953, 32.789962, 0.0 ], [ -96.795314, 32.789962, 0.0 ], [ -96.795327, 32.789959, 0.0 ], [ -96.795339, 32.789954, 0.0 ], [ -96.795351, 32.789948, 0.0 ], [ -96.795361, 32.78994, 0.0 ], [ -96.795369, 32.789931, 0.0 ], [ -96.795393, 32.789896, 0.0 ], [ -96.795413, 32.789859, 0.0 ], [ -96.795427, 32.78982, 0.0 ], [ -96.795436, 32.789781, 0.0 ], [ -96.795464, 32.789784, 0.0 ], [ -96.795474, 32.789786, 0.0 ], [ -96.795483, 32.78979, 0.0 ], [ -96.795492, 32.789794, 0.0 ], [ -96.7955, 32.7898, 0.0 ], [ -96.79557, 32.789861, 0.0 ], [ -96.795264, 32.790114, 0.0 ], [ -96.794902, 32.790414, 0.0 ], [ -96.794809, 32.790413, 0.0 ], [ -96.794082, 32.789786, 0.0 ], [ -96.7941, 32.789713, 0.0 ], [ -96.794315, 32.789537, 0.0 ] ] ] } },
{ "type": "Feature", "properties": { "dcad_account": "000242000A01A0000", "address": "1928 ROSS AVE", "property_name": "FIRST METHODIST", "owner": "FIRST UNITED METHODIST", "group": "parking", "where": "Downtown", "acres": 1.646, "land_value": 9125160, "improvement_value": 121360, "land_psf": 127.24, "improvement_to_land": 0.01, "deed_date": "09/22/2016", "feet_to_klyde_warren": 1086.0, "street_view": "https://www.google.com/maps/@?api=1&map_action=pano&viewpoint=32.786287,-96.799223" }, "geometry": { "type": "Polygon", "coordinates": [ [ [ -96.798691, 32.785976, 0.0 ], [ -96.798792, 32.785932, 0.0 ], [ -96.798896, 32.785894, 0.0 ], [ -96.799002, 32.785861, 0.0 ], [ -96.799111, 32.785834, 0.0 ], [ -96.799122, 32.785844, 0.0 ], [ -96.799354, 32.786043, 0.0 ], [ -96.799433, 32.785977, 0.0 ], [ -96.799781, 32.78628, 0.0 ], [ -96.799797, 32.786294, 0.0 ], [ -96.799258, 32.786743, 0.0 ], [ -96.799191, 32.786743, 0.0 ], [ -96.798494, 32.786147, 0.0 ], [ -96.798501, 32.78608, 0.0 ], [ -96.798594, 32.786025, 0.0 ], [ -96.798691, 32.785976, 0.0 ] ] ] } },
{ "type": "Feature", "properties": { "dcad_account": "00000105373000000", "address": "443 OLIVE ST", "property_name": "SHERATON DALLAS/ADAMS MARK CONVENTION CENTER", "owner": "CHARTRES 400 LLC", "group": "building", "where": "Downtown", "acres": 1.928, "land_value": 9043920, "improvement_value": 2956080, "land_psf": 107.67, "improvement_to_land": 0.33, "deed_date": "10/12/2017", "feet_to_klyde_warren": 2217.0, "street_view": "https://www.google.com/maps/@?api=1&map_action=pano&viewpoint=32.784630,-96.795945" }, "geometry": { "type": "Polygon", "coordinates": [ [ [ -96.795301, 32.784386, 0.0 ], [ -96.795352, 32.784343, 0.0 ], [ -96.795455, 32.784255, 0.0 ], [ -96.79568, 32.784066, 0.0 ], [ -96.795805, 32.784164, 0.0 ], [ -96.795926, 32.784257, 0.0 ], [ -96.796049, 32.784353, 0.0 ], [ -96.796179, 32.784454, 0.0 ], [ -96.796469, 32.784679, 0.0 ], [ -96.796229, 32.784879, 0.0 ], [ -96.796207, 32.784897, 0.0 ], [ -96.796056, 32.785023, 0.0 ], [ -96.795973, 32.785092, 0.0 ], [ -96.795844, 32.785199, 0.0 ], [ -96.79578, 32.785253, 0.0 ], [ -96.795754, 32.785231, 0.0 ], [ -96.795722, 32.785258, 0.0 ], [ -96.795597, 32.785153, 0.0 ], [ -96.795628, 32.785127, 0.0 ], [ -96.795614, 32.785115, 0.0 ], [ -96.795518, 32.785037, 0.0 ], [ -96.795498, 32.78502, 0.0 ], [ -96.795474, 32.785, 0.0 ], [ -96.795379, 32.784922, 0.0 ], [ -96.795258, 32.784821, 0.0 ], [ -96.795542, 32.784581, 0.0 ], [ -96.795423, 32.784485, 0.0 ], [ -96.795301, 32.784386, 0.0 ] ] ] } },
{ "type": "Feature", "properties": { "dcad_account": "00000100129000100", "address": "606 YOUNG ST", "property_name": "WFAA 8", "owner": "TEXAS CABLE NEWS", "group": "building", "where": "Downtown", "acres": 1.934, "land_value": 8850240, "improvement_value": 10000, "land_psf": 105.03, "improvement_to_land": 0.0, "deed_date": "10/14/2008", "feet_to_klyde_warren": 4507.0, "street_view": "https://www.google.com/maps/@?api=1&map_action=pano&viewpoint=32.775152,-96.805428" }, "geometry": { "type": "Polygon", "coordinates": [ [ [ -96.8054, 32.776058, 0.0 ], [ -96.805243, 32.775525, 0.0 ], [ -96.805024, 32.774779, 0.0 ], [ -96.805578, 32.774664, 0.0 ], [ -96.805956, 32.775944, 0.0 ], [ -96.8054, 32.776058, 0.0 ] ] ] } },
{ "type": "Feature", "properties": { "dcad_account": "001003000201A0000", "address": "1400 ALAMO ST", "property_name": "KATY STATION APTS - 001003000201A0300", "owner": "PR GENESIS KATY LP", "group": "vacant", "where": "North of Woodall Rodgers", "acres": 1.248, "land_value": 8812960, "improvement_value": 0, "land_psf": 162.07, "improvement_to_land": 0.0, "deed_date": "08/14/2015", "feet_to_klyde_warren": 3642.0, "street_view": "https://www.google.com/maps/@?api=1&map_action=pano&viewpoint=32.794420,-96.813495" }, "geometry": { "type": "Polygon", "coordinates": [ [ [ -96.813809, 32.794845, 0.0 ], [ -96.813537, 32.794797, 0.0 ], [ -96.812915, 32.794042, 0.0 ], [ -96.812931, 32.793991, 0.0 ], [ -96.812945, 32.793988, 0.0 ], [ -96.812973, 32.793981, 0.0 ], [ -96.813079, 32.793957, 0.0 ], [ -96.813186, 32.79394, 0.0 ], [ -96.813295, 32.79393, 0.0 ], [ -96.813404, 32.793927, 0.0 ], [ -96.813513, 32.79393, 0.0 ], [ -96.813622, 32.79394, 0.0 ], [ -96.813886, 32.794829, 0.0 ], [ -96.813809, 32.794845, 0.0 ] ] ] } },
{ "type": "Feature", "properties": { "dcad_account": "00000100393000000", "address": "900 MAIN ST", "property_name": "PARKING", "owner": "DALLAS MAIN LP", "group": "parking", "where": "Downtown", "acres": 1.447, "land_value": 7564320, "improvement_value": 0, "land_psf": 119.97, "improvement_to_land": 0.0, "deed_date": "12/10/1998", "feet_to_klyde_warren": 3101.0, "street_view": "https://www.google.com/maps/@?api=1&map_action=pano&viewpoint=32.779381,-96.803573" }, "geometry": { "type": "Polygon", "coordinates": [ [ [ -96.803057, 32.779701, 0.0 ], [ -96.803007, 32.779145, 0.0 ], [ -96.803594, 32.779022, 0.0 ], [ -96.803672, 32.779288, 0.0 ], [ -96.803751, 32.779271, 0.0 ], [ -96.803673, 32.779005, 0.0 ], [ -96.803989, 32.778939, 0.0 ], [ -96.804067, 32.779206, 0.0 ], [ -96.804145, 32.779473, 0.0 ], [ -96.803057, 32.779701, 0.0 ] ] ] } },
{ "type": "Feature", "properties": { "dcad_account": "000262000209F0000", "address": "1085 ROUTH ST", "property_name": "VACANT", "owner": "SPIRE DEVELOPMENT HOLDINGS LLC", "group": "vacant", "where": "Downtown", "acres": 1.502, "land_value": 7524110, "improvement_value": 0, "land_psf": 115.04, "improvement_to_land": 0.0, "deed_date": "03/14/2013", "feet_to_klyde_warren": 1795.0, "street_view": "https://www.google.com/maps/@?api=1&map_action=pano&viewpoint=32.789133,-96.793832" }, "geometry": { "type": "Polygon", "coordinates": [ [ [ -96.794224, 32.789404, 0.0 ], [ -96.793978, 32.78961, 0.0 ], [ -96.793906, 32.789607, 0.0 ], [ -96.793232, 32.789033, 0.0 ], [ -96.793714, 32.788625, 0.0 ], [ -96.794434, 32.789232, 0.0 ], [ -96.794226, 32.789406, 0.0 ], [ -96.794224, 32.789404, 0.0 ] ] ] } },
{ "type": "Feature", "properties": { "dcad_account": "000394000A0010100", "address": "3090 NOWITZKI WAY", "property_name": "RESTRICTED", "owner": "NORTHLAND DEVELOPMENTS", "group": "parking", "where": "North of Woodall Rodgers", "acres": 1.357, "land_value": 7380130, "improvement_value": 0, "land_psf": 124.85, "improvement_to_land": 0.0, "deed_date": "02/19/2020", "feet_to_klyde_warren": 2188.0, "street_view": "https://www.google.com/maps/@?api=1&map_action=pano&viewpoint=32.789466,-96.810694" }, "geometry": { "type": "Polygon", "coordinates": [ [ [ -96.810472, 32.789548, 0.0 ], [ -96.810333, 32.789383, 0.0 ], [ -96.810046, 32.789044, 0.0 ], [ -96.810034, 32.789031, 0.0 ], [ -96.810638, 32.788992, 0.0 ], [ -96.810685, 32.788989, 0.0 ], [ -96.810733, 32.788989, 0.0 ], [ -96.810767, 32.78899, 0.0 ], [ -96.810813, 32.788994, 0.0 ], [ -96.810853, 32.789025, 0.0 ], [ -96.811026, 32.789603, 0.0 ], [ -96.811092, 32.789822, 0.0 ], [ -96.810832, 32.789978, 0.0 ], [ -96.810472, 32.789548, 0.0 ] ] ] } },
{ "type": "Feature", "properties": { "dcad_account": "00000103381000000", "address": "717 S GOOD LATIMER EXPY", "property_name": "LIFE STORAGE - DRY/CLIMATE", "owner": "PSTX 717 S GOOD LATIMER EXPY LLC", "group": "building", "where": "Downtown", "acres": 1.926, "land_value": 7220070, "improvement_value": 629310, "land_psf": 86.08, "improvement_to_land": 0.09, "deed_date": "05/18/2016", "feet_to_klyde_warren": 6207.0, "street_view": "https://www.google.com/maps/@?api=1&map_action=pano&viewpoint=32.778475,-96.784841" }, "geometry": { "type": "Polygon", "coordinates": [ [ [ -96.784362, 32.778683, 0.0 ], [ -96.784193, 32.778486, 0.0 ], [ -96.784258, 32.778446, 0.0 ], [ -96.784323, 32.778405, 0.0 ], [ -96.784388, 32.778363, 0.0 ], [ -96.784454, 32.778322, 0.0 ], [ -96.784519, 32.778281, 0.0 ], [ -96.784584, 32.77824, 0.0 ], [ -96.78465, 32.778199, 0.0 ], [ -96.784715, 32.778158, 0.0 ], [ -96.784722, 32.778153, 0.0 ], [ -96.784771, 32.778121, 0.0 ], [ -96.784831, 32.778073, 0.0 ], [ -96.784886, 32.778021, 0.0 ], [ -96.784935, 32.777966, 0.0 ], [ -96.784963, 32.777928, 0.0 ], [ -96.784989, 32.77789, 0.0 ], [ -96.785179, 32.778106, 0.0 ], [ -96.785186, 32.778114, 0.0 ], [ -96.785437, 32.778399, 0.0 ], [ -96.785465, 32.778443, 0.0 ], [ -96.785478, 32.778463, 0.0 ], [ -96.785447, 32.778515, 0.0 ], [ -96.78541, 32.778563, 0.0 ], [ -96.785367, 32.778608, 0.0 ], [ -96.78532, 32.77865, 0.0 ], [ -96.785268, 32.778688, 0.0 ], [ -96.785263, 32.778691, 0.0 ], [ -96.785253, 32.778698, 0.0 ], [ -96.785203, 32.778729, 0.0 ], [ -96.785138, 32.77877, 0.0 ], [ -96.785072, 32.77881, 0.0 ], [ -96.785007, 32.778851, 0.0 ], [ -96.784941, 32.778892, 0.0 ], [ -96.784876, 32.778933, 0.0 ], [ -96.78481, 32.778974, 0.0 ], [ -96.784745, 32.779015, 0.0 ], [ -96.784679, 32.779055, 0.0 ], [ -96.784362, 32.778683, 0.0 ] ] ] } },
{ "type": "Feature", "properties": { "dcad_account": "00000100039000200", "address": "501 N HOUSTON ST", "property_name": "PARKING", "owner": "CORDOVAN VENTURERS &", "group": "parking", "where": "Downtown", "acres": 1.506, "land_value": 7215130, "improvement_value": 0, "land_psf": 109.98, "improvement_to_land": 0.0, "deed_date": "10/01/2007", "feet_to_klyde_warren": 2819.0, "street_view": "https://www.google.com/maps/@?api=1&map_action=pano&viewpoint=32.782167,-96.809273" }, "geometry": { "type": "Polygon", "coordinates": [ [ [ -96.808968, 32.782658, 0.0 ], [ -96.808898, 32.782009, 0.0 ], [ -96.808886, 32.781921, 0.0 ], [ -96.808868, 32.781833, 0.0 ], [ -96.808845, 32.781745, 0.0 ], [ -96.808833, 32.781704, 0.0 ], [ -96.809583, 32.781547, 0.0 ], [ -96.80971, 32.781979, 0.0 ], [ -96.809596, 32.782046, 0.0 ], [ -96.809666, 32.782287, 0.0 ], [ -96.809034, 32.782418, 0.0 ], [ -96.809097, 32.782632, 0.0 ], [ -96.808968, 32.782658, 0.0 ] ] ] } },
{ "type": "Feature", "properties": { "dcad_account": "00000139186000000", "address": "3703 BOWSER AVE", "property_name": "PAPPADEAUX S SEA FOOD/ DALLAS FINE WINE", "owner": "PAPPAS RESTAURANTS INC", "group": "building", "where": "North of Woodall Rodgers", "acres": 1.827, "land_value": 7168860, "improvement_value": 2356140, "land_psf": 90.07, "improvement_to_land": 0.33, "deed_date": "07/31/2007", "feet_to_klyde_warren": 7643.0, "street_view": "https://www.google.com/maps/@?api=1&map_action=pano&viewpoint=32.812022,-96.804212" }, "geometry": { "type": "Polygon", "coordinates": [ [ [ -96.804371, 32.812301, 0.0 ], [ -96.804338, 32.812276, 0.0 ], [ -96.804303, 32.812256, 0.0 ], [ -96.804264, 32.81224, 0.0 ], [ -96.804263, 32.81224, 0.0 ], [ -96.804215, 32.812228, 0.0 ], [ -96.804166, 32.812222, 0.0 ], [ -96.803901, 32.812211, 0.0 ], [ -96.803858, 32.812206, 0.0 ], [ -96.803816, 32.812195, 0.0 ], [ -96.803777, 32.812179, 0.0 ], [ -96.803742, 32.812158, 0.0 ], [ -96.803711, 32.812132, 0.0 ], [ -96.803687, 32.812104, 0.0 ], [ -96.803669, 32.812073, 0.0 ], [ -96.803657, 32.81204, 0.0 ], [ -96.803651, 32.812005, 0.0 ], [ -96.803652, 32.811971, 0.0 ], [ -96.803661, 32.811936, 0.0 ], [ -96.803675, 32.811904, 0.0 ], [ -96.803696, 32.811874, 0.0 ], [ -96.803722, 32.811847, 0.0 ], [ -96.803703, 32.811831, 0.0 ], [ -96.804137, 32.811476, 0.0 ], [ -96.805051, 32.812264, 0.0 ], [ -96.804681, 32.812571, 0.0 ], [ -96.804371, 32.812301, 0.0 ] ] ] } },
{ "type": "Feature", "properties": { "dcad_account": "000229000001A0000", "address": "1407 SAN JACINTO ST", "property_name": "PARKING", "owner": "TANGO RF LLC", "group": "parking", "where": "Downtown", "acres": 1.463, "land_value": 7154660, "improvement_value": 0, "land_psf": 112.26, "improvement_to_land": 0.0, "deed_date": "03/19/2020", "feet_to_klyde_warren": 1271.0, "street_view": "https://www.google.com/maps/@?api=1&map_action=pano&viewpoint=32.784273,-96.801835" }, "geometry": { "type": "Polygon", "coordinates": [ [ [ -96.801646, 32.784812, 0.0 ], [ -96.801439, 32.784642, 0.0 ], [ -96.801494, 32.784595, 0.0 ], [ -96.801249, 32.784395, 0.0 ], [ -96.801959, 32.783774, 0.0 ], [ -96.802425, 32.78415, 0.0 ], [ -96.801646, 32.784812, 0.0 ] ] ] } },
{ "type": "Feature", "properties": { "dcad_account": "00000136495000000", "address": "3104 N HALL ST", "property_name": "CARLISLE ON THE KATY TRAIL", "owner": "CARLISLE ON THE CREEK LLC", "group": "building", "where": "North of Woodall Rodgers", "acres": 1.288, "land_value": 7153630, "improvement_value": 10000, "land_psf": 127.46, "improvement_to_land": 0.0, "deed_date": "03/09/2022", "feet_to_klyde_warren": 5279.0, "street_view": "https://www.google.com/maps/@?api=1&map_action=pano&viewpoint=32.805694,-96.800565" }, "geometry": { "type": "Polygon", "coordinates": [ [ [ -96.800486, 32.806002, 0.0 ], [ -96.800455, 32.805975, 0.0 ], [ -96.800439, 32.805962, 0.0 ], [ -96.800461, 32.805928, 0.0 ], [ -96.800073, 32.805602, 0.0 ], [ -96.800157, 32.805469, 0.0 ], [ -96.800165, 32.805457, 0.0 ], [ -96.80024, 32.805337, 0.0 ], [ -96.800333, 32.805191, 0.0 ], [ -96.80034, 32.805184, 0.0 ], [ -96.800354, 32.805189, 0.0 ], [ -96.800739, 32.805516, 0.0 ], [ -96.800881, 32.805637, 0.0 ], [ -96.801014, 32.80575, 0.0 ], [ -96.801142, 32.805858, 0.0 ], [ -96.800799, 32.806166, 0.0 ], [ -96.800739, 32.806219, 0.0 ], [ -96.800614, 32.806112, 0.0 ], [ -96.800486, 32.806002, 0.0 ] ] ] } },
{ "type": "Feature", "properties": { "dcad_account": "001277000A01B0000", "address": "2825 ALAMO ST", "property_name": "PARKING LOT", "owner": "ANLAND NORTH COMMERCIAL LP", "group": "parking", "where": "North of Woodall Rodgers", "acres": 4.223, "land_value": 7143190, "improvement_value": 0, "land_psf": 38.83, "improvement_to_land": 0.0, "deed_date": "12/01/2005", "feet_to_klyde_warren": 3007.0, "street_view": "https://www.google.com/maps/@?api=1&map_action=pano&viewpoint=32.792784,-96.812904" }, "geometry": { "type": "Polygon", "coordinates": [ [ [ -96.812934, 32.793277, 0.0 ], [ -96.812882, 32.793222, 0.0 ], [ -96.812832, 32.793165, 0.0 ], [ -96.812207, 32.792404, 0.0 ], [ -96.812144, 32.792322, 0.0 ], [ -96.812087, 32.792237, 0.0 ], [ -96.812036, 32.792149, 0.0 ], [ -96.811992, 32.792059, 0.0 ], [ -96.811953, 32.791967, 0.0 ], [ -96.811922, 32.791873, 0.0 ], [ -96.812324, 32.791564, 0.0 ], [ -96.812356, 32.791596, 0.0 ], [ -96.812465, 32.791522, 0.0 ], [ -96.812808, 32.79145, 0.0 ], [ -96.812897, 32.791431, 0.0 ], [ -96.813553, 32.793699, 0.0 ], [ -96.813494, 32.793688, 0.0 ], [ -96.813436, 32.793672, 0.0 ], [ -96.813379, 32.793653, 0.0 ], [ -96.813326, 32.793629, 0.0 ], [ -96.813457, 32.793601, 0.0 ], [ -96.813443, 32.793553, 0.0 ], [ -96.813293, 32.793585, 0.0 ], [ -96.813278, 32.793604, 0.0 ], [ -96.81322, 32.793567, 0.0 ], [ -96.813167, 32.793525, 0.0 ], [ -96.81312, 32.793479, 0.0 ], [ -96.812985, 32.793332, 0.0 ], [ -96.812934, 32.793277, 0.0 ] ] ] } },
{ "type": "Feature", "properties": { "dcad_account": "000978000004A0000", "address": "3133 LEMMON AVE", "property_name": "CVS PHARMACY", "owner": "RP TOWN & COUNTRY SC LP", "group": "building", "where": "North of Woodall Rodgers", "acres": 1.093, "land_value": 7135050, "improvement_value": 1882600, "land_psf": 149.88, "improvement_to_land": 0.26, "deed_date": "01/20/2021", "feet_to_klyde_warren": 5804.0, "street_view": "https://www.google.com/maps/@?api=1&map_action=pano&viewpoint=32.806934,-96.798165" }, "geometry": { "type": "Polygon", "coordinates": [ [ [ -96.798219, 32.807318, 0.0 ], [ -96.798218, 32.807319, 0.0 ], [ -96.797789, 32.806955, 0.0 ], [ -96.797782, 32.806912, 0.0 ], [ -96.797897, 32.806735, 0.0 ], [ -96.798062, 32.806482, 0.0 ], [ -96.798612, 32.806996, 0.0 ], [ -96.798726, 32.807096, 0.0 ], [ -96.798338, 32.807421, 0.0 ], [ -96.798219, 32.807318, 0.0 ] ] ] } },
{ "type": "Feature", "properties": { "dcad_account": "00000109405000000", "address": "701 S HOUSTON ST", "property_name": "VIADUCT TRACT", "owner": "HUNT REUNION HOLDINGS INC", "group": "parking", "where": "Downtown", "acres": 1.408, "land_value": 7115690, "improvement_value": 0, "land_psf": 115.99, "improvement_to_land": 0.0, "deed_date": "12/30/1997", "feet_to_klyde_warren": 5166.0, "street_view": "https://www.google.com/maps/@?api=1&map_action=pano&viewpoint=32.773900,-96.806801" }, "geometry": { "type": "Polygon", "coordinates": [ [ [ -96.807255, 32.773984, 0.0 ], [ -96.807256, 32.773984, 0.0 ], [ -96.807256, 32.773985, 0.0 ], [ -96.807257, 32.773985, 0.0 ], [ -96.807258, 32.773986, 0.0 ], [ -96.807259, 32.773986, 0.0 ], [ -96.807259, 32.773987, 0.0 ], [ -96.80726, 32.773987, 0.0 ], [ -96.807261, 32.773987, 0.0 ], [ -96.807261, 32.773988, 0.0 ], [ -96.807262, 32.773988, 0.0 ], [ -96.807262, 32.773989, 0.0 ], [ -96.807355, 32.774084, 0.0 ], [ -96.807412, 32.774147, 0.0 ], [ -96.807464, 32.774212, 0.0 ], [ -96.807513, 32.774279, 0.0 ], [ -96.807329, 32.774438, 0.0 ], [ -96.807286, 32.774308, 0.0 ], [ -96.80697, 32.774374, 0.0 ], [ -96.806812, 32.774407, 0.0 ], [ -96.806654, 32.77444, 0.0 ], [ -96.806489, 32.773943, 0.0 ], [ -96.806464, 32.773857, 0.0 ], [ -96.806446, 32.77377, 0.0 ], [ -96.806434, 32.773683, 0.0 ], [ -96.806429, 32.773595, 0.0 ], [ -96.806431, 32.773506, 0.0 ], [ -96.806439, 32.773419, 0.0 ], [ -96.806834, 32.773712, 0.0 ], [ -96.807254, 32.773983, 0.0 ], [ -96.807255, 32.773984, 0.0 ] ] ] } },
{ "type": "Feature", "properties": { "dcad_account": "00000104419000000", "address": "1012 MCKINNEY AVE", "property_name": "PARKING", "owner": "DKW LAND LLC", "group": "parking", "where": "Downtown", "acres": 1.257, "land_value": 7112950, "improvement_value": 0, "land_psf": 129.93, "improvement_to_land": 0.0, "deed_date": "01/06/2023", "feet_to_klyde_warren": 1712.0, "street_view": "https://www.google.com/maps/@?api=1&map_action=pano&viewpoint=32.784327,-96.806333" }, "geometry": { "type": "Polygon", "coordinates": [ [ [ -96.806199, 32.783895, 0.0 ], [ -96.806257, 32.783844, 0.0 ], [ -96.806351, 32.783931, 0.0 ], [ -96.806594, 32.784156, 0.0 ], [ -96.806694, 32.784249, 0.0 ], [ -96.806698, 32.784253, 0.0 ], [ -96.806858, 32.7844, 0.0 ], [ -96.806628, 32.784593, 0.0 ], [ -96.806508, 32.784694, 0.0 ], [ -96.806395, 32.784789, 0.0 ], [ -96.806128, 32.784545, 0.0 ], [ -96.80602, 32.784447, 0.0 ], [ -96.805798, 32.784244, 0.0 ], [ -96.806031, 32.784041, 0.0 ], [ -96.806199, 32.783895, 0.0 ] ] ] } },
{ "type": "Feature", "properties": { "dcad_account": "001031000001A0000", "address": "3424 GILLESPIE ST", "property_name": "THE VILLAS", "owner": "PUIG A WINSTON", "group": "building", "where": "North of Woodall Rodgers", "acres": 1.187, "land_value": 6987880, "improvement_value": 1142120, "land_psf": 135.13, "improvement_to_land": 0.16, "deed_date": "09/21/1989", "feet_to_klyde_warren": 5398.0, "street_view": "https://www.google.com/maps/@?api=1&map_action=pano&viewpoint=32.805084,-96.806971" }, "geometry": { "type": "Polygon", "coordinates": [ [ [ -96.806367, 32.804935, 0.0 ], [ -96.806795, 32.804573, 0.0 ], [ -96.8073, 32.805005, 0.0 ], [ -96.807305, 32.805001, 0.0 ], [ -96.807493, 32.805162, 0.0 ], [ -96.807492, 32.805201, 0.0 ], [ -96.807187, 32.805456, 0.0 ], [ -96.806862, 32.805178, 0.0 ], [ -96.806756, 32.805267, 0.0 ], [ -96.806367, 32.804935, 0.0 ] ] ] } },
{ "type": "Feature", "properties": { "dcad_account": "000261000A02B0000", "address": "830 LEONARD ST", "property_name": "VACANT", "owner": "2500 ROSS DEVELOPMENT LP", "group": "parking", "where": "Downtown", "acres": 1.421, "land_value": 6983150, "improvement_value": 0, "land_psf": 112.79, "improvement_to_land": 0.0, "deed_date": "12/20/2021", "feet_to_klyde_warren": 1383.0, "street_view": "https://www.google.com/maps/@?api=1&map_action=pano&viewpoint=32.789178,-96.795166" }, "geometry": { "type": "Polygon", "coordinates": [ [ [ -96.795556, 32.789707, 0.0 ], [ -96.795549, 32.789701, 0.0 ], [ -96.79554, 32.789697, 0.0 ], [ -96.795531, 32.789693, 0.0 ], [ -96.795521, 32.789691, 0.0 ], [ -96.795433, 32.789675, 0.0 ], [ -96.795427, 32.789658, 0.0 ], [ -96.795418, 32.789642, 0.0 ], [ -96.795405, 32.789627, 0.0 ], [ -96.79539, 32.789614, 0.0 ], [ -96.795372, 32.789603, 0.0 ], [ -96.795353, 32.789595, 0.0 ], [ -96.795332, 32.78959, 0.0 ], [ -96.795311, 32.789588, 0.0 ], [ -96.795289, 32.789589, 0.0 ], [ -96.795268, 32.789592, 0.0 ], [ -96.795248, 32.789599, 0.0 ], [ -96.795229, 32.789608, 0.0 ], [ -96.795213, 32.78962, 0.0 ], [ -96.795199, 32.789634, 0.0 ], [ -96.795188, 32.78965, 0.0 ], [ -96.79506, 32.789627, 0.0 ], [ -96.794895, 32.78955, 0.0 ], [ -96.794605, 32.789298, 0.0 ], [ -96.795287, 32.788728, 0.0 ], [ -96.795334, 32.788729, 0.0 ], [ -96.79573, 32.789058, 0.0 ], [ -96.795297, 32.789412, 0.0 ], [ -96.795313, 32.789429, 0.0 ], [ -96.795329, 32.78944, 0.0 ], [ -96.795689, 32.789761, 0.0 ], [ -96.795653, 32.789791, 0.0 ], [ -96.795556, 32.789707, 0.0 ] ] ] } },
{ "type": "Feature", "properties": { "dcad_account": "000368000G01A0000", "address": "2501 N FIELD ST", "property_name": "CVS", "owner": "GROUP KIRKMAN LLC", "group": "building", "where": "North of Woodall Rodgers", "acres": 0.913, "land_value": 6921600, "improvement_value": 465150, "land_psf": 174.07, "improvement_to_land": 0.07, "deed_date": "04/27/2020", "feet_to_klyde_warren": 1634.0, "street_view": "https://www.google.com/maps/@?api=1&map_action=pano&viewpoint=32.790414,-96.808256" }, "geometry": { "type": "Polygon", "coordinates": [ [ [ -96.807918, 32.790705, 0.0 ], [ -96.807926, 32.790626, 0.0 ], [ -96.807938, 32.790617, 0.0 ], [ -96.807975, 32.790338, 0.0 ], [ -96.807995, 32.79, 0.0 ], [ -96.807999, 32.789968, 0.0 ], [ -96.808009, 32.789938, 0.0 ], [ -96.808024, 32.789908, 0.0 ], [ -96.808624, 32.790489, 0.0 ], [ -96.808108, 32.790889, 0.0 ], [ -96.807918, 32.790705, 0.0 ] ] ] } },
{ "type": "Feature", "properties": { "dcad_account": "00000106901000000", "address": "2213 N FIELD ST", "property_name": "PARKING LOT", "owner": "FIREBIRD DOWNTOWN INC &", "group": "parking", "where": "North of Woodall Rodgers", "acres": 0.99, "land_value": 6905920, "improvement_value": 0, "land_psf": 160.11, "improvement_to_land": 0.0, "deed_date": "04/02/2019", "feet_to_klyde_warren": 782.0, "street_view": "https://www.google.com/maps/@?api=1&map_action=pano&viewpoint=32.787445,-96.805611" }, "geometry": { "type": "Polygon", "coordinates": [ [ [ -96.806005, 32.787946, 0.0 ], [ -96.805509, 32.787519, 0.0 ], [ -96.80516, 32.787363, 0.0 ], [ -96.805166, 32.787342, 0.0 ], [ -96.804998, 32.78727, 0.0 ], [ -96.804994, 32.78724, 0.0 ], [ -96.80537, 32.786979, 0.0 ], [ -96.805815, 32.78739, 0.0 ], [ -96.805942, 32.7875, 0.0 ], [ -96.805999, 32.787557, 0.0 ], [ -96.806049, 32.787618, 0.0 ], [ -96.806092, 32.787683, 0.0 ], [ -96.806128, 32.78775, 0.0 ], [ -96.806157, 32.78782, 0.0 ], [ -96.806005, 32.787946, 0.0 ] ] ] } },
{ "type": "Feature", "properties": { "dcad_account": "00000100057000000", "address": "207 S HOUSTON ST", "property_name": "FEDERAL BUILDING", "owner": "USA", "group": "building", "where": "Downtown", "acres": 1.394, "land_value": 6864000, "improvement_value": 17090, "land_psf": 113.06, "improvement_to_land": 0.0, "deed_date": "", "feet_to_klyde_warren": 4059.0, "street_view": "https://www.google.com/maps/@?api=1&map_action=pano&viewpoint=32.777600,-96.808040" }, "geometry": { "type": "Polygon", "coordinates": [ [ [ -96.807706, 32.777934, 0.0 ], [ -96.807667, 32.7778, 0.0 ], [ -96.807627, 32.777667, 0.0 ], [ -96.807588, 32.777533, 0.0 ], [ -96.807549, 32.7774, 0.0 ], [ -96.807497, 32.777218, 0.0 ], [ -96.807877, 32.777141, 0.0 ], [ -96.807898, 32.777216, 0.0 ], [ -96.808151, 32.777165, 0.0 ], [ -96.808588, 32.777755, 0.0 ], [ -96.808338, 32.777803, 0.0 ], [ -96.808022, 32.777868, 0.0 ], [ -96.807706, 32.777934, 0.0 ] ] ] } },
{ "type": "Feature", "properties": { "dcad_account": "00000106708000000", "address": "2416 CAROLINE ST", "property_name": "PARKING", "owner": "FSR LP", "group": "parking", "where": "North of Woodall Rodgers", "acres": 0.942, "land_value": 6576480, "improvement_value": 0, "land_psf": 160.29, "improvement_to_land": 0.0, "deed_date": "05/11/1999", "feet_to_klyde_warren": 1116.0, "street_view": "https://www.google.com/maps/@?api=1&map_action=pano&viewpoint=32.790007,-96.806854" }, "geometry": { "type": "Polygon", "coordinates": [ [ [ -96.80647, 32.790052, 0.0 ], [ -96.806361, 32.789949, 0.0 ], [ -96.806253, 32.789847, 0.0 ], [ -96.806289, 32.789819, 0.0 ], [ -96.806398, 32.789922, 0.0 ], [ -96.806506, 32.790024, 0.0 ], [ -96.806768, 32.789826, 0.0 ], [ -96.806659, 32.789724, 0.0 ], [ -96.806551, 32.789621, 0.0 ], [ -96.806673, 32.789534, 0.0 ], [ -96.806728, 32.789585, 0.0 ], [ -96.806783, 32.789635, 0.0 ], [ -96.806837, 32.789686, 0.0 ], [ -96.806889, 32.789734, 0.0 ], [ -96.806943, 32.789785, 0.0 ], [ -96.806998, 32.789837, 0.0 ], [ -96.807052, 32.789888, 0.0 ], [ -96.807106, 32.789939, 0.0 ], [ -96.807161, 32.78999, 0.0 ], [ -96.807215, 32.790041, 0.0 ], [ -96.807269, 32.790093, 0.0 ], [ -96.807323, 32.790144, 0.0 ], [ -96.807202, 32.790235, 0.0 ], [ -96.80694, 32.790434, 0.0 ], [ -96.806904, 32.790461, 0.0 ], [ -96.806796, 32.790359, 0.0 ], [ -96.806786, 32.79035, 0.0 ], [ -96.806687, 32.790256, 0.0 ], [ -96.806578, 32.790154, 0.0 ], [ -96.80647, 32.790052, 0.0 ] ] ] } },
{ "type": "Feature", "properties": { "dcad_account": "00000105391500000", "address": "2020 LIVE OAK ST", "property_name": "PROVISON DATA SERVICES  DATA CENTER", "owner": "WESTDALE 2020 LIVE OAK LP", "group": "building", "where": "Downtown", "acres": 1.35, "land_value": 6559200, "improvement_value": 1511330, "land_psf": 111.57, "improvement_to_land": 0.23, "deed_date": "11/10/2014", "feet_to_klyde_warren": 2778.0, "street_view": "https://www.google.com/maps/@?api=1&map_action=pano&viewpoint=32.783722,-96.794555" }, "geometry": { "type": "Polygon", "coordinates": [ [ [ -96.794588, 32.783289, 0.0 ], [ -96.794816, 32.783444, 0.0 ], [ -96.795112, 32.783646, 0.0 ], [ -96.794927, 32.7838, 0.0 ], [ -96.79469, 32.783997, 0.0 ], [ -96.794619, 32.784055, 0.0 ], [ -96.794472, 32.784178, 0.0 ], [ -96.794254, 32.783982, 0.0 ], [ -96.794207, 32.78394, 0.0 ], [ -96.794207, 32.783939, 0.0 ], [ -96.794186, 32.78392, 0.0 ], [ -96.794166, 32.783901, 0.0 ], [ -96.794148, 32.78388, 0.0 ], [ -96.794145, 32.783876, 0.0 ], [ -96.794132, 32.783858, 0.0 ], [ -96.794119, 32.783834, 0.0 ], [ -96.794108, 32.78381, 0.0 ], [ -96.794099, 32.783786, 0.0 ], [ -96.794093, 32.78376, 0.0 ], [ -96.794091, 32.783741, 0.0 ], [ -96.79409, 32.783735, 0.0 ], [ -96.794089, 32.783709, 0.0 ], [ -96.794093, 32.783666, 0.0 ], [ -96.794104, 32.783624, 0.0 ], [ -96.794123, 32.783584, 0.0 ], [ -96.794137, 32.783561, 0.0 ], [ -96.794149, 32.783545, 0.0 ], [ -96.794153, 32.783539, 0.0 ], [ -96.794265, 32.783404, 0.0 ], [ -96.794317, 32.783341, 0.0 ], [ -96.794588, 32.783289, 0.0 ] ] ] } },
{ "type": "Feature", "properties": { "dcad_account": "00000108917500000", "address": "201 REUNION BLVD", "property_name": "PARKING", "owner": "HUNT REUNION HOLDINGS INC", "group": "parking", "where": "Downtown", "acres": 1.689, "land_value": 6489580, "improvement_value": 0, "land_psf": 88.21, "improvement_to_land": 0.0, "deed_date": "12/24/1997", "feet_to_klyde_warren": 4221.0, "street_view": "https://www.google.com/maps/@?api=1&map_action=pano&viewpoint=32.777432,-96.809555" }, "geometry": { "type": "Polygon", "coordinates": [ [ [ -96.809542, 32.778158, 0.0 ], [ -96.809316, 32.777828, 0.0 ], [ -96.809254, 32.777718, 0.0 ], [ -96.809199, 32.777605, 0.0 ], [ -96.809151, 32.77749, 0.0 ], [ -96.80911, 32.777373, 0.0 ], [ -96.809204, 32.77736, 0.0 ], [ -96.809296, 32.77734, 0.0 ], [ -96.809386, 32.777314, 0.0 ], [ -96.809474, 32.777282, 0.0 ], [ -96.809558, 32.777245, 0.0 ], [ -96.809639, 32.777202, 0.0 ], [ -96.809716, 32.777154, 0.0 ], [ -96.809787, 32.777101, 0.0 ], [ -96.809854, 32.777043, 0.0 ], [ -96.809915, 32.776981, 0.0 ], [ -96.80997, 32.776916, 0.0 ], [ -96.810009, 32.776843, 0.0 ], [ -96.810043, 32.776768, 0.0 ], [ -96.810074, 32.776693, 0.0 ], [ -96.81005, 32.776761, 0.0 ], [ -96.810019, 32.776863, 0.0 ], [ -96.809995, 32.776965, 0.0 ], [ -96.80998, 32.777069, 0.0 ], [ -96.809972, 32.777173, 0.0 ], [ -96.809973, 32.777278, 0.0 ], [ -96.809991, 32.777726, 0.0 ], [ -96.80999, 32.777786, 0.0 ], [ -96.80998, 32.777845, 0.0 ], [ -96.809961, 32.777903, 0.0 ], [ -96.809935, 32.777959, 0.0 ], [ -96.809901, 32.778012, 0.0 ], [ -96.80986, 32.778061, 0.0 ], [ -96.809813, 32.778106, 0.0 ], [ -96.809759, 32.778145, 0.0 ], [ -96.809701, 32.778179, 0.0 ], [ -96.809638, 32.778207, 0.0 ], [ -96.809571, 32.778229, 0.0 ], [ -96.809542, 32.778158, 0.0 ] ] ] } },
{ "type": "Feature", "properties": { "dcad_account": "00022700000010000", "address": "704 N GRIFFIN ST", "property_name": "PARKING LOT", "owner": "TANGO NORTH RF LLC", "group": "parking", "where": "Downtown", "acres": 1.309, "land_value": 6412840, "improvement_value": 0, "land_psf": 112.5, "improvement_to_land": 0.0, "deed_date": "03/29/2023", "feet_to_klyde_warren": 1286.0, "street_view": "https://www.google.com/maps/@?api=1&map_action=pano&viewpoint=32.784276,-96.803334" }, "geometry": { "type": "Polygon", "coordinates": [ [ [ -96.803269, 32.784522, 0.0 ], [ -96.80277, 32.784123, 0.0 ], [ -96.803186, 32.783775, 0.0 ], [ -96.80324, 32.783723, 0.0 ], [ -96.803449, 32.783924, 0.0 ], [ -96.80339, 32.783971, 0.0 ], [ -96.803866, 32.784429, 0.0 ], [ -96.803855, 32.784579, 0.0 ], [ -96.803703, 32.784564, 0.0 ], [ -96.803575, 32.784666, 0.0 ], [ -96.803618, 32.784708, 0.0 ], [ -96.803533, 32.784776, 0.0 ], [ -96.803269, 32.784522, 0.0 ] ] ] } },
{ "type": "Feature", "properties": { "dcad_account": "00000157840000000", "address": "4009 N CENTRAL EXPY", "property_name": "SEVENTH DAY ADVENTIST CHURCH", "owner": "TEXAS CONFERENCE ASSOC SEVENTH DAY ADVENTISTS", "group": "building", "where": "North of Woodall Rodgers", "acres": 1.347, "land_value": 6375920, "improvement_value": 564880, "land_psf": 108.67, "improvement_to_land": 0.09, "deed_date": "", "feet_to_klyde_warren": 8044.0, "street_view": "https://www.google.com/maps/@?api=1&map_action=pano&viewpoint=32.812084,-96.791991" }, "geometry": { "type": "Polygon", "coordinates": [ [ [ -96.792092, 32.811576, 0.0 ], [ -96.792491, 32.811725, 0.0 ], [ -96.792392, 32.81191, 0.0 ], [ -96.792294, 32.812094, 0.0 ], [ -96.7922, 32.812271, 0.0 ], [ -96.792104, 32.81245, 0.0 ], [ -96.792027, 32.812595, 0.0 ], [ -96.791477, 32.812384, 0.0 ], [ -96.791504, 32.812333, 0.0 ], [ -96.791554, 32.812238, 0.0 ], [ -96.79169, 32.812075, 0.0 ], [ -96.791757, 32.811961, 0.0 ], [ -96.7918, 32.811904, 0.0 ], [ -96.791921, 32.811729, 0.0 ], [ -96.792013, 32.811604, 0.0 ], [ -96.792092, 32.811576, 0.0 ] ] ] } },
{ "type": "Feature", "properties": { "dcad_account": "00000100576000000", "address": "1114 WOOD ST", "property_name": "PARKING LOT", "owner": "SANTE FE IV HOTEL LP", "group": "parking", "where": "Downtown", "acres": 1.931, "land_value": 6305100, "improvement_value": 0, "land_psf": 74.94, "improvement_to_land": 0.0, "deed_date": "04/16/2008", "feet_to_klyde_warren": 3744.0, "street_view": "https://www.google.com/maps/@?api=1&map_action=pano&viewpoint=32.777580,-96.800856" }, "geometry": { "type": "Polygon", "coordinates": [ [ [ -96.800145, 32.777187, 0.0 ], [ -96.800502, 32.777105, 0.0 ], [ -96.800596, 32.777086, 0.0 ], [ -96.800602, 32.777085, 0.0 ], [ -96.800608, 32.777085, 0.0 ], [ -96.800613, 32.777086, 0.0 ], [ -96.800618, 32.777088, 0.0 ], [ -96.800623, 32.77709, 0.0 ], [ -96.800628, 32.777093, 0.0 ], [ -96.800631, 32.777097, 0.0 ], [ -96.800634, 32.777101, 0.0 ], [ -96.800636, 32.777106, 0.0 ], [ -96.800636, 32.777111, 0.0 ], [ -96.800636, 32.777116, 0.0 ], [ -96.800614, 32.777274, 0.0 ], [ -96.80073, 32.777337, 0.0 ], [ -96.80085, 32.777394, 0.0 ], [ -96.800973, 32.777446, 0.0 ], [ -96.801099, 32.777492, 0.0 ], [ -96.801228, 32.777532, 0.0 ], [ -96.801359, 32.777566, 0.0 ], [ -96.801493, 32.777594, 0.0 ], [ -96.80154, 32.777603, 0.0 ], [ -96.801608, 32.777833, 0.0 ], [ -96.800468, 32.778079, 0.0 ], [ -96.800461, 32.778062, 0.0 ], [ -96.800145, 32.777187, 0.0 ] ] ] } },
{ "type": "Feature", "properties": { "dcad_account": "001277000A01C0000", "address": "2825 ALAMO ST", "property_name": "PARKING LOT", "owner": "NORTHLAND DEVELOPMENTS", "group": "parking", "where": "North of Woodall Rodgers", "acres": 1.195, "land_value": 6261850, "improvement_value": 0, "land_psf": 120.3, "improvement_to_land": 0.0, "deed_date": "02/19/2020", "feet_to_klyde_warren": 2510.0, "street_view": "https://www.google.com/maps/@?api=1&map_action=pano&viewpoint=32.791365,-96.811032" }, "geometry": { "type": "Polygon", "coordinates": [ [ [ -96.811417, 32.790904, 0.0 ], [ -96.811535, 32.791291, 0.0 ], [ -96.810611, 32.791851, 0.0 ], [ -96.810319, 32.791551, 0.0 ], [ -96.810527, 32.791438, 0.0 ], [ -96.811417, 32.790904, 0.0 ] ] ] } },
{ "type": "Feature", "properties": { "dcad_account": "00101600100100000", "address": "3515 BROWN ST", "property_name": "LAND ONLY", "owner": "WIMBLEDON PLACE TOWNHOME", "group": "vacant", "where": "North of Woodall Rodgers", "acres": 1.594, "land_value": 6075000, "improvement_value": 0, "land_psf": 87.47, "improvement_to_land": 0.0, "deed_date": "01/01/2024", "feet_to_klyde_warren": 5381.0, "street_view": "https://www.google.com/maps/@?api=1&map_action=pano&viewpoint=32.804062,-96.809794" }, "geometry": { "type": "Polygon", "coordinates": [ [ [ -96.809096, 32.803755, 0.0 ], [ -96.809443, 32.803463, 0.0 ], [ -96.809559, 32.803564, 0.0 ], [ -96.809581, 32.803582, 0.0 ], [ -96.809606, 32.803604, 0.0 ], [ -96.809674, 32.803662, 0.0 ], [ -96.809722, 32.803704, 0.0 ], [ -96.809792, 32.803764, 0.0 ], [ -96.809864, 32.803826, 0.0 ], [ -96.80991, 32.803865, 0.0 ], [ -96.810003, 32.803945, 0.0 ], [ -96.810026, 32.803966, 0.0 ], [ -96.810144, 32.804067, 0.0 ], [ -96.810259, 32.804166, 0.0 ], [ -96.810376, 32.804267, 0.0 ], [ -96.810494, 32.804368, 0.0 ], [ -96.810144, 32.80466, 0.0 ], [ -96.810027, 32.804559, 0.0 ], [ -96.809911, 32.804458, 0.0 ], [ -96.809796, 32.804359, 0.0 ], [ -96.809679, 32.804258, 0.0 ], [ -96.809655, 32.804238, 0.0 ], [ -96.809562, 32.804157, 0.0 ], [ -96.809517, 32.804118, 0.0 ], [ -96.809445, 32.804056, 0.0 ], [ -96.809375, 32.803996, 0.0 ], [ -96.809327, 32.803954, 0.0 ], [ -96.809259, 32.803895, 0.0 ], [ -96.809236, 32.803875, 0.0 ], [ -96.809215, 32.803857, 0.0 ], [ -96.809096, 32.803755, 0.0 ] ] ] } },
{ "type": "Feature", "properties": { "dcad_account": "00000103126000000", "address": "2201 MAIN ST", "property_name": "SALAZAR CENTER", "owner": "2201 MAIN LLC", "group": "parking", "where": "Downtown", "acres": 1.418, "land_value": 6068700, "improvement_value": 1331300, "land_psf": 98.23, "improvement_to_land": 0.22, "deed_date": "12/28/2012", "feet_to_klyde_warren": 3822.0, "street_view": "https://www.google.com/maps/@?api=1&map_action=pano&viewpoint=32.782907,-96.790535" }, "geometry": { "type": "Polygon", "coordinates": [ [ [ -96.789898, 32.782802, 0.0 ], [ -96.790161, 32.782647, 0.0 ], [ -96.790971, 32.782481, 0.0 ], [ -96.791115, 32.783012, 0.0 ], [ -96.79022, 32.783193, 0.0 ], [ -96.789898, 32.782802, 0.0 ] ] ] } },
{ "type": "Feature", "properties": { "dcad_account": "00000104555000000", "address": "400 N GRIFFIN ST", "property_name": "KDFW TV FOX 4 OFFICE", "owner": "DALLAS FORT WORTH ARGYLE", "group": "building", "where": "Downtown", "acres": 1.129, "land_value": 5959680, "improvement_value": 40320, "land_psf": 121.16, "improvement_to_land": 0.01, "deed_date": "01/04/1994", "feet_to_klyde_warren": 2015.0, "street_view": "https://www.google.com/maps/@?api=1&map_action=pano&viewpoint=32.782270,-96.803026" }, "geometry": { "type": "Polygon", "coordinates": [ [ [ -96.803041, 32.781884, 0.0 ], [ -96.803265, 32.781834, 0.0 ], [ -96.803286, 32.781891, 0.0 ], [ -96.803309, 32.781946, 0.0 ], [ -96.803334, 32.782001, 0.0 ], [ -96.803362, 32.782055, 0.0 ], [ -96.803393, 32.782109, 0.0 ], [ -96.803415, 32.782145, 0.0 ], [ -96.803452, 32.782203, 0.0 ], [ -96.803505, 32.782286, 0.0 ], [ -96.803391, 32.782384, 0.0 ], [ -96.803269, 32.782489, 0.0 ], [ -96.803155, 32.782588, 0.0 ], [ -96.803037, 32.782689, 0.0 ], [ -96.802539, 32.782254, 0.0 ], [ -96.802659, 32.782165, 0.0 ], [ -96.802786, 32.782072, 0.0 ], [ -96.802916, 32.781976, 0.0 ], [ -96.803041, 32.781884, 0.0 ] ] ] } },
{ "type": "Feature", "properties": { "dcad_account": "00000104914000000", "address": "1407 PATTERSON AVE", "property_name": "PARKING", "owner": "TANGO RF LLC", "group": "parking", "where": "Downtown", "acres": 1.213, "land_value": 5944280, "improvement_value": 0, "land_psf": 112.49, "improvement_to_land": 0.0, "deed_date": "03/19/2020", "feet_to_klyde_warren": 1604.0, "street_view": "https://www.google.com/maps/@?api=1&map_action=pano&viewpoint=32.783459,-96.801462" }, "geometry": { "type": "Polygon", "coordinates": [ [ [ -96.801322, 32.783662, 0.0 ], [ -96.801247, 32.783587, 0.0 ], [ -96.801242, 32.783591, 0.0 ], [ -96.800982, 32.783331, 0.0 ], [ -96.801651, 32.782855, 0.0 ], [ -96.801866, 32.783649, 0.0 ], [ -96.801585, 32.783887, 0.0 ], [ -96.801322, 32.783662, 0.0 ] ] ] } },
{ "type": "Feature", "properties": { "dcad_account": "00000104371000000", "address": "2020 N LAMAR ST", "property_name": "LUNA PREPARATORY & WEST END PARKING CENTER", "owner": "PARK HERE LLC", "group": "parking", "where": "Downtown", "acres": 1.077, "land_value": 5932290, "improvement_value": 1800470, "land_psf": 126.5, "improvement_to_land": 0.3, "deed_date": "03/18/2026", "feet_to_klyde_warren": 1949.0, "street_view": "https://www.google.com/maps/@?api=1&map_action=pano&viewpoint=32.783873,-96.806824" }, "geometry": { "type": "Polygon", "coordinates": [ [ [ -96.806339, 32.783776, 0.0 ], [ -96.806569, 32.783579, 0.0 ], [ -96.806572, 32.783576, 0.0 ], [ -96.806736, 32.783436, 0.0 ], [ -96.807129, 32.783802, 0.0 ], [ -96.80728, 32.783943, 0.0 ], [ -96.807263, 32.784059, 0.0 ], [ -96.807168, 32.784139, 0.0 ], [ -96.807165, 32.784143, 0.0 ], [ -96.806944, 32.78433, 0.0 ], [ -96.806697, 32.784104, 0.0 ], [ -96.806339, 32.783776, 0.0 ] ] ] } },
{ "type": "Feature", "properties": { "dcad_account": "000132002601A0000", "address": "920 S HARWOOD ST", "property_name": "FARMERS MARKET SHED # 2", "owner": "DF MARKET 2 LLC", "group": "building", "where": "Downtown", "acres": 2.056, "land_value": 5807230, "improvement_value": 177620, "land_psf": 64.84, "improvement_to_land": 0.03, "deed_date": "06/18/2013", "feet_to_klyde_warren": 5173.0, "street_view": "https://www.google.com/maps/@?api=1&map_action=pano&viewpoint=32.777618,-96.790201" }, "geometry": { "type": "Polygon", "coordinates": [ [ [ -96.789619, 32.777594, 0.0 ], [ -96.78959, 32.77756, 0.0 ], [ -96.789748, 32.777463, 0.0 ], [ -96.789777, 32.777496, 0.0 ], [ -96.790175, 32.77725, 0.0 ], [ -96.790117, 32.777201, 0.0 ], [ -96.790237, 32.777127, 0.0 ], [ -96.790341, 32.777215, 0.0 ], [ -96.790364, 32.777196, 0.0 ], [ -96.790549, 32.77735, 0.0 ], [ -96.790526, 32.77737, 0.0 ], [ -96.79102, 32.777784, 0.0 ], [ -96.791001, 32.777893, 0.0 ], [ -96.790554, 32.777997, 0.0 ], [ -96.790552, 32.777994, 0.0 ], [ -96.789939, 32.778103, 0.0 ], [ -96.789837, 32.777993, 0.0 ], [ -96.789548, 32.777654, 0.0 ], [ -96.78954, 32.777642, 0.0 ], [ -96.789619, 32.777594, 0.0 ] ] ] } },
{ "type": "Feature", "properties": { "dcad_account": "00000100336000000", "address": "401 S LAMAR ST", "property_name": "PARKING", "owner": "LUBBEN SITE LLC", "group": "parking", "where": "Downtown", "acres": 1.104, "land_value": 5762640, "improvement_value": 0, "land_psf": 119.78, "improvement_to_land": 0.0, "deed_date": "06/01/2017", "feet_to_klyde_warren": 4023.0, "street_view": "https://www.google.com/maps/@?api=1&map_action=pano&viewpoint=32.776799,-96.804007" }, "geometry": { "type": "Polygon", "coordinates": [ [ [ -96.803722, 32.777199, 0.0 ], [ -96.803643, 32.776932, 0.0 ], [ -96.803565, 32.776665, 0.0 ], [ -96.803723, 32.776632, 0.0 ], [ -96.803881, 32.776599, 0.0 ], [ -96.804039, 32.776567, 0.0 ], [ -96.804039, 32.776566, 0.0 ], [ -96.804197, 32.776533, 0.0 ], [ -96.804197, 32.776534, 0.0 ], [ -96.804325, 32.776507, 0.0 ], [ -96.804482, 32.777041, 0.0 ], [ -96.804354, 32.777067, 0.0 ], [ -96.804196, 32.7771, 0.0 ], [ -96.804038, 32.777133, 0.0 ], [ -96.80388, 32.777166, 0.0 ], [ -96.803722, 32.777199, 0.0 ] ] ] } },
{ "type": "Feature", "properties": { "dcad_account": "00097800000060000", "address": "3130 LEMMON AVE", "property_name": "UNOCCUPIED & BOARDED UP", "owner": "LEMMON & COLE PARTNERS LP", "group": "parking", "where": "North of Woodall Rodgers", "acres": 1.056, "land_value": 5750880, "improvement_value": 99120, "land_psf": 125.0, "improvement_to_land": 0.02, "deed_date": "09/30/1993", "feet_to_klyde_warren": 5846.0, "street_view": "https://www.google.com/maps/@?api=1&map_action=pano&viewpoint=32.807120,-96.799217" }, "geometry": { "type": "Polygon", "coordinates": [ [ [ -96.798843, 32.807197, 0.0 ], [ -96.798729, 32.807099, 0.0 ], [ -96.798722, 32.807092, 0.0 ], [ -96.799199, 32.8067, 0.0 ], [ -96.799666, 32.807102, 0.0 ], [ -96.799672, 32.807109, 0.0 ], [ -96.799678, 32.807116, 0.0 ], [ -96.799682, 32.807125, 0.0 ], [ -96.799684, 32.807133, 0.0 ], [ -96.799685, 32.807142, 0.0 ], [ -96.799684, 32.807151, 0.0 ], [ -96.799681, 32.807159, 0.0 ], [ -96.799677, 32.807167, 0.0 ], [ -96.799671, 32.807175, 0.0 ], [ -96.799664, 32.807181, 0.0 ], [ -96.799232, 32.807535, 0.0 ], [ -96.798843, 32.807197, 0.0 ] ] ] } },
{ "type": "Feature", "properties": { "dcad_account": "001223000N0040000", "address": "3802 CEDAR SPRINGS RD", "property_name": "WALGREENS 7839", "owner": "RETAIL PROPCO BORROWER LLC", "group": "building", "where": "North of Woodall Rodgers", "acres": 1.571, "land_value": 5713110, "improvement_value": 903610, "land_psf": 83.48, "improvement_to_land": 0.16, "deed_date": "09/04/2025", "feet_to_klyde_warren": 7253.0, "street_view": "https://www.google.com/maps/@?api=1&map_action=pano&viewpoint=32.809903,-96.808640" }, "geometry": { "type": "Polygon", "coordinates": [ [ [ -96.809109, 32.809959, 0.0 ], [ -96.809065, 32.809995, 0.0 ], [ -96.809179, 32.810085, 0.0 ], [ -96.809172, 32.810091, 0.0 ], [ -96.809189, 32.810104, 0.0 ], [ -96.809207, 32.810119, 0.0 ], [ -96.808965, 32.810317, 0.0 ], [ -96.808967, 32.810319, 0.0 ], [ -96.808792, 32.810462, 0.0 ], [ -96.808774, 32.810447, 0.0 ], [ -96.808776, 32.810446, 0.0 ], [ -96.808649, 32.810336, 0.0 ], [ -96.808196, 32.809941, 0.0 ], [ -96.808909, 32.809357, 0.0 ], [ -96.808926, 32.809344, 0.0 ], [ -96.809283, 32.809626, 0.0 ], [ -96.80899, 32.809865, 0.0 ], [ -96.809109, 32.809959, 0.0 ] ] ] } },
{ "type": "Feature", "properties": { "dcad_account": "00000109432000000", "address": "840 S LAMAR ST", "property_name": "VACANT", "owner": "CCH LAMAR PARTNERS I LP", "group": "parking", "where": "Downtown", "acres": 2.226, "land_value": 5699190, "improvement_value": 0, "land_psf": 58.78, "improvement_to_land": 0.0, "deed_date": "11/30/2007", "feet_to_klyde_warren": 5634.0, "street_view": "https://www.google.com/maps/@?api=1&map_action=pano&viewpoint=32.772301,-96.801176" }, "geometry": { "type": "Polygon", "coordinates": [ [ [ -96.801864, 32.772354, 0.0 ], [ -96.801925, 32.772407, 0.0 ], [ -96.801967, 32.772526, 0.0 ], [ -96.801836, 32.772715, 0.0 ], [ -96.80171, 32.772739, 0.0 ], [ -96.801587, 32.772752, 0.0 ], [ -96.801463, 32.772759, 0.0 ], [ -96.801339, 32.772759, 0.0 ], [ -96.801215, 32.772754, 0.0 ], [ -96.801092, 32.772742, 0.0 ], [ -96.800946, 32.772714, 0.0 ], [ -96.800801, 32.772681, 0.0 ], [ -96.800658, 32.772643, 0.0 ], [ -96.800683, 32.772577, 0.0 ], [ -96.800451, 32.772409, 0.0 ], [ -96.801016, 32.771848, 0.0 ], [ -96.801076, 32.771843, 0.0 ], [ -96.801242, 32.771936, 0.0 ], [ -96.801417, 32.772051, 0.0 ], [ -96.80143, 32.772038, 0.0 ], [ -96.801719, 32.772248, 0.0 ], [ -96.801864, 32.772354, 0.0 ] ] ] } },
{ "type": "Feature", "properties": { "dcad_account": "00000138988000000", "address": "3415 CEDAR SPRINGS RD", "property_name": "VACANT", "owner": "3001 TURTLE CREEK LP", "group": "vacant", "where": "North of Woodall Rodgers", "acres": 0.915, "land_value": 5639040, "improvement_value": 0, "land_psf": 141.48, "improvement_to_land": 0.0, "deed_date": "11/05/2015", "feet_to_klyde_warren": 5539.0, "street_view": "https://www.google.com/maps/@?api=1&map_action=pano&viewpoint=32.805801,-96.805380" }, "geometry": { "type": "Polygon", "coordinates": [ [ [ -96.805682, 32.805307, 0.0 ], [ -96.805705, 32.805288, 0.0 ], [ -96.805976, 32.805516, 0.0 ], [ -96.80599, 32.805528, 0.0 ], [ -96.805967, 32.805547, 0.0 ], [ -96.805808, 32.80568, 0.0 ], [ -96.805247, 32.80615, 0.0 ], [ -96.804954, 32.805922, 0.0 ], [ -96.805682, 32.805307, 0.0 ] ] ] } },
{ "type": "Feature", "properties": { "dcad_account": "00000105556000000", "address": "2218 BRYAN ST", "property_name": "DALLAS HIGH SCHOOL HISTORIC RESTRICTION", "owner": "HR CROZIER TECH DALLAS LP", "group": "building", "where": "Downtown", "acres": 1.313, "land_value": 5627890, "improvement_value": 145440, "land_psf": 98.41, "improvement_to_land": 0.03, "deed_date": "12/20/2022", "feet_to_klyde_warren": 2249.0, "street_view": "https://www.google.com/maps/@?api=1&map_action=pano&viewpoint=32.786311,-96.794035" }, "geometry": { "type": "Polygon", "coordinates": [ [ [ -96.793629, 32.786277, 0.0 ], [ -96.793477, 32.786148, 0.0 ], [ -96.793749, 32.785925, 0.0 ], [ -96.793829, 32.785995, 0.0 ], [ -96.793892, 32.785943, 0.0 ], [ -96.793963, 32.786004, 0.0 ], [ -96.794102, 32.785888, 0.0 ], [ -96.794542, 32.786261, 0.0 ], [ -96.793988, 32.786718, 0.0 ], [ -96.793801, 32.78656, 0.0 ], [ -96.793708, 32.786637, 0.0 ], [ -96.793535, 32.786489, 0.0 ], [ -96.793627, 32.786413, 0.0 ], [ -96.793548, 32.786345, 0.0 ], [ -96.793629, 32.786277, 0.0 ] ] ] } },
{ "type": "Feature", "properties": { "dcad_account": "00093100010020000", "address": "2007 RANDALL ST", "property_name": "BENCHMARK TITLE", "owner": "BENCHMARK BANK", "group": "building", "where": "North of Woodall Rodgers", "acres": 0.763, "land_value": 5615930, "improvement_value": 199070, "land_psf": 168.93, "improvement_to_land": 0.04, "deed_date": "08/16/2017", "feet_to_klyde_warren": 2967.0, "street_view": "https://www.google.com/maps/@?api=1&map_action=pano&viewpoint=32.795310,-96.809137" }, "geometry": { "type": "Polygon", "coordinates": [ [ [ -96.809563, 32.795236, 0.0 ], [ -96.80903, 32.795676, 0.0 ], [ -96.808799, 32.795475, 0.0 ], [ -96.808711, 32.795383, 0.0 ], [ -96.80924, 32.794945, 0.0 ], [ -96.809563, 32.795236, 0.0 ] ] ] } },
{ "type": "Feature", "properties": { "dcad_account": "00000104716000000", "address": "1100 PATTERSON AVE", "property_name": "PARKING", "owner": "CHAVEZ LAND INCOME", "group": "parking", "where": "Downtown", "acres": 1.106, "land_value": 5602500, "improvement_value": 0, "land_psf": 116.26, "improvement_to_land": 0.0, "deed_date": "07/08/2002", "feet_to_klyde_warren": 2151.0, "street_view": "https://www.google.com/maps/@?api=1&map_action=pano&viewpoint=32.781842,-96.802469" }, "geometry": { "type": "Polygon", "coordinates": [ [ [ -96.802135, 32.782035, 0.0 ], [ -96.802037, 32.781743, 0.0 ], [ -96.802268, 32.781695, 0.0 ], [ -96.802327, 32.781682, 0.0 ], [ -96.802637, 32.781617, 0.0 ], [ -96.802645, 32.781616, 0.0 ], [ -96.802664, 32.78161, 0.0 ], [ -96.803178, 32.781444, 0.0 ], [ -96.803208, 32.781603, 0.0 ], [ -96.803226, 32.781702, 0.0 ], [ -96.802989, 32.781754, 0.0 ], [ -96.802747, 32.78193, 0.0 ], [ -96.802429, 32.782164, 0.0 ], [ -96.802228, 32.782311, 0.0 ], [ -96.802135, 32.782035, 0.0 ] ] ] } },
{ "type": "Feature", "properties": { "dcad_account": "00134200390020000", "address": "2525 REAGAN ST", "property_name": "IMPS ON ACCT 001342003901A-", "owner": "CFH SEVILLE LP", "group": "vacant", "where": "North of Woodall Rodgers", "acres": 1.512, "land_value": 5597250, "improvement_value": 0, "land_psf": 85.0, "improvement_to_land": 0.0, "deed_date": "02/25/2021", "feet_to_klyde_warren": 7265.0, "street_view": "https://www.google.com/maps/@?api=1&map_action=pano&viewpoint=32.806780,-96.815697" }, "geometry": { "type": "Polygon", "coordinates": [ [ [ -96.8151, 32.806556, 0.0 ], [ -96.815656, 32.806101, 0.0 ], [ -96.815989, 32.806386, 0.0 ], [ -96.816086, 32.806469, 0.0 ], [ -96.815975, 32.80656, 0.0 ], [ -96.815877, 32.80664, 0.0 ], [ -96.816196, 32.806919, 0.0 ], [ -96.815841, 32.807201, 0.0 ], [ -96.8151, 32.806556, 0.0 ] ] ] } },
{ "type": "Feature", "properties": { "dcad_account": "000529000A0010000", "address": "2101 ROSS AVE", "property_name": "PARKING GARAGE/BALLROOM", "owner": "DALLAS BAR FOUNDATION", "group": "building", "where": "Downtown", "acres": 1.366, "land_value": 5551280, "improvement_value": 341680, "land_psf": 93.31, "improvement_to_land": 0.06, "deed_date": "09/16/1977", "feet_to_klyde_warren": 664.0, "street_view": "https://www.google.com/maps/@?api=1&map_action=pano&viewpoint=32.788306,-96.798722" }, "geometry": { "type": "Polygon", "coordinates": [ [ [ -96.798786, 32.788762, 0.0 ], [ -96.79805, 32.7882, 0.0 ], [ -96.798048, 32.788162, 0.0 ], [ -96.798383, 32.787874, 0.0 ], [ -96.79843, 32.787872, 0.0 ], [ -96.798838, 32.788173, 0.0 ], [ -96.799091, 32.788251, 0.0 ], [ -96.799202, 32.788281, 0.0 ], [ -96.799309, 32.78833, 0.0 ], [ -96.799314, 32.788362, 0.0 ], [ -96.799105, 32.78853, 0.0 ], [ -96.799082, 32.78855, 0.0 ], [ -96.798848, 32.788748, 0.0 ], [ -96.798833, 32.788761, 0.0 ], [ -96.798786, 32.788762, 0.0 ] ] ] } },
{ "type": "Feature", "properties": { "dcad_account": "00000135427000000", "address": "2808 FAIRMOUNT ST", "property_name": "(REDEVELOPMENT) 2808  FAIRMOUNT ST", "owner": "ROYAL 2500 CEDAR SPRINGS LLC", "group": "building", "where": "North of Woodall Rodgers", "acres": 0.715, "land_value": 5421500, "improvement_value": 10000, "land_psf": 174.01, "improvement_to_land": 0.0, "deed_date": "03/27/2024", "feet_to_klyde_warren": 2728.0, "street_view": "https://www.google.com/maps/@?api=1&map_action=pano&viewpoint=32.797994,-96.804593" }, "geometry": { "type": "Polygon", "coordinates": [ [ [ -96.805015, 32.798393, 0.0 ], [ -96.804874, 32.798274, 0.0 ], [ -96.804737, 32.798159, 0.0 ], [ -96.804604, 32.798046, 0.0 ], [ -96.804463, 32.797927, 0.0 ], [ -96.804349, 32.797831, 0.0 ], [ -96.804218, 32.79772, 0.0 ], [ -96.804275, 32.797683, 0.0 ], [ -96.804687, 32.797349, 0.0 ], [ -96.804908, 32.797537, 0.0 ], [ -96.804964, 32.797585, 0.0 ], [ -96.80455, 32.797916, 0.0 ], [ -96.804626, 32.79798, 0.0 ], [ -96.80466, 32.798008, 0.0 ], [ -96.80477, 32.798102, 0.0 ], [ -96.804794, 32.798122, 0.0 ], [ -96.804912, 32.798221, 0.0 ], [ -96.805047, 32.798336, 0.0 ], [ -96.805311, 32.798559, 0.0 ], [ -96.805303, 32.798637, 0.0 ], [ -96.805286, 32.798622, 0.0 ], [ -96.805149, 32.798507, 0.0 ], [ -96.805015, 32.798393, 0.0 ] ] ] } },
{ "type": "Feature", "properties": { "dcad_account": "00000105118000000", "address": "1806 ROSS AVE", "property_name": "PARKING ROSS TOWER 1ST BAPT PKING", "owner": "ROSS TOWER SCHPI LP", "group": "parking", "where": "Downtown", "acres": 1.005, "land_value": 5378550, "improvement_value": 471450, "land_psf": 122.8, "improvement_to_land": 0.09, "deed_date": "12/18/2015", "feet_to_klyde_warren": 1099.0, "street_view": "https://www.google.com/maps/@?api=1&map_action=pano&viewpoint=32.785572,-96.800251" }, "geometry": { "type": "Polygon", "coordinates": [ [ [ -96.7999, 32.785752, 0.0 ], [ -96.799794, 32.785659, 0.0 ], [ -96.799757, 32.785627, 0.0 ], [ -96.800046, 32.785435, 0.0 ], [ -96.800082, 32.785407, 0.0 ], [ -96.800392, 32.785164, 0.0 ], [ -96.800407, 32.785177, 0.0 ], [ -96.800444, 32.785209, 0.0 ], [ -96.800532, 32.785285, 0.0 ], [ -96.800609, 32.785351, 0.0 ], [ -96.800765, 32.785486, 0.0 ], [ -96.800686, 32.785552, 0.0 ], [ -96.800638, 32.785592, 0.0 ], [ -96.800564, 32.785654, 0.0 ], [ -96.800462, 32.785738, 0.0 ], [ -96.800372, 32.785814, 0.0 ], [ -96.800168, 32.785984, 0.0 ], [ -96.800094, 32.78592, 0.0 ], [ -96.799991, 32.785831, 0.0 ], [ -96.7999, 32.785752, 0.0 ] ] ] } },
{ "type": "Feature", "properties": { "dcad_account": "00000100009000000", "address": "300 ELM ST", "property_name": "RAILROAD CORRIDOR", "owner": "M K T RAILROAD CO", "group": "parking", "where": "Downtown", "acres": 1.074, "land_value": 5366570, "improvement_value": 0, "land_psf": 114.67, "improvement_to_land": 0.0, "deed_date": "06/13/1985", "feet_to_klyde_warren": 3579.0, "street_view": "https://www.google.com/maps/@?api=1&map_action=pano&viewpoint=32.779734,-96.809352" }, "geometry": { "type": "Polygon", "coordinates": [ [ [ -96.808978, 32.779486, 0.0 ], [ -96.808955, 32.779406, 0.0 ], [ -96.809081, 32.77938, 0.0 ], [ -96.809523, 32.779288, 0.0 ], [ -96.809727, 32.779982, 0.0 ], [ -96.809443, 32.780041, 0.0 ], [ -96.809158, 32.7801, 0.0 ], [ -96.808978, 32.779486, 0.0 ] ] ] } },
{ "type": "Feature", "properties": { "dcad_account": "000944000702A0000", "address": "2913 FAIRMOUNT ST", "property_name": "BRIGGS FREEMAN SOTHEBYS REALTY", "owner": "2425 CEDAR SPRING LLC", "group": "building", "where": "North of Woodall Rodgers", "acres": 0.702, "land_value": 5348180, "improvement_value": 1851820, "land_psf": 174.99, "improvement_to_land": 0.35, "deed_date": "05/06/2025", "feet_to_klyde_warren": 2988.0, "street_view": "https://www.google.com/maps/@?api=1&map_action=pano&viewpoint=32.797899,-96.805952" }, "geometry": { "type": "Polygon", "coordinates": [ [ [ -96.806013, 32.798266, 0.0 ], [ -96.805899, 32.798168, 0.0 ], [ -96.805784, 32.798071, 0.0 ], [ -96.805617, 32.797928, 0.0 ], [ -96.805609, 32.79783, 0.0 ], [ -96.805822, 32.797652, 0.0 ], [ -96.805912, 32.797577, 0.0 ], [ -96.806141, 32.797772, 0.0 ], [ -96.806256, 32.797869, 0.0 ], [ -96.80637, 32.797967, 0.0 ], [ -96.806013, 32.798266, 0.0 ] ] ] } },
{ "type": "Feature", "properties": { "dcad_account": "00000105340000000", "address": "2007 LIVE OAK ST", "property_name": "SHERATON DALLAS/ADAMS MARK PARKING GARAGE", "owner": "CHARTRES 400 LLC", "group": "parking", "where": "Downtown", "acres": 1.038, "land_value": 5214840, "improvement_value": 785160, "land_psf": 115.38, "improvement_to_land": 0.15, "deed_date": "10/12/2017", "feet_to_klyde_warren": 2546.0, "street_view": "https://www.google.com/maps/@?api=1&map_action=pano&viewpoint=32.784182,-96.795174" }, "geometry": { "type": "Polygon", "coordinates": [ [ [ -96.795556, 32.78397, 0.0 ], [ -96.79568, 32.784066, 0.0 ], [ -96.795455, 32.784255, 0.0 ], [ -96.795352, 32.784343, 0.0 ], [ -96.795301, 32.784386, 0.0 ], [ -96.795222, 32.784452, 0.0 ], [ -96.795019, 32.784624, 0.0 ], [ -96.794912, 32.784535, 0.0 ], [ -96.794809, 32.78445, 0.0 ], [ -96.794646, 32.784315, 0.0 ], [ -96.794765, 32.784217, 0.0 ], [ -96.794849, 32.784147, 0.0 ], [ -96.794981, 32.784038, 0.0 ], [ -96.795302, 32.783773, 0.0 ], [ -96.795556, 32.78397, 0.0 ] ] ] } },
{ "type": "Feature", "properties": { "dcad_account": "00000135385000000", "address": "2628 MAPLE AVE", "property_name": "*100%VAC* TRUIST BANK", "owner": "GREENWAY MAPLE LP", "group": "building", "where": "North of Woodall Rodgers", "acres": 0.698, "land_value": 5206080, "improvement_value": 143920, "land_psf": 171.14, "improvement_to_land": 0.03, "deed_date": "03/15/2001", "feet_to_klyde_warren": 2370.0, "street_view": "https://www.google.com/maps/@?api=1&map_action=pano&viewpoint=32.796443,-96.804962" }, "geometry": { "type": "Polygon", "coordinates": [ [ [ -96.804711, 32.79647, 0.0 ], [ -96.804596, 32.796373, 0.0 ], [ -96.804941, 32.796084, 0.0 ], [ -96.804953, 32.796075, 0.0 ], [ -96.805069, 32.796171, 0.0 ], [ -96.805184, 32.796268, 0.0 ], [ -96.805235, 32.796311, 0.0 ], [ -96.805243, 32.796416, 0.0 ], [ -96.805265, 32.796706, 0.0 ], [ -96.805129, 32.79682, 0.0 ], [ -96.804945, 32.796665, 0.0 ], [ -96.804827, 32.796567, 0.0 ], [ -96.804711, 32.79647, 0.0 ] ] ] } },
{ "type": "Feature", "properties": { "dcad_account": "CONDO00C1077CONDO", "address": "3917 CEDAR SPRINGS RD", "property_name": "", "owner": "2 condo or unit accounts", "group": "building", "where": "North of Woodall Rodgers", "acres": 1.99, "land_value": 5202360, "improvement_value": 1097640, "land_psf": 60.0, "improvement_to_land": 0.21, "deed_date": "", "feet_to_klyde_warren": 7678.0, "street_view": "https://www.google.com/maps/@?api=1&map_action=pano&viewpoint=32.810348,-96.811208" }, "geometry": { "type": "Polygon", "coordinates": [ [ [ -96.811179, 32.810889, 0.0 ], [ -96.810527, 32.81037, 0.0 ], [ -96.810527, 32.810332, 0.0 ], [ -96.811148, 32.809824, 0.0 ], [ -96.811196, 32.809823, 0.0 ], [ -96.811888, 32.810327, 0.0 ], [ -96.811889, 32.810364, 0.0 ], [ -96.811226, 32.810889, 0.0 ], [ -96.811179, 32.810889, 0.0 ] ] ] } },
{ "type": "Feature", "properties": { "dcad_account": "CONDO00C4950CONDO", "address": "2702 DOUGLAS AVE", "property_name": "", "owner": "40 condo or unit accounts", "group": "building", "where": "North of Woodall Rodgers", "acres": 1.651, "land_value": 5167670, "improvement_value": 2333490, "land_psf": 71.87, "improvement_to_land": 0.45, "deed_date": "", "feet_to_klyde_warren": 8333.0, "street_view": "https://www.google.com/maps/@?api=1&map_action=pano&viewpoint=32.810059,-96.815809" }, "geometry": { "type": "Polygon", "coordinates": [ [ [ -96.81512, 32.810283, 0.0 ], [ -96.816095, 32.809499, 0.0 ], [ -96.816498, 32.809836, 0.0 ], [ -96.815526, 32.810618, 0.0 ], [ -96.81512, 32.810283, 0.0 ] ] ] } },
{ "type": "Feature", "properties": { "dcad_account": "001005000B0020000", "address": "3127 ROUTH ST", "property_name": "KATY TRAIL ICE HOUSE OUTDOOR BAR", "owner": "KATY TRAIL ICE HOUSE LP", "group": "building", "where": "North of Woodall Rodgers", "acres": 0.742, "land_value": 5164800, "improvement_value": 848480, "land_psf": 159.82, "improvement_to_land": 0.16, "deed_date": "02/23/2004", "feet_to_klyde_warren": 4187.0, "street_view": "https://www.google.com/maps/@?api=1&map_action=pano&viewpoint=32.800974,-96.807448" }, "geometry": { "type": "Polygon", "coordinates": [ [ [ -96.807039, 32.800961, 0.0 ], [ -96.807067, 32.800985, 0.0 ], [ -96.807125, 32.800937, 0.0 ], [ -96.807126, 32.800937, 0.0 ], [ -96.807471, 32.800643, 0.0 ], [ -96.807499, 32.800619, 0.0 ], [ -96.807523, 32.800639, 0.0 ], [ -96.807535, 32.800649, 0.0 ], [ -96.807823, 32.800892, 0.0 ], [ -96.807791, 32.800911, 0.0 ], [ -96.807835, 32.800963, 0.0 ], [ -96.807432, 32.801202, 0.0 ], [ -96.807476, 32.80124, 0.0 ], [ -96.807503, 32.801263, 0.0 ], [ -96.807364, 32.801336, 0.0 ], [ -96.807352, 32.801326, 0.0 ], [ -96.80734, 32.801316, 0.0 ], [ -96.807294, 32.801276, 0.0 ], [ -96.807253, 32.80124, 0.0 ], [ -96.807138, 32.80114, 0.0 ], [ -96.807024, 32.801042, 0.0 ], [ -96.806983, 32.801006, 0.0 ], [ -96.807039, 32.800961, 0.0 ] ] ] } },
{ "type": "Feature", "properties": { "dcad_account": "00000103231000100", "address": "400 S CESAR CHAVEZ BLVD", "property_name": "LONCAR AND ASSOCIATES AND OFFICE SPACE", "owner": "TOURMALINE PARTNERS PPTIES LLC", "group": "parking", "where": "Downtown", "acres": 1.386, "land_value": 5135530, "improvement_value": 10000, "land_psf": 85.04, "improvement_to_land": 0.0, "deed_date": "06/29/2015", "feet_to_klyde_warren": 4407.0, "street_view": "https://www.google.com/maps/@?api=1&map_action=pano&viewpoint=32.781228,-96.789794" }, "geometry": { "type": "Polygon", "coordinates": [ [ [ -96.789944, 32.780642, 0.0 ], [ -96.790245, 32.781005, 0.0 ], [ -96.790191, 32.781037, 0.0 ], [ -96.790058, 32.781115, 0.0 ], [ -96.790244, 32.781341, 0.0 ], [ -96.789844, 32.781577, 0.0 ], [ -96.789956, 32.781712, 0.0 ], [ -96.789793, 32.781744, 0.0 ], [ -96.789757, 32.781614, 0.0 ], [ -96.789578, 32.781399, 0.0 ], [ -96.789278, 32.781035, 0.0 ], [ -96.789944, 32.780642, 0.0 ] ] ] } },
{ "type": "Feature", "properties": { "dcad_account": "000933000201C0000", "address": "2840 BOOKHOUT ST", "property_name": "LAND ONLY", "owner": "FIRST UNITED PROPERTY", "group": "vacant", "where": "North of Woodall Rodgers", "acres": 0.625, "land_value": 4876920, "improvement_value": 0, "land_psf": 179.02, "improvement_to_land": 0.0, "deed_date": "01/05/2026", "feet_to_klyde_warren": 2558.0, "street_view": "https://www.google.com/maps/@?api=1&map_action=pano&viewpoint=32.795979,-96.806458" }, "geometry": { "type": "Polygon", "coordinates": [ [ [ -96.806409, 32.796304, 0.0 ], [ -96.806073, 32.796015, 0.0 ], [ -96.806513, 32.79566, 0.0 ], [ -96.806842, 32.795943, 0.0 ], [ -96.806561, 32.796177, 0.0 ], [ -96.806409, 32.796304, 0.0 ] ] ] } },
{ "type": "Feature", "properties": { "dcad_account": "00000100072000000", "address": "501 HOUSTON ST", "property_name": "HOUSTON LOOP TRACT", "owner": "HUNT REUNION HOLDINGS INC", "group": "parking", "where": "Downtown", "acres": 1.304, "land_value": 4801910, "improvement_value": 0, "land_psf": 84.51, "improvement_to_land": 0.0, "deed_date": "12/30/1997", "feet_to_klyde_warren": 4878.0, "street_view": "https://www.google.com/maps/@?api=1&map_action=pano&viewpoint=32.774847,-96.807209" }, "geometry": { "type": "Polygon", "coordinates": [ [ [ -96.807275, 32.775277, 0.0 ], [ -96.807256, 32.775299, 0.0 ], [ -96.807236, 32.775317, 0.0 ], [ -96.807213, 32.775331, 0.0 ], [ -96.807188, 32.775343, 0.0 ], [ -96.807162, 32.775352, 0.0 ], [ -96.807134, 32.775357, 0.0 ], [ -96.807105, 32.775358, 0.0 ], [ -96.807099, 32.775358, 0.0 ], [ -96.807069, 32.775355, 0.0 ], [ -96.80704, 32.775349, 0.0 ], [ -96.807013, 32.775338, 0.0 ], [ -96.806988, 32.775325, 0.0 ], [ -96.806965, 32.775308, 0.0 ], [ -96.806946, 32.775288, 0.0 ], [ -96.806931, 32.775267, 0.0 ], [ -96.80692, 32.775243, 0.0 ], [ -96.806918, 32.775238, 0.0 ], [ -96.806803, 32.774892, 0.0 ], [ -96.807329, 32.774438, 0.0 ], [ -96.807513, 32.774279, 0.0 ], [ -96.807572, 32.77437, 0.0 ], [ -96.807624, 32.774464, 0.0 ], [ -96.80767, 32.77456, 0.0 ], [ -96.807708, 32.774659, 0.0 ], [ -96.807667, 32.774705, 0.0 ], [ -96.807628, 32.774752, 0.0 ], [ -96.807593, 32.774802, 0.0 ], [ -96.807276, 32.775275, 0.0 ], [ -96.807275, 32.775277, 0.0 ] ] ] } },
{ "type": "Feature", "properties": { "dcad_account": "00000108922200000", "address": "400 S STEMMONS FWY", "property_name": "PARKING", "owner": "HUNT REUNION HOLDINGS INC", "group": "parking", "where": "Downtown", "acres": 1.331, "land_value": 4637920, "improvement_value": 0, "land_psf": 80.0, "improvement_to_land": 0.0, "deed_date": "12/24/1997", "feet_to_klyde_warren": 5382.0, "street_view": "https://www.google.com/maps/@?api=1&map_action=pano&viewpoint=32.774241,-96.809658" }, "geometry": { "type": "Polygon", "coordinates": [ [ [ -96.809509, 32.77463, 0.0 ], [ -96.809423, 32.774571, 0.0 ], [ -96.809333, 32.774517, 0.0 ], [ -96.809329, 32.774514, 0.0 ], [ -96.809297, 32.774492, 0.0 ], [ -96.809268, 32.774466, 0.0 ], [ -96.809245, 32.774436, 0.0 ], [ -96.809227, 32.774404, 0.0 ], [ -96.809214, 32.774371, 0.0 ], [ -96.809139, 32.77411, 0.0 ], [ -96.810082, 32.773917, 0.0 ], [ -96.810183, 32.774493, 0.0 ], [ -96.809775, 32.774576, 0.0 ], [ -96.809509, 32.77463, 0.0 ] ] ] } },
{ "type": "Feature", "properties": { "dcad_account": "00000100231000000", "address": "710 MAIN ST", "property_name": "PARKING", "owner": "DALLAS MAIN LP", "group": "parking", "where": "Downtown", "acres": 0.884, "land_value": 4631280, "improvement_value": 0, "land_psf": 120.29, "improvement_to_land": 0.0, "deed_date": "12/10/1998", "feet_to_klyde_warren": 3334.0, "street_view": "https://www.google.com/maps/@?api=1&map_action=pano&viewpoint=32.778964,-96.805236" }, "geometry": { "type": "Polygon", "coordinates": [ [ [ -96.805521, 32.778621, 0.0 ], [ -96.805599, 32.778888, 0.0 ], [ -96.80552, 32.778905, 0.0 ], [ -96.805599, 32.779171, 0.0 ], [ -96.805283, 32.779237, 0.0 ], [ -96.80503, 32.779289, 0.0 ], [ -96.804952, 32.779022, 0.0 ], [ -96.804873, 32.778756, 0.0 ], [ -96.805521, 32.778621, 0.0 ] ] ] } },
{ "type": "Feature", "properties": { "dcad_account": "00000100249000000", "address": "712 COMMERCE ST", "property_name": "PARKING STAR PARKING", "owner": "BANANAQUIT PARTNERS LP", "group": "parking", "where": "Downtown", "acres": 0.918, "land_value": 4600000, "improvement_value": 0, "land_psf": 115.0, "improvement_to_land": 0.0, "deed_date": "09/22/2017", "feet_to_klyde_warren": 3615.0, "street_view": "https://www.google.com/maps/@?api=1&map_action=pano&viewpoint=32.778164,-96.805254" }, "geometry": { "type": "Polygon", "coordinates": [ [ [ -96.805017, 32.778496, 0.0 ], [ -96.80486, 32.777963, 0.0 ], [ -96.804908, 32.777953, 0.0 ], [ -96.805492, 32.777832, 0.0 ], [ -96.805649, 32.778365, 0.0 ], [ -96.805064, 32.778486, 0.0 ], [ -96.805017, 32.778496, 0.0 ] ] ] } },
{ "type": "Feature", "properties": { "dcad_account": "00000102361000000", "address": "1900 ST LOUIS ST", "property_name": "HARRINGTON WHOLESALE PRODUCE", "owner": "30 HARWOOD LTD", "group": "building", "where": "Downtown", "acres": 1.907, "land_value": 4599930, "improvement_value": 139000, "land_psf": 55.38, "improvement_to_land": 0.03, "deed_date": "03/12/2018", "feet_to_klyde_warren": 5834.0, "street_view": "https://www.google.com/maps/@?api=1&map_action=pano&viewpoint=32.775886,-96.789757" }, "geometry": { "type": "Polygon", "coordinates": [ [ [ -96.789989, 32.776021, 0.0 ], [ -96.789651, 32.776312, 0.0 ], [ -96.789298, 32.776026, 0.0 ], [ -96.789182, 32.775932, 0.0 ], [ -96.789066, 32.775839, 0.0 ], [ -96.788942, 32.775738, 0.0 ], [ -96.789099, 32.775604, 0.0 ], [ -96.789336, 32.775606, 0.0 ], [ -96.789568, 32.775589, 0.0 ], [ -96.789576, 32.775588, 0.0 ], [ -96.789889, 32.77552, 0.0 ], [ -96.790217, 32.775449, 0.0 ], [ -96.790253, 32.775479, 0.0 ], [ -96.790563, 32.775737, 0.0 ], [ -96.790224, 32.776027, 0.0 ], [ -96.790166, 32.776076, 0.0 ], [ -96.790111, 32.776123, 0.0 ], [ -96.789989, 32.776021, 0.0 ] ] ] } },
{ "type": "Feature", "properties": { "dcad_account": "000978000004B0000", "address": "3181 E LEMMON AVE", "property_name": "QT", "owner": "RP TOWN & COUNTRY SC LP", "group": "building", "where": "North of Woodall Rodgers", "acres": 0.847, "land_value": 4573750, "improvement_value": 1441800, "land_psf": 124.02, "improvement_to_land": 0.32, "deed_date": "01/20/2021", "feet_to_klyde_warren": 6002.0, "street_view": "https://www.google.com/maps/@?api=1&map_action=pano&viewpoint=32.807467,-96.798772" }, "geometry": { "type": "Polygon", "coordinates": [ [ [ -96.799017, 32.807712, 0.0 ], [ -96.798871, 32.807832, 0.0 ], [ -96.798824, 32.807831, 0.0 ], [ -96.798487, 32.807546, 0.0 ], [ -96.798448, 32.807513, 0.0 ], [ -96.798446, 32.807515, 0.0 ], [ -96.798338, 32.807421, 0.0 ], [ -96.798726, 32.807096, 0.0 ], [ -96.799232, 32.807535, 0.0 ], [ -96.799017, 32.807712, 0.0 ] ] ] } },
{ "type": "Feature", "properties": { "dcad_account": "00000135139000000", "address": "3012 FAIRMOUNT ST", "property_name": "ALAMO MANHATTAN", "owner": "ALAMO MANHATTAN FAIRMOUNT LLC", "group": "building", "where": "North of Woodall Rodgers", "acres": 0.632, "land_value": 4535650, "improvement_value": 110810, "land_psf": 164.67, "improvement_to_land": 0.02, "deed_date": "04/10/2015", "feet_to_klyde_warren": 3550.0, "street_view": "https://www.google.com/maps/@?api=1&map_action=pano&viewpoint=32.799327,-96.806652" }, "geometry": { "type": "Polygon", "coordinates": [ [ [ -96.806268, 32.799346, 0.0 ], [ -96.806664, 32.799001, 0.0 ], [ -96.807036, 32.799307, 0.0 ], [ -96.806633, 32.799644, 0.0 ], [ -96.806268, 32.799346, 0.0 ] ] ] } },
{ "type": "Feature", "properties": { "dcad_account": "000215001201A0000", "address": "1801 N GRIFFIN ST", "property_name": "WORLD AQUARIUM", "owner": "RICHARDSON DARYL GOURMET", "group": "building", "where": "Downtown", "acres": 0.904, "land_value": 4528470, "improvement_value": 956890, "land_psf": 115.02, "improvement_to_land": 0.21, "deed_date": "04/29/1996", "feet_to_klyde_warren": 1832.0, "street_view": "https://www.google.com/maps/@?api=1&map_action=pano&viewpoint=32.783294,-96.805195" }, "geometry": { "type": "Polygon", "coordinates": [ [ [ -96.805186, 32.783688, 0.0 ], [ -96.804748, 32.783281, 0.0 ], [ -96.805205, 32.782902, 0.0 ], [ -96.805643, 32.783308, 0.0 ], [ -96.805186, 32.783688, 0.0 ] ] ] } },
{ "type": "Feature", "properties": { "dcad_account": "00004800330010000", "address": "800 MAIN ST", "property_name": "PARKING BANK OF AMERICA PLAZA GARAGE", "owner": "DALLAS MAIN LP", "group": "parking", "where": "Downtown", "acres": 0.861, "land_value": 4498560, "improvement_value": 1751440, "land_psf": 119.96, "improvement_to_land": 0.39, "deed_date": "12/10/1998", "feet_to_klyde_warren": 3248.0, "street_view": "https://www.google.com/maps/@?api=1&map_action=pano&viewpoint=32.779096,-96.804596" }, "geometry": { "type": "Polygon", "coordinates": [ [ [ -96.804872, 32.779322, 0.0 ], [ -96.804714, 32.779355, 0.0 ], [ -96.804556, 32.779388, 0.0 ], [ -96.804398, 32.77942, 0.0 ], [ -96.80432, 32.779154, 0.0 ], [ -96.804241, 32.778887, 0.0 ], [ -96.804399, 32.778854, 0.0 ], [ -96.804557, 32.778821, 0.0 ], [ -96.804715, 32.778788, 0.0 ], [ -96.804873, 32.778756, 0.0 ], [ -96.804952, 32.779022, 0.0 ], [ -96.804873, 32.779039, 0.0 ], [ -96.804951, 32.779306, 0.0 ], [ -96.804872, 32.779322, 0.0 ] ] ] } },
{ "type": "Feature", "properties": { "dcad_account": "000316000A01A0000", "address": "724 CROCKETT ST", "property_name": "PARKING", "owner": "SPIRE DEVELOPMENT HOLDINGS LLC", "group": "parking", "where": "Downtown", "acres": 0.859, "land_value": 4328030, "improvement_value": 0, "land_psf": 115.69, "improvement_to_land": 0.0, "deed_date": "03/14/2013", "feet_to_klyde_warren": 1560.0, "street_view": "https://www.google.com/maps/@?api=1&map_action=pano&viewpoint=32.788115,-96.795227" }, "geometry": { "type": "Polygon", "coordinates": [ [ [ -96.795339, 32.788488, 0.0 ], [ -96.795292, 32.788488, 0.0 ], [ -96.794783, 32.788053, 0.0 ], [ -96.795163, 32.787748, 0.0 ], [ -96.795673, 32.788177, 0.0 ], [ -96.795673, 32.788216, 0.0 ], [ -96.795339, 32.788488, 0.0 ] ] ] } },
{ "type": "Feature", "properties": { "dcad_account": "00096900130140000", "address": "3215 COLE AVE", "property_name": "LAND", "owner": "3215 COLE AVENUE DEVELOPMENT", "group": "vacant", "where": "North of Woodall Rodgers", "acres": 0.771, "land_value": 4322130, "improvement_value": 0, "land_psf": 128.66, "improvement_to_land": 0.0, "deed_date": "02/25/2026", "feet_to_klyde_warren": 4827.0, "street_view": "https://www.google.com/maps/@?api=1&map_action=pano&viewpoint=32.804276,-96.801288" }, "geometry": { "type": "Polygon", "coordinates": [ [ [ -96.800883, 32.80438, 0.0 ], [ -96.801169, 32.803938, 0.0 ], [ -96.801692, 32.804172, 0.0 ], [ -96.801403, 32.804621, 0.0 ], [ -96.800883, 32.80438, 0.0 ] ] ] } },
{ "type": "Feature", "properties": { "dcad_account": "00000100012000000", "address": "301 ELM ST", "property_name": "VACANT", "owner": "M K T RAILROAD CO", "group": "parking", "where": "Downtown", "acres": 0.933, "land_value": 4307600, "improvement_value": 0, "land_psf": 106.04, "improvement_to_land": 0.0, "deed_date": "06/13/1985", "feet_to_klyde_warren": 3785.0, "street_view": "https://www.google.com/maps/@?api=1&map_action=pano&viewpoint=32.778933,-96.809185" }, "geometry": { "type": "Polygon", "coordinates": [ [ [ -96.809327, 32.77862, 0.0 ], [ -96.809367, 32.778754, 0.0 ], [ -96.809406, 32.778887, 0.0 ], [ -96.809445, 32.779021, 0.0 ], [ -96.809484, 32.779154, 0.0 ], [ -96.809523, 32.779288, 0.0 ], [ -96.809081, 32.77938, 0.0 ], [ -96.809003, 32.779113, 0.0 ], [ -96.808964, 32.77898, 0.0 ], [ -96.808924, 32.778846, 0.0 ], [ -96.808885, 32.778713, 0.0 ], [ -96.808854, 32.778606, 0.0 ], [ -96.809296, 32.778514, 0.0 ], [ -96.809327, 32.77862, 0.0 ] ] ] } },
{ "type": "Feature", "properties": { "dcad_account": "00000134923000000", "address": "2817 MAPLE AVE", "property_name": "UCHI", "owner": "SL UCHI LP", "group": "building", "where": "North of Woodall Rodgers", "acres": 0.588, "land_value": 4271250, "improvement_value": 1860320, "land_psf": 166.85, "improvement_to_land": 0.44, "deed_date": "08/27/2021", "feet_to_klyde_warren": 2825.0, "street_view": "https://www.google.com/maps/@?api=1&map_action=pano&viewpoint=32.796756,-96.806658" }, "geometry": { "type": "Polygon", "coordinates": [ [ [ -96.806247, 32.796907, 0.0 ], [ -96.806838, 32.796411, 0.0 ], [ -96.806953, 32.796508, 0.0 ], [ -96.807068, 32.796605, 0.0 ], [ -96.806478, 32.797101, 0.0 ], [ -96.806362, 32.797004, 0.0 ], [ -96.806247, 32.796907, 0.0 ] ] ] } },
{ "type": "Feature", "properties": { "dcad_account": "00000101347000000", "address": "1600 CANTON ST", "property_name": "PARKING", "owner": "CANTON CADIZ PHASE 1 LLC", "group": "parking", "where": "Downtown", "acres": 2.44, "land_value": 4250760, "improvement_value": 0, "land_psf": 40.0, "improvement_to_land": 0.0, "deed_date": "12/02/2016", "feet_to_klyde_warren": 5048.0, "street_view": "https://www.google.com/maps/@?api=1&map_action=pano&viewpoint=32.775254,-96.795158" }, "geometry": { "type": "Polygon", "coordinates": [ [ [ -96.795008, 32.7759, 0.0 ], [ -96.794393, 32.775381, 0.0 ], [ -96.794848, 32.774996, 0.0 ], [ -96.795309, 32.774608, 0.0 ], [ -96.795922, 32.775126, 0.0 ], [ -96.795463, 32.775515, 0.0 ], [ -96.795008, 32.7759, 0.0 ] ] ] } },
{ "type": "Feature", "properties": { "dcad_account": "00000106879000000", "address": "1611 MCKINNEY AVE", "property_name": "MESO MAYA COMIDA Y COPAS", "owner": "FIREBIRD DOWNTOWN INC &", "group": "building", "where": "North of Woodall Rodgers", "acres": 0.59, "land_value": 4168730, "improvement_value": 478890, "land_psf": 162.18, "improvement_to_land": 0.12, "deed_date": "04/02/2019", "feet_to_klyde_warren": 590.0, "street_view": "https://www.google.com/maps/@?api=1&map_action=pano&viewpoint=32.787892,-96.805001" }, "geometry": { "type": "Polygon", "coordinates": [ [ [ -96.804908, 32.787727, 0.0 ], [ -96.805121, 32.787816, 0.0 ], [ -96.80511, 32.787832, 0.0 ], [ -96.805316, 32.787952, 0.0 ], [ -96.805454, 32.788073, 0.0 ], [ -96.805218, 32.788261, 0.0 ], [ -96.804596, 32.787725, 0.0 ], [ -96.804659, 32.787525, 0.0 ], [ -96.804937, 32.787665, 0.0 ], [ -96.804908, 32.787727, 0.0 ] ] ] } },
{ "type": "Feature", "properties": { "dcad_account": "000541000405A0000", "address": "2324 MCKINNEY AVE", "property_name": "SHELL GAS/DICKEY BBQ", "owner": "MAPLE AND MCKINNEY L P", "group": "building", "where": "North of Woodall Rodgers", "acres": 0.545, "land_value": 4150650, "improvement_value": 699350, "land_psf": 174.96, "improvement_to_land": 0.17, "deed_date": "11/11/1998", "feet_to_klyde_warren": 1218.0, "street_view": "https://www.google.com/maps/@?api=1&map_action=pano&viewpoint=32.794242,-96.802121" }, "geometry": { "type": "Polygon", "coordinates": [ [ [ -96.802193, 32.794454, 0.0 ], [ -96.801673, 32.794004, 0.0 ], [ -96.801674, 32.793965, 0.0 ], [ -96.801775, 32.793884, 0.0 ], [ -96.801829, 32.793875, 0.0 ], [ -96.801944, 32.793905, 0.0 ], [ -96.802342, 32.794001, 0.0 ], [ -96.802364, 32.794035, 0.0 ], [ -96.802224, 32.794448, 0.0 ], [ -96.802193, 32.794454, 0.0 ] ] ] } },
{ "type": "Feature", "properties": { "dcad_account": "00000113212000000", "address": "2602 MCKINNEY AVE", "property_name": "LAND ONLY", "owner": "SL6 MCKINNEY LP", "group": "vacant", "where": "North of Woodall Rodgers", "acres": 0.54, "land_value": 4139280, "improvement_value": 0, "land_psf": 176.03, "improvement_to_land": 0.0, "deed_date": "06/30/2021", "feet_to_klyde_warren": 2022.0, "street_view": "https://www.google.com/maps/@?api=1&map_action=pano&viewpoint=32.796520,-96.801357" }, "geometry": { "type": "Polygon", "coordinates": [ [ [ -96.801649, 32.796357, 0.0 ], [ -96.801581, 32.796585, 0.0 ], [ -96.801523, 32.796781, 0.0 ], [ -96.801066, 32.796681, 0.0 ], [ -96.801133, 32.796455, 0.0 ], [ -96.801461, 32.79619, 0.0 ], [ -96.801649, 32.796357, 0.0 ] ] ] } },
{ "type": "Feature", "properties": { "dcad_account": "00000101869000000", "address": "1701 CADIZ ST", "property_name": "PARKING", "owner": "CANTON CADIZ PHASE 1 LLC", "group": "parking", "where": "Downtown", "acres": 2.363, "land_value": 4117280, "improvement_value": 0, "land_psf": 40.0, "improvement_to_land": 0.0, "deed_date": "12/02/2016", "feet_to_klyde_warren": 4934.0, "street_view": "https://www.google.com/maps/@?api=1&map_action=pano&viewpoint=32.776144,-96.794098" }, "geometry": { "type": "Polygon", "coordinates": [ [ [ -96.793346, 32.776252, 0.0 ], [ -96.794242, 32.775511, 0.0 ], [ -96.79485, 32.776035, 0.0 ], [ -96.793954, 32.776776, 0.0 ], [ -96.793346, 32.776252, 0.0 ] ] ] } },
{ "type": "Feature", "properties": { "dcad_account": "00000102389000000", "address": "2001 ELM ST", "property_name": "TOMSON PARKING", "owner": "CAIN JOHN CHARLES", "group": "parking", "where": "Downtown", "acres": 1.109, "land_value": 4065040, "improvement_value": 0, "land_psf": 84.12, "improvement_to_land": 0.0, "deed_date": "07/08/2010", "feet_to_klyde_warren": 3091.0, "street_view": "https://www.google.com/maps/@?api=1&map_action=pano&viewpoint=32.782955,-96.793912" }, "geometry": { "type": "Polygon", "coordinates": [ [ [ -96.794266, 32.782596, 0.0 ], [ -96.794333, 32.782833, 0.0 ], [ -96.794335, 32.782843, 0.0 ], [ -96.794341, 32.782888, 0.0 ], [ -96.794341, 32.782932, 0.0 ], [ -96.794336, 32.782977, 0.0 ], [ -96.794324, 32.78302, 0.0 ], [ -96.794313, 32.783049, 0.0 ], [ -96.7943, 32.783076, 0.0 ], [ -96.794289, 32.783096, 0.0 ], [ -96.794284, 32.783103, 0.0 ], [ -96.794267, 32.783129, 0.0 ], [ -96.794246, 32.783154, 0.0 ], [ -96.794232, 32.783169, 0.0 ], [ -96.79363, 32.783295, 0.0 ], [ -96.793588, 32.783304, 0.0 ], [ -96.793501, 32.783008, 0.0 ], [ -96.793432, 32.782772, 0.0 ], [ -96.793647, 32.782727, 0.0 ], [ -96.793853, 32.782683, 0.0 ], [ -96.793857, 32.782697, 0.0 ], [ -96.793868, 32.782732, 0.0 ], [ -96.79388, 32.782772, 0.0 ], [ -96.793925, 32.782919, 0.0 ], [ -96.794002, 32.782903, 0.0 ], [ -96.793957, 32.782753, 0.0 ], [ -96.793943, 32.78271, 0.0 ], [ -96.793934, 32.78268, 0.0 ], [ -96.79393, 32.782667, 0.0 ], [ -96.794171, 32.782616, 0.0 ], [ -96.794266, 32.782596, 0.0 ] ] ] } },
{ "type": "Feature", "properties": { "dcad_account": "001029000A0010000", "address": "3611 DICKASON AVE", "property_name": "IRIS MEMORY CARE", "owner": "1031CF PORTFOLIO 3 DST", "group": "building", "where": "North of Woodall Rodgers", "acres": 1.111, "land_value": 4058070, "improvement_value": 1641930, "land_psf": 83.83, "improvement_to_land": 0.4, "deed_date": "07/05/2022", "feet_to_klyde_warren": 6189.0, "street_view": "https://www.google.com/maps/@?api=1&map_action=pano&viewpoint=32.806976,-96.808282" }, "geometry": { "type": "Polygon", "coordinates": [ [ [ -96.80877, 32.807044, 0.0 ], [ -96.808343, 32.807402, 0.0 ], [ -96.80823, 32.807305, 0.0 ], [ -96.808253, 32.807286, 0.0 ], [ -96.808031, 32.807094, 0.0 ], [ -96.808008, 32.807114, 0.0 ], [ -96.80778, 32.806917, 0.0 ], [ -96.808108, 32.806644, 0.0 ], [ -96.808021, 32.806565, 0.0 ], [ -96.808141, 32.806464, 0.0 ], [ -96.808782, 32.807034, 0.0 ], [ -96.80877, 32.807044, 0.0 ] ] ] } },
{ "type": "Feature", "properties": { "dcad_account": "00012500000010100", "address": "2000 ELM ST", "property_name": "GARAGE 1ST CITY CTR   ELM STR GARAGE", "owner": "OLYMBEC USA LLC", "group": "parking", "where": "Downtown", "acres": 0.924, "land_value": 4023600, "improvement_value": 1752130, "land_psf": 100.01, "improvement_to_land": 0.44, "deed_date": "07/23/2014", "feet_to_klyde_warren": 3307.0, "street_view": "https://www.google.com/maps/@?api=1&map_action=pano&viewpoint=32.782110,-96.793730" }, "geometry": { "type": "Polygon", "coordinates": [ [ [ -96.793676, 32.782488, 0.0 ], [ -96.793597, 32.782221, 0.0 ], [ -96.793382, 32.782267, 0.0 ], [ -96.793304, 32.781999, 0.0 ], [ -96.794045, 32.781843, 0.0 ], [ -96.794203, 32.782377, 0.0 ], [ -96.793676, 32.782488, 0.0 ] ] ] } },
{ "type": "Feature", "properties": { "dcad_account": "00000134927000000", "address": "2905 MAPLE AVE", "property_name": "FIRST DALLASSECURITIES/HISTORIC DESIGNATION ADJUST", "owner": "2905 MAPLE LLC", "group": "building", "where": "North of Woodall Rodgers", "acres": 0.575, "land_value": 4016250, "improvement_value": 10000, "land_psf": 160.42, "improvement_to_land": 0.0, "deed_date": "08/02/2013", "feet_to_klyde_warren": 2965.0, "street_view": "https://www.google.com/maps/@?api=1&map_action=pano&viewpoint=32.797028,-96.806975" }, "geometry": { "type": "Polygon", "coordinates": [ [ [ -96.806569, 32.797179, 0.0 ], [ -96.80716, 32.796683, 0.0 ], [ -96.807382, 32.796878, 0.0 ], [ -96.806787, 32.797373, 0.0 ], [ -96.806569, 32.797179, 0.0 ] ] ] } },
{ "type": "Feature", "properties": { "dcad_account": "000964001808A0000", "address": "2909 COLE AVE", "property_name": "2909 COLE BLDG DAVID CARUTH", "owner": "AM COLE LP", "group": "building", "where": "North of Woodall Rodgers", "acres": 0.595, "land_value": 4003810, "improvement_value": 10000, "land_psf": 154.41, "improvement_to_land": 0.0, "deed_date": "01/08/2026", "feet_to_klyde_warren": 4153.0, "street_view": "https://www.google.com/maps/@?api=1&map_action=pano&viewpoint=32.802165,-96.802503" }, "geometry": { "type": "Polygon", "coordinates": [ [ [ -96.802762, 32.802629, 0.0 ], [ -96.802225, 32.802375, 0.0 ], [ -96.802219, 32.80234, 0.0 ], [ -96.802448, 32.801989, 0.0 ], [ -96.802468, 32.801987, 0.0 ], [ -96.802925, 32.802385, 0.0 ], [ -96.802762, 32.802629, 0.0 ] ] ] } },
{ "type": "Feature", "properties": { "dcad_account": "00000135160000000", "address": "3136 ROUTH ST", "property_name": "KATY TRAIL ICE HOUSE STORAGE/PARKING", "owner": "KATY TRAIL ICE HOUSE LP", "group": "building", "where": "North of Woodall Rodgers", "acres": 0.618, "land_value": 3986560, "improvement_value": 10000, "land_psf": 148.05, "improvement_to_land": 0.0, "deed_date": "07/20/2012", "feet_to_klyde_warren": 4234.0, "street_view": "https://www.google.com/maps/@?api=1&map_action=pano&viewpoint=32.801329,-96.806880" }, "geometry": { "type": "Polygon", "coordinates": [ [ [ -96.806983, 32.801006, 0.0 ], [ -96.807024, 32.801042, 0.0 ], [ -96.807138, 32.80114, 0.0 ], [ -96.807253, 32.80124, 0.0 ], [ -96.807294, 32.801276, 0.0 ], [ -96.80703, 32.801435, 0.0 ], [ -96.806538, 32.801628, 0.0 ], [ -96.806457, 32.801382, 0.0 ], [ -96.806662, 32.80127, 0.0 ], [ -96.806983, 32.801006, 0.0 ] ] ] } },
{ "type": "Feature", "properties": { "dcad_account": "00000136217000000", "address": "3109 CARLISLE ST", "property_name": "VACANT", "owner": "3109 CARLISLE LP", "group": "vacant", "where": "North of Woodall Rodgers", "acres": 0.621, "land_value": 3956310, "improvement_value": 0, "land_psf": 146.26, "improvement_to_land": 0.0, "deed_date": "04/03/2013", "feet_to_klyde_warren": 4802.0, "street_view": "https://www.google.com/maps/@?api=1&map_action=pano&viewpoint=32.804148,-96.803028" }, "geometry": { "type": "Polygon", "coordinates": [ [ [ -96.802848, 32.803744, 0.0 ], [ -96.803312, 32.803963, 0.0 ], [ -96.80334, 32.803976, 0.0 ], [ -96.803284, 32.80409, 0.0 ], [ -96.80323, 32.804205, 0.0 ], [ -96.803121, 32.80444, 0.0 ], [ -96.802721, 32.804077, 0.0 ], [ -96.802651, 32.804045, 0.0 ], [ -96.802848, 32.803744, 0.0 ] ] ] } },
{ "type": "Feature", "properties": { "dcad_account": "00000101713000000", "address": "1810 JACKSON ST", "property_name": "JACKSON BLDG PARKING GAR", "owner": "1810 JACKSON GARAGE LLC", "group": "parking", "where": "Downtown", "acres": 0.963, "land_value": 3890250, "improvement_value": 35000, "land_psf": 92.7, "improvement_to_land": 0.01, "deed_date": "07/06/2017", "feet_to_klyde_warren": 3678.0, "street_view": "https://www.google.com/maps/@?api=1&map_action=pano&viewpoint=32.779580,-96.795576" }, "geometry": { "type": "Polygon", "coordinates": [ [ [ -96.795774, 32.779806, 0.0 ], [ -96.795741, 32.779813, 0.0 ], [ -96.795658, 32.77983, 0.0 ], [ -96.795528, 32.779856, 0.0 ], [ -96.79532, 32.779898, 0.0 ], [ -96.795215, 32.779642, 0.0 ], [ -96.795214, 32.779638, 0.0 ], [ -96.795147, 32.77941, 0.0 ], [ -96.79548, 32.779339, 0.0 ], [ -96.795732, 32.779285, 0.0 ], [ -96.795807, 32.779269, 0.0 ], [ -96.795872, 32.779256, 0.0 ], [ -96.795938, 32.779517, 0.0 ], [ -96.79594, 32.779523, 0.0 ], [ -96.796003, 32.779768, 0.0 ], [ -96.795912, 32.779783, 0.0 ], [ -96.795846, 32.779794, 0.0 ], [ -96.795774, 32.779806, 0.0 ] ] ] } },
{ "type": "Feature", "properties": { "dcad_account": "00000106789000000", "address": "2425 CAROLINE ST", "property_name": "PARKING", "owner": "FSR LP", "group": "parking", "where": "North of Woodall Rodgers", "acres": 0.509, "land_value": 3866720, "improvement_value": 0, "land_psf": 174.48, "improvement_to_land": 0.0, "deed_date": "05/11/1999", "feet_to_klyde_warren": 1284.0, "street_view": "https://www.google.com/maps/@?api=1&map_action=pano&viewpoint=32.789817,-96.807223" }, "geometry": { "type": "Polygon", "coordinates": [ [ [ -96.806943, 32.789785, 0.0 ], [ -96.806889, 32.789734, 0.0 ], [ -96.807131, 32.789551, 0.0 ], [ -96.807168, 32.789523, 0.0 ], [ -96.807223, 32.789574, 0.0 ], [ -96.807277, 32.789625, 0.0 ], [ -96.807331, 32.789676, 0.0 ], [ -96.807386, 32.789728, 0.0 ], [ -96.80744, 32.789779, 0.0 ], [ -96.807458, 32.789796, 0.0 ], [ -96.807459, 32.789797, 0.0 ], [ -96.807484, 32.78985, 0.0 ], [ -96.807506, 32.789904, 0.0 ], [ -96.807533, 32.789985, 0.0 ], [ -96.807323, 32.790144, 0.0 ], [ -96.807269, 32.790093, 0.0 ], [ -96.807215, 32.790041, 0.0 ], [ -96.807161, 32.78999, 0.0 ], [ -96.807106, 32.789939, 0.0 ], [ -96.807052, 32.789888, 0.0 ], [ -96.806998, 32.789837, 0.0 ], [ -96.806943, 32.789785, 0.0 ] ] ] } },
{ "type": "Feature", "properties": { "dcad_account": "00000107796000000", "address": "1002 WOOD ST", "property_name": "GRIFFIN ST AUTO PARK", "owner": "GRIFFIN ST AUTOPARK LTD", "group": "parking", "where": "Downtown", "acres": 1.109, "land_value": 3864640, "improvement_value": 25000, "land_psf": 79.98, "improvement_to_land": 0.01, "deed_date": "10/15/1998", "feet_to_klyde_warren": 3789.0, "street_view": "https://www.google.com/maps/@?api=1&map_action=pano&viewpoint=32.777381,-96.801841" }, "geometry": { "type": "Polygon", "coordinates": [ [ [ -96.801564, 32.777242, 0.0 ], [ -96.801557, 32.777012, 0.0 ], [ -96.801668, 32.777028, 0.0 ], [ -96.801684, 32.776947, 0.0 ], [ -96.801765, 32.776941, 0.0 ], [ -96.801745, 32.777039, 0.0 ], [ -96.802058, 32.777085, 0.0 ], [ -96.802209, 32.777595, 0.0 ], [ -96.802211, 32.777605, 0.0 ], [ -96.80221, 32.777614, 0.0 ], [ -96.802208, 32.777623, 0.0 ], [ -96.802205, 32.777632, 0.0 ], [ -96.802199, 32.77764, 0.0 ], [ -96.802192, 32.777647, 0.0 ], [ -96.802184, 32.777653, 0.0 ], [ -96.802174, 32.777658, 0.0 ], [ -96.801926, 32.77776, 0.0 ], [ -96.80193, 32.777764, 0.0 ], [ -96.801608, 32.777833, 0.0 ], [ -96.80154, 32.777603, 0.0 ], [ -96.801493, 32.777594, 0.0 ], [ -96.801508, 32.777519, 0.0 ], [ -96.801564, 32.777242, 0.0 ] ] ] } },
{ "type": "Feature", "properties": { "dcad_account": "CONDO0019O95CONDO", "address": "3321 OAK GROVE AVE", "property_name": "", "owner": "16 condo or unit accounts", "group": "building", "where": "North of Woodall Rodgers", "acres": 0.57, "land_value": 3864080, "improvement_value": 484670, "land_psf": 155.56, "improvement_to_land": 0.12, "deed_date": "", "feet_to_klyde_warren": 4828.0, "street_view": "https://www.google.com/maps/@?api=1&map_action=pano&viewpoint=32.804084,-96.798070" }, "geometry": { "type": "Polygon", "coordinates": [ [ [ -96.798072, 32.804373, 0.0 ], [ -96.797934, 32.804254, 0.0 ], [ -96.797719, 32.804067, 0.0 ], [ -96.797707, 32.804056, 0.0 ], [ -96.797815, 32.803961, 0.0 ], [ -96.797923, 32.803865, 0.0 ], [ -96.798035, 32.803766, 0.0 ], [ -96.798132, 32.80385, 0.0 ], [ -96.798228, 32.803933, 0.0 ], [ -96.798325, 32.804017, 0.0 ], [ -96.798421, 32.804101, 0.0 ], [ -96.798309, 32.804201, 0.0 ], [ -96.798201, 32.804296, 0.0 ], [ -96.798093, 32.804392, 0.0 ], [ -96.798072, 32.804373, 0.0 ] ] ] } },
{ "type": "Feature", "properties": { "dcad_account": "CONDO00C0593CONDO", "address": "4001 CEDAR SPRINGS RD", "property_name": "", "owner": "2 condo or unit accounts", "group": "parking", "where": "North of Woodall Rodgers", "acres": 1.477, "land_value": 3861000, "improvement_value": 339000, "land_psf": 60.01, "improvement_to_land": 0.09, "deed_date": "", "feet_to_klyde_warren": 7975.0, "street_view": "https://www.google.com/maps/@?api=1&map_action=pano&viewpoint=32.810786,-96.812084" }, "geometry": { "type": "Polygon", "coordinates": [ [ [ -96.812791, 32.810549, 0.0 ], [ -96.812673, 32.810644, 0.0 ], [ -96.812555, 32.810739, 0.0 ], [ -96.812437, 32.810833, 0.0 ], [ -96.812319, 32.810928, 0.0 ], [ -96.812202, 32.811023, 0.0 ], [ -96.812068, 32.810919, 0.0 ], [ -96.811656, 32.811251, 0.0 ], [ -96.811396, 32.811047, 0.0 ], [ -96.811396, 32.811009, 0.0 ], [ -96.812349, 32.810241, 0.0 ], [ -96.812397, 32.81024, 0.0 ], [ -96.812791, 32.810549, 0.0 ] ] ] } },
{ "type": "Feature", "properties": { "dcad_account": "00000113452000000", "address": "2702 MCKINNEY AVE", "property_name": "LAND ONLY", "owner": "2700 MCKINNEY DALLAS PARTNERS", "group": "parking", "where": "North of Woodall Rodgers", "acres": 0.503, "land_value": 3834430, "improvement_value": 0, "land_psf": 174.86, "improvement_to_land": 0.0, "deed_date": "10/19/2018", "feet_to_klyde_warren": 2360.0, "street_view": "https://www.google.com/maps/@?api=1&map_action=pano&viewpoint=32.797434,-96.801046" }, "geometry": { "type": "Polygon", "coordinates": [ [ [ -96.800831, 32.797601, 0.0 ], [ -96.800858, 32.797553, 0.0 ], [ -96.800744, 32.797462, 0.0 ], [ -96.801037, 32.797156, 0.0 ], [ -96.80133, 32.797406, 0.0 ], [ -96.801235, 32.797746, 0.0 ], [ -96.800831, 32.797601, 0.0 ] ] ] } },
{ "type": "Feature", "properties": { "dcad_account": "000638000218A0000", "address": "3120 MCKINNEY AVE", "property_name": "SAN MARTIN BAKERY", "owner": "MCKINNEY AVENUE", "group": "building", "where": "North of Woodall Rodgers", "acres": 0.557, "land_value": 3806220, "improvement_value": 1393780, "land_psf": 156.81, "improvement_to_land": 0.37, "deed_date": "05/19/1994", "feet_to_klyde_warren": 4102.0, "street_view": "https://www.google.com/maps/@?api=1&map_action=pano&viewpoint=32.802276,-96.799839" }, "geometry": { "type": "Polygon", "coordinates": [ [ [ -96.80015, 32.80222, 0.0 ], [ -96.800058, 32.802332, 0.0 ], [ -96.799875, 32.802555, 0.0 ], [ -96.799516, 32.802339, 0.0 ], [ -96.79989, 32.801934, 0.0 ], [ -96.800221, 32.802133, 0.0 ], [ -96.80015, 32.80222, 0.0 ] ] ] } },
{ "type": "Feature", "properties": { "dcad_account": "00000135571000000", "address": "2611 WORTHINGTON ST", "property_name": "MOOD SPA", "owner": "MCKINNEY AVENUE PARTNERS LTD", "group": "building", "where": "North of Woodall Rodgers", "acres": 0.492, "land_value": 3753750, "improvement_value": 1018650, "land_psf": 175.05, "improvement_to_land": 0.27, "deed_date": "10/01/2010", "feet_to_klyde_warren": 2799.0, "street_view": "https://www.google.com/maps/@?api=1&map_action=pano&viewpoint=32.798579,-96.801545" }, "geometry": { "type": "Polygon", "coordinates": [ [ [ -96.801203, 32.798645, 0.0 ], [ -96.801281, 32.79835, 0.0 ], [ -96.801887, 32.798512, 0.0 ], [ -96.801809, 32.798808, 0.0 ], [ -96.801203, 32.798645, 0.0 ] ] ] } },
{ "type": "Feature", "properties": { "dcad_account": "00000106786000000", "address": "2121 N AKARD ST", "property_name": "SPENCER COMPANY", "owner": "2121 AKARD PS LP", "group": "building", "where": "North of Woodall Rodgers", "acres": 0.534, "land_value": 3752910, "improvement_value": 25000, "land_psf": 161.37, "improvement_to_land": 0.01, "deed_date": "05/17/2012", "feet_to_klyde_warren": 319.0, "street_view": "https://www.google.com/maps/@?api=1&map_action=pano&viewpoint=32.788023,-96.804139" }, "geometry": { "type": "Polygon", "coordinates": [ [ [ -96.804146, 32.787829, 0.0 ], [ -96.804285, 32.787737, 0.0 ], [ -96.80447, 32.787614, 0.0 ], [ -96.804397, 32.787841, 0.0 ], [ -96.804295, 32.788157, 0.0 ], [ -96.804203, 32.788444, 0.0 ], [ -96.803841, 32.788117, 0.0 ], [ -96.804037, 32.787929, 0.0 ], [ -96.804146, 32.787829, 0.0 ] ] ] } },
{ "type": "Feature", "properties": { "dcad_account": "00000100333000000", "address": "311 S LAMAR ST", "property_name": "PARKING", "owner": "METRO DALLAS DOWNTOWN", "group": "parking", "where": "Downtown", "acres": 0.74, "land_value": 3737500, "improvement_value": 0, "land_psf": 115.9, "improvement_to_land": 0.0, "deed_date": "09/20/2021", "feet_to_klyde_warren": 3760.0, "street_view": "https://www.google.com/maps/@?api=1&map_action=pano&viewpoint=32.777639,-96.804056" }, "geometry": { "type": "Polygon", "coordinates": [ [ [ -96.803941, 32.777946, 0.0 ], [ -96.803863, 32.777679, 0.0 ], [ -96.803784, 32.777412, 0.0 ], [ -96.803942, 32.777379, 0.0 ], [ -96.8041, 32.777346, 0.0 ], [ -96.804258, 32.777314, 0.0 ], [ -96.804416, 32.777281, 0.0 ], [ -96.804495, 32.777548, 0.0 ], [ -96.804337, 32.77758, 0.0 ], [ -96.80425, 32.777599, 0.0 ], [ -96.804328, 32.777865, 0.0 ], [ -96.803941, 32.777946, 0.0 ] ] ] } },
{ "type": "Feature", "properties": { "dcad_account": "00000135172000000", "address": "2711 CEDAR SPRINGS RD", "property_name": "UPTOWN SELF STG", "owner": "CUBESMART LP", "group": "building", "where": "North of Woodall Rodgers", "acres": 0.511, "land_value": 3735250, "improvement_value": 632000, "land_psf": 167.87, "improvement_to_land": 0.17, "deed_date": "12/01/2014", "feet_to_klyde_warren": 4015.0, "street_view": "https://www.google.com/maps/@?api=1&map_action=pano&viewpoint=32.800928,-96.806016" }, "geometry": { "type": "Polygon", "coordinates": [ [ [ -96.805862, 32.801237, 0.0 ], [ -96.805818, 32.801105, 0.0 ], [ -96.805799, 32.801045, 0.0 ], [ -96.80574, 32.800838, 0.0 ], [ -96.806166, 32.800738, 0.0 ], [ -96.806194, 32.800763, 0.0 ], [ -96.806219, 32.800782, 0.0 ], [ -96.806245, 32.800862, 0.0 ], [ -96.806289, 32.800994, 0.0 ], [ -96.806332, 32.801126, 0.0 ], [ -96.805862, 32.801237, 0.0 ] ] ] } },
{ "type": "Feature", "properties": { "dcad_account": "00000113215000000", "address": "2614 MCKINNEY AVE", "property_name": "LAND ONLY", "owner": "SL6 MCKINNEY LP", "group": "parking", "where": "North of Woodall Rodgers", "acres": 0.483, "land_value": 3674300, "improvement_value": 0, "land_psf": 174.82, "improvement_to_land": 0.0, "deed_date": "09/23/2021", "feet_to_klyde_warren": 2188.0, "street_view": "https://www.google.com/maps/@?api=1&map_action=pano&viewpoint=32.796987,-96.801248" }, "geometry": { "type": "Polygon", "coordinates": [ [ [ -96.801523, 32.796781, 0.0 ], [ -96.801451, 32.797038, 0.0 ], [ -96.801383, 32.797282, 0.0 ], [ -96.800969, 32.796935, 0.0 ], [ -96.801003, 32.796909, 0.0 ], [ -96.801066, 32.796681, 0.0 ], [ -96.801523, 32.796781, 0.0 ] ] ] } },
{ "type": "Feature", "properties": { "dcad_account": "CONDO00C2765CONDO", "address": "4317 HARTFORD ST", "property_name": "", "owner": "27 condo or unit accounts", "group": "building", "where": "North of Woodall Rodgers", "acres": 1.315, "land_value": 3657400, "improvement_value": 1630820, "land_psf": 63.84, "improvement_to_land": 0.45, "deed_date": "", "feet_to_klyde_warren": 8813.0, "street_view": "https://www.google.com/maps/@?api=1&map_action=pano&viewpoint=32.811735,-96.816065" }, "geometry": { "type": "Polygon", "coordinates": [ [ [ -96.815566, 32.811627, 0.0 ], [ -96.815438, 32.811526, 0.0 ], [ -96.815455, 32.811513, 0.0 ], [ -96.8158, 32.81124, 0.0 ], [ -96.815924, 32.811338, 0.0 ], [ -96.816052, 32.811438, 0.0 ], [ -96.816181, 32.81154, 0.0 ], [ -96.816309, 32.811641, 0.0 ], [ -96.816439, 32.811744, 0.0 ], [ -96.816568, 32.811845, 0.0 ], [ -96.816697, 32.811947, 0.0 ], [ -96.816336, 32.812234, 0.0 ], [ -96.816207, 32.812132, 0.0 ], [ -96.816077, 32.812029, 0.0 ], [ -96.81595, 32.811929, 0.0 ], [ -96.81582, 32.811827, 0.0 ], [ -96.81569, 32.811725, 0.0 ], [ -96.815566, 32.811627, 0.0 ] ] ] } },
{ "type": "Feature", "properties": { "dcad_account": "000955000305A0000", "address": "2708 ROUTH ST", "property_name": "THE SOCIAL HOUSE", "owner": "PASHA & SINA INC", "group": "building", "where": "North of Woodall Rodgers", "acres": 0.485, "land_value": 3610630, "improvement_value": 622610, "land_psf": 170.76, "improvement_to_land": 0.17, "deed_date": "10/31/2017", "feet_to_klyde_warren": 2442.0, "street_view": "https://www.google.com/maps/@?api=1&map_action=pano&viewpoint=32.797481,-96.802692" }, "geometry": { "type": "Polygon", "coordinates": [ [ [ -96.802508, 32.797548, 0.0 ], [ -96.80261, 32.79718, 0.0 ], [ -96.802876, 32.797413, 0.0 ], [ -96.802739, 32.79791, 0.0 ], [ -96.80243, 32.797825, 0.0 ], [ -96.802508, 32.797548, 0.0 ] ] ] } },
{ "type": "Feature", "properties": { "dcad_account": "000034002101A0000", "address": "309 S MARKET ST", "property_name": "PARKING W/ CANOPY", "owner": "309 S MARKET STREET LLC", "group": "building", "where": "Downtown", "acres": 0.685, "land_value": 3585840, "improvement_value": 215010, "land_psf": 120.13, "improvement_to_land": 0.06, "deed_date": "10/19/2017", "feet_to_klyde_warren": 3993.0, "street_view": "https://www.google.com/maps/@?api=1&map_action=pano&viewpoint=32.777319,-96.805804" }, "geometry": { "type": "Polygon", "coordinates": [ [ [ -96.805993, 32.777392, 0.0 ], [ -96.806028, 32.777513, 0.0 ], [ -96.805744, 32.777572, 0.0 ], [ -96.805704, 32.777552, 0.0 ], [ -96.805563, 32.777071, 0.0 ], [ -96.805587, 32.777038, 0.0 ], [ -96.806156, 32.77692, 0.0 ], [ -96.806195, 32.77694, 0.0 ], [ -96.806266, 32.77718, 0.0 ], [ -96.806108, 32.777213, 0.0 ], [ -96.80595, 32.777246, 0.0 ], [ -96.805993, 32.777392, 0.0 ] ] ] } },
{ "type": "Feature", "properties": { "dcad_account": "001022000001A0000", "address": "2701 HOOD ST", "property_name": "LAND", "owner": "CLOVER TOWER LP", "group": "vacant", "where": "North of Woodall Rodgers", "acres": 0.743, "land_value": 3564880, "improvement_value": 0, "land_psf": 110.08, "improvement_to_land": 0.0, "deed_date": "03/18/2024", "feet_to_klyde_warren": 5889.0, "street_view": "https://www.google.com/maps/@?api=1&map_action=pano&viewpoint=32.804976,-96.810392" }, "geometry": { "type": "Polygon", "coordinates": [ [ [ -96.810789, 32.804973, 0.0 ], [ -96.810788, 32.80498, 0.0 ], [ -96.810381, 32.805314, 0.0 ], [ -96.809962, 32.804948, 0.0 ], [ -96.810346, 32.804634, 0.0 ], [ -96.810392, 32.804635, 0.0 ], [ -96.810789, 32.804973, 0.0 ] ] ] } },
{ "type": "Feature", "properties": { "dcad_account": "00000135583000000", "address": "2718 BOLL ST", "property_name": "LAND ONLY", "owner": "SRPF BGINGERMAN PROPERTY LLC", "group": "parking", "where": "North of Woodall Rodgers", "acres": 0.489, "land_value": 3521860, "improvement_value": 0, "land_psf": 165.46, "improvement_to_land": 0.0, "deed_date": "02/04/2020", "feet_to_klyde_warren": 2726.0, "street_view": "https://www.google.com/maps/@?api=1&map_action=pano&viewpoint=32.798240,-96.802767" }, "geometry": { "type": "Polygon", "coordinates": [ [ [ -96.802455, 32.798329, 0.0 ], [ -96.802534, 32.797996, 0.0 ], [ -96.802689, 32.798038, 0.0 ], [ -96.802822, 32.798074, 0.0 ], [ -96.802955, 32.798111, 0.0 ], [ -96.803087, 32.79815, 0.0 ], [ -96.802982, 32.79847, 0.0 ], [ -96.802455, 32.798329, 0.0 ] ] ] } },
{ "type": "Feature", "properties": { "dcad_account": "00000107353000100", "address": "717 LEONARD ST", "property_name": "717 PARK", "owner": "DIGITAL 717 LEONARD LP", "group": "parking", "where": "Downtown", "acres": 0.667, "land_value": 3511200, "improvement_value": 833240, "land_psf": 120.92, "improvement_to_land": 0.24, "deed_date": "05/13/2008", "feet_to_klyde_warren": 1778.0, "street_view": "https://www.google.com/maps/@?api=1&map_action=pano&viewpoint=32.787716,-96.794779" }, "geometry": { "type": "Polygon", "coordinates": [ [ [ -96.794731, 32.787994, 0.0 ], [ -96.794441, 32.787746, 0.0 ], [ -96.79438, 32.787695, 0.0 ], [ -96.794518, 32.787585, 0.0 ], [ -96.794563, 32.78755, 0.0 ], [ -96.794757, 32.787396, 0.0 ], [ -96.794771, 32.787407, 0.0 ], [ -96.794817, 32.787447, 0.0 ], [ -96.794821, 32.78744, 0.0 ], [ -96.795178, 32.787736, 0.0 ], [ -96.795168, 32.787744, 0.0 ], [ -96.795163, 32.787748, 0.0 ], [ -96.794794, 32.788044, 0.0 ], [ -96.794731, 32.787994, 0.0 ] ] ] } },
{ "type": "Feature", "properties": { "dcad_account": "0009390E0001A0000", "address": "2920 N PEARL ST", "property_name": "BIG BROTHERS   SISTERS OF METROP DLLS PARKING GA", "owner": "HARTNETT PROPERTIES CO", "group": "building", "where": "North of Woodall Rodgers", "acres": 0.416, "land_value": 3505780, "improvement_value": 388460, "land_psf": 193.3, "improvement_to_land": 0.11, "deed_date": "08/01/2005", "feet_to_klyde_warren": 3114.0, "street_view": "https://www.google.com/maps/@?api=1&map_action=pano&viewpoint=32.796543,-96.808423" }, "geometry": { "type": "Polygon", "coordinates": [ [ [ -96.80817, 32.796515, 0.0 ], [ -96.808114, 32.796466, 0.0 ], [ -96.80834, 32.796281, 0.0 ], [ -96.808742, 32.796629, 0.0 ], [ -96.80874, 32.79667, 0.0 ], [ -96.808543, 32.796838, 0.0 ], [ -96.808493, 32.796794, 0.0 ], [ -96.808428, 32.796738, 0.0 ], [ -96.808364, 32.796683, 0.0 ], [ -96.808299, 32.796627, 0.0 ], [ -96.808235, 32.796571, 0.0 ], [ -96.80817, 32.796515, 0.0 ] ] ] } },
{ "type": "Feature", "properties": { "dcad_account": "00000134971000000", "address": "2926 MAPLE AVE", "property_name": "STONELEIGH P RESTAURANT/LAW OFFICES", "owner": "STONELEIGH P LLC", "group": "parking", "where": "North of Woodall Rodgers", "acres": 0.477, "land_value": 3480650, "improvement_value": 164250, "land_psf": 167.61, "improvement_to_land": 0.05, "deed_date": "07/09/2020", "feet_to_klyde_warren": 3210.0, "street_view": "https://www.google.com/maps/@?api=1&map_action=pano&viewpoint=32.798026,-96.806867" }, "geometry": { "type": "Polygon", "coordinates": [ [ [ -96.806636, 32.798131, 0.0 ], [ -96.806534, 32.798044, 0.0 ], [ -96.806891, 32.797746, 0.0 ], [ -96.806993, 32.797833, 0.0 ], [ -96.807108, 32.79793, 0.0 ], [ -96.807199, 32.798008, 0.0 ], [ -96.806842, 32.798307, 0.0 ], [ -96.806751, 32.798229, 0.0 ], [ -96.806636, 32.798131, 0.0 ] ] ] } },
{ "type": "Feature", "properties": { "dcad_account": "00000136108000000", "address": "3101 MCKINNEY AVE", "property_name": "CITY VETERINARY HOSP / THE DOG LOFTS", "owner": "YOUNG CANNON PROPERTIES LP", "group": "building", "where": "North of Woodall Rodgers", "acres": 0.452, "land_value": 3438750, "improvement_value": 1000, "land_psf": 174.79, "improvement_to_land": 0.0, "deed_date": "12/19/2011", "feet_to_klyde_warren": 4107.0, "street_view": "https://www.google.com/maps/@?api=1&map_action=pano&viewpoint=32.802211,-96.801188" }, "geometry": { "type": "Polygon", "coordinates": [ [ [ -96.800838, 32.802201, 0.0 ], [ -96.800993, 32.801962, 0.0 ], [ -96.801539, 32.802221, 0.0 ], [ -96.801555, 32.802229, 0.0 ], [ -96.801544, 32.802243, 0.0 ], [ -96.801396, 32.802469, 0.0 ], [ -96.800838, 32.802201, 0.0 ] ] ] } },
{ "type": "Feature", "properties": { "dcad_account": "00000135400000000", "address": "2408 CEDAR SPRINGS RD", "property_name": "VERITEX BANK", "owner": "GREENWAY MAPLE LP", "group": "building", "where": "North of Woodall Rodgers", "acres": 0.469, "land_value": 3434900, "improvement_value": 725100, "land_psf": 168.19, "improvement_to_land": 0.21, "deed_date": "03/15/2001", "feet_to_klyde_warren": 2675.0, "street_view": "https://www.google.com/maps/@?api=1&map_action=pano&viewpoint=32.797453,-96.805169" }, "geometry": { "type": "Polygon", "coordinates": [ [ [ -96.80481, 32.797253, 0.0 ], [ -96.805251, 32.796912, 0.0 ], [ -96.805315, 32.797656, 0.0 ], [ -96.805272, 32.797653, 0.0 ], [ -96.80481, 32.797253, 0.0 ] ] ] } },
{ "type": "Feature", "properties": { "dcad_account": "000519000A0010000", "address": "1818 N AKARD ST", "property_name": "PARKING GARAGE FOR HUNT BLDG", "owner": "HUNT DALLAS OFFICE LP", "group": "parking", "where": "Downtown", "acres": 0.647, "land_value": 3380400, "improvement_value": 1369600, "land_psf": 120.0, "improvement_to_land": 0.4, "deed_date": "06/16/1998", "feet_to_klyde_warren": 453.0, "street_view": "https://www.google.com/maps/@?api=1&map_action=pano&viewpoint=32.786745,-96.801878" }, "geometry": { "type": "Polygon", "coordinates": [ [ [ -96.801865, 32.786394, 0.0 ], [ -96.802233, 32.786832, 0.0 ], [ -96.802229, 32.786873, 0.0 ], [ -96.801987, 32.787075, 0.0 ], [ -96.801983, 32.787072, 0.0 ], [ -96.801494, 32.786659, 0.0 ], [ -96.801793, 32.786406, 0.0 ], [ -96.801822, 32.78643, 0.0 ], [ -96.801865, 32.786394, 0.0 ] ] ] } },
{ "type": "Feature", "properties": { "dcad_account": "00000135436000000", "address": "2811 ROUTH ST", "property_name": "PARKING LOT", "owner": "ROYAL 2500 CEDAR SPRINGS LLC", "group": "parking", "where": "North of Woodall Rodgers", "acres": 0.43, "land_value": 3368750, "improvement_value": 0, "land_psf": 179.68, "improvement_to_land": 0.0, "deed_date": "03/27/2024", "feet_to_klyde_warren": 2842.0, "street_view": "https://www.google.com/maps/@?api=1&map_action=pano&viewpoint=32.798098,-96.804277" }, "geometry": { "type": "Polygon", "coordinates": [ [ [ -96.804349, 32.797831, 0.0 ], [ -96.804463, 32.797927, 0.0 ], [ -96.804604, 32.798046, 0.0 ], [ -96.804203, 32.798367, 0.0 ], [ -96.804063, 32.798248, 0.0 ], [ -96.803949, 32.798151, 0.0 ], [ -96.804349, 32.797831, 0.0 ] ] ] } },
{ "type": "Feature", "properties": { "dcad_account": "000942000I01A0000", "address": "2826 BOOKHOUT ST", "property_name": "ST JAMES", "owner": "CH REALTY VIIIKNIGHTVEST MF", "group": "building", "where": "North of Woodall Rodgers", "acres": 0.459, "land_value": 3341630, "improvement_value": 887980, "land_psf": 167.08, "improvement_to_land": 0.27, "deed_date": "04/11/2019", "feet_to_klyde_warren": 2717.0, "street_view": "https://www.google.com/maps/@?api=1&map_action=pano&viewpoint=32.796268,-96.806983" }, "geometry": { "type": "Polygon", "coordinates": [ [ [ -96.807096, 32.79656, 0.0 ], [ -96.806639, 32.796169, 0.0 ], [ -96.80687, 32.795976, 0.0 ], [ -96.807327, 32.796367, 0.0 ], [ -96.807096, 32.79656, 0.0 ] ] ] } },
{ "type": "Feature", "properties": { "dcad_account": "0006370A100020000", "address": "3521 OAK GROVE AVE", "property_name": "MANNYS UPTOWN TEX MEX RESTAURANT", "owner": "VISION DALLAS UPTOWN LLC", "group": "building", "where": "North of Woodall Rodgers", "acres": 0.62, "land_value": 3321380, "improvement_value": 39620, "land_psf": 123.01, "improvement_to_land": 0.01, "deed_date": "09/17/2025", "feet_to_klyde_warren": 5416.0, "street_view": "https://www.google.com/maps/@?api=1&map_action=pano&viewpoint=32.805490,-96.796397" }, "geometry": { "type": "Polygon", "coordinates": [ [ [ -96.79634, 32.805753, 0.0 ], [ -96.796068, 32.805522, 0.0 ], [ -96.79607, 32.805458, 0.0 ], [ -96.796464, 32.805142, 0.0 ], [ -96.796477, 32.805153, 0.0 ], [ -96.796799, 32.80543, 0.0 ], [ -96.796401, 32.805756, 0.0 ], [ -96.796371, 32.80578, 0.0 ], [ -96.79634, 32.805753, 0.0 ] ] ] } },
{ "type": "Feature", "properties": { "dcad_account": "001318000P11A0000", "address": "3405 OAK LAWN AVE", "property_name": "EATZIS RESTAURANT", "owner": "RP LEMMON PPTIES LP", "group": "building", "where": "North of Woodall Rodgers", "acres": 0.896, "land_value": 3316450, "improvement_value": 1008550, "land_psf": 85.0, "improvement_to_land": 0.3, "deed_date": "12/31/2007", "feet_to_klyde_warren": 7691.0, "street_view": "https://www.google.com/maps/@?api=1&map_action=pano&viewpoint=32.811550,-96.806777" }, "geometry": { "type": "Polygon", "coordinates": [ [ [ -96.806925, 32.811798, 0.0 ], [ -96.806774, 32.811922, 0.0 ], [ -96.806316, 32.811524, 0.0 ], [ -96.806736, 32.811179, 0.0 ], [ -96.806782, 32.81118, 0.0 ], [ -96.807238, 32.811576, 0.0 ], [ -96.807132, 32.811647, 0.0 ], [ -96.80695, 32.811796, 0.0 ], [ -96.806949, 32.811795, 0.0 ], [ -96.806935, 32.811806, 0.0 ], [ -96.806925, 32.811798, 0.0 ] ] ] } },
{ "type": "Feature", "properties": { "dcad_account": "0002610A000010000", "address": "2400 ROSS AVE", "property_name": "SOUTHWESTERN BELL", "owner": "SOUTHWESTERN BELL", "group": "building", "where": "Downtown", "acres": 0.678, "land_value": 3288770, "improvement_value": 821230, "land_psf": 111.42, "improvement_to_land": 0.25, "deed_date": "", "feet_to_klyde_warren": 1282.0, "street_view": "https://www.google.com/maps/@?api=1&map_action=pano&viewpoint=32.789403,-96.795733" }, "geometry": { "type": "Polygon", "coordinates": [ [ [ -96.795753, 32.78909, 0.0 ], [ -96.796091, 32.789378, 0.0 ], [ -96.796092, 32.789427, 0.0 ], [ -96.795689, 32.789761, 0.0 ], [ -96.795426, 32.789526, 0.0 ], [ -96.795329, 32.78944, 0.0 ], [ -96.795753, 32.78909, 0.0 ] ] ] } },
{ "type": "Feature", "properties": { "dcad_account": "001337000108A0000", "address": "2733 OAK LAWN AVE", "property_name": "100% UNOCCUPIED", "owner": "OAK LAWN OUTDOOR LLC", "group": "building", "where": "North of Woodall Rodgers", "acres": 0.851, "land_value": 3284230, "improvement_value": 3960, "land_psf": 88.61, "improvement_to_land": 0.0, "deed_date": "08/13/2010", "feet_to_klyde_warren": 6730.0, "street_view": "https://www.google.com/maps/@?api=1&map_action=pano&viewpoint=32.807289,-96.811563" }, "geometry": { "type": "Polygon", "coordinates": [ [ [ -96.811701, 32.807188, 0.0 ], [ -96.811728, 32.80721, 0.0 ], [ -96.812059, 32.807493, 0.0 ], [ -96.811841, 32.807676, 0.0 ], [ -96.811792, 32.807674, 0.0 ], [ -96.811458, 32.807411, 0.0 ], [ -96.81144, 32.807395, 0.0 ], [ -96.811423, 32.807381, 0.0 ], [ -96.811407, 32.807368, 0.0 ], [ -96.811047, 32.807089, 0.0 ], [ -96.811047, 32.807045, 0.0 ], [ -96.811294, 32.806838, 0.0 ], [ -96.811665, 32.807155, 0.0 ], [ -96.81168, 32.807169, 0.0 ], [ -96.811701, 32.807188, 0.0 ] ] ] } },
{ "type": "Feature", "properties": { "dcad_account": "00000135550000000", "address": "2704 WORTHINGTON ST", "property_name": "CREMONAS ITALIAN RESTAURANT", "owner": "PASHA & SINA INC", "group": "building", "where": "North of Woodall Rodgers", "acres": 0.434, "land_value": 3252010, "improvement_value": 10000, "land_psf": 172.18, "improvement_to_land": 0.0, "deed_date": "05/06/2013", "feet_to_klyde_warren": 3036.0, "street_view": "https://www.google.com/maps/@?api=1&map_action=pano&viewpoint=32.799249,-96.801935" }, "geometry": { "type": "Polygon", "coordinates": [ [ [ -96.80185, 32.798958, 0.0 ], [ -96.802317, 32.799087, 0.0 ], [ -96.801883, 32.799468, 0.0 ], [ -96.801675, 32.799411, 0.0 ], [ -96.80185, 32.798958, 0.0 ] ] ] } },
{ "type": "Feature", "properties": { "dcad_account": "000998000101A0200", "address": "1902 IVAN ST", "property_name": "LAND ONLY", "owner": "3100 MCKINNON OWNER LLC", "group": "vacant", "where": "North of Woodall Rodgers", "acres": 0.586, "land_value": 3246750, "improvement_value": 0, "land_psf": 127.23, "improvement_to_land": 0.0, "deed_date": "08/20/2025", "feet_to_klyde_warren": 3741.0, "street_view": "https://www.google.com/maps/@?api=1&map_action=pano&viewpoint=32.797366,-96.810331" }, "geometry": { "type": "Polygon", "coordinates": [ [ [ -96.810638, 32.797421, 0.0 ], [ -96.810741, 32.797483, 0.0 ], [ -96.810305, 32.797664, 0.0 ], [ -96.810272, 32.797675, 0.0 ], [ -96.810238, 32.797683, 0.0 ], [ -96.810202, 32.797686, 0.0 ], [ -96.810167, 32.797685, 0.0 ], [ -96.81006, 32.797676, 0.0 ], [ -96.810034, 32.797644, 0.0 ], [ -96.81004, 32.797564, 0.0 ], [ -96.810054, 32.797484, 0.0 ], [ -96.810075, 32.797405, 0.0 ], [ -96.810103, 32.797328, 0.0 ], [ -96.810139, 32.797253, 0.0 ], [ -96.810181, 32.79718, 0.0 ], [ -96.81023, 32.797111, 0.0 ], [ -96.810275, 32.797111, 0.0 ], [ -96.810634, 32.797419, 0.0 ], [ -96.810638, 32.797421, 0.0 ] ] ] } },
{ "type": "Feature", "properties": { "dcad_account": "000633000B27A0000", "address": "2400 N CENTRAL EXPY", "property_name": "WAL MART PAVED PARKING", "owner": "WALMART REAL ESTATE BUSINESS TRUST", "group": "parking", "where": "North of Woodall Rodgers", "acres": 0.742, "land_value": 3235600, "improvement_value": 0, "land_psf": 100.09, "improvement_to_land": 0.0, "deed_date": "10/13/2010", "feet_to_klyde_warren": 4470.0, "street_view": "https://www.google.com/maps/@?api=1&map_action=pano&viewpoint=32.801872,-96.793776" }, "geometry": { "type": "Polygon", "coordinates": [ [ [ -96.794084, 32.801704, 0.0 ], [ -96.794022, 32.801758, 0.0 ], [ -96.794033, 32.801763, 0.0 ], [ -96.79405, 32.80198, 0.0 ], [ -96.79362, 32.802246, 0.0 ], [ -96.793513, 32.802231, 0.0 ], [ -96.793509, 32.801675, 0.0 ], [ -96.793544, 32.801689, 0.0 ], [ -96.793545, 32.801582, 0.0 ], [ -96.793942, 32.801586, 0.0 ], [ -96.794084, 32.801704, 0.0 ] ] ] } },
{ "type": "Feature", "properties": { "dcad_account": "000638000201A0000", "address": "3128 MCKINNEY AVE", "property_name": "SHELL / C-STORE/MCKINNEY LIQUORS/ ASPEN CLEANERS", "owner": "AMYNJUMA LLC", "group": "building", "where": "North of Woodall Rodgers", "acres": 0.486, "land_value": 3220360, "improvement_value": 304640, "land_psf": 152.13, "improvement_to_land": 0.1, "deed_date": "07/30/2025", "feet_to_klyde_warren": 4244.0, "street_view": "https://www.google.com/maps/@?api=1&map_action=pano&viewpoint=32.802604,-96.800108" }, "geometry": { "type": "Polygon", "coordinates": [ [ [ -96.800418, 32.802549, 0.0 ], [ -96.800182, 32.802905, 0.0 ], [ -96.799783, 32.802666, 0.0 ], [ -96.799795, 32.802652, 0.0 ], [ -96.799875, 32.802555, 0.0 ], [ -96.799967, 32.802443, 0.0 ], [ -96.800058, 32.802332, 0.0 ], [ -96.800418, 32.802549, 0.0 ] ] ] } },
{ "type": "Feature", "properties": { "dcad_account": "00000134437000000", "address": "2825 N HARWOOD ST", "property_name": "LAND ONLY", "owner": "HARWOOD NO 16 LLC", "group": "vacant", "where": "North of Woodall Rodgers", "acres": 0.453, "land_value": 3214400, "improvement_value": 0, "land_psf": 162.81, "improvement_to_land": 0.0, "deed_date": "09/11/2025", "feet_to_klyde_warren": 2729.0, "street_view": "https://www.google.com/maps/@?api=1&map_action=pano&viewpoint=32.794510,-96.809171" }, "geometry": { "type": "Polygon", "coordinates": [ [ [ -96.808788, 32.794373, 0.0 ], [ -96.809024, 32.79418, 0.0 ], [ -96.809087, 32.794234, 0.0 ], [ -96.809105, 32.794249, 0.0 ], [ -96.809114, 32.794264, 0.0 ], [ -96.80912, 32.79428, 0.0 ], [ -96.809124, 32.794296, 0.0 ], [ -96.809126, 32.794316, 0.0 ], [ -96.809124, 32.794335, 0.0 ], [ -96.809119, 32.794354, 0.0 ], [ -96.80911, 32.794372, 0.0 ], [ -96.809097, 32.794388, 0.0 ], [ -96.809082, 32.794403, 0.0 ], [ -96.809078, 32.794406, 0.0 ], [ -96.809112, 32.794436, 0.0 ], [ -96.809115, 32.794433, 0.0 ], [ -96.809132, 32.794421, 0.0 ], [ -96.809151, 32.794412, 0.0 ], [ -96.809171, 32.794405, 0.0 ], [ -96.809192, 32.794401, 0.0 ], [ -96.809217, 32.7944, 0.0 ], [ -96.809241, 32.794403, 0.0 ], [ -96.809265, 32.794408, 0.0 ], [ -96.809287, 32.794417, 0.0 ], [ -96.809307, 32.794429, 0.0 ], [ -96.809306, 32.79443, 0.0 ], [ -96.809316, 32.794437, 0.0 ], [ -96.809462, 32.794568, 0.0 ], [ -96.809498, 32.7946, 0.0 ], [ -96.809266, 32.794792, 0.0 ], [ -96.809239, 32.794768, 0.0 ], [ -96.809075, 32.794623, 0.0 ], [ -96.809003, 32.79456, 0.0 ], [ -96.80898, 32.79454, 0.0 ], [ -96.80891, 32.794479, 0.0 ], [ -96.808788, 32.794373, 0.0 ] ] ] } },
{ "type": "Feature", "properties": { "dcad_account": "00000106768000000", "address": "1899 MCKINNEY AVE", "property_name": "100% UNOCCUPIED", "owner": "RPC 1899 MCKINNEY LLC", "group": "building", "where": "North of Woodall Rodgers", "acres": 0.439, "land_value": 3211890, "improvement_value": 1000, "land_psf": 167.92, "improvement_to_land": 0.0, "deed_date": "03/26/2019", "feet_to_klyde_warren": 414.0, "street_view": "https://www.google.com/maps/@?api=1&map_action=pano&viewpoint=32.789022,-96.804354" }, "geometry": { "type": "Polygon", "coordinates": [ [ [ -96.804165, 32.789283, 0.0 ], [ -96.804125, 32.789248, 0.0 ], [ -96.804264, 32.788796, 0.0 ], [ -96.804819, 32.789298, 0.0 ], [ -96.804165, 32.789283, 0.0 ] ] ] } },
{ "type": "Feature", "properties": { "dcad_account": "00000135163000000", "address": "2727 CEDAR SPRINGS RD", "property_name": "TEXAS DE BRAZIL", "owner": "2727 CEDAR SPRINGS RD LLC", "group": "building", "where": "North of Woodall Rodgers", "acres": 0.43, "land_value": 3148500, "improvement_value": 654680, "land_psf": 167.99, "improvement_to_land": 0.21, "deed_date": "08/29/2008", "feet_to_klyde_warren": 4263.0, "street_view": "https://www.google.com/maps/@?api=1&map_action=pano&viewpoint=32.801565,-96.806244" }, "geometry": { "type": "Polygon", "coordinates": [ [ [ -96.806329, 32.801741, 0.0 ], [ -96.806058, 32.801831, 0.0 ], [ -96.805949, 32.801502, 0.0 ], [ -96.806457, 32.801382, 0.0 ], [ -96.806538, 32.801628, 0.0 ], [ -96.80655, 32.801662, 0.0 ], [ -96.806478, 32.801689, 0.0 ], [ -96.806406, 32.801715, 0.0 ], [ -96.806329, 32.801741, 0.0 ] ] ] } },
{ "type": "Feature", "properties": { "dcad_account": "00000104707000000", "address": "1205 PATTERSON AVE", "property_name": "PARKING", "owner": "TANGO FS LLC", "group": "parking", "where": "Downtown", "acres": 0.633, "land_value": 3126490, "improvement_value": 0, "land_psf": 113.47, "improvement_to_land": 0.0, "deed_date": "07/22/2025", "feet_to_klyde_warren": 1923.0, "street_view": "https://www.google.com/maps/@?api=1&map_action=pano&viewpoint=32.782581,-96.802637" }, "geometry": { "type": "Polygon", "coordinates": [ [ [ -96.802357, 32.782388, 0.0 ], [ -96.802539, 32.782254, 0.0 ], [ -96.803037, 32.782689, 0.0 ], [ -96.802865, 32.782838, 0.0 ], [ -96.802756, 32.782932, 0.0 ], [ -96.8025, 32.782704, 0.0 ], [ -96.802499, 32.782703, 0.0 ], [ -96.802239, 32.782473, 0.0 ], [ -96.802357, 32.782388, 0.0 ] ] ] } },
{ "type": "Feature", "properties": { "dcad_account": "000552000J01A0000", "address": "2121 MAPLE AVE", "property_name": "COMERICA BANK", "owner": "SL MAPLE LP", "group": "building", "where": "North of Woodall Rodgers", "acres": 0.529, "land_value": 3098520, "improvement_value": 1054530, "land_psf": 134.5, "improvement_to_land": 0.34, "deed_date": "03/02/2020", "feet_to_klyde_warren": 897.0, "street_view": "https://www.google.com/maps/@?api=1&map_action=pano&viewpoint=32.792880,-96.799022" }, "geometry": { "type": "Polygon", "coordinates": [ [ [ -96.798667, 32.793028, 0.0 ], [ -96.799026, 32.792733, 0.0 ], [ -96.799447, 32.793096, 0.0 ], [ -96.799436, 32.79312, 0.0 ], [ -96.799147, 32.793163, 0.0 ], [ -96.79903, 32.793177, 0.0 ], [ -96.798912, 32.793184, 0.0 ], [ -96.798794, 32.793184, 0.0 ], [ -96.798676, 32.793177, 0.0 ], [ -96.798667, 32.793028, 0.0 ] ] ] } },
{ "type": "Feature", "properties": { "dcad_account": "00000135356000000", "address": "2508 MAPLE AVE", "property_name": "JOEY MAPLE AVE", "owner": "PASHA & SINA INC", "group": "building", "where": "North of Woodall Rodgers", "acres": 0.414, "land_value": 3051500, "improvement_value": 318250, "land_psf": 169.34, "improvement_to_land": 0.1, "deed_date": "05/06/2013", "feet_to_klyde_warren": 1737.0, "street_view": "https://www.google.com/maps/@?api=1&map_action=pano&viewpoint=32.795088,-96.803358" }, "geometry": { "type": "Polygon", "coordinates": [ [ [ -96.803246, 32.795344, 0.0 ], [ -96.80312, 32.795238, 0.0 ], [ -96.803034, 32.795165, 0.0 ], [ -96.803227, 32.795004, 0.0 ], [ -96.80345, 32.794817, 0.0 ], [ -96.803566, 32.794914, 0.0 ], [ -96.803681, 32.795011, 0.0 ], [ -96.803457, 32.795198, 0.0 ], [ -96.803264, 32.795359, 0.0 ], [ -96.803246, 32.795344, 0.0 ] ] ] } },
{ "type": "Feature", "properties": { "dcad_account": "00000117163000000", "address": "2801 LEMMON AVE", "property_name": "2801 LEMMON AVE WEST", "owner": "2801 INVESTMENTS LTD", "group": "building", "where": "North of Woodall Rodgers", "acres": 0.581, "land_value": 3033240, "improvement_value": 276130, "land_psf": 119.77, "improvement_to_land": 0.09, "deed_date": "04/06/2001", "feet_to_klyde_warren": 4854.0, "street_view": "https://www.google.com/maps/@?api=1&map_action=pano&viewpoint=32.803859,-96.796489" }, "geometry": { "type": "Polygon", "coordinates": [ [ [ -96.796422, 32.804086, 0.0 ], [ -96.796328, 32.804005, 0.0 ], [ -96.796231, 32.803923, 0.0 ], [ -96.796128, 32.803832, 0.0 ], [ -96.796453, 32.803542, 0.0 ], [ -96.796654, 32.803712, 0.0 ], [ -96.796851, 32.803885, 0.0 ], [ -96.796538, 32.804163, 0.0 ], [ -96.796422, 32.804086, 0.0 ] ] ] } },
{ "type": "Feature", "properties": { "dcad_account": "000637010A01B0000", "address": "2900 LEMMON AVE", "property_name": "ZOOM CLEANERS", "owner": "PAN COASTAL LIMITED PS", "group": "parking", "where": "North of Woodall Rodgers", "acres": 0.645, "land_value": 3028300, "improvement_value": 21700, "land_psf": 107.73, "improvement_to_land": 0.01, "deed_date": "03/09/1989", "feet_to_klyde_warren": 5257.0, "street_view": "https://www.google.com/maps/@?api=1&map_action=pano&viewpoint=32.805130,-96.796834" }, "geometry": { "type": "Polygon", "coordinates": [ [ [ -96.796892, 32.805355, 0.0 ], [ -96.796799, 32.80543, 0.0 ], [ -96.796477, 32.805153, 0.0 ], [ -96.796926, 32.804789, 0.0 ], [ -96.796969, 32.80479, 0.0 ], [ -96.797265, 32.805044, 0.0 ], [ -96.797227, 32.805076, 0.0 ], [ -96.79719, 32.805107, 0.0 ], [ -96.796892, 32.805355, 0.0 ] ] ] } },
{ "type": "Feature", "properties": { "dcad_account": "00000135463000000", "address": "2727 ROUTH ST", "property_name": "2727 ROUTH", "owner": "2727 PARTNERSHIP LP", "group": "building", "where": "North of Woodall Rodgers", "acres": 0.383, "land_value": 3014160, "improvement_value": 10000, "land_psf": 180.45, "improvement_to_land": 0.0, "deed_date": "07/28/2010", "feet_to_klyde_warren": 2648.0, "street_view": "https://www.google.com/maps/@?api=1&map_action=pano&viewpoint=32.797671,-96.803805" }, "geometry": { "type": "Polygon", "coordinates": [ [ [ -96.804109, 32.797615, 0.0 ], [ -96.803704, 32.797935, 0.0 ], [ -96.803486, 32.797741, 0.0 ], [ -96.803502, 32.797727, 0.0 ], [ -96.803887, 32.797419, 0.0 ], [ -96.804109, 32.797615, 0.0 ] ] ] } },
{ "type": "Feature", "properties": { "dcad_account": "00000103081000000", "address": "2306 PACIFIC AVE", "property_name": "PARKING LOT", "owner": "PAN COASTAL LIMITED PS", "group": "parking", "where": "Downtown", "acres": 0.894, "land_value": 2986670, "improvement_value": 0, "land_psf": 76.66, "improvement_to_land": 0.0, "deed_date": "02/07/1996", "feet_to_klyde_warren": 3570.0, "street_view": "https://www.google.com/maps/@?api=1&map_action=pano&viewpoint=32.783569,-96.791039" }, "geometry": { "type": "Polygon", "coordinates": [ [ [ -96.790497, 32.783353, 0.0 ], [ -96.790742, 32.783296, 0.0 ], [ -96.790758, 32.783292, 0.0 ], [ -96.790819, 32.783277, 0.0 ], [ -96.790879, 32.783263, 0.0 ], [ -96.790939, 32.783249, 0.0 ], [ -96.791021, 32.78323, 0.0 ], [ -96.791095, 32.783212, 0.0 ], [ -96.791158, 32.783198, 0.0 ], [ -96.791255, 32.783249, 0.0 ], [ -96.791327, 32.783523, 0.0 ], [ -96.791348, 32.783614, 0.0 ], [ -96.791362, 32.783706, 0.0 ], [ -96.79137, 32.783799, 0.0 ], [ -96.791325, 32.783852, 0.0 ], [ -96.791109, 32.783894, 0.0 ], [ -96.790497, 32.783353, 0.0 ] ] ] } },
{ "type": "Feature", "properties": { "dcad_account": "000947001601A0000", "address": "2605 CEDAR SPRINGS RD", "property_name": "WELLS FARGO BANK", "owner": "GREENWAY-CARLISLE LP", "group": "building", "where": "North of Woodall Rodgers", "acres": 0.391, "land_value": 2977630, "improvement_value": 447370, "land_psf": 174.82, "improvement_to_land": 0.15, "deed_date": "04/09/2004", "feet_to_klyde_warren": 3645.0, "street_view": "https://www.google.com/maps/@?api=1&map_action=pano&viewpoint=32.800039,-96.805719" }, "geometry": { "type": "Polygon", "coordinates": [ [ [ -96.805599, 32.800235, 0.0 ], [ -96.805572, 32.800114, 0.0 ], [ -96.805548, 32.799963, 0.0 ], [ -96.805518, 32.799812, 0.0 ], [ -96.805585, 32.799782, 0.0 ], [ -96.805984, 32.800132, 0.0 ], [ -96.805983, 32.800171, 0.0 ], [ -96.805663, 32.800431, 0.0 ], [ -96.805638, 32.800409, 0.0 ], [ -96.805599, 32.800235, 0.0 ] ] ] } },
{ "type": "Feature", "properties": { "dcad_account": "00000106855000000", "address": "2223 CAROLINE ST", "property_name": "PARKING LOT", "owner": "FIREBIRD DOWNTOWN INC &", "group": "parking", "where": "North of Woodall Rodgers", "acres": 0.407, "land_value": 2945290, "improvement_value": 0, "land_psf": 166.3, "improvement_to_land": 0.0, "deed_date": "04/02/2019", "feet_to_klyde_warren": 741.0, "street_view": "https://www.google.com/maps/@?api=1&map_action=pano&viewpoint=32.788253,-96.805684" }, "geometry": { "type": "Polygon", "coordinates": [ [ [ -96.805331, 32.788358, 0.0 ], [ -96.805566, 32.78817, 0.0 ], [ -96.80557, 32.788174, 0.0 ], [ -96.8058, 32.787976, 0.0 ], [ -96.806015, 32.788162, 0.0 ], [ -96.80578, 32.788356, 0.0 ], [ -96.805753, 32.788332, 0.0 ], [ -96.805522, 32.788523, 0.0 ], [ -96.805331, 32.788358, 0.0 ] ] ] } },
{ "type": "Feature", "properties": { "dcad_account": "00000149515000000", "address": "2825 OAK LAWN AVE", "property_name": "US POST OFFICE", "owner": "U S POSTAL SERVICE", "group": "building", "where": "North of Woodall Rodgers", "acres": 0.795, "land_value": 2942280, "improvement_value": 13520, "land_psf": 84.94, "improvement_to_land": 0.0, "deed_date": "", "feet_to_klyde_warren": 6834.0, "street_view": "https://www.google.com/maps/@?api=1&map_action=pano&viewpoint=32.807907,-96.810512" }, "geometry": { "type": "Polygon", "coordinates": [ [ [ -96.810061, 32.807847, 0.0 ], [ -96.810438, 32.80754, 0.0 ], [ -96.810837, 32.807864, 0.0 ], [ -96.810943, 32.80795, 0.0 ], [ -96.810683, 32.808162, 0.0 ], [ -96.810566, 32.808257, 0.0 ], [ -96.810061, 32.807847, 0.0 ] ] ] } },
{ "type": "Feature", "properties": { "dcad_account": "00000102643000000", "address": "2008 CANTON ST", "property_name": "LAND ONLY USED TO GROW PLANTS", "owner": "RUIBAL FARMS LP", "group": "vacant", "where": "Downtown", "acres": 0.967, "land_value": 2940910, "improvement_value": 0, "land_psf": 69.82, "improvement_to_land": 0.0, "deed_date": "01/29/2010", "feet_to_klyde_warren": 4753.0, "street_view": "https://www.google.com/maps/@?api=1&map_action=pano&viewpoint=32.778875,-96.791503" }, "geometry": { "type": "Polygon", "coordinates": [ [ [ -96.791731, 32.778893, 0.0 ], [ -96.791693, 32.778919, 0.0 ], [ -96.79162, 32.778966, 0.0 ], [ -96.790994, 32.779341, 0.0 ], [ -96.790823, 32.779141, 0.0 ], [ -96.791451, 32.778756, 0.0 ], [ -96.791405, 32.778717, 0.0 ], [ -96.791114, 32.778895, 0.0 ], [ -96.790945, 32.778693, 0.0 ], [ -96.791196, 32.778539, 0.0 ], [ -96.791317, 32.778438, 0.0 ], [ -96.791381, 32.778493, 0.0 ], [ -96.791494, 32.778588, 0.0 ], [ -96.791619, 32.77869, 0.0 ], [ -96.791603, 32.778705, 0.0 ], [ -96.791781, 32.778845, 0.0 ], [ -96.791767, 32.778858, 0.0 ], [ -96.791731, 32.778893, 0.0 ] ] ] } },
{ "type": "Feature", "properties": { "dcad_account": "00000135406000000", "address": "2816 FAIRMOUNT ST", "property_name": "STRONGS EVERYDAY TAVERN", "owner": "ROYAL 2500 CEDAR SPRINGS LLC", "group": "building", "where": "North of Woodall Rodgers", "acres": 0.578, "land_value": 2933000, "improvement_value": 10000, "land_psf": 116.54, "improvement_to_land": 0.0, "deed_date": "03/27/2024", "feet_to_klyde_warren": 2945.0, "street_view": "https://www.google.com/maps/@?api=1&map_action=pano&viewpoint=32.798171,-96.805095" }, "geometry": { "type": "Polygon", "coordinates": [ [ [ -96.805311, 32.798559, 0.0 ], [ -96.805047, 32.798336, 0.0 ], [ -96.804912, 32.798221, 0.0 ], [ -96.804794, 32.798122, 0.0 ], [ -96.805206, 32.797792, 0.0 ], [ -96.805316, 32.797885, 0.0 ], [ -96.805323, 32.797893, 0.0 ], [ -96.805333, 32.797905, 0.0 ], [ -96.805344, 32.797922, 0.0 ], [ -96.805352, 32.79794, 0.0 ], [ -96.805342, 32.7981, 0.0 ], [ -96.805311, 32.798559, 0.0 ] ] ] } },
{ "type": "Feature", "properties": { "dcad_account": "00000135451000000", "address": "2718 FAIRMOUNT ST", "property_name": "2718 FAIRMONT OFFICE", "owner": "VICEROY FAIRMOUNT LP", "group": "building", "where": "North of Woodall Rodgers", "acres": 0.403, "land_value": 2916180, "improvement_value": 18820, "land_psf": 166.28, "improvement_to_land": 0.01, "deed_date": "06/28/2022", "feet_to_klyde_warren": 2525.0, "street_view": "https://www.google.com/maps/@?api=1&map_action=pano&viewpoint=32.797194,-96.804118" }, "geometry": { "type": "Polygon", "coordinates": [ [ [ -96.803916, 32.797357, 0.0 ], [ -96.803799, 32.797255, 0.0 ], [ -96.804203, 32.796931, 0.0 ], [ -96.804437, 32.797132, 0.0 ], [ -96.80403, 32.797457, 0.0 ], [ -96.803916, 32.797357, 0.0 ] ] ] } },
{ "type": "Feature", "properties": { "dcad_account": "00000100016500000", "address": "405 REUNION BLVD", "property_name": "POST OFFICE", "owner": "U S A", "group": "parking", "where": "Downtown", "acres": 0.606, "land_value": 2896300, "improvement_value": 0, "land_psf": 109.68, "improvement_to_land": 0.0, "deed_date": "05/02/1994", "feet_to_klyde_warren": 4095.0, "street_view": "https://www.google.com/maps/@?api=1&map_action=pano&viewpoint=32.777677,-96.808636" }, "geometry": { "type": "Polygon", "coordinates": [ [ [ -96.808724, 32.778229, 0.0 ], [ -96.808588, 32.777755, 0.0 ], [ -96.808151, 32.777165, 0.0 ], [ -96.808164, 32.777162, 0.0 ], [ -96.808206, 32.77719, 0.0 ], [ -96.808244, 32.777222, 0.0 ], [ -96.808405, 32.777388, 0.0 ], [ -96.808534, 32.777359, 0.0 ], [ -96.808588, 32.777449, 0.0 ], [ -96.808647, 32.777538, 0.0 ], [ -96.808688, 32.777599, 0.0 ], [ -96.808849, 32.777829, 0.0 ], [ -96.808896, 32.7779, 0.0 ], [ -96.808954, 32.777991, 0.0 ], [ -96.808986, 32.778044, 0.0 ], [ -96.809029, 32.778117, 0.0 ], [ -96.809095, 32.778232, 0.0 ], [ -96.809079, 32.778232, 0.0 ], [ -96.808743, 32.778229, 0.0 ], [ -96.808724, 32.778229, 0.0 ] ] ] } },
{ "type": "Feature", "properties": { "dcad_account": "00000112636000000", "address": "1722 PEARL ST", "property_name": "CATHEDRAL GUADALUPE", "owner": "CSG RC", "group": "building", "where": "Downtown", "acres": 0.544, "land_value": 2876040, "improvement_value": 111000, "land_psf": 121.43, "improvement_to_land": 0.04, "deed_date": "04/15/2020", "feet_to_klyde_warren": 812.0, "street_view": "https://www.google.com/maps/@?api=1&map_action=pano&viewpoint=32.788597,-96.797863" }, "geometry": { "type": "Polygon", "coordinates": [ [ [ -96.798201, 32.788686, 0.0 ], [ -96.798202, 32.788726, 0.0 ], [ -96.797997, 32.788889, 0.0 ], [ -96.797944, 32.788893, 0.0 ], [ -96.797848, 32.788818, 0.0 ], [ -96.797841, 32.788825, 0.0 ], [ -96.79774, 32.788745, 0.0 ], [ -96.797745, 32.788732, 0.0 ], [ -96.7975, 32.788532, 0.0 ], [ -96.797759, 32.788313, 0.0 ], [ -96.798235, 32.788662, 0.0 ], [ -96.798218, 32.788674, 0.0 ], [ -96.798201, 32.788686, 0.0 ] ] ] } },
{ "type": "Feature", "properties": { "dcad_account": "001003000201A0200", "address": "1400 ALAMO ST", "property_name": "KATY STATION APTS - 001003000201A0300", "owner": "PR GENESIS KATY LP", "group": "vacant", "where": "North of Woodall Rodgers", "acres": 0.41, "land_value": 2857600, "improvement_value": 0, "land_psf": 159.87, "improvement_to_land": 0.0, "deed_date": "08/14/2015", "feet_to_klyde_warren": 3588.0, "street_view": "https://www.google.com/maps/@?api=1&map_action=pano&viewpoint=32.794841,-96.813327" }, "geometry": { "type": "Polygon", "coordinates": [ [ [ -96.813567, 32.795158, 0.0 ], [ -96.813381, 32.794945, 0.0 ], [ -96.813187, 32.794736, 0.0 ], [ -96.813093, 32.794636, 0.0 ], [ -96.812968, 32.794508, 0.0 ], [ -96.812817, 32.794354, 0.0 ], [ -96.812742, 32.794273, 0.0 ], [ -96.812673, 32.794189, 0.0 ], [ -96.812673, 32.794188, 0.0 ], [ -96.81266, 32.794163, 0.0 ], [ -96.812652, 32.794137, 0.0 ], [ -96.812648, 32.79411, 0.0 ], [ -96.812648, 32.794109, 0.0 ], [ -96.812648, 32.794099, 0.0 ], [ -96.81265, 32.79409, 0.0 ], [ -96.812653, 32.794081, 0.0 ], [ -96.812659, 32.794073, 0.0 ], [ -96.812666, 32.794065, 0.0 ], [ -96.812675, 32.794059, 0.0 ], [ -96.812684, 32.794054, 0.0 ], [ -96.812695, 32.794051, 0.0 ], [ -96.812783, 32.794029, 0.0 ], [ -96.813102, 32.794426, 0.0 ], [ -96.813072, 32.794444, 0.0 ], [ -96.813535, 32.795061, 0.0 ], [ -96.813752, 32.795372, 0.0 ], [ -96.813803, 32.795446, 0.0 ], [ -96.813783, 32.79542, 0.0 ], [ -96.813747, 32.795375, 0.0 ], [ -96.813567, 32.795158, 0.0 ] ] ] } },
{ "type": "Feature", "properties": { "dcad_account": "00000100534000000", "address": "1201 JACKSON ST", "property_name": "VETERANS ADMINISTRATION", "owner": "U S A VETERANS ADM", "group": "building", "where": "Downtown", "acres": 0.732, "land_value": 2850000, "improvement_value": 125840, "land_psf": 89.42, "improvement_to_land": 0.04, "deed_date": "11/17/1983", "feet_to_klyde_warren": 3263.0, "street_view": "https://www.google.com/maps/@?api=1&map_action=pano&viewpoint=32.779088,-96.801407" }, "geometry": { "type": "Polygon", "coordinates": [ [ [ -96.801666, 32.778946, 0.0 ], [ -96.801622, 32.778954, 0.0 ], [ -96.801707, 32.779221, 0.0 ], [ -96.801559, 32.779251, 0.0 ], [ -96.801221, 32.779321, 0.0 ], [ -96.801097, 32.778916, 0.0 ], [ -96.801082, 32.778867, 0.0 ], [ -96.801097, 32.778864, 0.0 ], [ -96.801073, 32.778783, 0.0 ], [ -96.801488, 32.778698, 0.0 ], [ -96.801579, 32.778679, 0.0 ], [ -96.801666, 32.778946, 0.0 ] ] ] } },
{ "type": "Feature", "properties": { "dcad_account": "00000135367000000", "address": "2603 FAIRMOUNT ST", "property_name": "FIRST LONDON SECURITIES", "owner": "2603 FAIRMOUNT INVESTORS", "group": "building", "where": "North of Woodall Rodgers", "acres": 0.39, "land_value": 2849340, "improvement_value": 314950, "land_psf": 167.77, "improvement_to_land": 0.11, "deed_date": "03/09/1998", "feet_to_klyde_warren": 2119.0, "street_view": "https://www.google.com/maps/@?api=1&map_action=pano&viewpoint=32.796079,-96.803814" }, "geometry": { "type": "Polygon", "coordinates": [ [ [ -96.80412, 32.796037, 0.0 ], [ -96.803762, 32.796335, 0.0 ], [ -96.803739, 32.796316, 0.0 ], [ -96.803624, 32.796219, 0.0 ], [ -96.803508, 32.796122, 0.0 ], [ -96.803865, 32.795824, 0.0 ], [ -96.803981, 32.795921, 0.0 ], [ -96.804096, 32.796017, 0.0 ], [ -96.80412, 32.796037, 0.0 ] ] ] } },
{ "type": "Feature", "properties": { "dcad_account": "00000100201000000", "address": "704 ROSS AVE", "property_name": "PARKING", "owner": "BITTERN PARTNERS LP", "group": "parking", "where": "Downtown", "acres": 0.575, "land_value": 2844310, "improvement_value": 0, "land_psf": 113.5, "improvement_to_land": 0.0, "deed_date": "09/08/2021", "feet_to_klyde_warren": 2643.0, "street_view": "https://www.google.com/maps/@?api=1&map_action=pano&viewpoint=32.781178,-96.805972" }, "geometry": { "type": "Polygon", "coordinates": [ [ [ -96.805856, 32.7815, 0.0 ], [ -96.805701, 32.780966, 0.0 ], [ -96.80578, 32.78095, 0.0 ], [ -96.805938, 32.780917, 0.0 ], [ -96.806096, 32.780884, 0.0 ], [ -96.806174, 32.781151, 0.0 ], [ -96.80619, 32.781204, 0.0 ], [ -96.806253, 32.781418, 0.0 ], [ -96.806095, 32.781451, 0.0 ], [ -96.805937, 32.781483, 0.0 ], [ -96.805856, 32.7815, 0.0 ] ] ] } },
{ "type": "Feature", "properties": { "dcad_account": "000927000C01A0100", "address": "1803 PAYNE ST", "property_name": "MODA APTS - 000927000C01A0000", "owner": "MODA APARTMENTS OWNER LLC", "group": "vacant", "where": "North of Woodall Rodgers", "acres": 0.398, "land_value": 2799040, "improvement_value": 0, "land_psf": 161.34, "improvement_to_land": 0.0, "deed_date": "04/14/2025", "feet_to_klyde_warren": 1995.0, "street_view": "https://www.google.com/maps/@?api=1&map_action=pano&viewpoint=32.792243,-96.808376" }, "geometry": { "type": "Polygon", "coordinates": [ [ [ -96.808492, 32.792501, 0.0 ], [ -96.808076, 32.792135, 0.0 ], [ -96.807992, 32.792061, 0.0 ], [ -96.808129, 32.791935, 0.0 ], [ -96.808196, 32.791934, 0.0 ], [ -96.808677, 32.792352, 0.0 ], [ -96.808492, 32.792501, 0.0 ] ] ] } },
{ "type": "Feature", "properties": { "dcad_account": "000540000A0020000", "address": "2120 MCKINNEY AVE", "property_name": "VACANT LAND", "owner": "GPIF 2100 MCKINNEY OFFICE", "group": "vacant", "where": "North of Woodall Rodgers", "acres": 0.353, "land_value": 2788450, "improvement_value": 0, "land_psf": 181.25, "improvement_to_land": 0.0, "deed_date": "12/19/2025", "feet_to_klyde_warren": 842.0, "street_view": "https://www.google.com/maps/@?api=1&map_action=pano&viewpoint=32.792235,-96.802819" }, "geometry": { "type": "Polygon", "coordinates": [ [ [ -96.802963, 32.792044, 0.0 ], [ -96.802998, 32.792077, 0.0 ], [ -96.802812, 32.792599, 0.0 ], [ -96.802808, 32.792607, 0.0 ], [ -96.802803, 32.792615, 0.0 ], [ -96.802796, 32.792622, 0.0 ], [ -96.802788, 32.792627, 0.0 ], [ -96.802779, 32.792632, 0.0 ], [ -96.802769, 32.792635, 0.0 ], [ -96.802758, 32.792637, 0.0 ], [ -96.802748, 32.792638, 0.0 ], [ -96.802737, 32.792636, 0.0 ], [ -96.802727, 32.792634, 0.0 ], [ -96.802718, 32.79263, 0.0 ], [ -96.802709, 32.792624, 0.0 ], [ -96.802702, 32.792618, 0.0 ], [ -96.802477, 32.792393, 0.0 ], [ -96.802963, 32.792044, 0.0 ] ] ] } },
{ "type": "Feature", "properties": { "dcad_account": "00000135409000000", "address": "2911 ROUTH ST", "property_name": "KUNG FU", "owner": "ROYAL 2500 CEDAR SPRINGS LLC", "group": "building", "where": "North of Woodall Rodgers", "acres": 0.34, "land_value": 2787750, "improvement_value": 10000, "land_psf": 188.15, "improvement_to_land": 0.0, "deed_date": "03/27/2024", "feet_to_klyde_warren": 3224.0, "street_view": "https://www.google.com/maps/@?api=1&map_action=pano&viewpoint=32.798894,-96.805117" }, "geometry": { "type": "Polygon", "coordinates": [ [ [ -96.805301, 32.79865, 0.0 ], [ -96.805291, 32.798844, 0.0 ], [ -96.805272, 32.799229, 0.0 ], [ -96.805229, 32.799237, 0.0 ], [ -96.805021, 32.799061, 0.0 ], [ -96.804908, 32.798965, 0.0 ], [ -96.804884, 32.798944, 0.0 ], [ -96.805185, 32.798703, 0.0 ], [ -96.805286, 32.798622, 0.0 ], [ -96.805303, 32.798637, 0.0 ], [ -96.805301, 32.79865, 0.0 ] ] ] } },
{ "type": "Feature", "properties": { "dcad_account": "002058000202A0000", "address": "4114 MAPLE AVE", "property_name": "SUNSHINE CLEANERS", "owner": "ASHMORE RETAIL PROPERTIES INC", "group": "building", "where": "North of Woodall Rodgers", "acres": 0.733, "land_value": 2721360, "improvement_value": 20000, "land_psf": 85.22, "improvement_to_land": 0.01, "deed_date": "02/25/2011", "feet_to_klyde_warren": 7698.0, "street_view": "https://www.google.com/maps/@?api=1&map_action=pano&viewpoint=32.807167,-96.816918" }, "geometry": { "type": "Polygon", "coordinates": [ [ [ -96.816746, 32.806894, 0.0 ], [ -96.81688, 32.806786, 0.0 ], [ -96.817116, 32.806981, 0.0 ], [ -96.81731, 32.807211, 0.0 ], [ -96.816961, 32.807494, 0.0 ], [ -96.816509, 32.807122, 0.0 ], [ -96.816757, 32.806923, 0.0 ], [ -96.816769, 32.806913, 0.0 ], [ -96.816746, 32.806894, 0.0 ] ] ] } },
{ "type": "Feature", "properties": { "dcad_account": "00000104815000000", "address": "1300 ROSS AVE", "property_name": "PARKING", "owner": "TANGO RF LLC", "group": "parking", "where": "Downtown", "acres": 0.556, "land_value": 2703490, "improvement_value": 0, "land_psf": 111.61, "improvement_to_land": 0.0, "deed_date": "03/19/2020", "feet_to_klyde_warren": 1580.0, "street_view": "https://www.google.com/maps/@?api=1&map_action=pano&viewpoint=32.783561,-96.802718" }, "geometry": { "type": "Polygon", "coordinates": [ [ [ -96.802794, 32.783878, 0.0 ], [ -96.802596, 32.783699, 0.0 ], [ -96.802359, 32.783486, 0.0 ], [ -96.802414, 32.783438, 0.0 ], [ -96.802529, 32.78334, 0.0 ], [ -96.802642, 32.783242, 0.0 ], [ -96.802877, 32.783456, 0.0 ], [ -96.803077, 32.783636, 0.0 ], [ -96.802962, 32.783734, 0.0 ], [ -96.802847, 32.783833, 0.0 ], [ -96.802794, 32.783878, 0.0 ] ] ] } },
{ "type": "Feature", "properties": { "dcad_account": "00000139114500000", "address": "3316 OAK LAWN AVE", "property_name": "GOODY GOODY LIQUOR", "owner": "3316 OAK LAWN PTNR LTD", "group": "building", "where": "North of Woodall Rodgers", "acres": 0.735, "land_value": 2701900, "improvement_value": 923740, "land_psf": 84.43, "improvement_to_land": 0.34, "deed_date": "01/20/2004", "feet_to_klyde_warren": 7323.0, "street_view": "https://www.google.com/maps/@?api=1&map_action=pano&viewpoint=32.810322,-96.806731" }, "geometry": { "type": "Polygon", "coordinates": [ [ [ -96.806695, 32.810591, 0.0 ], [ -96.80652, 32.810734, 0.0 ], [ -96.806271, 32.810517, 0.0 ], [ -96.806738, 32.810135, 0.0 ], [ -96.807168, 32.81051, 0.0 ], [ -96.806876, 32.810749, 0.0 ], [ -96.806695, 32.810591, 0.0 ] ] ] } },
{ "type": "Feature", "properties": { "dcad_account": "000409000401B0000", "address": "2223 VICTORY AVE", "property_name": "LAND DEED RESTRICTED PARKING", "owner": "BLOCKS GKM LP", "group": "building", "where": "North of Woodall Rodgers", "acres": 1.565, "land_value": 2684820, "improvement_value": 83050, "land_psf": 39.39, "improvement_to_land": 0.03, "deed_date": "12/17/2007", "feet_to_klyde_warren": 2483.0, "street_view": "https://www.google.com/maps/@?api=1&map_action=pano&viewpoint=32.784740,-96.810290" }, "geometry": { "type": "Polygon", "coordinates": [ [ [ -96.810683, 32.785008, 0.0 ], [ -96.810682, 32.785008, 0.0 ], [ -96.810626, 32.785039, 0.0 ], [ -96.810566, 32.785065, 0.0 ], [ -96.810504, 32.785087, 0.0 ], [ -96.810439, 32.785104, 0.0 ], [ -96.809984, 32.785203, 0.0 ], [ -96.809833, 32.784699, 0.0 ], [ -96.809863, 32.784693, 0.0 ], [ -96.809802, 32.784493, 0.0 ], [ -96.81068, 32.784302, 0.0 ], [ -96.810673, 32.784323, 0.0 ], [ -96.810665, 32.784381, 0.0 ], [ -96.81067, 32.78444, 0.0 ], [ -96.810743, 32.78478, 0.0 ], [ -96.810746, 32.784829, 0.0 ], [ -96.810741, 32.784877, 0.0 ], [ -96.810721, 32.784942, 0.0 ], [ -96.810683, 32.785008, 0.0 ] ] ] } },
{ "type": "Feature", "properties": { "dcad_account": "00000149491000000", "address": "2727 OAK LAWN AVE", "property_name": "CITY VET", "owner": "CANNON YOUNG PPTIES LP", "group": "building", "where": "North of Woodall Rodgers", "acres": 0.762, "land_value": 2678400, "improvement_value": 121600, "land_psf": 80.67, "improvement_to_land": 0.04, "deed_date": "12/10/2007", "feet_to_klyde_warren": 6704.0, "street_view": "https://www.google.com/maps/@?api=1&map_action=pano&viewpoint=32.807088,-96.811813" }, "geometry": { "type": "Polygon", "coordinates": [ [ [ -96.811894, 32.806964, 0.0 ], [ -96.811912, 32.806979, 0.0 ], [ -96.811961, 32.807021, 0.0 ], [ -96.812289, 32.807301, 0.0 ], [ -96.812174, 32.807398, 0.0 ], [ -96.812059, 32.807493, 0.0 ], [ -96.811728, 32.80721, 0.0 ], [ -96.811701, 32.807188, 0.0 ], [ -96.81168, 32.807169, 0.0 ], [ -96.811665, 32.807155, 0.0 ], [ -96.811294, 32.806838, 0.0 ], [ -96.811411, 32.806741, 0.0 ], [ -96.811524, 32.806646, 0.0 ], [ -96.811894, 32.806964, 0.0 ] ] ] } },
{ "type": "Feature", "properties": { "dcad_account": "00000135304000000", "address": "2507 FAIRMOUNT ST", "property_name": "100% UNOCC", "owner": "MURPHY PLAZA LLC", "group": "building", "where": "North of Woodall Rodgers", "acres": 0.352, "land_value": 2630920, "improvement_value": 277080, "land_psf": 171.39, "improvement_to_land": 0.1, "deed_date": "09/07/2011", "feet_to_klyde_warren": 1727.0, "street_view": "https://www.google.com/maps/@?api=1&map_action=pano&viewpoint=32.795275,-96.802830" }, "geometry": { "type": "Polygon", "coordinates": [ [ [ -96.803034, 32.795165, 0.0 ], [ -96.80312, 32.795238, 0.0 ], [ -96.802785, 32.795517, 0.0 ], [ -96.80254, 32.795312, 0.0 ], [ -96.802702, 32.795177, 0.0 ], [ -96.802876, 32.795032, 0.0 ], [ -96.802919, 32.795068, 0.0 ], [ -96.803034, 32.795165, 0.0 ] ] ] } },
{ "type": "Feature", "properties": { "dcad_account": "00000135340000000", "address": "2516 MAPLE AVE", "property_name": "HOTEL ST GERMAIN", "owner": "ST GERMAIN DEVELOPMENT LLC", "group": "building", "where": "North of Woodall Rodgers", "acres": 0.354, "land_value": 2624800, "improvement_value": 756160, "land_psf": 170.01, "improvement_to_land": 0.29, "deed_date": "01/23/2025", "feet_to_klyde_warren": 1930.0, "street_view": "https://www.google.com/maps/@?api=1&map_action=pano&viewpoint=32.795451,-96.803849" }, "geometry": { "type": "Polygon", "coordinates": [ [ [ -96.804028, 32.795301, 0.0 ], [ -96.804144, 32.795398, 0.0 ], [ -96.803787, 32.795696, 0.0 ], [ -96.803671, 32.795599, 0.0 ], [ -96.803555, 32.795503, 0.0 ], [ -96.803913, 32.795204, 0.0 ], [ -96.804028, 32.795301, 0.0 ] ] ] } },
{ "type": "Feature", "properties": { "dcad_account": "00000101848000000", "address": "1701 CANTON ST", "property_name": "VACANT LAND", "owner": "CANTON CADIZ PHASE 1 LLC", "group": "vacant", "where": "Downtown", "acres": 1.55, "land_value": 2620360, "improvement_value": 0, "land_psf": 38.81, "improvement_to_land": 0.0, "deed_date": "01/11/2019", "feet_to_klyde_warren": 4658.0, "street_view": "https://www.google.com/maps/@?api=1&map_action=pano&viewpoint=32.776659,-96.794909" }, "geometry": { "type": "Polygon", "coordinates": [ [ [ -96.795288, 32.77641, 0.0 ], [ -96.795505, 32.776598, 0.0 ], [ -96.795077, 32.776953, 0.0 ], [ -96.795056, 32.776971, 0.0 ], [ -96.795153, 32.777054, 0.0 ], [ -96.7948, 32.777132, 0.0 ], [ -96.794612, 32.776971, 0.0 ], [ -96.794319, 32.77672, 0.0 ], [ -96.794537, 32.776525, 0.0 ], [ -96.794557, 32.776508, 0.0 ], [ -96.794762, 32.776338, 0.0 ], [ -96.794987, 32.776151, 0.0 ], [ -96.795288, 32.77641, 0.0 ] ] ] } },
{ "type": "Feature", "properties": { "dcad_account": "00039100000010000", "address": "2211 N LAMAR ST", "property_name": "2211 N LAMAR ST", "owner": "DORBET INC", "group": "building", "where": "North of Woodall Rodgers", "acres": 0.375, "land_value": 2617440, "improvement_value": 270390, "land_psf": 160.15, "improvement_to_land": 0.1, "deed_date": "03/06/2001", "feet_to_klyde_warren": 2148.0, "street_view": "https://www.google.com/maps/@?api=1&map_action=pano&viewpoint=32.784853,-96.808611" }, "geometry": { "type": "Polygon", "coordinates": [ [ [ -96.808763, 32.785145, 0.0 ], [ -96.808761, 32.785144, 0.0 ], [ -96.808756, 32.78514, 0.0 ], [ -96.808715, 32.785108, 0.0 ], [ -96.808677, 32.785074, 0.0 ], [ -96.808654, 32.785052, 0.0 ], [ -96.808639, 32.785063, 0.0 ], [ -96.808328, 32.784769, 0.0 ], [ -96.808531, 32.784597, 0.0 ], [ -96.808634, 32.784684, 0.0 ], [ -96.80881, 32.784675, 0.0 ], [ -96.808808, 32.784753, 0.0 ], [ -96.808802, 32.784938, 0.0 ], [ -96.808793, 32.785123, 0.0 ], [ -96.808763, 32.785145, 0.0 ] ] ] } },
{ "type": "Feature", "properties": { "dcad_account": "00000134981000000", "address": "3008 MAPLE AVE", "property_name": "NICK &  SAMS", "owner": "ROMANO SAMUEL P", "group": "building", "where": "North of Woodall Rodgers", "acres": 0.356, "land_value": 2599430, "improvement_value": 163200, "land_psf": 167.48, "improvement_to_land": 0.06, "deed_date": "01/10/2020", "feet_to_klyde_warren": 3463.0, "street_view": "https://www.google.com/maps/@?api=1&map_action=pano&viewpoint=32.798480,-96.807433" }, "geometry": { "type": "Polygon", "coordinates": [ [ [ -96.807496, 32.798231, 0.0 ], [ -96.80773, 32.798431, 0.0 ], [ -96.807365, 32.798723, 0.0 ], [ -96.807139, 32.79853, 0.0 ], [ -96.807496, 32.798231, 0.0 ] ] ] } },
{ "type": "Feature", "properties": { "dcad_account": "00000102133000000", "address": "990 S ST PAUL ST", "property_name": "HINES NUT CO", "owner": "HINES CORE HOLDINGS LLC SERIES I", "group": "building", "where": "Downtown", "acres": 2.108, "land_value": 2597900, "improvement_value": 10000, "land_psf": 28.29, "improvement_to_land": 0.0, "deed_date": "12/24/2025", "feet_to_klyde_warren": 5191.0, "street_view": "https://www.google.com/maps/@?api=1&map_action=pano&viewpoint=32.776299,-96.792381" }, "geometry": { "type": "Polygon", "coordinates": [ [ [ -96.791974, 32.776764, 0.0 ], [ -96.791901, 32.776703, 0.0 ], [ -96.791599, 32.776453, 0.0 ], [ -96.791707, 32.776362, 0.0 ], [ -96.79201, 32.776105, 0.0 ], [ -96.792021, 32.776096, 0.0 ], [ -96.792129, 32.776004, 0.0 ], [ -96.79223, 32.775919, 0.0 ], [ -96.792278, 32.775877, 0.0 ], [ -96.792448, 32.775733, 0.0 ], [ -96.792752, 32.775984, 0.0 ], [ -96.792863, 32.776076, 0.0 ], [ -96.793056, 32.776236, 0.0 ], [ -96.792627, 32.776598, 0.0 ], [ -96.792526, 32.776683, 0.0 ], [ -96.792418, 32.776774, 0.0 ], [ -96.792188, 32.77658, 0.0 ], [ -96.79208, 32.776671, 0.0 ], [ -96.79231, 32.776866, 0.0 ], [ -96.792205, 32.776955, 0.0 ], [ -96.792204, 32.776955, 0.0 ], [ -96.791974, 32.776764, 0.0 ] ] ] } },
{ "type": "Feature", "properties": { "dcad_account": "00000105283000000", "address": "2009 FEDERAL ST", "property_name": "PARKING", "owner": "BRYAN TOWER PARKING LLC", "group": "parking", "where": "Downtown", "acres": 0.519, "land_value": 2582400, "improvement_value": 0, "land_psf": 114.31, "improvement_to_land": 0.0, "deed_date": "12/03/2021", "feet_to_klyde_warren": 1786.0, "street_view": "https://www.google.com/maps/@?api=1&map_action=pano&viewpoint=32.786057,-96.796678" }, "geometry": { "type": "Polygon", "coordinates": [ [ [ -96.79631, 32.785884, 0.0 ], [ -96.796318, 32.785829, 0.0 ], [ -96.796365, 32.785802, 0.0 ], [ -96.796413, 32.785777, 0.0 ], [ -96.796464, 32.785756, 0.0 ], [ -96.796539, 32.785721, 0.0 ], [ -96.79661, 32.785681, 0.0 ], [ -96.796676, 32.785636, 0.0 ], [ -96.797, 32.785914, 0.0 ], [ -96.796683, 32.7862, 0.0 ], [ -96.79631, 32.785884, 0.0 ] ] ] } },
{ "type": "Feature", "properties": { "dcad_account": "000932000101A0000", "address": "3008 N HARWOOD ST", "property_name": "BLEU CIEL APT LEASING OFFICE", "owner": "HARWOOD NO 15 LLC", "group": "building", "where": "North of Woodall Rodgers", "acres": 0.368, "land_value": 2564800, "improvement_value": 1000, "land_psf": 159.96, "improvement_to_land": 0.0, "deed_date": "09/11/2025", "feet_to_klyde_warren": 3362.0, "street_view": "https://www.google.com/maps/@?api=1&map_action=pano&viewpoint=32.795986,-96.810153" }, "geometry": { "type": "Polygon", "coordinates": [ [ [ -96.810083, 32.796138, 0.0 ], [ -96.809971, 32.79604, 0.0 ], [ -96.809861, 32.795944, 0.0 ], [ -96.810088, 32.795752, 0.0 ], [ -96.810134, 32.795753, 0.0 ], [ -96.810445, 32.796028, 0.0 ], [ -96.810196, 32.796237, 0.0 ], [ -96.810083, 32.796138, 0.0 ] ] ] } },
{ "type": "Feature", "properties": { "dcad_account": "00000100273000000", "address": "701 YOUNG ST", "property_name": "PARKING", "owner": "LUBBEN SITE LLC", "group": "parking", "where": "Downtown", "acres": 0.484, "land_value": 2561280, "improvement_value": 0, "land_psf": 121.54, "improvement_to_land": 0.0, "deed_date": "06/01/2017", "feet_to_klyde_warren": 4107.0, "street_view": "https://www.google.com/maps/@?api=1&map_action=pano&viewpoint=32.776740,-96.804570" }, "geometry": { "type": "Polygon", "coordinates": [ [ [ -96.804482, 32.777041, 0.0 ], [ -96.804325, 32.776507, 0.0 ], [ -96.804452, 32.776481, 0.0 ], [ -96.80461, 32.776448, 0.0 ], [ -96.804659, 32.776438, 0.0 ], [ -96.804814, 32.776972, 0.0 ], [ -96.804766, 32.776982, 0.0 ], [ -96.804608, 32.777015, 0.0 ], [ -96.804482, 32.777041, 0.0 ] ] ] } },
{ "type": "Feature", "properties": { "dcad_account": "00000135637000000", "address": "2621 MCKINNEY AVE", "property_name": "BLACKFRIAR PUB", "owner": "2621 MCKINNEY LLC", "group": "building", "where": "North of Woodall Rodgers", "acres": 0.329, "land_value": 2559380, "improvement_value": 440620, "land_psf": 178.36, "improvement_to_land": 0.17, "deed_date": "01/26/2022", "feet_to_klyde_warren": 2362.0, "street_view": "https://www.google.com/maps/@?api=1&map_action=pano&viewpoint=32.797296,-96.801896" }, "geometry": { "type": "Polygon", "coordinates": [ [ [ -96.802172, 32.797481, 0.0 ], [ -96.801573, 32.797314, 0.0 ], [ -96.801615, 32.797116, 0.0 ], [ -96.80222, 32.797278, 0.0 ], [ -96.802172, 32.797481, 0.0 ] ] ] } },
{ "type": "Feature", "properties": { "dcad_account": "00000149398000000", "address": "2707 SHELBY AVE", "property_name": "(VAC ISSUE/DEF MAINT) SHELBY 2707 (ALL BILLS PAID)", "owner": "12TEN SHELBY LLC", "group": "building", "where": "North of Woodall Rodgers", "acres": 0.695, "land_value": 2550000, "improvement_value": 1100000, "land_psf": 84.29, "improvement_to_land": 0.43, "deed_date": "02/26/2025", "feet_to_klyde_warren": 7022.0, "street_view": "https://www.google.com/maps/@?api=1&map_action=pano&viewpoint=32.807263,-96.812922" }, "geometry": { "type": "Polygon", "coordinates": [ [ [ -96.812863, 32.807602, 0.0 ], [ -96.812516, 32.807306, 0.0 ], [ -96.812631, 32.807212, 0.0 ], [ -96.81275, 32.807113, 0.0 ], [ -96.812798, 32.807075, 0.0 ], [ -96.812865, 32.80702, 0.0 ], [ -96.812977, 32.806922, 0.0 ], [ -96.813328, 32.807221, 0.0 ], [ -96.813213, 32.807316, 0.0 ], [ -96.813144, 32.807373, 0.0 ], [ -96.813098, 32.807411, 0.0 ], [ -96.812978, 32.807509, 0.0 ], [ -96.812863, 32.807602, 0.0 ] ] ] } },
{ "type": "Feature", "properties": { "dcad_account": "00000135502000000", "address": "2615 ROUTH ST", "property_name": "GARDEN GATE GIFTS & FLORAL DESIGN", "owner": "OR ASSET HOLDINGS LP", "group": "building", "where": "North of Woodall Rodgers", "acres": 0.343, "land_value": 2536230, "improvement_value": 5400, "land_psf": 169.67, "improvement_to_land": 0.0, "deed_date": "11/15/2013", "feet_to_klyde_warren": 2176.0, "street_view": "https://www.google.com/maps/@?api=1&map_action=pano&viewpoint=32.796675,-96.802660" }, "geometry": { "type": "Polygon", "coordinates": [ [ [ -96.802727, 32.796391, 0.0 ], [ -96.802952, 32.79659, 0.0 ], [ -96.802935, 32.796604, 0.0 ], [ -96.802795, 32.796715, 0.0 ], [ -96.802536, 32.796921, 0.0 ], [ -96.802379, 32.796782, 0.0 ], [ -96.802381, 32.79678, 0.0 ], [ -96.802383, 32.796778, 0.0 ], [ -96.802385, 32.796775, 0.0 ], [ -96.802393, 32.796767, 0.0 ], [ -96.802413, 32.796744, 0.0 ], [ -96.802455, 32.796697, 0.0 ], [ -96.802494, 32.796653, 0.0 ], [ -96.802513, 32.796631, 0.0 ], [ -96.802518, 32.796626, 0.0 ], [ -96.802526, 32.796617, 0.0 ], [ -96.802528, 32.796615, 0.0 ], [ -96.802534, 32.796608, 0.0 ], [ -96.802553, 32.796586, 0.0 ], [ -96.802626, 32.796504, 0.0 ], [ -96.802634, 32.796495, 0.0 ], [ -96.802661, 32.796465, 0.0 ], [ -96.802698, 32.796423, 0.0 ], [ -96.802718, 32.796401, 0.0 ], [ -96.802727, 32.796391, 0.0 ] ] ] } },
{ "type": "Feature", "properties": { "dcad_account": "00000135481000000", "address": "2520 FAIRMOUNT ST", "property_name": "T-OFF YOUR HEALTH", "owner": "2520 FAIRMOUNT STREET", "group": "building", "where": "North of Woodall Rodgers", "acres": 0.282, "land_value": 2527390, "improvement_value": 1237670, "land_psf": 205.48, "improvement_to_land": 0.49, "deed_date": "05/12/2022", "feet_to_klyde_warren": 1919.0, "street_view": "https://www.google.com/maps/@?api=1&map_action=pano&viewpoint=32.796027,-96.802720" }, "geometry": { "type": "Polygon", "coordinates": [ [ [ -96.802615, 32.796207, 0.0 ], [ -96.802559, 32.796158, 0.0 ], [ -96.802718, 32.79565, 0.0 ], [ -96.803003, 32.795896, 0.0 ], [ -96.802615, 32.796207, 0.0 ] ] ] } },
{ "type": "Feature", "properties": { "dcad_account": "00095400020020000", "address": "2603 ROUTH ST", "property_name": "PARKING LOT", "owner": "OR ASSET HOLDINGS LP", "group": "parking", "where": "North of Woodall Rodgers", "acres": 0.349, "land_value": 2514810, "improvement_value": 0, "land_psf": 165.6, "improvement_to_land": 0.0, "deed_date": "06/21/2019", "feet_to_klyde_warren": 2085.0, "street_view": "https://www.google.com/maps/@?api=1&map_action=pano&viewpoint=32.796480,-96.802481" }, "geometry": { "type": "Polygon", "coordinates": [ [ [ -96.802468, 32.796198, 0.0 ], [ -96.802482, 32.796205, 0.0 ], [ -96.802501, 32.796214, 0.0 ], [ -96.802511, 32.796219, 0.0 ], [ -96.802528, 32.796227, 0.0 ], [ -96.802542, 32.796234, 0.0 ], [ -96.802576, 32.796262, 0.0 ], [ -96.802584, 32.796269, 0.0 ], [ -96.802592, 32.796276, 0.0 ], [ -96.802629, 32.796307, 0.0 ], [ -96.802652, 32.796326, 0.0 ], [ -96.802675, 32.796346, 0.0 ], [ -96.802698, 32.796366, 0.0 ], [ -96.802699, 32.796367, 0.0 ], [ -96.802722, 32.796386, 0.0 ], [ -96.802727, 32.796391, 0.0 ], [ -96.802718, 32.796401, 0.0 ], [ -96.802698, 32.796423, 0.0 ], [ -96.802661, 32.796465, 0.0 ], [ -96.802634, 32.796495, 0.0 ], [ -96.802626, 32.796504, 0.0 ], [ -96.802553, 32.796586, 0.0 ], [ -96.802534, 32.796608, 0.0 ], [ -96.802528, 32.796615, 0.0 ], [ -96.802526, 32.796617, 0.0 ], [ -96.802518, 32.796626, 0.0 ], [ -96.802513, 32.796631, 0.0 ], [ -96.802494, 32.796653, 0.0 ], [ -96.802455, 32.796697, 0.0 ], [ -96.802413, 32.796744, 0.0 ], [ -96.802393, 32.796767, 0.0 ], [ -96.802385, 32.796775, 0.0 ], [ -96.802383, 32.796778, 0.0 ], [ -96.802381, 32.79678, 0.0 ], [ -96.80238, 32.79678, 0.0 ], [ -96.802379, 32.796779, 0.0 ], [ -96.802377, 32.796777, 0.0 ], [ -96.802376, 32.796776, 0.0 ], [ -96.802375, 32.796776, 0.0 ], [ -96.802375, 32.796775, 0.0 ], [ -96.802374, 32.796774, 0.0 ], [ -96.802371, 32.796772, 0.0 ], [ -96.80237, 32.796771, 0.0 ], [ -96.80237, 32.79677, 0.0 ], [ -96.802369, 32.79677, 0.0 ], [ -96.802368, 32.796769, 0.0 ], [ -96.802367, 32.796768, 0.0 ], [ -96.802367, 32.796767, 0.0 ], [ -96.802366, 32.796767, 0.0 ], [ -96.802363, 32.796764, 0.0 ], [ -96.80236, 32.796762, 0.0 ], [ -96.80236, 32.796761, 0.0 ], [ -96.802359, 32.79676, 0.0 ], [ -96.802358, 32.79676, 0.0 ], [ -96.802358, 32.796759, 0.0 ], [ -96.802357, 32.796759, 0.0 ], [ -96.802357, 32.796758, 0.0 ], [ -96.802356, 32.796758, 0.0 ], [ -96.802355, 32.796757, 0.0 ], [ -96.802354, 32.796756, 0.0 ], [ -96.802353, 32.796755, 0.0 ], [ -96.802352, 32.796754, 0.0 ], [ -96.802343, 32.796746, 0.0 ], [ -96.802337, 32.796741, 0.0 ], [ -96.80232, 32.796726, 0.0 ], [ -96.802312, 32.796718, 0.0 ], [ -96.80231, 32.796716, 0.0 ], [ -96.802303, 32.79671, 0.0 ], [ -96.8023, 32.796707, 0.0 ], [ -96.802299, 32.796706, 0.0 ], [ -96.802285, 32.796694, 0.0 ], [ -96.802279, 32.796689, 0.0 ], [ -96.802278, 32.796688, 0.0 ], [ -96.802276, 32.796687, 0.0 ], [ -96.802274, 32.796685, 0.0 ], [ -96.802271, 32.796682, 0.0 ], [ -96.802269, 32.796681, 0.0 ], [ -96.802266, 32.796678, 0.0 ], [ -96.802265, 32.796677, 0.0 ], [ -96.802261, 32.796674, 0.0 ], [ -96.80226, 32.796672, 0.0 ], [ -96.802258, 32.79667, 0.0 ], [ -96.802257, 32.79667, 0.0 ], [ -96.802255, 32.796668, 0.0 ], [ -96.802254, 32.796668, 0.0 ], [ -96.802253, 32.796667, 0.0 ], [ -96.802251, 32.796665, 0.0 ], [ -96.802251, 32.796664, 0.0 ], [ -96.80225, 32.796664, 0.0 ], [ -96.802249, 32.796663, 0.0 ], [ -96.802248, 32.796663, 0.0 ], [ -96.802248, 32.796662, 0.0 ], [ -96.802247, 32.796662, 0.0 ], [ -96.802247, 32.796661, 0.0 ], [ -96.802246, 32.796661, 0.0 ], [ -96.802246, 32.79666, 0.0 ], [ -96.802245, 32.79666, 0.0 ], [ -96.802245, 32.796659, 0.0 ], [ -96.802244, 32.796659, 0.0 ], [ -96.802244, 32.796658, 0.0 ], [ -96.802243, 32.796658, 0.0 ], [ -96.802243, 32.796657, 0.0 ], [ -96.802242, 32.796657, 0.0 ], [ -96.802241, 32.796656, 0.0 ], [ -96.80224, 32.796655, 0.0 ], [ -96.802239, 32.796655, 0.0 ], [ -96.802239, 32.796654, 0.0 ], [ -96.802236, 32.796651, 0.0 ], [ -96.802235, 32.796651, 0.0 ], [ -96.802235, 32.79665, 0.0 ], [ -96.802234, 32.79665, 0.0 ], [ -96.802233, 32.796649, 0.0 ], [ -96.802232, 32.796648, 0.0 ], [ -96.802231, 32.796647, 0.0 ], [ -96.80223, 32.796646, 0.0 ], [ -96.802224, 32.796641, 0.0 ], [ -96.802222, 32.79664, 0.0 ], [ -96.802215, 32.796633, 0.0 ], [ -96.802223, 32.796621, 0.0 ], [ -96.802225, 32.796617, 0.0 ], [ -96.802233, 32.796605, 0.0 ], [ -96.802287, 32.796521, 0.0 ], [ -96.802296, 32.796507, 0.0 ], [ -96.802304, 32.796495, 0.0 ], [ -96.802376, 32.796385, 0.0 ], [ -96.802384, 32.796373, 0.0 ], [ -96.8024, 32.796348, 0.0 ], [ -96.802407, 32.796338, 0.0 ], [ -96.802407, 32.796337, 0.0 ], [ -96.802409, 32.796335, 0.0 ], [ -96.802409, 32.796334, 0.0 ], [ -96.802413, 32.796329, 0.0 ], [ -96.802417, 32.796323, 0.0 ], [ -96.802419, 32.796318, 0.0 ], [ -96.802424, 32.796312, 0.0 ], [ -96.802426, 32.796308, 0.0 ], [ -96.802431, 32.796301, 0.0 ], [ -96.802445, 32.79628, 0.0 ], [ -96.802445, 32.796278, 0.0 ], [ -96.802446, 32.796276, 0.0 ], [ -96.802459, 32.796228, 0.0 ], [ -96.80246, 32.796221, 0.0 ], [ -96.802463, 32.796211, 0.0 ], [ -96.802466, 32.796199, 0.0 ], [ -96.802467, 32.796197, 0.0 ], [ -96.802468, 32.796198, 0.0 ] ] ] } },
{ "type": "Feature", "properties": { "dcad_account": "00000135322000000", "address": "2421 MCKINNEY AVE", "property_name": "GOLDS GYM PARKING", "owner": "MURPHY PLAZA LLC", "group": "parking", "where": "North of Woodall Rodgers", "acres": 0.332, "land_value": 2473630, "improvement_value": 0, "land_psf": 171.06, "improvement_to_land": 0.0, "deed_date": "09/07/2011", "feet_to_klyde_warren": 1531.0, "street_view": "https://www.google.com/maps/@?api=1&map_action=pano&viewpoint=32.794940,-96.802593" }, "geometry": { "type": "Polygon", "coordinates": [ [ [ -96.802702, 32.795177, 0.0 ], [ -96.802309, 32.794849, 0.0 ], [ -96.802384, 32.794618, 0.0 ], [ -96.802876, 32.795032, 0.0 ], [ -96.802702, 32.795177, 0.0 ] ] ] } },
{ "type": "Feature", "properties": { "dcad_account": "000965001701A0000", "address": "3006 COLE AVE", "property_name": "OFFICE - PHOTOGRAPHY", "owner": "BAR WR COLE COMMERCIAL LLC", "group": "building", "where": "North of Woodall Rodgers", "acres": 0.323, "land_value": 2464350, "improvement_value": 111000, "land_psf": 175.01, "improvement_to_land": 0.04, "deed_date": "06/05/2026", "feet_to_klyde_warren": 4220.0, "street_view": "https://www.google.com/maps/@?api=1&map_action=pano&viewpoint=32.802470,-96.801673" }, "geometry": { "type": "Polygon", "coordinates": [ [ [ -96.801409, 32.80253, 0.0 ], [ -96.801601, 32.802249, 0.0 ], [ -96.801936, 32.802409, 0.0 ], [ -96.801751, 32.802693, 0.0 ], [ -96.801409, 32.80253, 0.0 ] ] ] } },
{ "type": "Feature", "properties": { "dcad_account": "000633000B01A0000", "address": "2200 N CENTRAL EXPY", "property_name": "VACANT", "owner": "WAL MART STORES TEXAS LP", "group": "vacant", "where": "North of Woodall Rodgers", "acres": 0.565, "land_value": 2459400, "improvement_value": 0, "land_psf": 99.95, "improvement_to_land": 0.0, "deed_date": "02/16/2004", "feet_to_klyde_warren": 3852.0, "street_view": "https://www.google.com/maps/@?api=1&map_action=pano&viewpoint=32.799879,-96.793795" }, "geometry": { "type": "Polygon", "coordinates": [ [ [ -96.79358, 32.800132, 0.0 ], [ -96.79355, 32.799716, 0.0 ], [ -96.793737, 32.799554, 0.0 ], [ -96.793769, 32.799548, 0.0 ], [ -96.793809, 32.799557, 0.0 ], [ -96.794105, 32.799813, 0.0 ], [ -96.793953, 32.799945, 0.0 ], [ -96.793935, 32.799963, 0.0 ], [ -96.793921, 32.799984, 0.0 ], [ -96.793912, 32.800006, 0.0 ], [ -96.793907, 32.80003, 0.0 ], [ -96.793907, 32.800053, 0.0 ], [ -96.793912, 32.800077, 0.0 ], [ -96.793921, 32.800099, 0.0 ], [ -96.793935, 32.80012, 0.0 ], [ -96.793953, 32.800138, 0.0 ], [ -96.793937, 32.800151, 0.0 ], [ -96.79358, 32.800132, 0.0 ] ] ] } },
{ "type": "Feature", "properties": { "dcad_account": "00000144451000000", "address": "3211 OAK LAWN AVE", "property_name": "(ECU) GREEN PAPAYA/AHI SUSH/CYCLONE ANAYAS", "owner": "MADISON PACIFIC DEV", "group": "building", "where": "North of Woodall Rodgers", "acres": 0.698, "land_value": 2415360, "improvement_value": 1184640, "land_psf": 79.41, "improvement_to_land": 0.49, "deed_date": "12/13/1991", "feet_to_klyde_warren": 7383.0, "street_view": "https://www.google.com/maps/@?api=1&map_action=pano&viewpoint=32.810251,-96.808284" }, "geometry": { "type": "Polygon", "coordinates": [ [ [ -96.808384, 32.810576, 0.0 ], [ -96.80837, 32.810564, 0.0 ], [ -96.80792, 32.810166, 0.0 ], [ -96.808196, 32.809941, 0.0 ], [ -96.808649, 32.810336, 0.0 ], [ -96.808776, 32.810446, 0.0 ], [ -96.808774, 32.810447, 0.0 ], [ -96.808496, 32.810675, 0.0 ], [ -96.808384, 32.810576, 0.0 ] ] ] } },
{ "type": "Feature", "properties": { "dcad_account": "000063000A0010000", "address": "1000 COMMERCE ST", "property_name": "MCDONALDS", "owner": "MCDONALDS CORP", "group": "building", "where": "Downtown", "acres": 0.459, "land_value": 2404560, "improvement_value": 395440, "land_psf": 120.23, "improvement_to_land": 0.16, "deed_date": "02/16/2001", "feet_to_klyde_warren": 3384.0, "street_view": "https://www.google.com/maps/@?api=1&map_action=pano&viewpoint=32.778721,-96.803086" }, "geometry": { "type": "Polygon", "coordinates": [ [ [ -96.802977, 32.778919, 0.0 ], [ -96.80282, 32.778386, 0.0 ], [ -96.803136, 32.77832, 0.0 ], [ -96.803215, 32.778587, 0.0 ], [ -96.803293, 32.778854, 0.0 ], [ -96.802977, 32.778919, 0.0 ] ] ] } },
{ "type": "Feature", "properties": { "dcad_account": "00000136309000000", "address": "3207 MCKINNEY AVE", "property_name": "LAND ONLY", "owner": "VC MCKINNEY DALLAS INVEST LLC", "group": "vacant", "where": "North of Woodall Rodgers", "acres": 0.362, "land_value": 2402030, "improvement_value": 0, "land_psf": 152.52, "improvement_to_land": 0.0, "deed_date": "05/26/2017", "feet_to_klyde_warren": 4565.0, "street_view": "https://www.google.com/maps/@?api=1&map_action=pano&viewpoint=32.803444,-96.800321" }, "geometry": { "type": "Polygon", "coordinates": [ [ [ -96.800019, 32.803459, 0.0 ], [ -96.800175, 32.803217, 0.0 ], [ -96.800623, 32.803429, 0.0 ], [ -96.800467, 32.80367, 0.0 ], [ -96.800019, 32.803459, 0.0 ] ] ] } },
{ "type": "Feature", "properties": { "dcad_account": "00000100318000000", "address": "205 S LAMAR ST", "property_name": "GREYHOUND LINES BUS", "owner": "205 S LAMAR LLC", "group": "building", "where": "Downtown", "acres": 0.459, "land_value": 2400100, "improvement_value": 800000, "land_psf": 120.0, "improvement_to_land": 0.33, "deed_date": "10/14/2024", "feet_to_klyde_warren": 3507.0, "street_view": "https://www.google.com/maps/@?api=1&map_action=pano&viewpoint=32.778370,-96.804258" }, "geometry": { "type": "Polygon", "coordinates": [ [ [ -96.804178, 32.77867, 0.0 ], [ -96.8041, 32.778403, 0.0 ], [ -96.804021, 32.778137, 0.0 ], [ -96.804179, 32.778104, 0.0 ], [ -96.804337, 32.778071, 0.0 ], [ -96.804416, 32.778338, 0.0 ], [ -96.804494, 32.778605, 0.0 ], [ -96.804336, 32.778637, 0.0 ], [ -96.804178, 32.77867, 0.0 ] ] ] } },
{ "type": "Feature", "properties": { "dcad_account": "00000100153000000", "address": "611 ELM ST", "property_name": "ALLRIGHT PARKING", "owner": "7223 L P", "group": "parking", "where": "Downtown", "acres": 0.459, "land_value": 2400000, "improvement_value": 0, "land_psf": 120.0, "improvement_to_land": 0.0, "deed_date": "02/12/1999", "feet_to_klyde_warren": 3050.0, "street_view": "https://www.google.com/maps/@?api=1&map_action=pano&viewpoint=32.780254,-96.806682" }, "geometry": { "type": "Polygon", "coordinates": [ [ [ -96.806602, 32.780553, 0.0 ], [ -96.806524, 32.780286, 0.0 ], [ -96.806445, 32.780019, 0.0 ], [ -96.806603, 32.779987, 0.0 ], [ -96.806761, 32.779954, 0.0 ], [ -96.80684, 32.780221, 0.0 ], [ -96.806918, 32.780487, 0.0 ], [ -96.80676, 32.78052, 0.0 ], [ -96.806602, 32.780553, 0.0 ] ] ] } },
{ "type": "Feature", "properties": { "dcad_account": "00000100147000000", "address": "311 N MARKET ST", "property_name": "WEST END PROFESSIONAL BLDG/HOFFBRAU STEAKS", "owner": "WEST END OFFICE PROPERTIES LLC", "group": "building", "where": "Downtown", "acres": 0.459, "land_value": 2400000, "improvement_value": 1000, "land_psf": 120.0, "improvement_to_land": 0.0, "deed_date": "05/07/2018", "feet_to_klyde_warren": 2834.0, "street_view": "https://www.google.com/maps/@?api=1&map_action=pano&viewpoint=32.781101,-96.807098" }, "geometry": { "type": "Polygon", "coordinates": [ [ [ -96.807059, 32.780968, 0.0 ], [ -96.807217, 32.780935, 0.0 ], [ -96.807375, 32.780902, 0.0 ], [ -96.807453, 32.781169, 0.0 ], [ -96.80734, 32.781192, 0.0 ], [ -96.807295, 32.781202, 0.0 ], [ -96.807137, 32.781234, 0.0 ], [ -96.806979, 32.781267, 0.0 ], [ -96.806821, 32.7813, 0.0 ], [ -96.806743, 32.781033, 0.0 ], [ -96.806901, 32.781, 0.0 ], [ -96.807059, 32.780968, 0.0 ] ] ] } },
{ "type": "Feature", "properties": { "dcad_account": "00000100144000000", "address": "1701 N MARKET ST", "property_name": "MARKET ROSS PLACE/HIGGINBOTHAM PEARLSTONE", "owner": "HOBSON ELECTRIC LLC", "group": "building", "where": "Downtown", "acres": 0.459, "land_value": 2400000, "improvement_value": 100000, "land_psf": 120.0, "improvement_to_land": 0.04, "deed_date": "03/18/2026", "feet_to_klyde_warren": 2701.0, "street_view": "https://www.google.com/maps/@?api=1&map_action=pano&viewpoint=32.781581,-96.807239" }, "geometry": { "type": "Polygon", "coordinates": [ [ [ -96.807278, 32.781715, 0.0 ], [ -96.80712, 32.781747, 0.0 ], [ -96.806962, 32.78178, 0.0 ], [ -96.806884, 32.781513, 0.0 ], [ -96.807042, 32.781481, 0.0 ], [ -96.8072, 32.781448, 0.0 ], [ -96.807358, 32.781415, 0.0 ], [ -96.807516, 32.781382, 0.0 ], [ -96.807594, 32.781649, 0.0 ], [ -96.807436, 32.781682, 0.0 ], [ -96.807278, 32.781715, 0.0 ] ] ] } },
{ "type": "Feature", "properties": { "dcad_account": "00000149470000000", "address": "2817 SHELBY AVE", "property_name": "2817 SHELBY", "owner": "SHELBY AVE INVESTMENTS LLC", "group": "vacant", "where": "North of Woodall Rodgers", "acres": 0.911, "land_value": 2367000, "improvement_value": 0, "land_psf": 59.64, "improvement_to_land": 0.0, "deed_date": "08/12/2019", "feet_to_klyde_warren": 7182.0, "street_view": "https://www.google.com/maps/@?api=1&map_action=pano&viewpoint=32.808570,-96.811330" }, "geometry": { "type": "Polygon", "coordinates": [ [ [ -96.811464, 32.808172, 0.0 ], [ -96.811816, 32.808459, 0.0 ], [ -96.811695, 32.808559, 0.0 ], [ -96.811552, 32.808676, 0.0 ], [ -96.811435, 32.808771, 0.0 ], [ -96.811318, 32.808867, 0.0 ], [ -96.811325, 32.808873, 0.0 ], [ -96.811208, 32.808969, 0.0 ], [ -96.811132, 32.808907, 0.0 ], [ -96.810848, 32.808677, 0.0 ], [ -96.810965, 32.808581, 0.0 ], [ -96.811082, 32.808485, 0.0 ], [ -96.811199, 32.80839, 0.0 ], [ -96.811342, 32.808273, 0.0 ], [ -96.811464, 32.808172, 0.0 ] ] ] } },
{ "type": "Feature", "properties": { "dcad_account": "000944000703A0000", "address": "2906 MAPLE AVE", "property_name": "1ST FL 2906 MAPLE UNOCC", "owner": "2906 MAPLE AVE LLC", "group": "building", "where": "North of Woodall Rodgers", "acres": 0.319, "land_value": 2329090, "improvement_value": 100000, "land_psf": 167.61, "improvement_to_land": 0.04, "deed_date": "06/13/2012", "feet_to_klyde_warren": 3056.0, "street_view": "https://www.google.com/maps/@?api=1&map_action=pano&viewpoint=32.797680,-96.806459" }, "geometry": { "type": "Polygon", "coordinates": [ [ [ -96.806535, 32.797442, 0.0 ], [ -96.806741, 32.797618, 0.0 ], [ -96.806384, 32.797917, 0.0 ], [ -96.806178, 32.797741, 0.0 ], [ -96.806535, 32.797442, 0.0 ] ] ] } },
{ "type": "Feature", "properties": { "dcad_account": "000927000C01A0200", "address": "2728 N AKARD ST", "property_name": "MODA APTS - 000927000C01A0000", "owner": "MODA APARTMENTS OWNER LLC", "group": "vacant", "where": "North of Woodall Rodgers", "acres": 0.333, "land_value": 2317440, "improvement_value": 0, "land_psf": 159.67, "improvement_to_land": 0.0, "deed_date": "04/14/2025", "feet_to_klyde_warren": 2329.0, "street_view": "https://www.google.com/maps/@?api=1&map_action=pano&viewpoint=32.792826,-96.808898" }, "geometry": { "type": "Polygon", "coordinates": [ [ [ -96.808727, 32.792776, 0.0 ], [ -96.808939, 32.792596, 0.0 ], [ -96.809057, 32.7927, 0.0 ], [ -96.809146, 32.792699, 0.0 ], [ -96.80921, 32.792755, 0.0 ], [ -96.808953, 32.792975, 0.0 ], [ -96.80884, 32.792876, 0.0 ], [ -96.808635, 32.793051, 0.0 ], [ -96.808522, 32.792951, 0.0 ], [ -96.808727, 32.792776, 0.0 ] ] ] } },
{ "type": "Feature", "properties": { "dcad_account": "00000135505000000", "address": "2530 FAIRMOUNT ST", "property_name": "BEYOND BAROQUE", "owner": "TL RE LLC", "group": "building", "where": "North of Woodall Rodgers", "acres": 0.322, "land_value": 2312000, "improvement_value": 5000, "land_psf": 164.9, "improvement_to_land": 0.0, "deed_date": "07/22/2025", "feet_to_klyde_warren": 2100.0, "street_view": "https://www.google.com/maps/@?api=1&map_action=pano&viewpoint=32.796276,-96.803076" }, "geometry": { "type": "Polygon", "coordinates": [ [ [ -96.802784, 32.796357, 0.0 ], [ -96.803169, 32.796039, 0.0 ], [ -96.803368, 32.796195, 0.0 ], [ -96.802974, 32.796523, 0.0 ], [ -96.802784, 32.796357, 0.0 ] ] ] } },
{ "type": "Feature", "properties": { "dcad_account": "00000105433000000", "address": "711 PEARL ST", "property_name": "PLATINUM PARK", "owner": "ERIUS PROPCO 3 LLC", "group": "parking", "where": "Downtown", "acres": 0.442, "land_value": 2306640, "improvement_value": 0, "land_psf": 119.8, "improvement_to_land": 0.0, "deed_date": "07/26/2023", "feet_to_klyde_warren": 1790.0, "street_view": "https://www.google.com/maps/@?api=1&map_action=pano&viewpoint=32.786371,-96.796219" }, "geometry": { "type": "Polygon", "coordinates": [ [ [ -96.796156, 32.786638, 0.0 ], [ -96.795893, 32.786422, 0.0 ], [ -96.79614, 32.786214, 0.0 ], [ -96.796281, 32.786095, 0.0 ], [ -96.796522, 32.7863, 0.0 ], [ -96.796545, 32.786319, 0.0 ], [ -96.796404, 32.786438, 0.0 ], [ -96.796162, 32.786642, 0.0 ], [ -96.796156, 32.786638, 0.0 ] ] ] } },
{ "type": "Feature", "properties": { "dcad_account": "00000114016000000", "address": "2822 MCKINNEY AVE", "property_name": "BERKLEYS MARKET", "owner": "MM WHITEWING HOLDINGS LLC", "group": "building", "where": "North of Woodall Rodgers", "acres": 0.338, "land_value": 2305280, "improvement_value": 894720, "land_psf": 156.36, "improvement_to_land": 0.39, "deed_date": "02/21/2011", "feet_to_klyde_warren": 3057.0, "street_view": "https://www.google.com/maps/@?api=1&map_action=pano&viewpoint=32.799353,-96.800687" }, "geometry": { "type": "Polygon", "coordinates": [ [ [ -96.800856, 32.799272, 0.0 ], [ -96.800879, 32.799282, 0.0 ], [ -96.800815, 32.799571, 0.0 ], [ -96.800807, 32.799605, 0.0 ], [ -96.800699, 32.799513, 0.0 ], [ -96.800591, 32.799421, 0.0 ], [ -96.800544, 32.799381, 0.0 ], [ -96.800479, 32.799325, 0.0 ], [ -96.800405, 32.799262, 0.0 ], [ -96.800365, 32.799228, 0.0 ], [ -96.800276, 32.799152, 0.0 ], [ -96.80029, 32.799141, 0.0 ], [ -96.800361, 32.799082, 0.0 ], [ -96.80038, 32.799077, 0.0 ], [ -96.800392, 32.799082, 0.0 ], [ -96.800856, 32.799272, 0.0 ] ] ] } },
{ "type": "Feature", "properties": { "dcad_account": "00000100192000000", "address": "701 ROSS AVE", "property_name": "MUSEUM OF ILLUSIONS/GATORS/KOKOPELLI SWEETS", "owner": "WEDGE RETAIL LLC", "group": "building", "where": "Downtown", "acres": 0.49, "land_value": 2242070, "improvement_value": 200000, "land_psf": 104.99, "improvement_to_land": 0.09, "deed_date": "03/18/2026", "feet_to_klyde_warren": 2483.0, "street_view": "https://www.google.com/maps/@?api=1&map_action=pano&viewpoint=32.782014,-96.806590" }, "geometry": { "type": "Polygon", "coordinates": [ [ [ -96.806656, 32.781572, 0.0 ], [ -96.806731, 32.78184, 0.0 ], [ -96.8068, 32.782089, 0.0 ], [ -96.806805, 32.782108, 0.0 ], [ -96.806862, 32.782311, 0.0 ], [ -96.806772, 32.782383, 0.0 ], [ -96.806737, 32.782347, 0.0 ], [ -96.806546, 32.782158, 0.0 ], [ -96.806532, 32.782144, 0.0 ], [ -96.806469, 32.782081, 0.0 ], [ -96.806451, 32.782063, 0.0 ], [ -96.806351, 32.781964, 0.0 ], [ -96.806316, 32.78193, 0.0 ], [ -96.80642, 32.781909, 0.0 ], [ -96.806552, 32.781883, 0.0 ], [ -96.80655, 32.781876, 0.0 ], [ -96.806476, 32.781608, 0.0 ], [ -96.806503, 32.781602, 0.0 ], [ -96.806656, 32.781572, 0.0 ] ] ] } },
{ "type": "Feature", "properties": { "dcad_account": "00000138193000000", "address": "3636 MAPLE AVE", "property_name": "LAW OFFICES OF JOSEPH E ASHMORE", "owner": "3636 MAPLE LTD", "group": "building", "where": "North of Woodall Rodgers", "acres": 0.489, "land_value": 2232510, "improvement_value": 97490, "land_psf": 104.8, "improvement_to_land": 0.04, "deed_date": "12/23/2009", "feet_to_klyde_warren": 5938.0, "street_view": "https://www.google.com/maps/@?api=1&map_action=pano&viewpoint=32.803487,-96.813098" }, "geometry": { "type": "Polygon", "coordinates": [ [ [ -96.812996, 32.803638, 0.0 ], [ -96.812879, 32.803536, 0.0 ], [ -96.812766, 32.803437, 0.0 ], [ -96.812757, 32.803429, 0.0 ], [ -96.813037, 32.803194, 0.0 ], [ -96.813434, 32.80354, 0.0 ], [ -96.813153, 32.803775, 0.0 ], [ -96.812996, 32.803638, 0.0 ] ] ] } },
{ "type": "Feature", "properties": { "dcad_account": "00000149308000000", "address": "2701 REAGAN ST", "property_name": "DALLAS GAY ALLIANCE", "owner": "RESOURCE CENTER OF DALLAS INC", "group": "building", "where": "North of Woodall Rodgers", "acres": 0.604, "land_value": 2231170, "improvement_value": 518830, "land_psf": 84.8, "improvement_to_land": 0.23, "deed_date": "07/13/2023", "feet_to_klyde_warren": 7377.0, "street_view": "https://www.google.com/maps/@?api=1&map_action=pano&viewpoint=32.807942,-96.813790" }, "geometry": { "type": "Polygon", "coordinates": [ [ [ -96.813413, 32.807963, 0.0 ], [ -96.813474, 32.807915, 0.0 ], [ -96.813593, 32.807816, 0.0 ], [ -96.813709, 32.807721, 0.0 ], [ -96.813821, 32.807625, 0.0 ], [ -96.814167, 32.80792, 0.0 ], [ -96.814051, 32.808014, 0.0 ], [ -96.813937, 32.808109, 0.0 ], [ -96.81382, 32.808207, 0.0 ], [ -96.813761, 32.808256, 0.0 ], [ -96.813413, 32.807963, 0.0 ] ] ] } },
{ "type": "Feature", "properties": { "dcad_account": "00039100000020000", "address": "2201 N LAMAR ST", "property_name": "HOOTERS", "owner": "DORBET INC", "group": "building", "where": "North of Woodall Rodgers", "acres": 0.319, "land_value": 2221440, "improvement_value": 428560, "land_psf": 159.82, "improvement_to_land": 0.19, "deed_date": "03/06/2001", "feet_to_klyde_warren": 2144.0, "street_view": "https://www.google.com/maps/@?api=1&map_action=pano&viewpoint=32.784636,-96.808337" }, "geometry": { "type": "Polygon", "coordinates": [ [ [ -96.808634, 32.784684, 0.0 ], [ -96.808531, 32.784597, 0.0 ], [ -96.808328, 32.784769, 0.0 ], [ -96.808112, 32.784563, 0.0 ], [ -96.807974, 32.784441, 0.0 ], [ -96.80804, 32.784462, 0.0 ], [ -96.808106, 32.78448, 0.0 ], [ -96.808174, 32.784494, 0.0 ], [ -96.808199, 32.784498, 0.0 ], [ -96.808273, 32.784507, 0.0 ], [ -96.808348, 32.784511, 0.0 ], [ -96.808423, 32.784509, 0.0 ], [ -96.808497, 32.784501, 0.0 ], [ -96.808503, 32.7845, 0.0 ], [ -96.808563, 32.784494, 0.0 ], [ -96.808622, 32.784492, 0.0 ], [ -96.808774, 32.784491, 0.0 ], [ -96.808809, 32.784566, 0.0 ], [ -96.80881, 32.784675, 0.0 ], [ -96.808634, 32.784684, 0.0 ] ] ] } },
{ "type": "Feature", "properties": { "dcad_account": "001277000A01B0100", "address": "2825 ALAMO ST", "property_name": "PARKING LOT", "owner": "ANLAND NORTH COMM LP", "group": "parking", "where": "North of Woodall Rodgers", "acres": 1.283, "land_value": 2204630, "improvement_value": 0, "land_psf": 39.45, "improvement_to_land": 0.0, "deed_date": "03/27/1998", "feet_to_klyde_warren": 2864.0, "street_view": "https://www.google.com/maps/@?api=1&map_action=pano&viewpoint=32.791444,-96.812299" }, "geometry": { "type": "Polygon", "coordinates": [ [ [ -96.811724, 32.791218, 0.0 ], [ -96.812679, 32.791019, 0.0 ], [ -96.812804, 32.791437, 0.0 ], [ -96.812808, 32.79145, 0.0 ], [ -96.812465, 32.791522, 0.0 ], [ -96.812356, 32.791596, 0.0 ], [ -96.812324, 32.791564, 0.0 ], [ -96.811922, 32.791872, 0.0 ], [ -96.811922, 32.791871, 0.0 ], [ -96.811921, 32.79187, 0.0 ], [ -96.811921, 32.791869, 0.0 ], [ -96.811921, 32.791868, 0.0 ], [ -96.81192, 32.791867, 0.0 ], [ -96.81192, 32.791866, 0.0 ], [ -96.81192, 32.791865, 0.0 ], [ -96.811919, 32.791864, 0.0 ], [ -96.811919, 32.791863, 0.0 ], [ -96.811919, 32.791862, 0.0 ], [ -96.811724, 32.791218, 0.0 ] ] ] } },
{ "type": "Feature", "properties": { "dcad_account": "000566000A0060000", "address": "1704 ARTS PLAZA", "property_name": "PARKING", "owner": "DALLAS BLACK DANCE THEATRE", "group": "parking", "where": "Downtown", "acres": 0.424, "land_value": 2200560, "improvement_value": 0, "land_psf": 119.02, "improvement_to_land": 0.0, "deed_date": "11/06/2006", "feet_to_klyde_warren": 1954.0, "street_view": "https://www.google.com/maps/@?api=1&map_action=pano&viewpoint=32.791922,-96.793824" }, "geometry": { "type": "Polygon", "coordinates": [ [ [ -96.793869, 32.79219, 0.0 ], [ -96.793506, 32.791879, 0.0 ], [ -96.793744, 32.791683, 0.0 ], [ -96.793813, 32.791683, 0.0 ], [ -96.794142, 32.791965, 0.0 ], [ -96.793869, 32.79219, 0.0 ] ] ] } },
{ "type": "Feature", "properties": { "dcad_account": "00000103186400000", "address": "2222 MAIN ST", "property_name": "PARKING", "owner": "ISOSCELES DEVELOPMENT", "group": "parking", "where": "Downtown", "acres": 0.683, "land_value": 2200000, "improvement_value": 0, "land_psf": 73.91, "improvement_to_land": 0.0, "deed_date": "04/16/2018", "feet_to_klyde_warren": 4173.0, "street_view": "https://www.google.com/maps/@?api=1&map_action=pano&viewpoint=32.782152,-96.789862" }, "geometry": { "type": "Polygon", "coordinates": [ [ [ -96.79009, 32.782366, 0.0 ], [ -96.789537, 32.782393, 0.0 ], [ -96.789352, 32.782403, 0.0 ], [ -96.789318, 32.782335, 0.0 ], [ -96.789417, 32.782266, 0.0 ], [ -96.789797, 32.782008, 0.0 ], [ -96.789929, 32.781917, 0.0 ], [ -96.789934, 32.781916, 0.0 ], [ -96.789938, 32.781915, 0.0 ], [ -96.79002, 32.781899, 0.0 ], [ -96.790086, 32.781886, 0.0 ], [ -96.790151, 32.782121, 0.0 ], [ -96.790131, 32.782125, 0.0 ], [ -96.790147, 32.782179, 0.0 ], [ -96.790166, 32.78225, 0.0 ], [ -96.790184, 32.782318, 0.0 ], [ -96.790207, 32.782402, 0.0 ], [ -96.790206, 32.782404, 0.0 ], [ -96.79021, 32.782419, 0.0 ], [ -96.790177, 32.782427, 0.0 ], [ -96.790124, 32.782438, 0.0 ], [ -96.79009, 32.782366, 0.0 ] ] ] } },
{ "type": "Feature", "properties": { "dcad_account": "00000110740000100", "address": "325 N ST PAUL ST", "property_name": "LAND ONLY", "owner": "FRANCISCAN UNIVERSITY OF", "group": "vacant", "where": "Downtown", "acres": 0.407, "land_value": 2179800, "improvement_value": 0, "land_psf": 122.99, "improvement_to_land": 0.0, "deed_date": "06/12/2025", "feet_to_klyde_warren": 2368.0, "street_view": "https://www.google.com/maps/@?api=1&map_action=pano&viewpoint=32.783272,-96.797271" }, "geometry": { "type": "Polygon", "coordinates": [ [ [ -96.796946, 32.783332, 0.0 ], [ -96.796962, 32.783318, 0.0 ], [ -96.797326, 32.783011, 0.0 ], [ -96.79736, 32.78304, 0.0 ], [ -96.79747, 32.783133, 0.0 ], [ -96.79758, 32.783227, 0.0 ], [ -96.79723, 32.783527, 0.0 ], [ -96.796946, 32.783332, 0.0 ] ] ] } },
{ "type": "Feature", "properties": { "dcad_account": "00000149779000000", "address": "2519 OAK LAWN AVE", "property_name": "NEXUS / POOCH PATIO", "owner": "WEISFELD HERSCHEL A", "group": "building", "where": "North of Woodall Rodgers", "acres": 0.729, "land_value": 2177520, "improvement_value": 10000, "land_psf": 68.6, "improvement_to_land": 0.0, "deed_date": "03/14/1997", "feet_to_klyde_warren": 6526.0, "street_view": "https://www.google.com/maps/@?api=1&map_action=pano&viewpoint=32.805264,-96.813932" }, "geometry": { "type": "Polygon", "coordinates": [ [ [ -96.813624, 32.804889, 0.0 ], [ -96.813682, 32.804842, 0.0 ], [ -96.81374, 32.804794, 0.0 ], [ -96.813775, 32.804823, 0.0 ], [ -96.814126, 32.805129, 0.0 ], [ -96.814039, 32.8052, 0.0 ], [ -96.814415, 32.805522, 0.0 ], [ -96.814148, 32.805742, 0.0 ], [ -96.813775, 32.805416, 0.0 ], [ -96.813673, 32.805328, 0.0 ], [ -96.813848, 32.805184, 0.0 ], [ -96.813907, 32.805136, 0.0 ], [ -96.813624, 32.804889, 0.0 ] ] ] } },
{ "type": "Feature", "properties": { "dcad_account": "00000134995000000", "address": "3012 MAPLE AVE", "property_name": "NICK AND SAMS PARKING", "owner": "ROMANO SAMUEL P", "group": "parking", "where": "North of Woodall Rodgers", "acres": 0.302, "land_value": 2176330, "improvement_value": 0, "land_psf": 165.6, "improvement_to_land": 0.0, "deed_date": "01/10/2020", "feet_to_klyde_warren": 3565.0, "street_view": "https://www.google.com/maps/@?api=1&map_action=pano&viewpoint=32.798660,-96.807645" }, "geometry": { "type": "Polygon", "coordinates": [ [ [ -96.807387, 32.798742, 0.0 ], [ -96.807365, 32.798723, 0.0 ], [ -96.80773, 32.798431, 0.0 ], [ -96.807753, 32.798451, 0.0 ], [ -96.80776, 32.798457, 0.0 ], [ -96.807923, 32.798596, 0.0 ], [ -96.807562, 32.798891, 0.0 ], [ -96.807387, 32.798742, 0.0 ] ] ] } },
{ "type": "Feature", "properties": { "dcad_account": "00000136324000000", "address": "3301 OAK GROVE AVE", "property_name": "VACNT LAND", "owner": "PG PDP DALLAS UPTOWN LLC", "group": "vacant", "where": "North of Woodall Rodgers", "acres": 0.283, "land_value": 2171750, "improvement_value": 0, "land_psf": 176.35, "improvement_to_land": 0.0, "deed_date": "03/05/2024", "feet_to_klyde_warren": 4710.0, "street_view": "https://www.google.com/maps/@?api=1&map_action=pano&viewpoint=32.803705,-96.798295" }, "geometry": { "type": "Polygon", "coordinates": [ [ [ -96.798457, 32.803561, 0.0 ], [ -96.798555, 32.803644, 0.0 ], [ -96.798228, 32.803933, 0.0 ], [ -96.798132, 32.80385, 0.0 ], [ -96.798035, 32.803766, 0.0 ], [ -96.79836, 32.803478, 0.0 ], [ -96.798457, 32.803561, 0.0 ] ] ] } },
{ "type": "Feature", "properties": { "dcad_account": "00000104485000000", "address": "912 ROSS AVE", "property_name": "CLASSIFIED PARKING", "owner": "1001 SAN JACINTO LLC", "group": "parking", "where": "Downtown", "acres": 0.388, "land_value": 2131870, "improvement_value": 0, "land_psf": 126.05, "improvement_to_land": 0.0, "deed_date": "05/27/2022", "feet_to_klyde_warren": 2163.0, "street_view": "https://www.google.com/maps/@?api=1&map_action=pano&viewpoint=32.782154,-96.804596" }, "geometry": { "type": "Polygon", "coordinates": [ [ [ -96.804771, 32.782141, 0.0 ], [ -96.804779, 32.782172, 0.0 ], [ -96.804649, 32.782284, 0.0 ], [ -96.80454, 32.782378, 0.0 ], [ -96.804423, 32.782478, 0.0 ], [ -96.804167, 32.782254, 0.0 ], [ -96.80419, 32.782237, 0.0 ], [ -96.804255, 32.782296, 0.0 ], [ -96.804347, 32.782215, 0.0 ], [ -96.804364, 32.782201, 0.0 ], [ -96.804404, 32.782166, 0.0 ], [ -96.804465, 32.782114, 0.0 ], [ -96.804479, 32.782101, 0.0 ], [ -96.804568, 32.782025, 0.0 ], [ -96.804545, 32.782001, 0.0 ], [ -96.804534, 32.78199, 0.0 ], [ -96.804522, 32.781977, 0.0 ], [ -96.804579, 32.78193, 0.0 ], [ -96.804639, 32.78188, 0.0 ], [ -96.804686, 32.78184, 0.0 ], [ -96.804695, 32.781868, 0.0 ], [ -96.804771, 32.78214, 0.0 ], [ -96.804771, 32.782141, 0.0 ] ] ] } },
{ "type": "Feature", "properties": { "dcad_account": "00000135532000000", "address": "2909 MCKINNEY AVE", "property_name": "CITY DOC UPTOWN", "owner": "MCKINNEY NEW VENTURES LLC", "group": "building", "where": "North of Woodall Rodgers", "acres": 0.247, "land_value": 2125900, "improvement_value": 435120, "land_psf": 197.7, "improvement_to_land": 0.2, "deed_date": "05/08/2013", "feet_to_klyde_warren": 3300.0, "street_view": "https://www.google.com/maps/@?api=1&map_action=pano&viewpoint=32.799891,-96.801160" }, "geometry": { "type": "Polygon", "coordinates": [ [ [ -96.801399, 32.799852, 0.0 ], [ -96.801247, 32.799981, 0.0 ], [ -96.801092, 32.800113, 0.0 ], [ -96.800959, 32.800074, 0.0 ], [ -96.800945, 32.800056, 0.0 ], [ -96.800949, 32.799993, 0.0 ], [ -96.800959, 32.79993, 0.0 ], [ -96.800996, 32.799742, 0.0 ], [ -96.801399, 32.799852, 0.0 ] ] ] } },
{ "type": "Feature", "properties": { "dcad_account": "00000134980000000", "address": "3000 MAPLE AVE", "property_name": "PARKING", "owner": "ROMANO SAMUEL P 2008", "group": "parking", "where": "North of Woodall Rodgers", "acres": 0.304, "land_value": 2113180, "improvement_value": 0, "land_psf": 159.78, "improvement_to_land": 0.0, "deed_date": "01/08/2020", "feet_to_klyde_warren": 3378.0, "street_view": "https://www.google.com/maps/@?api=1&map_action=pano&viewpoint=32.798297,-96.807219" }, "geometry": { "type": "Polygon", "coordinates": [ [ [ -96.807299, 32.798064, 0.0 ], [ -96.807496, 32.798231, 0.0 ], [ -96.807139, 32.79853, 0.0 ], [ -96.806942, 32.798363, 0.0 ], [ -96.807299, 32.798064, 0.0 ] ] ] } },
{ "type": "Feature", "properties": { "dcad_account": "000105001101A0000", "address": "1000 S ERVAY ST", "property_name": "MILLET THE PRINTER", "owner": "MILLET THE PRINTER INC", "group": "building", "where": "Downtown", "acres": 1.174, "land_value": 2102000, "improvement_value": 357440, "land_psf": 41.09, "improvement_to_land": 0.17, "deed_date": "03/24/1986", "feet_to_klyde_warren": 5581.0, "street_view": "https://www.google.com/maps/@?api=1&map_action=pano&viewpoint=32.775235,-96.792454" }, "geometry": { "type": "Polygon", "coordinates": [ [ [ -96.793324, 32.774753, 0.0 ], [ -96.792494, 32.775455, 0.0 ], [ -96.792419, 32.775453, 0.0 ], [ -96.79189, 32.775017, 0.0 ], [ -96.79326, 32.774697, 0.0 ], [ -96.793324, 32.774753, 0.0 ] ] ] } },
{ "type": "Feature", "properties": { "dcad_account": "001038000U01B0000", "address": "3301 WELBORN ST", "property_name": "VACANT", "owner": "ARABELLA RETIREMENT OF", "group": "vacant", "where": "North of Woodall Rodgers", "acres": 0.566, "land_value": 2095340, "improvement_value": 0, "land_psf": 85.0, "improvement_to_land": 0.0, "deed_date": "10/18/2016", "feet_to_klyde_warren": 7047.0, "street_view": "https://www.google.com/maps/@?api=1&map_action=pano&viewpoint=32.809650,-96.806794" }, "geometry": { "type": "Polygon", "coordinates": [ [ [ -96.806857, 32.809961, 0.0 ], [ -96.806426, 32.809586, 0.0 ], [ -96.806707, 32.809357, 0.0 ], [ -96.806753, 32.809357, 0.0 ], [ -96.807161, 32.809713, 0.0 ], [ -96.806857, 32.809961, 0.0 ] ] ] } },
{ "type": "Feature", "properties": { "dcad_account": "00000107929000000", "address": "2017 CEDAR SPRINGS RD", "property_name": "2017 CEDAR SPRINGS", "owner": "AVALON INVESTORS 17 LLC", "group": "building", "where": "North of Woodall Rodgers", "acres": 0.27, "land_value": 2042950, "improvement_value": 920150, "land_psf": 173.66, "improvement_to_land": 0.45, "deed_date": "06/01/2022", "feet_to_klyde_warren": 1159.0, "street_view": "https://www.google.com/maps/@?api=1&map_action=pano&viewpoint=32.791476,-96.805416" }, "geometry": { "type": "Polygon", "coordinates": [ [ [ -96.805837, 32.791363, 0.0 ], [ -96.805747, 32.791433, 0.0 ], [ -96.805625, 32.791537, 0.0 ], [ -96.805138, 32.791519, 0.0 ], [ -96.805134, 32.791413, 0.0 ], [ -96.805131, 32.791345, 0.0 ], [ -96.805837, 32.791363, 0.0 ] ] ] } },
{ "type": "Feature", "properties": { "dcad_account": "00000135001000000", "address": "2902 MAPLE AVE", "property_name": "THOMPSON FINE ARTS INC", "owner": "2902 MAPLE LP", "group": "building", "where": "North of Woodall Rodgers", "acres": 0.266, "land_value": 2027730, "improvement_value": 62270, "land_psf": 175.11, "improvement_to_land": 0.03, "deed_date": "01/16/2008", "feet_to_klyde_warren": 2982.0, "street_view": "https://www.google.com/maps/@?api=1&map_action=pano&viewpoint=32.797518,-96.806271" }, "geometry": { "type": "Polygon", "coordinates": [ [ [ -96.806006, 32.797594, 0.0 ], [ -96.806363, 32.797296, 0.0 ], [ -96.80642, 32.797344, 0.0 ], [ -96.806535, 32.797442, 0.0 ], [ -96.806178, 32.797741, 0.0 ], [ -96.806063, 32.797643, 0.0 ], [ -96.806006, 32.797594, 0.0 ] ] ] } },
{ "type": "Feature", "properties": { "dcad_account": "000578000A01A0000", "address": "2908 MCKINNEY AVE", "property_name": "UPTOWN NAIL SPA/NEXT DOOR BAR", "owner": "V&H HOLDINGS LLC", "group": "building", "where": "North of Woodall Rodgers", "acres": 0.266, "land_value": 2027550, "improvement_value": 272450, "land_psf": 175.13, "improvement_to_land": 0.13, "deed_date": "04/27/2021", "feet_to_klyde_warren": 3275.0, "street_view": "https://www.google.com/maps/@?api=1&map_action=pano&viewpoint=32.800044,-96.800611" }, "geometry": { "type": "Polygon", "coordinates": [ [ [ -96.800668, 32.800167, 0.0 ], [ -96.800382, 32.79992, 0.0 ], [ -96.800299, 32.799848, 0.0 ], [ -96.800403, 32.799761, 0.0 ], [ -96.800501, 32.799679, 0.0 ], [ -96.800734, 32.79988, 0.0 ], [ -96.800668, 32.800167, 0.0 ] ] ] } },
{ "type": "Feature", "properties": { "dcad_account": "00000135487000000", "address": "2526 FAIRMOUNT ST", "property_name": "GOLDS GYM PARKING LOT", "owner": "MURPHY PLAZA LLC", "group": "parking", "where": "North of Woodall Rodgers", "acres": 0.281, "land_value": 2023000, "improvement_value": 0, "land_psf": 165.47, "improvement_to_land": 0.0, "deed_date": "09/07/2011", "feet_to_klyde_warren": 2033.0, "street_view": "https://www.google.com/maps/@?api=1&map_action=pano&viewpoint=32.796123,-96.802894" }, "geometry": { "type": "Polygon", "coordinates": [ [ [ -96.802615, 32.796207, 0.0 ], [ -96.803003, 32.795896, 0.0 ], [ -96.803169, 32.796039, 0.0 ], [ -96.802784, 32.796357, 0.0 ], [ -96.802615, 32.796207, 0.0 ] ] ] } },
{ "type": "Feature", "properties": { "dcad_account": "00000105442000000", "address": "723 N PEARL ST", "property_name": "PARKING", "owner": "ERIUS ACQUISITION PROPCO 3 LLC", "group": "parking", "where": "Downtown", "acres": 0.38, "land_value": 1986600, "improvement_value": 0, "land_psf": 120.0, "improvement_to_land": 0.0, "deed_date": "06/20/2023", "feet_to_klyde_warren": 1690.0, "street_view": "https://www.google.com/maps/@?api=1&map_action=pano&viewpoint=32.786573,-96.796474" }, "geometry": { "type": "Polygon", "coordinates": [ [ [ -96.796162, 32.786642, 0.0 ], [ -96.796404, 32.786438, 0.0 ], [ -96.796545, 32.786319, 0.0 ], [ -96.796758, 32.7865, 0.0 ], [ -96.796774, 32.786514, 0.0 ], [ -96.796634, 32.786632, 0.0 ], [ -96.796395, 32.786834, 0.0 ], [ -96.796162, 32.786642, 0.0 ] ] ] } },
{ "type": "Feature", "properties": { "dcad_account": "000073000A01C0000", "address": "1 S AKARD ST", "property_name": "PARKING", "owner": "HPI GSA 2D LLC", "group": "parking", "where": "Downtown", "acres": 0.474, "land_value": 1961360, "improvement_value": 0, "land_psf": 95.08, "improvement_to_land": 0.0, "deed_date": "06/21/2017", "feet_to_klyde_warren": 3728.0, "street_view": "https://www.google.com/maps/@?api=1&map_action=pano&viewpoint=32.778117,-96.799292" }, "geometry": { "type": "Polygon", "coordinates": [ [ [ -96.799014, 32.777945, 0.0 ], [ -96.799405, 32.777852, 0.0 ], [ -96.799569, 32.778289, 0.0 ], [ -96.799175, 32.778374, 0.0 ], [ -96.799014, 32.777945, 0.0 ] ] ] } },
{ "type": "Feature", "properties": { "dcad_account": "00000112636000200", "address": "2219 ROSS AVE", "property_name": "CATHEDRAL GUADALUPE PARKING GARAGE", "owner": "CSG RC", "group": "parking", "where": "Downtown", "acres": 0.369, "land_value": 1956000, "improvement_value": 105000, "land_psf": 121.55, "improvement_to_land": 0.05, "deed_date": "04/15/2020", "feet_to_klyde_warren": 835.0, "street_view": "https://www.google.com/maps/@?api=1&map_action=pano&viewpoint=32.788782,-96.797597" }, "geometry": { "type": "Polygon", "coordinates": [ [ [ -96.797745, 32.788732, 0.0 ], [ -96.79774, 32.788745, 0.0 ], [ -96.797841, 32.788825, 0.0 ], [ -96.797848, 32.788818, 0.0 ], [ -96.797944, 32.788893, 0.0 ], [ -96.797924, 32.788911, 0.0 ], [ -96.79791, 32.788909, 0.0 ], [ -96.797846, 32.788968, 0.0 ], [ -96.797846, 32.788993, 0.0 ], [ -96.797775, 32.789058, 0.0 ], [ -96.797761, 32.789071, 0.0 ], [ -96.797305, 32.788698, 0.0 ], [ -96.7975, 32.788532, 0.0 ], [ -96.797745, 32.788732, 0.0 ] ] ] } },
{ "type": "Feature", "properties": { "dcad_account": "000261000A02C0000", "address": "2 ROSS AVE", "property_name": "VACANT", "owner": "2500 ROSS DEVELOPMENT LP", "group": "parking", "where": "Downtown", "acres": 0.388, "land_value": 1953620, "improvement_value": 0, "land_psf": 115.46, "improvement_to_land": 0.0, "deed_date": "12/20/2021", "feet_to_klyde_warren": 1393.0, "street_view": "https://www.google.com/maps/@?api=1&map_action=pano&viewpoint=32.789631,-96.795305" }, "geometry": { "type": "Polygon", "coordinates": [ [ [ -96.795199, 32.789634, 0.0 ], [ -96.795213, 32.78962, 0.0 ], [ -96.795229, 32.789608, 0.0 ], [ -96.795248, 32.789599, 0.0 ], [ -96.795268, 32.789592, 0.0 ], [ -96.795289, 32.789589, 0.0 ], [ -96.795311, 32.789588, 0.0 ], [ -96.795332, 32.78959, 0.0 ], [ -96.795353, 32.789595, 0.0 ], [ -96.795372, 32.789603, 0.0 ], [ -96.79539, 32.789614, 0.0 ], [ -96.795405, 32.789627, 0.0 ], [ -96.795418, 32.789642, 0.0 ], [ -96.795427, 32.789658, 0.0 ], [ -96.795433, 32.789675, 0.0 ], [ -96.795521, 32.789691, 0.0 ], [ -96.795531, 32.789693, 0.0 ], [ -96.79554, 32.789697, 0.0 ], [ -96.795549, 32.789701, 0.0 ], [ -96.795556, 32.789707, 0.0 ], [ -96.795653, 32.789791, 0.0 ], [ -96.79557, 32.789861, 0.0 ], [ -96.7955, 32.7898, 0.0 ], [ -96.795492, 32.789794, 0.0 ], [ -96.795483, 32.78979, 0.0 ], [ -96.795474, 32.789786, 0.0 ], [ -96.795464, 32.789784, 0.0 ], [ -96.795436, 32.789781, 0.0 ], [ -96.795427, 32.78982, 0.0 ], [ -96.795413, 32.789859, 0.0 ], [ -96.795393, 32.789896, 0.0 ], [ -96.795369, 32.789931, 0.0 ], [ -96.795361, 32.78994, 0.0 ], [ -96.795351, 32.789948, 0.0 ], [ -96.795339, 32.789954, 0.0 ], [ -96.795327, 32.789959, 0.0 ], [ -96.795314, 32.789962, 0.0 ], [ -96.7953, 32.789962, 0.0 ], [ -96.795286, 32.789961, 0.0 ], [ -96.795273, 32.789958, 0.0 ], [ -96.795261, 32.789953, 0.0 ], [ -96.79525, 32.789947, 0.0 ], [ -96.79524, 32.789938, 0.0 ], [ -96.795232, 32.789929, 0.0 ], [ -96.795206, 32.78989, 0.0 ], [ -96.795186, 32.789848, 0.0 ], [ -96.795173, 32.789804, 0.0 ], [ -96.795166, 32.789759, 0.0 ], [ -96.795166, 32.789714, 0.0 ], [ -96.795045, 32.789692, 0.0 ], [ -96.79484, 32.789597, 0.0 ], [ -96.794549, 32.789345, 0.0 ], [ -96.794605, 32.789298, 0.0 ], [ -96.794895, 32.78955, 0.0 ], [ -96.79506, 32.789627, 0.0 ], [ -96.795188, 32.78965, 0.0 ], [ -96.795199, 32.789634, 0.0 ] ] ] } },
{ "type": "Feature", "properties": { "dcad_account": "00000136465000000", "address": "3103 LEMMON AVE", "property_name": "HOOK LINE & SINKER", "owner": "AJM LEMMON LLC", "group": "building", "where": "North of Woodall Rodgers", "acres": 0.29, "land_value": 1932600, "improvement_value": 323100, "land_psf": 152.91, "improvement_to_land": 0.17, "deed_date": "10/19/2017", "feet_to_klyde_warren": 5491.0, "street_view": "https://www.google.com/maps/@?api=1&map_action=pano&viewpoint=32.805927,-96.798705" }, "geometry": { "type": "Polygon", "coordinates": [ [ [ -96.798933, 32.80605, 0.0 ], [ -96.798924, 32.806063, 0.0 ], [ -96.798854, 32.80617, 0.0 ], [ -96.798845, 32.806184, 0.0 ], [ -96.798445, 32.805853, 0.0 ], [ -96.798566, 32.805669, 0.0 ], [ -96.798965, 32.806001, 0.0 ], [ -96.798933, 32.80605, 0.0 ] ] ] } },
{ "type": "Feature", "properties": { "dcad_account": "00000136396000000", "address": "3312 MCKINNEY AVE", "property_name": "BREAD WINNERSPARKING/3301 MCKINNEY 0-136489-0", "owner": "3312 MCKINNEY AVENUE LLC", "group": "parking", "where": "North of Woodall Rodgers", "acres": 0.295, "land_value": 1916400, "improvement_value": 0, "land_psf": 149.34, "improvement_to_land": 0.0, "deed_date": "10/03/2022", "feet_to_klyde_warren": 4981.0, "street_view": "https://www.google.com/maps/@?api=1&map_action=pano&viewpoint=32.804549,-96.798789" }, "geometry": { "type": "Polygon", "coordinates": [ [ [ -96.798535, 32.804461, 0.0 ], [ -96.798321, 32.804271, 0.0 ], [ -96.798362, 32.804234, 0.0 ], [ -96.798528, 32.804386, 0.0 ], [ -96.798617, 32.804313, 0.0 ], [ -96.798639, 32.804295, 0.0 ], [ -96.798651, 32.804305, 0.0 ], [ -96.798669, 32.80432, 0.0 ], [ -96.799032, 32.804636, 0.0 ], [ -96.798926, 32.804795, 0.0 ], [ -96.798547, 32.80446, 0.0 ], [ -96.798535, 32.804461, 0.0 ] ] ] } },
{ "type": "Feature", "properties": { "dcad_account": "00000102703000000", "address": "2018 CADIZ ST", "property_name": "RUIBALS PLANTS OF TEXAS", "owner": "CADIZ STREET PPTIES LTD", "group": "building", "where": "Downtown", "acres": 0.625, "land_value": 1905750, "improvement_value": 10000, "land_psf": 69.98, "improvement_to_land": 0.0, "deed_date": "05/03/2002", "feet_to_klyde_warren": 5039.0, "street_view": "https://www.google.com/maps/@?api=1&map_action=pano&viewpoint=32.778210,-96.790936" }, "geometry": { "type": "Polygon", "coordinates": [ [ [ -96.79049, 32.778398, 0.0 ], [ -96.790406, 32.778418, 0.0 ], [ -96.790238, 32.778457, 0.0 ], [ -96.790129, 32.77833, 0.0 ], [ -96.791288, 32.778061, 0.0 ], [ -96.791312, 32.778041, 0.0 ], [ -96.79137, 32.778089, 0.0 ], [ -96.79102, 32.778378, 0.0 ], [ -96.790933, 32.778436, 0.0 ], [ -96.790736, 32.778558, 0.0 ], [ -96.790732, 32.778553, 0.0 ], [ -96.790727, 32.778557, 0.0 ], [ -96.790574, 32.778379, 0.0 ], [ -96.79049, 32.778398, 0.0 ] ] ] } },
{ "type": "Feature", "properties": { "dcad_account": "00000135415000000", "address": "2907 ROUTH ST", "property_name": "*100% VAC* 2907 ROUTH", "owner": "ROYAL 2500 CEDAR SPRINGS LLC", "group": "parking", "where": "North of Woodall Rodgers", "acres": 0.232, "land_value": 1890000, "improvement_value": 10000, "land_psf": 187.29, "improvement_to_land": 0.0, "deed_date": "03/27/2024", "feet_to_klyde_warren": 3168.0, "street_view": "https://www.google.com/maps/@?api=1&map_action=pano&viewpoint=32.798766,-96.804966" }, "geometry": { "type": "Polygon", "coordinates": [ [ [ -96.804747, 32.798829, 0.0 ], [ -96.805048, 32.798588, 0.0 ], [ -96.805149, 32.798507, 0.0 ], [ -96.805286, 32.798622, 0.0 ], [ -96.805185, 32.798703, 0.0 ], [ -96.804884, 32.798944, 0.0 ], [ -96.804747, 32.798829, 0.0 ] ] ] } },
{ "type": "Feature", "properties": { "dcad_account": "00000135421000000", "address": "2821 ROUTH ST", "property_name": "SPINAL WORKS", "owner": "ROYAL 2500 CEDAR SPRINGS LLC", "group": "parking", "where": "North of Woodall Rodgers", "acres": 0.239, "land_value": 1890000, "improvement_value": 10000, "land_psf": 181.77, "improvement_to_land": 0.0, "deed_date": "03/27/2024", "feet_to_klyde_warren": 3055.0, "street_view": "https://www.google.com/maps/@?api=1&map_action=pano&viewpoint=32.798494,-96.804744" }, "geometry": { "type": "Polygon", "coordinates": [ [ [ -96.804472, 32.798595, 0.0 ], [ -96.804874, 32.798274, 0.0 ], [ -96.805015, 32.798393, 0.0 ], [ -96.804613, 32.798715, 0.0 ], [ -96.804472, 32.798595, 0.0 ] ] ] } },
{ "type": "Feature", "properties": { "dcad_account": "00000112331000000", "address": "1901 N AKARD ST", "property_name": "CUMBERLAND SCHOOL BUILDING", "owner": "CLEMENTS FOUNDATION", "group": "building", "where": "Downtown", "acres": 0.889, "land_value": 1888780, "improvement_value": 211220, "land_psf": 48.78, "improvement_to_land": 0.11, "deed_date": "01/11/2011", "feet_to_klyde_warren": 313.0, "street_view": "https://www.google.com/maps/@?api=1&map_action=pano&viewpoint=32.787009,-96.803006" }, "geometry": { "type": "Polygon", "coordinates": [ [ [ -96.802595, 32.786804, 0.0 ], [ -96.802596, 32.786803, 0.0 ], [ -96.802631, 32.786761, 0.0 ], [ -96.802665, 32.786723, 0.0 ], [ -96.802702, 32.786686, 0.0 ], [ -96.802738, 32.786653, 0.0 ], [ -96.80274, 32.786652, 0.0 ], [ -96.80276, 32.786636, 0.0 ], [ -96.802868, 32.786728, 0.0 ], [ -96.802907, 32.786736, 0.0 ], [ -96.802949, 32.786747, 0.0 ], [ -96.802992, 32.786763, 0.0 ], [ -96.803032, 32.786784, 0.0 ], [ -96.803066, 32.78681, 0.0 ], [ -96.803487, 32.787192, 0.0 ], [ -96.803417, 32.78725, 0.0 ], [ -96.803139, 32.78748, 0.0 ], [ -96.803099, 32.787478, 0.0 ], [ -96.802581, 32.786825, 0.0 ], [ -96.802595, 32.786804, 0.0 ] ] ] } },
{ "type": "Feature", "properties": { "dcad_account": "00000113455000000", "address": "2710 MCKINNEY AVE", "property_name": "LAND ONLY", "owner": "2700 MCKINNEY DALLAS PARTNERS", "group": "vacant", "where": "North of Woodall Rodgers", "acres": 0.25, "land_value": 1882830, "improvement_value": 0, "land_psf": 172.57, "improvement_to_land": 0.0, "deed_date": "10/19/2018", "feet_to_klyde_warren": 2520.0, "street_view": "https://www.google.com/maps/@?api=1&map_action=pano&viewpoint=32.797764,-96.800981" }, "geometry": { "type": "Polygon", "coordinates": [ [ [ -96.800831, 32.797601, 0.0 ], [ -96.801235, 32.797746, 0.0 ], [ -96.801177, 32.797955, 0.0 ], [ -96.800754, 32.797796, 0.0 ], [ -96.80072, 32.797782, 0.0 ], [ -96.800831, 32.797601, 0.0 ] ] ] } },
{ "type": "Feature", "properties": { "dcad_account": "00000135307000000", "address": "2425 MCKINNEY AVE", "property_name": "GOLDS GYM", "owner": "MURPHY PLAZA LLC", "group": "building", "where": "North of Woodall Rodgers", "acres": 0.241, "land_value": 1868130, "improvement_value": 200000, "land_psf": 178.28, "improvement_to_land": 0.11, "deed_date": "09/07/2011", "feet_to_klyde_warren": 1602.0, "street_view": "https://www.google.com/maps/@?api=1&map_action=pano&viewpoint=32.795119,-96.802471" }, "geometry": { "type": "Polygon", "coordinates": [ [ [ -96.802702, 32.795177, 0.0 ], [ -96.80254, 32.795312, 0.0 ], [ -96.80224, 32.795061, 0.0 ], [ -96.802309, 32.794849, 0.0 ], [ -96.802702, 32.795177, 0.0 ] ] ] } },
{ "type": "Feature", "properties": { "dcad_account": "001003000201A0500", "address": "1400 ALAMO ST", "property_name": "VACANT", "owner": "PR GENESIS KATY LP", "group": "vacant", "where": "North of Woodall Rodgers", "acres": 0.268, "land_value": 1867840, "improvement_value": 0, "land_psf": 160.23, "improvement_to_land": 0.0, "deed_date": "08/14/2015", "feet_to_klyde_warren": 3611.0, "street_view": "https://www.google.com/maps/@?api=1&map_action=pano&viewpoint=32.794604,-96.813311" }, "geometry": { "type": "Polygon", "coordinates": [ [ [ -96.812915, 32.794042, 0.0 ], [ -96.813537, 32.794797, 0.0 ], [ -96.813452, 32.794782, 0.0 ], [ -96.813489, 32.794908, 0.0 ], [ -96.813102, 32.794426, 0.0 ], [ -96.812783, 32.794029, 0.0 ], [ -96.812931, 32.793991, 0.0 ], [ -96.812915, 32.794042, 0.0 ] ] ] } },
{ "type": "Feature", "properties": { "dcad_account": "00000135397000000", "address": "2723 FAIRMOUNT ST", "property_name": "SHAW ATTY AT LAW", "owner": "SHAW COMMERICAL LLC", "group": "building", "where": "North of Woodall Rodgers", "acres": 0.248, "land_value": 1863200, "improvement_value": 94800, "land_psf": 172.65, "improvement_to_land": 0.05, "deed_date": "02/20/2025", "feet_to_klyde_warren": 2563.0, "street_view": "https://www.google.com/maps/@?api=1&map_action=pano&viewpoint=32.796932,-96.804833" }, "geometry": { "type": "Polygon", "coordinates": [ [ [ -96.804931, 32.796715, 0.0 ], [ -96.805092, 32.796851, 0.0 ], [ -96.804735, 32.797149, 0.0 ], [ -96.804574, 32.797014, 0.0 ], [ -96.804931, 32.796715, 0.0 ] ] ] } },
{ "type": "Feature", "properties": { "dcad_account": "00000138643000000", "address": "2710 OAK LAWN AVE", "property_name": "CANCER SUPPORT COMMUNITY", "owner": "GOODSON ACURA OF DALLAS LLC", "group": "building", "where": "North of Woodall Rodgers", "acres": 0.505, "land_value": 1854790, "improvement_value": 318210, "land_psf": 84.32, "improvement_to_land": 0.17, "deed_date": "03/27/2013", "feet_to_klyde_warren": 6338.0, "street_view": "https://www.google.com/maps/@?api=1&map_action=pano&viewpoint=32.806084,-96.811428" }, "geometry": { "type": "Polygon", "coordinates": [ [ [ -96.810914, 32.805846, 0.0 ], [ -96.810894, 32.805829, 0.0 ], [ -96.811015, 32.805732, 0.0 ], [ -96.811346, 32.806024, 0.0 ], [ -96.811347, 32.806024, 0.0 ], [ -96.811354, 32.806019, 0.0 ], [ -96.811358, 32.806016, 0.0 ], [ -96.811361, 32.806014, 0.0 ], [ -96.811465, 32.80593, 0.0 ], [ -96.811466, 32.805929, 0.0 ], [ -96.811471, 32.805925, 0.0 ], [ -96.81148, 32.805918, 0.0 ], [ -96.811781, 32.806182, 0.0 ], [ -96.811774, 32.806187, 0.0 ], [ -96.81166, 32.806281, 0.0 ], [ -96.81166, 32.806291, 0.0 ], [ -96.811538, 32.806393, 0.0 ], [ -96.811524, 32.806381, 0.0 ], [ -96.811255, 32.806145, 0.0 ], [ -96.810914, 32.805846, 0.0 ] ] ] } },
{ "type": "Feature", "properties": { "dcad_account": "00000106849000000", "address": "2200 ALAMO ST", "property_name": "PARKING LOT", "owner": "FIREBIRD DOWNTOWN INC &", "group": "parking", "where": "North of Woodall Rodgers", "acres": 0.257, "land_value": 1848660, "improvement_value": 0, "land_psf": 165.18, "improvement_to_land": 0.0, "deed_date": "04/02/2019", "feet_to_klyde_warren": 765.0, "street_view": "https://www.google.com/maps/@?api=1&map_action=pano&viewpoint=32.787964,-96.805558" }, "geometry": { "type": "Polygon", "coordinates": [ [ [ -96.805454, 32.788073, 0.0 ], [ -96.805316, 32.787952, 0.0 ], [ -96.805506, 32.787794, 0.0 ], [ -96.805548, 32.787758, 0.0 ], [ -96.8058, 32.787976, 0.0 ], [ -96.80557, 32.788174, 0.0 ], [ -96.805566, 32.78817, 0.0 ], [ -96.805454, 32.788073, 0.0 ] ] ] } },
{ "type": "Feature", "properties": { "dcad_account": "00000138391000000", "address": "3503 FAIRMOUNT ST", "property_name": "VACANT", "owner": "MM TURTLE CREEK LLC", "group": "vacant", "where": "North of Woodall Rodgers", "acres": 0.352, "land_value": 1840440, "improvement_value": 0, "land_psf": 119.98, "improvement_to_land": 0.0, "deed_date": "08/09/2021", "feet_to_klyde_warren": 5225.0, "street_view": "https://www.google.com/maps/@?api=1&map_action=pano&viewpoint=32.802210,-96.811096" }, "geometry": { "type": "Polygon", "coordinates": [ [ [ -96.810799, 32.802258, 0.0 ], [ -96.811134, 32.801977, 0.0 ], [ -96.811396, 32.802162, 0.0 ], [ -96.811027, 32.802453, 0.0 ], [ -96.810799, 32.802258, 0.0 ] ] ] } },
{ "type": "Feature", "properties": { "dcad_account": "00000135433000000", "address": "2813 ROUTH ST", "property_name": "PARKING LOT", "owner": "ROYAL 2500 CEDAR SPRINGS LLC", "group": "parking", "where": "North of Woodall Rodgers", "acres": 0.226, "land_value": 1837500, "improvement_value": 0, "land_psf": 187.03, "improvement_to_land": 0.0, "deed_date": "03/27/2024", "feet_to_klyde_warren": 2945.0, "street_view": "https://www.google.com/maps/@?api=1&map_action=pano&viewpoint=32.798263,-96.804470" }, "geometry": { "type": "Polygon", "coordinates": [ [ [ -96.804203, 32.798367, 0.0 ], [ -96.804604, 32.798046, 0.0 ], [ -96.804737, 32.798159, 0.0 ], [ -96.804336, 32.79848, 0.0 ], [ -96.804203, 32.798367, 0.0 ] ] ] } },
{ "type": "Feature", "properties": { "dcad_account": "00000135430000000", "address": "2817 ROUTH ST", "property_name": "CEDAR SPRINGS RETAIL PARKING", "owner": "ROYAL 2500 CEDAR SPRINGS LLC", "group": "parking", "where": "North of Woodall Rodgers", "acres": 0.231, "land_value": 1837500, "improvement_value": 0, "land_psf": 182.46, "improvement_to_land": 0.0, "deed_date": "03/27/2024", "feet_to_klyde_warren": 2999.0, "street_view": "https://www.google.com/maps/@?api=1&map_action=pano&viewpoint=32.798377,-96.804605" }, "geometry": { "type": "Polygon", "coordinates": [ [ [ -96.804737, 32.798159, 0.0 ], [ -96.804874, 32.798274, 0.0 ], [ -96.804472, 32.798595, 0.0 ], [ -96.804336, 32.79848, 0.0 ], [ -96.804737, 32.798159, 0.0 ] ] ] } },
{ "type": "Feature", "properties": { "dcad_account": "00000135418000000", "address": "2901 ROUTH ST", "property_name": "CEDAR SPRINGS RETAIL PARKING", "owner": "ROYAL 2500 CEDAR SPRINGS LLC", "group": "parking", "where": "North of Woodall Rodgers", "acres": 0.228, "land_value": 1837500, "improvement_value": 0, "land_psf": 184.74, "improvement_to_land": 0.0, "deed_date": "03/27/2024", "feet_to_klyde_warren": 3113.0, "street_view": "https://www.google.com/maps/@?api=1&map_action=pano&viewpoint=32.798652,-96.804830" }, "geometry": { "type": "Polygon", "coordinates": [ [ [ -96.805149, 32.798507, 0.0 ], [ -96.805048, 32.798588, 0.0 ], [ -96.804747, 32.798829, 0.0 ], [ -96.804613, 32.798715, 0.0 ], [ -96.805015, 32.798393, 0.0 ], [ -96.805149, 32.798507, 0.0 ] ] ] } },
{ "type": "Feature", "properties": { "dcad_account": "00000135133000000", "address": "3004 FAIRMOUNT ST", "property_name": "LAND ONLY", "owner": "ALAMO MANHATTAN FAIRMOUNT LLC", "group": "vacant", "where": "North of Woodall Rodgers", "acres": 0.241, "land_value": 1831030, "improvement_value": 0, "land_psf": 174.38, "improvement_to_land": 0.0, "deed_date": "05/20/2015", "feet_to_klyde_warren": 3492.0, "street_view": "https://www.google.com/maps/@?api=1&map_action=pano&viewpoint=32.799122,-96.806389" }, "geometry": { "type": "Polygon", "coordinates": [ [ [ -96.806559, 32.798915, 0.0 ], [ -96.806664, 32.799001, 0.0 ], [ -96.806651, 32.799013, 0.0 ], [ -96.806268, 32.799346, 0.0 ], [ -96.806163, 32.79926, 0.0 ], [ -96.806128, 32.799231, 0.0 ], [ -96.806524, 32.798886, 0.0 ], [ -96.806559, 32.798915, 0.0 ] ] ] } },
{ "type": "Feature", "properties": { "dcad_account": "00000138262000000", "address": "2604 OAK LAWN AVE", "property_name": "ZAGUAN WORLD BAKERY & CAFE", "owner": "BERLIN GAIL M &", "group": "building", "where": "North of Woodall Rodgers", "acres": 0.477, "land_value": 1823250, "improvement_value": 376750, "land_psf": 87.72, "improvement_to_land": 0.21, "deed_date": "07/30/2002", "feet_to_klyde_warren": 6397.0, "street_view": "https://www.google.com/maps/@?api=1&map_action=pano&viewpoint=32.805437,-96.812393" }, "geometry": { "type": "Polygon", "coordinates": [ [ [ -96.812468, 32.805147, 0.0 ], [ -96.812713, 32.805363, 0.0 ], [ -96.81271, 32.805417, 0.0 ], [ -96.812617, 32.805491, 0.0 ], [ -96.812603, 32.805502, 0.0 ], [ -96.812486, 32.805593, 0.0 ], [ -96.81235, 32.8057, 0.0 ], [ -96.812311, 32.805731, 0.0 ], [ -96.812278, 32.805699, 0.0 ], [ -96.81229, 32.805661, 0.0 ], [ -96.812068, 32.805463, 0.0 ], [ -96.812076, 32.805457, 0.0 ], [ -96.812213, 32.805349, 0.0 ], [ -96.812332, 32.805255, 0.0 ], [ -96.812344, 32.805245, 0.0 ], [ -96.812468, 32.805147, 0.0 ] ] ] } },
{ "type": "Feature", "properties": { "dcad_account": "00000134521000000", "address": "3009 MCKINNON ST", "property_name": "LAND ONLY", "owner": "ONE HARWOOD BLVD LTD", "group": "vacant", "where": "North of Woodall Rodgers", "acres": 0.254, "land_value": 1800000, "improvement_value": 0, "land_psf": 162.87, "improvement_to_land": 0.0, "deed_date": "12/15/2006", "feet_to_klyde_warren": 3458.0, "street_view": "https://www.google.com/maps/@?api=1&map_action=pano&viewpoint=32.796343,-96.810062" }, "geometry": { "type": "Polygon", "coordinates": [ [ [ -96.810042, 32.796544, 0.0 ], [ -96.809932, 32.796452, 0.0 ], [ -96.809817, 32.796356, 0.0 ], [ -96.810083, 32.796138, 0.0 ], [ -96.810196, 32.796237, 0.0 ], [ -96.810308, 32.79633, 0.0 ], [ -96.810059, 32.796531, 0.0 ], [ -96.810042, 32.796544, 0.0 ] ] ] } },
{ "type": "Feature", "properties": { "dcad_account": "00000100414000000", "address": "903 JACKSON ST", "property_name": "PARKING", "owner": "DALLAS MAIN LP", "group": "parking", "where": "Downtown", "acres": 0.344, "land_value": 1800000, "improvement_value": 0, "land_psf": 120.0, "improvement_to_land": 0.0, "deed_date": "08/03/2006", "feet_to_klyde_warren": 3453.0, "street_view": "https://www.google.com/maps/@?api=1&map_action=pano&viewpoint=32.778481,-96.803728" }, "geometry": { "type": "Polygon", "coordinates": [ [ [ -96.803688, 32.778772, 0.0 ], [ -96.80361, 32.778505, 0.0 ], [ -96.803531, 32.778238, 0.0 ], [ -96.80361, 32.778222, 0.0 ], [ -96.803768, 32.778189, 0.0 ], [ -96.803847, 32.778456, 0.0 ], [ -96.803925, 32.778723, 0.0 ], [ -96.803767, 32.778755, 0.0 ], [ -96.803688, 32.778772, 0.0 ] ] ] } },
{ "type": "Feature", "properties": { "dcad_account": "CONDO00C1135CONDO", "address": "3230 COLE AVE", "property_name": "", "owner": "9 condo or unit accounts", "group": "building", "where": "North of Woodall Rodgers", "acres": 0.538, "land_value": 1797970, "improvement_value": 638960, "land_psf": 76.67, "improvement_to_land": 0.36, "deed_date": "", "feet_to_klyde_warren": 4952.0, "street_view": "https://www.google.com/maps/@?api=1&map_action=pano&viewpoint=32.804604,-96.800218" }, "geometry": { "type": "Polygon", "coordinates": [ [ [ -96.800487, 32.804615, 0.0 ], [ -96.800417, 32.804724, 0.0 ], [ -96.80041, 32.804735, 0.0 ], [ -96.800296, 32.80491, 0.0 ], [ -96.79993, 32.804594, 0.0 ], [ -96.799967, 32.804527, 0.0 ], [ -96.800124, 32.804282, 0.0 ], [ -96.800567, 32.804491, 0.0 ], [ -96.800487, 32.804615, 0.0 ] ] ] } },
{ "type": "Feature", "properties": { "dcad_account": "00000135124000000", "address": "3005 ROUTH ST", "property_name": "AMELIA-CLOSED UNOCCUPIED", "owner": "JEH FAMILY TRUST", "group": "building", "where": "North of Woodall Rodgers", "acres": 0.251, "land_value": 1794090, "improvement_value": 172910, "land_psf": 164.01, "improvement_to_land": 0.1, "deed_date": "08/14/2002", "feet_to_klyde_warren": 3458.0, "street_view": "https://www.google.com/maps/@?api=1&map_action=pano&viewpoint=32.799319,-96.805729" }, "geometry": { "type": "Polygon", "coordinates": [ [ [ -96.805442, 32.799476, 0.0 ], [ -96.805446, 32.799445, 0.0 ], [ -96.805879, 32.799088, 0.0 ], [ -96.80589, 32.799097, 0.0 ], [ -96.806009, 32.799192, 0.0 ], [ -96.805557, 32.799573, 0.0 ], [ -96.805442, 32.799476, 0.0 ] ] ] } },
{ "type": "Feature", "properties": { "dcad_account": "00000104812000000", "address": "611 N FIELD ST", "property_name": "PARKING", "owner": "TANGO RF LLC", "group": "parking", "where": "Downtown", "acres": 0.375, "land_value": 1782450, "improvement_value": 0, "land_psf": 109.16, "improvement_to_land": 0.0, "deed_date": "03/19/2020", "feet_to_klyde_warren": 1514.0, "street_view": "https://www.google.com/maps/@?api=1&map_action=pano&viewpoint=32.783779,-96.802502" }, "geometry": { "type": "Polygon", "coordinates": [ [ [ -96.802409, 32.78386, 0.0 ], [ -96.802172, 32.783647, 0.0 ], [ -96.802185, 32.783636, 0.0 ], [ -96.8023, 32.783537, 0.0 ], [ -96.802359, 32.783486, 0.0 ], [ -96.802596, 32.783699, 0.0 ], [ -96.802794, 32.783878, 0.0 ], [ -96.802791, 32.783881, 0.0 ], [ -96.802741, 32.783933, 0.0 ], [ -96.802638, 32.784041, 0.0 ], [ -96.802625, 32.784054, 0.0 ], [ -96.802409, 32.78386, 0.0 ] ] ] } },
{ "type": "Feature", "properties": { "dcad_account": "00000139079000000", "address": "3530 CEDAR SPRINGS RD", "property_name": "OFFICE", "owner": "DRAGON PARK LP", "group": "building", "where": "North of Woodall Rodgers", "acres": 0.461, "land_value": 1780070, "improvement_value": 15000, "land_psf": 88.68, "improvement_to_land": 0.01, "deed_date": "09/07/2021", "feet_to_klyde_warren": 6397.0, "street_view": "https://www.google.com/maps/@?api=1&map_action=pano&viewpoint=32.807892,-96.806450" }, "geometry": { "type": "Polygon", "coordinates": [ [ [ -96.806189, 32.807825, 0.0 ], [ -96.806549, 32.807536, 0.0 ], [ -96.806558, 32.807543, 0.0 ], [ -96.806814, 32.80774, 0.0 ], [ -96.806365, 32.808112, 0.0 ], [ -96.806408, 32.808146, 0.0 ], [ -96.80637, 32.808178, 0.0 ], [ -96.80621, 32.808055, 0.0 ], [ -96.806222, 32.808045, 0.0 ], [ -96.806341, 32.807951, 0.0 ], [ -96.806198, 32.807833, 0.0 ], [ -96.806189, 32.807825, 0.0 ] ] ] } },
{ "type": "Feature", "properties": { "dcad_account": "00000136483000000", "address": "3317 MCKINNEY AVE", "property_name": "DEAR CLARK HAIR STUDIO***100 % VACANT****", "owner": "PDC INTERESTS LLC", "group": "building", "where": "North of Woodall Rodgers", "acres": 0.272, "land_value": 1777200, "improvement_value": 324440, "land_psf": 149.79, "improvement_to_land": 0.18, "deed_date": "02/25/2011", "feet_to_klyde_warren": 5164.0, "street_view": "https://www.google.com/maps/@?api=1&map_action=pano&viewpoint=32.805065,-96.799257" }, "geometry": { "type": "Polygon", "coordinates": [ [ [ -96.799386, 32.805317, 0.0 ], [ -96.799009, 32.804994, 0.0 ], [ -96.799127, 32.804813, 0.0 ], [ -96.799504, 32.805137, 0.0 ], [ -96.799386, 32.805317, 0.0 ] ] ] } },
{ "type": "Feature", "properties": { "dcad_account": "00000135439000000", "address": "2803 ROUTH ST", "property_name": "PARKING", "owner": "ROYAL 2500 CEDAR SPRINGS LLC", "group": "parking", "where": "North of Woodall Rodgers", "acres": 0.223, "land_value": 1776250, "improvement_value": 0, "land_psf": 182.76, "improvement_to_land": 0.0, "deed_date": "03/27/2024", "feet_to_klyde_warren": 2789.0, "street_view": "https://www.google.com/maps/@?api=1&map_action=pano&viewpoint=32.797934,-96.804083" }, "geometry": { "type": "Polygon", "coordinates": [ [ [ -96.803816, 32.798038, 0.0 ], [ -96.804218, 32.79772, 0.0 ], [ -96.804349, 32.797831, 0.0 ], [ -96.803949, 32.798151, 0.0 ], [ -96.803816, 32.798038, 0.0 ] ] ] } },
{ "type": "Feature", "properties": { "dcad_account": "00000134962000000", "address": "2912 MAPLE AVE", "property_name": "2912 MAPLE", "owner": "MAPLE LLC", "group": "building", "where": "North of Woodall Rodgers", "acres": 0.232, "land_value": 1775200, "improvement_value": 564800, "land_psf": 175.53, "improvement_to_land": 0.32, "deed_date": "06/27/2019", "feet_to_klyde_warren": 3146.0, "street_view": "https://www.google.com/maps/@?api=1&map_action=pano&viewpoint=32.797832,-96.806637" }, "geometry": { "type": "Polygon", "coordinates": [ [ [ -96.806741, 32.797618, 0.0 ], [ -96.806764, 32.797637, 0.0 ], [ -96.806879, 32.797735, 0.0 ], [ -96.806891, 32.797746, 0.0 ], [ -96.806534, 32.798044, 0.0 ], [ -96.806522, 32.798034, 0.0 ], [ -96.806407, 32.797936, 0.0 ], [ -96.806384, 32.797917, 0.0 ], [ -96.806741, 32.797618, 0.0 ] ] ] } },
{ "type": "Feature", "properties": { "dcad_account": "00000136486000000", "address": "3309 MCKINNEY AVE", "property_name": "LYLA", "owner": "RACHOFSKY M J TRUST ETAL", "group": "building", "where": "North of Woodall Rodgers", "acres": 0.281, "land_value": 1765500, "improvement_value": 248500, "land_psf": 144.1, "improvement_to_land": 0.14, "deed_date": "02/17/1948", "feet_to_klyde_warren": 5093.0, "street_view": "https://www.google.com/maps/@?api=1&map_action=pano&viewpoint=32.804880,-96.799375" }, "geometry": { "type": "Polygon", "coordinates": [ [ [ -96.799504, 32.805137, 0.0 ], [ -96.799127, 32.804813, 0.0 ], [ -96.79925, 32.804627, 0.0 ], [ -96.799624, 32.804947, 0.0 ], [ -96.799504, 32.805137, 0.0 ] ] ] } },
{ "type": "Feature", "properties": { "dcad_account": "00000101830000000", "address": "1714 WOOD ST", "property_name": "PARKING", "owner": "RP LOT 9 LP", "group": "parking", "where": "Downtown", "acres": 0.621, "land_value": 1758320, "improvement_value": 0, "land_psf": 64.97, "improvement_to_land": 0.0, "deed_date": "09/25/2006", "feet_to_klyde_warren": 3901.0, "street_view": "https://www.google.com/maps/@?api=1&map_action=pano&viewpoint=32.778941,-96.795583" }, "geometry": { "type": "Polygon", "coordinates": [ [ [ -96.795231, 32.778795, 0.0 ], [ -96.795785, 32.778672, 0.0 ], [ -96.795932, 32.77908, 0.0 ], [ -96.795376, 32.779197, 0.0 ], [ -96.795233, 32.778802, 0.0 ], [ -96.795231, 32.778795, 0.0 ] ] ] } },
{ "type": "Feature", "properties": { "dcad_account": "00000101872000000", "address": "904 S ERVAY ST", "property_name": "MILLET THE PRINTER", "owner": "DISD", "group": "building", "where": "Downtown", "acres": 1.005, "land_value": 1751080, "improvement_value": 280620, "land_psf": 39.98, "improvement_to_land": 0.16, "deed_date": "05/13/2025", "feet_to_klyde_warren": 5278.0, "street_view": "https://www.google.com/maps/@?api=1&map_action=pano&viewpoint=32.775522,-96.793715" }, "geometry": { "type": "Polygon", "coordinates": [ [ [ -96.79365, 32.775411, 0.0 ], [ -96.793543, 32.77532, 0.0 ], [ -96.793789, 32.775112, 0.0 ], [ -96.794099, 32.775376, 0.0 ], [ -96.793433, 32.775934, 0.0 ], [ -96.793144, 32.775689, 0.0 ], [ -96.79313, 32.775677, 0.0 ], [ -96.79319, 32.775627, 0.0 ], [ -96.792888, 32.775368, 0.0 ], [ -96.79305, 32.775233, 0.0 ], [ -96.793082, 32.775261, 0.0 ], [ -96.793076, 32.775265, 0.0 ], [ -96.793446, 32.775573, 0.0 ], [ -96.793571, 32.775466, 0.0 ], [ -96.793577, 32.775471, 0.0 ], [ -96.79365, 32.775411, 0.0 ] ] ] } },
{ "type": "Feature", "properties": { "dcad_account": "00000134455000000", "address": "2830 HARRY HINES BLVD", "property_name": "VACANT LAND", "owner": "HARWOOD NO 16 LLC", "group": "vacant", "where": "North of Woodall Rodgers", "acres": 0.257, "land_value": 1748640, "improvement_value": 0, "land_psf": 156.27, "improvement_to_land": 0.0, "deed_date": "09/11/2025", "feet_to_klyde_warren": 2835.0, "street_view": "https://www.google.com/maps/@?api=1&map_action=pano&viewpoint=32.794368,-96.809510" }, "geometry": { "type": "Polygon", "coordinates": [ [ [ -96.809501, 32.794154, 0.0 ], [ -96.809505, 32.794158, 0.0 ], [ -96.809519, 32.794171, 0.0 ], [ -96.809612, 32.794257, 0.0 ], [ -96.809749, 32.794386, 0.0 ], [ -96.809527, 32.794573, 0.0 ], [ -96.809386, 32.794451, 0.0 ], [ -96.809269, 32.794349, 0.0 ], [ -96.809501, 32.794154, 0.0 ] ] ] } },
{ "type": "Feature", "properties": { "dcad_account": "000970001209A0000", "address": "3219 MCKINNEY AVE", "property_name": "LAND ONLY", "owner": "VC MCKINNEY DALLAS INVEST LLC", "group": "vacant", "where": "North of Woodall Rodgers", "acres": 0.343, "land_value": 1742470, "improvement_value": 0, "land_psf": 116.48, "improvement_to_land": 0.0, "deed_date": "05/26/2017", "feet_to_klyde_warren": 4654.0, "street_view": "https://www.google.com/maps/@?api=1&map_action=pano&viewpoint=32.803680,-96.800172" }, "geometry": { "type": "Polygon", "coordinates": [ [ [ -96.799878, 32.803689, 0.0 ], [ -96.800019, 32.803459, 0.0 ], [ -96.800467, 32.80367, 0.0 ], [ -96.800318, 32.803903, 0.0 ], [ -96.799878, 32.803689, 0.0 ] ] ] } },
{ "type": "Feature", "properties": { "dcad_account": "00000135448000000", "address": "2722 FAIRMOUNT ST", "property_name": "2722 FAIRMOUNT ST", "owner": "VICEROY FAIRMOUNT LP", "group": "building", "where": "North of Woodall Rodgers", "acres": 0.233, "land_value": 1737230, "improvement_value": 100000, "land_psf": 170.98, "improvement_to_land": 0.06, "deed_date": "06/28/2022", "feet_to_klyde_warren": 2622.0, "street_view": "https://www.google.com/maps/@?api=1&map_action=pano&viewpoint=32.797357,-96.804295" }, "geometry": { "type": "Polygon", "coordinates": [ [ [ -96.804437, 32.797132, 0.0 ], [ -96.80456, 32.797238, 0.0 ], [ -96.80456, 32.797257, 0.0 ], [ -96.804163, 32.797574, 0.0 ], [ -96.80403, 32.797457, 0.0 ], [ -96.804437, 32.797132, 0.0 ] ] ] } },
{ "type": "Feature", "properties": { "dcad_account": "00000135403000000", "address": "2812 FAIRMOUNT ST", "property_name": "PARKING LOT", "owner": "ROYAL 2500 CEDAR SPRINGS LLC", "group": "parking", "where": "North of Woodall Rodgers", "acres": 0.234, "land_value": 1732500, "improvement_value": 0, "land_psf": 169.74, "improvement_to_land": 0.0, "deed_date": "03/27/2024", "feet_to_klyde_warren": 2889.0, "street_view": "https://www.google.com/maps/@?api=1&map_action=pano&viewpoint=32.797900,-96.804933" }, "geometry": { "type": "Polygon", "coordinates": [ [ [ -96.80477, 32.798102, 0.0 ], [ -96.80466, 32.798008, 0.0 ], [ -96.805073, 32.797677, 0.0 ], [ -96.805183, 32.797771, 0.0 ], [ -96.805206, 32.797792, 0.0 ], [ -96.804794, 32.798122, 0.0 ], [ -96.80477, 32.798102, 0.0 ] ] ] } },
{ "type": "Feature", "properties": { "dcad_account": "00000106705000000", "address": "2412 CAROLINE ST", "property_name": "PARKING", "owner": "FSR LP", "group": "parking", "where": "North of Woodall Rodgers", "acres": 0.248, "land_value": 1728000, "improvement_value": 0, "land_psf": 160.0, "improvement_to_land": 0.0, "deed_date": "05/11/1999", "feet_to_klyde_warren": 1122.0, "street_view": "https://www.google.com/maps/@?api=1&map_action=pano&viewpoint=32.789823,-96.806528" }, "geometry": { "type": "Polygon", "coordinates": [ [ [ -96.806398, 32.789922, 0.0 ], [ -96.806289, 32.789819, 0.0 ], [ -96.806551, 32.789621, 0.0 ], [ -96.806659, 32.789724, 0.0 ], [ -96.806768, 32.789826, 0.0 ], [ -96.806506, 32.790024, 0.0 ], [ -96.806398, 32.789922, 0.0 ] ] ] } },
{ "type": "Feature", "properties": { "dcad_account": "00000104617000000", "address": "1802 N GRIFFIN ST", "property_name": "P STAR PARKING", "owner": "CHAVEZ LAND INCOME PPTIES", "group": "parking", "where": "Downtown", "acres": 0.346, "land_value": 1726730, "improvement_value": 0, "land_psf": 114.45, "improvement_to_land": 0.0, "deed_date": "08/29/2007", "feet_to_klyde_warren": 1672.0, "street_view": "https://www.google.com/maps/@?api=1&map_action=pano&viewpoint=32.783652,-96.804483" }, "geometry": { "type": "Polygon", "coordinates": [ [ [ -96.804386, 32.78388, 0.0 ], [ -96.804215, 32.783723, 0.0 ], [ -96.80439, 32.78358, 0.0 ], [ -96.804669, 32.78335, 0.0 ], [ -96.80484, 32.783507, 0.0 ], [ -96.804561, 32.783736, 0.0 ], [ -96.804386, 32.78388, 0.0 ] ] ] } },
{ "type": "Feature", "properties": { "dcad_account": "0005770A000010000", "address": "2801 WOODSIDE ST", "property_name": "2801 WOODSIDE (32% UNOCCUPIED)", "owner": "WOODSIDE LTD LLC", "group": "building", "where": "North of Woodall Rodgers", "acres": 0.397, "land_value": 1720200, "improvement_value": 504900, "land_psf": 99.35, "improvement_to_land": 0.29, "deed_date": "04/29/2014", "feet_to_klyde_warren": 2603.0, "street_view": "https://www.google.com/maps/@?api=1&map_action=pano&viewpoint=32.798085,-96.800293" }, "geometry": { "type": "Polygon", "coordinates": [ [ [ -96.80033, 32.798345, 0.0 ], [ -96.800284, 32.798306, 0.0 ], [ -96.800233, 32.798256, 0.0 ], [ -96.799989, 32.79805, 0.0 ], [ -96.800255, 32.797824, 0.0 ], [ -96.800596, 32.798119, 0.0 ], [ -96.80033, 32.798345, 0.0 ] ] ] } },
{ "type": "Feature", "properties": { "dcad_account": "00000106027000000", "address": "2603 SAN JACINTO ST", "property_name": "DUNLAP SWAIN", "owner": "SWAIN BEVERLY TONEY GST", "group": "building", "where": "Downtown", "acres": 0.348, "land_value": 1713470, "improvement_value": 236530, "land_psf": 112.92, "improvement_to_land": 0.14, "deed_date": "06/07/2018", "feet_to_klyde_warren": 1814.0, "street_view": "https://www.google.com/maps/@?api=1&map_action=pano&viewpoint=32.790207,-96.793947" }, "geometry": { "type": "Polygon", "coordinates": [ [ [ -96.793828, 32.789945, 0.0 ], [ -96.794254, 32.79031, 0.0 ], [ -96.794086, 32.790443, 0.0 ], [ -96.794061, 32.790465, 0.0 ], [ -96.793639, 32.790104, 0.0 ], [ -96.793828, 32.789945, 0.0 ] ] ] } },
{ "type": "Feature", "properties": { "dcad_account": "00000135394000000", "address": "2719 FAIRMOUNT ST", "property_name": "CONSIGNMENT STORE", "owner": "SHAW EVAN L", "group": "building", "where": "North of Woodall Rodgers", "acres": 0.235, "land_value": 1712860, "improvement_value": 120000, "land_psf": 167.08, "improvement_to_land": 0.07, "deed_date": "03/10/2017", "feet_to_klyde_warren": 2498.0, "street_view": "https://www.google.com/maps/@?api=1&map_action=pano&viewpoint=32.796801,-96.804675" }, "geometry": { "type": "Polygon", "coordinates": [ [ [ -96.804433, 32.796896, 0.0 ], [ -96.80442, 32.796886, 0.0 ], [ -96.804777, 32.796587, 0.0 ], [ -96.80479, 32.796598, 0.0 ], [ -96.804908, 32.796696, 0.0 ], [ -96.804931, 32.796715, 0.0 ], [ -96.804574, 32.797014, 0.0 ], [ -96.804551, 32.796995, 0.0 ], [ -96.804433, 32.796896, 0.0 ] ] ] } },
{ "type": "Feature", "properties": { "dcad_account": "00000138724000000", "address": "2919 WELBORN ST", "property_name": "SYNERGY PHYSICAL THERAPY", "owner": "CONNATSER REALTY LLC", "group": "building", "where": "North of Woodall Rodgers", "acres": 0.452, "land_value": 1706460, "improvement_value": 668540, "land_psf": 86.72, "improvement_to_land": 0.39, "deed_date": "11/13/2019", "feet_to_klyde_warren": 6553.0, "street_view": "https://www.google.com/maps/@?api=1&map_action=pano&viewpoint=32.807399,-96.809337" }, "geometry": { "type": "Polygon", "coordinates": [ [ [ -96.809463, 32.807573, 0.0 ], [ -96.809353, 32.80766, 0.0 ], [ -96.809346, 32.807654, 0.0 ], [ -96.809191, 32.807532, 0.0 ], [ -96.809189, 32.80753, 0.0 ], [ -96.809009, 32.807388, 0.0 ], [ -96.809044, 32.807359, 0.0 ], [ -96.809198, 32.807235, 0.0 ], [ -96.809233, 32.807207, 0.0 ], [ -96.809337, 32.807122, 0.0 ], [ -96.809484, 32.807251, 0.0 ], [ -96.809552, 32.807311, 0.0 ], [ -96.809664, 32.80741, 0.0 ], [ -96.80962, 32.807445, 0.0 ], [ -96.809558, 32.807494, 0.0 ], [ -96.809524, 32.807523, 0.0 ], [ -96.809498, 32.807545, 0.0 ], [ -96.809463, 32.807573, 0.0 ] ] ] } },
{ "type": "Feature", "properties": { "dcad_account": "00000135370000000", "address": "2611 FAIRMOUNT ST", "property_name": "LINK ARTISTS RESOURCES/ DIKE FINE ART", "owner": "DCMS FOUNDATION", "group": "building", "where": "North of Woodall Rodgers", "acres": 0.23, "land_value": 1706120, "improvement_value": 593880, "land_psf": 170.01, "improvement_to_land": 0.35, "deed_date": "06/15/2022", "feet_to_klyde_warren": 2224.0, "street_view": "https://www.google.com/maps/@?api=1&map_action=pano&viewpoint=32.796249,-96.804016" }, "geometry": { "type": "Polygon", "coordinates": [ [ [ -96.803762, 32.796335, 0.0 ], [ -96.80412, 32.796037, 0.0 ], [ -96.804212, 32.796114, 0.0 ], [ -96.80427, 32.796162, 0.0 ], [ -96.803913, 32.796461, 0.0 ], [ -96.803855, 32.796413, 0.0 ], [ -96.803762, 32.796335, 0.0 ] ] ] } },
{ "type": "Feature", "properties": { "dcad_account": "00000135382000000", "address": "2707 FAIRMOUNT ST", "property_name": "BLUE PRINT", "owner": "MAPLE MARKETING CORP", "group": "building", "where": "North of Woodall Rodgers", "acres": 0.228, "land_value": 1706120, "improvement_value": 393880, "land_psf": 172.06, "improvement_to_land": 0.23, "deed_date": "04/02/2010", "feet_to_klyde_warren": 2344.0, "street_view": "https://www.google.com/maps/@?api=1&map_action=pano&viewpoint=32.796488,-96.804305" }, "geometry": { "type": "Polygon", "coordinates": [ [ [ -96.804051, 32.796577, 0.0 ], [ -96.804409, 32.796278, 0.0 ], [ -96.804443, 32.796307, 0.0 ], [ -96.804557, 32.796399, 0.0 ], [ -96.804203, 32.796702, 0.0 ], [ -96.804086, 32.796606, 0.0 ], [ -96.804051, 32.796577, 0.0 ] ] ] } },
{ "type": "Feature", "properties": { "dcad_account": "00000106876000000", "address": "2118 ALAMO ST", "property_name": "PARKING LOT", "owner": "FIREBIRD DOWNTOWN INC &", "group": "parking", "where": "North of Woodall Rodgers", "acres": 0.233, "land_value": 1697690, "improvement_value": 0, "land_psf": 167.56, "improvement_to_land": 0.0, "deed_date": "04/02/2019", "feet_to_klyde_warren": 719.0, "street_view": "https://www.google.com/maps/@?api=1&map_action=pano&viewpoint=32.787672,-96.805330" }, "geometry": { "type": "Polygon", "coordinates": [ [ [ -96.80511, 32.787832, 0.0 ], [ -96.805121, 32.787816, 0.0 ], [ -96.805282, 32.787558, 0.0 ], [ -96.805348, 32.787585, 0.0 ], [ -96.805548, 32.787758, 0.0 ], [ -96.805506, 32.787794, 0.0 ], [ -96.805316, 32.787952, 0.0 ], [ -96.80511, 32.787832, 0.0 ] ] ] } },
{ "type": "Feature", "properties": { "dcad_account": "00000135166000000", "address": "2721 CEDAR SPRINGS RD", "property_name": "PARKING LOT - TEXAS DE BRAZIL", "owner": "2727 CEDAR SPRINGS RD LLC", "group": "parking", "where": "North of Woodall Rodgers", "acres": 0.228, "land_value": 1683380, "improvement_value": 0, "land_psf": 169.37, "improvement_to_land": 0.0, "deed_date": "08/29/2008", "feet_to_klyde_warren": 4164.0, "street_view": "https://www.google.com/maps/@?api=1&map_action=pano&viewpoint=32.801282,-96.806130" }, "geometry": { "type": "Polygon", "coordinates": [ [ [ -96.805906, 32.801369, 0.0 ], [ -96.805862, 32.801237, 0.0 ], [ -96.806332, 32.801126, 0.0 ], [ -96.806376, 32.801259, 0.0 ], [ -96.806391, 32.801305, 0.0 ], [ -96.805919, 32.801409, 0.0 ], [ -96.805906, 32.801369, 0.0 ] ] ] } },
{ "type": "Feature", "properties": { "dcad_account": "00000134863000000", "address": "3001 BOOKHOUT ST", "property_name": "JAMES E LANGFORD ARCHITECTS", "owner": "LANGFORD JAMES ERNEST", "group": "building", "where": "North of Woodall Rodgers", "acres": 0.219, "land_value": 1662500, "improvement_value": 112500, "land_psf": 174.44, "improvement_to_land": 0.07, "deed_date": "03/04/2022", "feet_to_klyde_warren": 3352.0, "street_view": "https://www.google.com/maps/@?api=1&map_action=pano&viewpoint=32.797129,-96.808645" }, "geometry": { "type": "Polygon", "coordinates": [ [ [ -96.808435, 32.797136, 0.0 ], [ -96.808435, 32.797121, 0.0 ], [ -96.808536, 32.797034, 0.0 ], [ -96.808656, 32.79693, 0.0 ], [ -96.808674, 32.796945, 0.0 ], [ -96.808865, 32.797107, 0.0 ], [ -96.808867, 32.797119, 0.0 ], [ -96.808649, 32.797305, 0.0 ], [ -96.808639, 32.797313, 0.0 ], [ -96.808435, 32.797136, 0.0 ] ] ] } },
{ "type": "Feature", "properties": { "dcad_account": "00000135529000000", "address": "2821 MCKINNEY AVE", "property_name": "MCKINNEY/HOWELL BUILDING", "owner": "MCKINNEY NEW VENTURES LLC", "group": "building", "where": "North of Woodall Rodgers", "acres": 0.214, "land_value": 1661630, "improvement_value": 143840, "land_psf": 178.35, "improvement_to_land": 0.09, "deed_date": "05/08/2013", "feet_to_klyde_warren": 3240.0, "street_view": "https://www.google.com/maps/@?api=1&map_action=pano&viewpoint=32.799711,-96.801251" }, "geometry": { "type": "Polygon", "coordinates": [ [ [ -96.801457, 32.799695, 0.0 ], [ -96.801572, 32.799727, 0.0 ], [ -96.801426, 32.799827, 0.0 ], [ -96.801424, 32.799828, 0.0 ], [ -96.801399, 32.799852, 0.0 ], [ -96.80098, 32.799738, 0.0 ], [ -96.801019, 32.799576, 0.0 ], [ -96.801457, 32.799695, 0.0 ] ] ] } },
{ "type": "Feature", "properties": { "dcad_account": "00000136468000000", "address": "3413 MCKINNEY AVE", "property_name": "PARKING LOT", "owner": "HLS HOLDINGS LP", "group": "parking", "where": "North of Woodall Rodgers", "acres": 0.242, "land_value": 1606500, "improvement_value": 0, "land_psf": 152.22, "improvement_to_land": 0.0, "deed_date": "12/18/2020", "feet_to_klyde_warren": 5433.0, "street_view": "https://www.google.com/maps/@?api=1&map_action=pano&viewpoint=32.805757,-96.798815" }, "geometry": { "type": "Polygon", "coordinates": [ [ [ -96.798666, 32.805517, 0.0 ], [ -96.799066, 32.805845, 0.0 ], [ -96.799021, 32.805913, 0.0 ], [ -96.798965, 32.806001, 0.0 ], [ -96.798566, 32.805669, 0.0 ], [ -96.798666, 32.805517, 0.0 ] ] ] } },
{ "type": "Feature", "properties": { "dcad_account": "000593000C09A0100", "address": "2018 ALLEN DR", "property_name": "NOTRE DAME SCHOOL PAVED PARKING", "owner": "NOTRE DAME OF DALLAS SCHOOL", "group": "parking", "where": "North of Woodall Rodgers", "acres": 0.368, "land_value": 1603000, "improvement_value": 0, "land_psf": 100.04, "improvement_to_land": 0.0, "deed_date": "05/04/2012", "feet_to_klyde_warren": 2325.0, "street_view": "https://www.google.com/maps/@?api=1&map_action=pano&viewpoint=32.795802,-96.795639" }, "geometry": { "type": "Polygon", "coordinates": [ [ [ -96.795932, 32.795706, 0.0 ], [ -96.795932, 32.795745, 0.0 ], [ -96.79557, 32.796053, 0.0 ], [ -96.795339, 32.795859, 0.0 ], [ -96.79574, 32.795549, 0.0 ], [ -96.795932, 32.795706, 0.0 ] ] ] } },
{ "type": "Feature", "properties": { "dcad_account": "00000102100000000", "address": "1823 CADIZ ST", "property_name": "UNOCCUPIED/BOARDED UP", "owner": "MINTEX DEVELOPMENT LLC", "group": "parking", "where": "Downtown", "acres": 0.648, "land_value": 1602320, "improvement_value": 369000, "land_psf": 56.73, "improvement_to_land": 0.23, "deed_date": "12/13/2007", "feet_to_klyde_warren": 4952.0, "street_view": "https://www.google.com/maps/@?api=1&map_action=pano&viewpoint=32.777057,-96.792700" }, "geometry": { "type": "Polygon", "coordinates": [ [ [ -96.792637, 32.777362, 0.0 ], [ -96.792335, 32.777111, 0.0 ], [ -96.792546, 32.776932, 0.0 ], [ -96.792753, 32.776742, 0.0 ], [ -96.79306, 32.776998, 0.0 ], [ -96.793066, 32.777003, 0.0 ], [ -96.792852, 32.777182, 0.0 ], [ -96.792943, 32.777261, 0.0 ], [ -96.792728, 32.777442, 0.0 ], [ -96.792637, 32.777362, 0.0 ] ] ] } },
{ "type": "Feature", "properties": { "dcad_account": "00000106792000000", "address": "2407 CAROLINE ST", "property_name": "PARKING LOT", "owner": "FSR LP", "group": "parking", "where": "North of Woodall Rodgers", "acres": 0.264, "land_value": 1600000, "improvement_value": 0, "land_psf": 139.21, "improvement_to_land": 0.0, "deed_date": "05/11/1999", "feet_to_klyde_warren": 1199.0, "street_view": "https://www.google.com/maps/@?api=1&map_action=pano&viewpoint=32.789529,-96.806920" }, "geometry": { "type": "Polygon", "coordinates": [ [ [ -96.806951, 32.789318, 0.0 ], [ -96.807006, 32.789369, 0.0 ], [ -96.80706, 32.789421, 0.0 ], [ -96.807114, 32.789472, 0.0 ], [ -96.807168, 32.789523, 0.0 ], [ -96.807131, 32.789551, 0.0 ], [ -96.806889, 32.789734, 0.0 ], [ -96.806837, 32.789686, 0.0 ], [ -96.806783, 32.789635, 0.0 ], [ -96.806728, 32.789585, 0.0 ], [ -96.806673, 32.789534, 0.0 ], [ -96.806914, 32.789346, 0.0 ], [ -96.806951, 32.789318, 0.0 ] ] ] } },
{ "type": "Feature", "properties": { "dcad_account": "00000135628000000", "address": "2704 ROUTH ST", "property_name": "PARKING LOT", "owner": "PASHA & SINA INC", "group": "parking", "where": "North of Woodall Rodgers", "acres": 0.217, "land_value": 1582880, "improvement_value": 0, "land_psf": 167.47, "improvement_to_land": 0.0, "deed_date": "06/04/2024", "feet_to_klyde_warren": 2377.0, "street_view": "https://www.google.com/maps/@?api=1&map_action=pano&viewpoint=32.797333,-96.802468" }, "geometry": { "type": "Polygon", "coordinates": [ [ [ -96.802322, 32.797496, 0.0 ], [ -96.802452, 32.797029, 0.0 ], [ -96.802613, 32.79717, 0.0 ], [ -96.802508, 32.797548, 0.0 ], [ -96.802322, 32.797496, 0.0 ] ] ] } },
{ "type": "Feature", "properties": { "dcad_account": "00000135424000000", "address": "2808 FAIRMOUNT ST", "property_name": "CANOPY/PARKING", "owner": "ROYAL 2500 CEDAR SPRINGS LLC", "group": "parking", "where": "North of Woodall Rodgers", "acres": 0.191, "land_value": 1575000, "improvement_value": 10000, "land_psf": 189.72, "improvement_to_land": 0.01, "deed_date": "03/27/2024", "feet_to_klyde_warren": 2843.0, "street_view": "https://www.google.com/maps/@?api=1&map_action=pano&viewpoint=32.797797,-96.804812" }, "geometry": { "type": "Polygon", "coordinates": [ [ [ -96.805073, 32.797677, 0.0 ], [ -96.80466, 32.798008, 0.0 ], [ -96.804626, 32.79798, 0.0 ], [ -96.80455, 32.797916, 0.0 ], [ -96.804964, 32.797585, 0.0 ], [ -96.805043, 32.797652, 0.0 ], [ -96.805073, 32.797677, 0.0 ] ] ] } },
{ "type": "Feature", "properties": { "dcad_account": "00000135376000000", "address": "2701 FAIRMOUNT ST", "property_name": "SWITCH", "owner": "MAPLE MARKETING CORP", "group": "building", "where": "North of Woodall Rodgers", "acres": 0.213, "land_value": 1574880, "improvement_value": 378800, "land_psf": 170.0, "improvement_to_land": 0.24, "deed_date": "04/02/2010", "feet_to_klyde_warren": 2287.0, "street_view": "https://www.google.com/maps/@?api=1&map_action=pano&viewpoint=32.796369,-96.804161" }, "geometry": { "type": "Polygon", "coordinates": [ [ [ -96.803913, 32.796461, 0.0 ], [ -96.80427, 32.796162, 0.0 ], [ -96.804328, 32.796211, 0.0 ], [ -96.804409, 32.796278, 0.0 ], [ -96.804051, 32.796577, 0.0 ], [ -96.803971, 32.796509, 0.0 ], [ -96.803913, 32.796461, 0.0 ] ] ] } },
{ "type": "Feature", "properties": { "dcad_account": "00000117376000000", "address": "3004 MCKINNEY AVE", "property_name": "POST LEASING CENTER", "owner": "COLUMBUS REALTY TRUST", "group": "building", "where": "North of Woodall Rodgers", "acres": 0.216, "land_value": 1568000, "improvement_value": 82000, "land_psf": 166.9, "improvement_to_land": 0.05, "deed_date": "10/23/1997", "feet_to_klyde_warren": 3746.0, "street_view": "https://www.google.com/maps/@?api=1&map_action=pano&viewpoint=32.801217,-96.800689" }, "geometry": { "type": "Polygon", "coordinates": [ [ [ -96.800591, 32.801173, 0.0 ], [ -96.800777, 32.800972, 0.0 ], [ -96.800858, 32.801358, 0.0 ], [ -96.800877, 32.801484, 0.0 ], [ -96.80051, 32.801261, 0.0 ], [ -96.800591, 32.801173, 0.0 ] ] ] } },
{ "type": "Feature", "properties": { "dcad_account": "00000149386000000", "address": "2808 THROCKMORTON ST", "property_name": "GARDENS CAMBRIDGE", "owner": "JMP OAK LAWN LLC", "group": "building", "where": "North of Woodall Rodgers", "acres": 0.594, "land_value": 1567680, "improvement_value": 466150, "land_psf": 60.55, "improvement_to_land": 0.3, "deed_date": "10/12/2021", "feet_to_klyde_warren": 7638.0, "street_view": "https://www.google.com/maps/@?api=1&map_action=pano&viewpoint=32.809172,-96.813034" }, "geometry": { "type": "Polygon", "coordinates": [ [ [ -96.813008, 32.809476, 0.0 ], [ -96.812655, 32.80919, 0.0 ], [ -96.812772, 32.809095, 0.0 ], [ -96.812889, 32.808999, 0.0 ], [ -96.813055, 32.808863, 0.0 ], [ -96.813414, 32.809154, 0.0 ], [ -96.813246, 32.809288, 0.0 ], [ -96.813127, 32.809382, 0.0 ], [ -96.813008, 32.809476, 0.0 ] ] ] } },
{ "type": "Feature", "properties": { "dcad_account": "00000104872000000", "address": "1414 SAN JACINTO ST", "property_name": "PARKING", "owner": "TANGO RF LLC", "group": "parking", "where": "Downtown", "acres": 0.318, "land_value": 1555880, "improvement_value": 0, "land_psf": 112.45, "improvement_to_land": 0.0, "deed_date": "03/19/2020", "feet_to_klyde_warren": 1577.0, "street_view": "https://www.google.com/maps/@?api=1&map_action=pano&viewpoint=32.783626,-96.801177" }, "geometry": { "type": "Polygon", "coordinates": [ [ [ -96.80147, 32.783984, 0.0 ], [ -96.801205, 32.783761, 0.0 ], [ -96.800858, 32.78342, 0.0 ], [ -96.800982, 32.783331, 0.0 ], [ -96.801242, 32.783591, 0.0 ], [ -96.801247, 32.783587, 0.0 ], [ -96.801322, 32.783662, 0.0 ], [ -96.801585, 32.783887, 0.0 ], [ -96.80147, 32.783984, 0.0 ] ] ] } },
{ "type": "Feature", "properties": { "dcad_account": "00000113440000000", "address": "2714 MCKINNEY AVE", "property_name": "ELIXER", "owner": "PASHA & SINA INC", "group": "building", "where": "North of Woodall Rodgers", "acres": 0.198, "land_value": 1545950, "improvement_value": 286850, "land_psf": 179.24, "improvement_to_land": 0.19, "deed_date": "01/06/2010", "feet_to_klyde_warren": 2590.0, "street_view": "https://www.google.com/maps/@?api=1&map_action=pano&viewpoint=32.797949,-96.800923" }, "geometry": { "type": "Polygon", "coordinates": [ [ [ -96.801134, 32.798108, 0.0 ], [ -96.800669, 32.797942, 0.0 ], [ -96.800754, 32.797796, 0.0 ], [ -96.801177, 32.797955, 0.0 ], [ -96.801134, 32.798108, 0.0 ] ] ] } },
{ "type": "Feature", "properties": { "dcad_account": "00000105199000000", "address": "601 N HARWOOD ST", "property_name": "HARWOOD CTR LAND-COMM SPTD CODE", "owner": "COMM 2014UBS5", "group": "vacant", "where": "Downtown", "acres": 0.263, "land_value": 1541020, "improvement_value": 0, "land_psf": 134.48, "improvement_to_land": 0.0, "deed_date": "11/03/2021", "feet_to_klyde_warren": 1885.0, "street_view": "https://www.google.com/maps/@?api=1&map_action=pano&viewpoint=32.784985,-96.797472" }, "geometry": { "type": "Polygon", "coordinates": [ [ [ -96.797227, 32.785037, 0.0 ], [ -96.797221, 32.785033, 0.0 ], [ -96.797507, 32.784788, 0.0 ], [ -96.797531, 32.784768, 0.0 ], [ -96.797726, 32.784938, 0.0 ], [ -96.797408, 32.785198, 0.0 ], [ -96.797227, 32.785037, 0.0 ] ] ] } },
{ "type": "Feature", "properties": { "dcad_account": "00000135652000000", "address": "2714 ROUTH ST", "property_name": "CARROZZA INVESTMENTS", "owner": "2714 ROUTH STREET LTD", "group": "building", "where": "North of Woodall Rodgers", "acres": 0.207, "land_value": 1538500, "improvement_value": 124050, "land_psf": 170.56, "improvement_to_land": 0.08, "deed_date": "06/14/1995", "feet_to_klyde_warren": 2542.0, "street_view": "https://www.google.com/maps/@?api=1&map_action=pano&viewpoint=32.797717,-96.802876" }, "geometry": { "type": "Polygon", "coordinates": [ [ [ -96.803013, 32.797523, 0.0 ], [ -96.802889, 32.797968, 0.0 ], [ -96.802735, 32.797926, 0.0 ], [ -96.802739, 32.79791, 0.0 ], [ -96.802876, 32.797413, 0.0 ], [ -96.802878, 32.797404, 0.0 ], [ -96.803013, 32.797523, 0.0 ] ] ] } },
{ "type": "Feature", "properties": { "dcad_account": "00000135661000000", "address": "2724 ROUTH ST", "property_name": "RIO RITZ BOUTIQUE", "owner": "PASHA & SINA INC", "group": "building", "where": "North of Woodall Rodgers", "acres": 0.228, "land_value": 1533630, "improvement_value": 22000, "land_psf": 154.58, "improvement_to_land": 0.01, "deed_date": "04/05/2023", "feet_to_klyde_warren": 2595.0, "street_view": "https://www.google.com/maps/@?api=1&map_action=pano&viewpoint=32.797832,-96.803041" }, "geometry": { "type": "Polygon", "coordinates": [ [ [ -96.803013, 32.797523, 0.0 ], [ -96.803209, 32.797695, 0.0 ], [ -96.803078, 32.798021, 0.0 ], [ -96.802889, 32.797968, 0.0 ], [ -96.803013, 32.797523, 0.0 ] ] ] } },
{ "type": "Feature", "properties": { "dcad_account": "00000135355000000", "address": "2504 MAPLE AVE", "property_name": "PAVED PARKING", "owner": "PASHA & SINA INC", "group": "parking", "where": "North of Woodall Rodgers", "acres": 0.207, "land_value": 1530000, "improvement_value": 0, "land_psf": 170.07, "improvement_to_land": 0.0, "deed_date": "07/25/2011", "feet_to_klyde_warren": 1689.0, "street_view": "https://www.google.com/maps/@?api=1&map_action=pano&viewpoint=32.794956,-96.803169" }, "geometry": { "type": "Polygon", "coordinates": [ [ [ -96.80345, 32.794817, 0.0 ], [ -96.803227, 32.795004, 0.0 ], [ -96.803034, 32.795165, 0.0 ], [ -96.802919, 32.795068, 0.0 ], [ -96.803112, 32.794907, 0.0 ], [ -96.803335, 32.79472, 0.0 ], [ -96.80345, 32.794817, 0.0 ] ] ] } },
{ "type": "Feature", "properties": { "dcad_account": "00000149530000000", "address": "2815 OAK LAWN AVE", "property_name": "US POST OFFICE PAVED PARKING", "owner": "U S POSTAL SERVICE", "group": "vacant", "where": "North of Woodall Rodgers", "acres": 0.407, "land_value": 1518100, "improvement_value": 0, "land_psf": 85.68, "improvement_to_land": 0.0, "deed_date": "02/10/1997", "feet_to_klyde_warren": 6802.0, "street_view": "https://www.google.com/maps/@?api=1&map_action=pano&viewpoint=32.807595,-96.810749" }, "geometry": { "type": "Polygon", "coordinates": [ [ [ -96.810837, 32.807864, 0.0 ], [ -96.810438, 32.80754, 0.0 ], [ -96.810681, 32.807337, 0.0 ], [ -96.811059, 32.807649, 0.0 ], [ -96.811077, 32.807663, 0.0 ], [ -96.810837, 32.807864, 0.0 ] ] ] } },
{ "type": "Feature", "properties": { "dcad_account": "00000137503000000", "address": "3506 CEDAR SPRINGS RD", "property_name": "3506 CEDAR SPRINGS", "owner": "SPC CEDAR SPRINGS LLC", "group": "building", "where": "North of Woodall Rodgers", "acres": 0.396, "land_value": 1515380, "improvement_value": 124620, "land_psf": 87.8, "improvement_to_land": 0.08, "deed_date": "09/26/2011", "feet_to_klyde_warren": 6080.0, "street_view": "https://www.google.com/maps/@?api=1&map_action=pano&viewpoint=32.807074,-96.805750" }, "geometry": { "type": "Polygon", "coordinates": [ [ [ -96.806064, 32.807088, 0.0 ], [ -96.805785, 32.80733, 0.0 ], [ -96.805606, 32.807196, 0.0 ], [ -96.805563, 32.807161, 0.0 ], [ -96.805465, 32.807081, 0.0 ], [ -96.805447, 32.807066, 0.0 ], [ -96.805717, 32.80683, 0.0 ], [ -96.806064, 32.807088, 0.0 ] ] ] } },
{ "type": "Feature", "properties": { "dcad_account": "00000135472000000", "address": "2706 FAIRMOUNT ST", "property_name": "2706 FAIRMONT", "owner": "FAIRMOUNT OFFICE LLC", "group": "building", "where": "North of Woodall Rodgers", "acres": 0.201, "land_value": 1513000, "improvement_value": 108190, "land_psf": 172.91, "improvement_to_land": 0.07, "deed_date": "08/06/2013", "feet_to_klyde_warren": 2433.0, "street_view": "https://www.google.com/maps/@?api=1&map_action=pano&viewpoint=32.796949,-96.803836" }, "geometry": { "type": "Polygon", "coordinates": [ [ [ -96.803577, 32.79706, 0.0 ], [ -96.803962, 32.796752, 0.0 ], [ -96.803979, 32.796738, 0.0 ], [ -96.804096, 32.796839, 0.0 ], [ -96.803693, 32.797161, 0.0 ], [ -96.803577, 32.79706, 0.0 ] ] ] } },
{ "type": "Feature", "properties": { "dcad_account": "00000135475000000", "address": "2707 ROUTH ST", "property_name": "TURTLE CREEK MANOR", "owner": "2707 ROUTH LLC", "group": "building", "where": "North of Woodall Rodgers", "acres": 0.176, "land_value": 1513000, "improvement_value": 4000, "land_psf": 197.87, "improvement_to_land": 0.0, "deed_date": "06/21/2024", "feet_to_klyde_warren": 2354.0, "street_view": "https://www.google.com/maps/@?api=1&map_action=pano&viewpoint=32.797014,-96.802908" }, "geometry": { "type": "Polygon", "coordinates": [ [ [ -96.80311, 32.796987, 0.0 ], [ -96.802874, 32.797192, 0.0 ], [ -96.802704, 32.797041, 0.0 ], [ -96.802949, 32.796845, 0.0 ], [ -96.80311, 32.796987, 0.0 ] ] ] } },
{ "type": "Feature", "properties": { "dcad_account": "00000136471000000", "address": "3411 MCKINNEY AVE", "property_name": "VELVET TACO", "owner": "HLS HOLDINGS LP", "group": "building", "where": "North of Woodall Rodgers", "acres": 0.237, "land_value": 1512300, "improvement_value": 312700, "land_psf": 146.28, "improvement_to_land": 0.21, "deed_date": "12/18/2020", "feet_to_klyde_warren": 5371.0, "street_view": "https://www.google.com/maps/@?api=1&map_action=pano&viewpoint=32.805602,-96.798906" }, "geometry": { "type": "Polygon", "coordinates": [ [ [ -96.799066, 32.805845, 0.0 ], [ -96.798666, 32.805517, 0.0 ], [ -96.798771, 32.805356, 0.0 ], [ -96.799136, 32.805686, 0.0 ], [ -96.799158, 32.805704, 0.0 ], [ -96.799101, 32.805791, 0.0 ], [ -96.799066, 32.805845, 0.0 ] ] ] } },
{ "type": "Feature", "properties": { "dcad_account": "00000113299000000", "address": "2605 THOMAS AVE", "property_name": "2605 THOMAS AVE", "owner": "DOOFER LLC", "group": "building", "where": "North of Woodall Rodgers", "acres": 0.348, "land_value": 1500000, "improvement_value": 50000, "land_psf": 98.92, "improvement_to_land": 0.03, "deed_date": "11/10/2016", "feet_to_klyde_warren": 1460.0, "street_view": "https://www.google.com/maps/@?api=1&map_action=pano&viewpoint=32.794841,-96.799669" }, "geometry": { "type": "Polygon", "coordinates": [ [ [ -96.799381, 32.794791, 0.0 ], [ -96.799505, 32.79469, 0.0 ], [ -96.79962, 32.794597, 0.0 ], [ -96.799957, 32.794892, 0.0 ], [ -96.799844, 32.794984, 0.0 ], [ -96.79972, 32.795086, 0.0 ], [ -96.799381, 32.794791, 0.0 ] ] ] } },
{ "type": "Feature", "properties": { "dcad_account": "00000100411000000", "address": "908 COMMERCE ST", "property_name": "PARKING", "owner": "DALLAS MAIN LP", "group": "parking", "where": "Downtown", "acres": 0.287, "land_value": 1500000, "improvement_value": 0, "land_psf": 120.0, "improvement_to_land": 0.0, "deed_date": "08/03/2006", "feet_to_klyde_warren": 3413.0, "street_view": "https://www.google.com/maps/@?api=1&map_action=pano&viewpoint=32.778679,-96.803451" }, "geometry": { "type": "Polygon", "coordinates": [ [ [ -96.803688, 32.778772, 0.0 ], [ -96.803609, 32.778788, 0.0 ], [ -96.803451, 32.778821, 0.0 ], [ -96.803293, 32.778854, 0.0 ], [ -96.803215, 32.778587, 0.0 ], [ -96.80361, 32.778505, 0.0 ], [ -96.803688, 32.778772, 0.0 ] ] ] } },
{ "type": "Feature", "properties": { "dcad_account": "00000100417000000", "address": "907 JACKSON ST", "property_name": "PARKING", "owner": "DALLAS MAIN LP", "group": "parking", "where": "Downtown", "acres": 0.287, "land_value": 1500000, "improvement_value": 0, "land_psf": 120.0, "improvement_to_land": 0.0, "deed_date": "08/03/2006", "feet_to_klyde_warren": 3508.0, "street_view": "https://www.google.com/maps/@?api=1&map_action=pano&viewpoint=32.778413,-96.803373" }, "geometry": { "type": "Polygon", "coordinates": [ [ [ -96.803215, 32.778587, 0.0 ], [ -96.803136, 32.77832, 0.0 ], [ -96.803294, 32.778287, 0.0 ], [ -96.803452, 32.778255, 0.0 ], [ -96.803531, 32.778238, 0.0 ], [ -96.80361, 32.778505, 0.0 ], [ -96.803215, 32.778587, 0.0 ] ] ] } },
{ "type": "Feature", "properties": { "dcad_account": "CONDO00C1750CONDO", "address": "3525 ROUTH ST", "property_name": "", "owner": "5 condo or unit accounts", "group": "building", "where": "North of Woodall Rodgers", "acres": 0.39, "land_value": 1494830, "improvement_value": 745050, "land_psf": 87.88, "improvement_to_land": 0.5, "deed_date": "", "feet_to_klyde_warren": 5537.0, "street_view": "https://www.google.com/maps/@?api=1&map_action=pano&viewpoint=32.803422,-96.810857" }, "geometry": { "type": "Polygon", "coordinates": [ [ [ -96.810781, 32.803693, 0.0 ], [ -96.810685, 32.803606, 0.0 ], [ -96.81058, 32.803508, 0.0 ], [ -96.810549, 32.803481, 0.0 ], [ -96.810934, 32.803166, 0.0 ], [ -96.810955, 32.803184, 0.0 ], [ -96.811083, 32.803296, 0.0 ], [ -96.811161, 32.803363, 0.0 ], [ -96.810781, 32.803693, 0.0 ] ] ] } },
{ "type": "Feature", "properties": { "dcad_account": "00000135523000000", "address": "2604 FAIRMOUNT ST", "property_name": "GALLERY / HAYSLIP DESIGN", "owner": "SMITH SHARON HAYSLIP", "group": "building", "where": "North of Woodall Rodgers", "acres": 0.195, "land_value": 1487500, "improvement_value": 362500, "land_psf": 174.71, "improvement_to_land": 0.24, "deed_date": "02/01/1993", "feet_to_klyde_warren": 2222.0, "street_view": "https://www.google.com/maps/@?api=1&map_action=pano&viewpoint=32.796506,-96.803342" }, "geometry": { "type": "Polygon", "coordinates": [ [ [ -96.803203, 32.796719, 0.0 ], [ -96.803088, 32.796621, 0.0 ], [ -96.803482, 32.796293, 0.0 ], [ -96.803596, 32.796391, 0.0 ], [ -96.803306, 32.796633, 0.0 ], [ -96.803203, 32.796719, 0.0 ] ] ] } },
{ "type": "Feature", "properties": { "dcad_account": "00000105211000000", "address": "1805 FEDERAL ST", "property_name": "LAND ONE DALLAS CTR-COMM SPTD CODE", "owner": "DALLAS PLAZA GARAGE LLC", "group": "parking", "where": "Downtown", "acres": 0.246, "land_value": 1483520, "improvement_value": 0, "land_psf": 138.24, "improvement_to_land": 0.0, "deed_date": "02/04/2025", "feet_to_klyde_warren": 1885.0, "street_view": "https://www.google.com/maps/@?api=1&map_action=pano&viewpoint=32.784740,-96.797770" }, "geometry": { "type": "Polygon", "coordinates": [ [ [ -96.79801, 32.784711, 0.0 ], [ -96.797897, 32.784806, 0.0 ], [ -96.797808, 32.78488, 0.0 ], [ -96.797732, 32.784944, 0.0 ], [ -96.797726, 32.784938, 0.0 ], [ -96.797531, 32.784768, 0.0 ], [ -96.797806, 32.784534, 0.0 ], [ -96.797821, 32.784547, 0.0 ], [ -96.79791, 32.784624, 0.0 ], [ -96.79801, 32.784711, 0.0 ] ] ] } },
{ "type": "Feature", "properties": { "dcad_account": "00000104359000000", "address": "801 ROSS AVE", "property_name": "PARKING", "owner": "LC REDUX LP", "group": "parking", "where": "Downtown", "acres": 0.295, "land_value": 1477180, "improvement_value": 0, "land_psf": 115.07, "improvement_to_land": 0.0, "deed_date": "08/07/2023", "feet_to_klyde_warren": 2472.0, "street_view": "https://www.google.com/maps/@?api=1&map_action=pano&viewpoint=32.781874,-96.806047" }, "geometry": { "type": "Polygon", "coordinates": [ [ [ -96.806072, 32.781687, 0.0 ], [ -96.806212, 32.781826, 0.0 ], [ -96.806237, 32.781851, 0.0 ], [ -96.806283, 32.781897, 0.0 ], [ -96.806047, 32.782086, 0.0 ], [ -96.805942, 32.781981, 0.0 ], [ -96.805777, 32.781818, 0.0 ], [ -96.805724, 32.781765, 0.0 ], [ -96.805742, 32.781751, 0.0 ], [ -96.806072, 32.781687, 0.0 ] ] ] } },
{ "type": "Feature", "properties": { "dcad_account": "00000135301000000", "address": "2521 FAIRMOUNT ST", "property_name": "LANDES GROUP", "owner": "BLL LP", "group": "building", "where": "North of Woodall Rodgers", "acres": 0.191, "land_value": 1470670, "improvement_value": 524640, "land_psf": 176.76, "improvement_to_land": 0.36, "deed_date": "03/08/2005", "feet_to_klyde_warren": 1925.0, "street_view": "https://www.google.com/maps/@?api=1&map_action=pano&viewpoint=32.795637,-96.803261" }, "geometry": { "type": "Polygon", "coordinates": [ [ [ -96.803028, 32.795721, 0.0 ], [ -96.803362, 32.795441, 0.0 ], [ -96.803495, 32.795553, 0.0 ], [ -96.803161, 32.795832, 0.0 ], [ -96.803028, 32.795721, 0.0 ] ] ] } },
{ "type": "Feature", "properties": { "dcad_account": "00000138400000000", "address": "3524 FAIRMOUNT ST", "property_name": "LAW OFFICES", "owner": "G L F PARTNERS LLP", "group": "building", "where": "North of Woodall Rodgers", "acres": 0.321, "land_value": 1470320, "improvement_value": 44830, "land_psf": 105.25, "improvement_to_land": 0.03, "deed_date": "06/20/2005", "feet_to_klyde_warren": 5562.0, "street_view": "https://www.google.com/maps/@?api=1&map_action=pano&viewpoint=32.803203,-96.811347" }, "geometry": { "type": "Polygon", "coordinates": [ [ [ -96.811082, 32.803236, 0.0 ], [ -96.81139, 32.802975, 0.0 ], [ -96.811613, 32.80317, 0.0 ], [ -96.811283, 32.803449, 0.0 ], [ -96.811178, 32.803349, 0.0 ], [ -96.811065, 32.80325, 0.0 ], [ -96.811082, 32.803236, 0.0 ] ] ] } },
{ "type": "Feature", "properties": { "dcad_account": "00000114043000000", "address": "2912 MCKINNEY AVE", "property_name": "AURA LOUNGE", "owner": "EDGEWATER DEVELOPMENT LP", "group": "building", "where": "North of Woodall Rodgers", "acres": 0.19, "land_value": 1467550, "improvement_value": 632450, "land_psf": 177.18, "improvement_to_land": 0.43, "deed_date": "03/09/1994", "feet_to_klyde_warren": 3364.0, "street_view": "https://www.google.com/maps/@?api=1&map_action=pano&viewpoint=32.800154,-96.800539" }, "geometry": { "type": "Polygon", "coordinates": [ [ [ -96.800354, 32.800092, 0.0 ], [ -96.800296, 32.80014, 0.0 ], [ -96.800208, 32.800065, 0.0 ], [ -96.800382, 32.79992, 0.0 ], [ -96.800668, 32.800167, 0.0 ], [ -96.800648, 32.800256, 0.0 ], [ -96.800666, 32.800362, 0.0 ], [ -96.800354, 32.800092, 0.0 ] ] ] } },
{ "type": "Feature", "properties": { "dcad_account": "00000135490000000", "address": "2600 FAIRMOUNT ST", "property_name": "2600 FAIRMOUNT", "owner": "2600 FAIRMOUNT LLC", "group": "building", "where": "North of Woodall Rodgers", "acres": 0.195, "land_value": 1443980, "improvement_value": 1000, "land_psf": 169.9, "improvement_to_land": 0.0, "deed_date": "03/05/2019", "feet_to_klyde_warren": 2176.0, "street_view": "https://www.google.com/maps/@?api=1&map_action=pano&viewpoint=32.796408,-96.803228" }, "geometry": { "type": "Polygon", "coordinates": [ [ [ -96.803088, 32.796621, 0.0 ], [ -96.802974, 32.796523, 0.0 ], [ -96.803368, 32.796195, 0.0 ], [ -96.803482, 32.796293, 0.0 ], [ -96.803088, 32.796621, 0.0 ] ] ] } },
{ "type": "Feature", "properties": { "dcad_account": "00000100207000000", "address": "302 N MARKET ST", "property_name": "TEXAS MOLINE BLDG", "owner": "WEST END OFFICE PROPERTIES LLC", "group": "building", "where": "Downtown", "acres": 0.275, "land_value": 1440000, "improvement_value": 460000, "land_psf": 120.0, "improvement_to_land": 0.32, "deed_date": "05/07/2018", "feet_to_klyde_warren": 2782.0, "street_view": "https://www.google.com/maps/@?api=1&map_action=pano&viewpoint=32.780985,-96.806293" }, "geometry": { "type": "Polygon", "coordinates": [ [ [ -96.806174, 32.781151, 0.0 ], [ -96.806096, 32.780884, 0.0 ], [ -96.806254, 32.780852, 0.0 ], [ -96.806412, 32.780819, 0.0 ], [ -96.80649, 32.781086, 0.0 ], [ -96.806506, 32.781139, 0.0 ], [ -96.80619, 32.781204, 0.0 ], [ -96.806174, 32.781151, 0.0 ] ] ] } },
{ "type": "Feature", "properties": { "dcad_account": "00000102904000000", "address": "2104 COMMERCE ST", "property_name": "PARKING LOT", "owner": "2105 COMMERCE LP", "group": "parking", "where": "Downtown", "acres": 0.379, "land_value": 1433430, "improvement_value": 0, "land_psf": 86.9, "improvement_to_land": 0.0, "deed_date": "09/01/2015", "feet_to_klyde_warren": 4047.0, "street_view": "https://www.google.com/maps/@?api=1&map_action=pano&viewpoint=32.781165,-96.791866" }, "geometry": { "type": "Polygon", "coordinates": [ [ [ -96.79168, 32.781331, 0.0 ], [ -96.791609, 32.781092, 0.0 ], [ -96.791677, 32.78105, 0.0 ], [ -96.791748, 32.781006, 0.0 ], [ -96.791821, 32.78096, 0.0 ], [ -96.791892, 32.780915, 0.0 ], [ -96.791964, 32.780872, 0.0 ], [ -96.792018, 32.780886, 0.0 ], [ -96.792122, 32.781238, 0.0 ], [ -96.791995, 32.781265, 0.0 ], [ -96.791916, 32.781282, 0.0 ], [ -96.791837, 32.781298, 0.0 ], [ -96.791759, 32.781315, 0.0 ], [ -96.79168, 32.781331, 0.0 ] ] ] } },
{ "type": "Feature", "properties": { "dcad_account": "00000138904000000", "address": "3601 CEDAR SPRINGS RD", "property_name": "DEXTER & CO", "owner": "CARTER J ROBERT III 41.758 &", "group": "building", "where": "North of Woodall Rodgers", "acres": 0.381, "land_value": 1428000, "improvement_value": 72000, "land_psf": 86.15, "improvement_to_land": 0.05, "deed_date": "12/11/2025", "feet_to_klyde_warren": 6342.0, "street_view": "https://www.google.com/maps/@?api=1&map_action=pano&viewpoint=32.807433,-96.807209" }, "geometry": { "type": "Polygon", "coordinates": [ [ [ -96.807293, 32.807178, 0.0 ], [ -96.807439, 32.8073, 0.0 ], [ -96.807513, 32.807362, 0.0 ], [ -96.807113, 32.807698, 0.0 ], [ -96.806908, 32.807538, 0.0 ], [ -96.806906, 32.807504, 0.0 ], [ -96.807293, 32.807178, 0.0 ] ] ] } },
{ "type": "Feature", "properties": { "dcad_account": "00025200000120000", "address": "701 PEARL ST", "property_name": "PARK LOT", "owner": "ERIUS ACQUISITION PROPCO 3 LLC", "group": "parking", "where": "Downtown", "acres": 0.272, "land_value": 1425250, "improvement_value": 0, "land_psf": 120.45, "improvement_to_land": 0.0, "deed_date": "06/20/2023", "feet_to_klyde_warren": 1905.0, "street_view": "https://www.google.com/maps/@?api=1&map_action=pano&viewpoint=32.786155,-96.796049" }, "geometry": { "type": "Polygon", "coordinates": [ [ [ -96.795979, 32.786078, 0.0 ], [ -96.796121, 32.785958, 0.0 ], [ -96.796253, 32.786071, 0.0 ], [ -96.796281, 32.786095, 0.0 ], [ -96.79614, 32.786214, 0.0 ], [ -96.795893, 32.786422, 0.0 ], [ -96.795883, 32.786413, 0.0 ], [ -96.79573, 32.786288, 0.0 ], [ -96.795979, 32.786078, 0.0 ] ] ] } },
{ "type": "Feature", "properties": { "dcad_account": "00000105379000000", "address": "419 OLIVE ST", "property_name": "SHERATON DALLAS/ADAMS MARK HOTEL LAND LEASE", "owner": "HALEBIAN INVESTMENTS LTD", "group": "vacant", "where": "Downtown", "acres": 0.289, "land_value": 1416000, "improvement_value": 0, "land_psf": 112.33, "improvement_to_land": 0.0, "deed_date": "12/31/2009", "feet_to_klyde_warren": 2444.0, "street_view": "https://www.google.com/maps/@?api=1&map_action=pano&viewpoint=32.784603,-96.795280" }, "geometry": { "type": "Polygon", "coordinates": [ [ [ -96.795222, 32.784452, 0.0 ], [ -96.795301, 32.784386, 0.0 ], [ -96.795423, 32.784485, 0.0 ], [ -96.795542, 32.784581, 0.0 ], [ -96.795258, 32.784821, 0.0 ], [ -96.79514, 32.784724, 0.0 ], [ -96.795019, 32.784624, 0.0 ], [ -96.795222, 32.784452, 0.0 ] ] ] } },
{ "type": "Feature", "properties": { "dcad_account": "00000104992000000", "address": "400 N AKARD ST", "property_name": "HOUSEMAN BLDG /RETAIL (90% VAC POS REDEV TO APT)", "owner": "NEXGEN MANAGEMENT LLC", "group": "building", "where": "Downtown", "acres": 0.267, "land_value": 1411810, "improvement_value": 636480, "land_psf": 121.46, "improvement_to_land": 0.45, "deed_date": "11/19/2018", "feet_to_klyde_warren": 1930.0, "street_view": "https://www.google.com/maps/@?api=1&map_action=pano&viewpoint=32.783070,-96.800065" }, "geometry": { "type": "Polygon", "coordinates": [ [ [ -96.799801, 32.783189, 0.0 ], [ -96.79981, 32.783182, 0.0 ], [ -96.799809, 32.783181, 0.0 ], [ -96.800084, 32.782959, 0.0 ], [ -96.800085, 32.782959, 0.0 ], [ -96.800141, 32.782914, 0.0 ], [ -96.800243, 32.783292, 0.0 ], [ -96.800135, 32.783312, 0.0 ], [ -96.799971, 32.783343, 0.0 ], [ -96.7998, 32.78319, 0.0 ], [ -96.7998, 32.783189, 0.0 ], [ -96.799801, 32.783189, 0.0 ] ] ] } },
{ "type": "Feature", "properties": { "dcad_account": "00000135346000000", "address": "2527 FAIRMOUNT ST", "property_name": "CHAPMAN CAPITAL", "owner": "KAME YUGEN SEKININ JIGYO", "group": "building", "where": "North of Woodall Rodgers", "acres": 0.19, "land_value": 1404200, "improvement_value": 295800, "land_psf": 170.0, "improvement_to_land": 0.21, "deed_date": "09/20/2016", "feet_to_klyde_warren": 2020.0, "street_view": "https://www.google.com/maps/@?api=1&map_action=pano&viewpoint=32.795824,-96.803510" }, "geometry": { "type": "Polygon", "coordinates": [ [ [ -96.803277, 32.795929, 0.0 ], [ -96.803269, 32.795922, 0.0 ], [ -96.803626, 32.795624, 0.0 ], [ -96.803634, 32.79563, 0.0 ], [ -96.80375, 32.795727, 0.0 ], [ -96.803393, 32.796026, 0.0 ], [ -96.803277, 32.795929, 0.0 ] ] ] } },
{ "type": "Feature", "properties": { "dcad_account": "00000100132000000", "address": "1815 N MARKET ST", "property_name": "**100% UNOCCUPIED SPAGHETTI WHSE**", "owner": "DISTRICT 1 DALLAS  LTD", "group": "building", "where": "Downtown", "acres": 0.266, "land_value": 1392000, "improvement_value": 208000, "land_psf": 120.0, "improvement_to_land": 0.15, "deed_date": "12/17/2025", "feet_to_klyde_warren": 2442.0, "street_view": "https://www.google.com/maps/@?api=1&map_action=pano&viewpoint=32.782651,-96.807553" }, "geometry": { "type": "Polygon", "coordinates": [ [ [ -96.807372, 32.782607, 0.0 ], [ -96.80753, 32.782574, 0.0 ], [ -96.807689, 32.782541, 0.0 ], [ -96.807847, 32.782508, 0.0 ], [ -96.807892, 32.782663, 0.0 ], [ -96.807734, 32.782696, 0.0 ], [ -96.807576, 32.782728, 0.0 ], [ -96.807418, 32.782761, 0.0 ], [ -96.80726, 32.782794, 0.0 ], [ -96.807214, 32.782639, 0.0 ], [ -96.807372, 32.782607, 0.0 ] ] ] } },
{ "type": "Feature", "properties": { "dcad_account": "00000137545000000", "address": "3409 N HALL ST", "property_name": "LAND ONLY", "owner": "TC HALL LLC", "group": "vacant", "where": "North of Woodall Rodgers", "acres": 0.286, "land_value": 1391280, "improvement_value": 0, "land_psf": 111.58, "improvement_to_land": 0.0, "deed_date": "08/25/2022", "feet_to_klyde_warren": 6043.0, "street_view": "https://www.google.com/maps/@?api=1&map_action=pano&viewpoint=32.807234,-96.804268" }, "geometry": { "type": "Polygon", "coordinates": [ [ [ -96.804402, 32.806981, 0.0 ], [ -96.804564, 32.807104, 0.0 ], [ -96.80416, 32.807464, 0.0 ], [ -96.803973, 32.807364, 0.0 ], [ -96.804402, 32.806981, 0.0 ] ] ] } },
{ "type": "Feature", "properties": { "dcad_account": "00000112636000100", "address": "1726 PEARL ST", "property_name": "PARKING GARAGE", "owner": "CSG RC", "group": "building", "where": "Downtown", "acres": 0.191, "land_value": 1373760, "improvement_value": 2800, "land_psf": 165.23, "improvement_to_land": 0.0, "deed_date": "04/15/2020", "feet_to_klyde_warren": 690.0, "street_view": "https://www.google.com/maps/@?api=1&map_action=pano&viewpoint=32.788972,-96.798298" }, "geometry": { "type": "Polygon", "coordinates": [ [ [ -96.79846, 32.788827, 0.0 ], [ -96.798407, 32.788873, 0.0 ], [ -96.7985, 32.788947, 0.0 ], [ -96.798276, 32.78914, 0.0 ], [ -96.798096, 32.788996, 0.0 ], [ -96.798368, 32.78876, 0.0 ], [ -96.79846, 32.788827, 0.0 ] ] ] } },
{ "type": "Feature", "properties": { "dcad_account": "00000134977000000", "address": "2925 FAIRMOUNT ST", "property_name": "ROUGHTON GALLERIES", "owner": "2925 FAIRMOUNT LP", "group": "building", "where": "North of Woodall Rodgers", "acres": 0.177, "land_value": 1370780, "improvement_value": 129320, "land_psf": 177.56, "improvement_to_land": 0.09, "deed_date": "06/28/2017", "feet_to_klyde_warren": 3321.0, "street_view": "https://www.google.com/maps/@?api=1&map_action=pano&viewpoint=32.798439,-96.806570" }, "geometry": { "type": "Polygon", "coordinates": [ [ [ -96.806334, 32.798539, 0.0 ], [ -96.806691, 32.79824, 0.0 ], [ -96.806714, 32.79826, 0.0 ], [ -96.806805, 32.798338, 0.0 ], [ -96.806449, 32.798637, 0.0 ], [ -96.806357, 32.798559, 0.0 ], [ -96.806334, 32.798539, 0.0 ] ] ] } },
{ "type": "Feature", "properties": { "dcad_account": "00000148690000000", "address": "3817 LEMMON AVE", "property_name": "PAVED PARKING LOT", "owner": "RP LEMMON PPTIES LP", "group": "vacant", "where": "North of Woodall Rodgers", "acres": 0.354, "land_value": 1368500, "improvement_value": 0, "land_psf": 88.86, "improvement_to_land": 0.0, "deed_date": "12/31/2007", "feet_to_klyde_warren": 7930.0, "street_view": "https://www.google.com/maps/@?api=1&map_action=pano&viewpoint=32.812130,-96.806474" }, "geometry": { "type": "Polygon", "coordinates": [ [ [ -96.806948, 32.812154, 0.0 ], [ -96.806843, 32.81224, 0.0 ], [ -96.806673, 32.812092, 0.0 ], [ -96.806346, 32.81236, 0.0 ], [ -96.806198, 32.812231, 0.0 ], [ -96.80635, 32.812107, 0.0 ], [ -96.806491, 32.811992, 0.0 ], [ -96.806631, 32.811878, 0.0 ], [ -96.806948, 32.812154, 0.0 ] ] ] } },
{ "type": "Feature", "properties": { "dcad_account": "CONDO00C4550CONDO", "address": "3905 RAWLINS ST", "property_name": "", "owner": "8 condo or unit accounts", "group": "building", "where": "North of Woodall Rodgers", "acres": 0.349, "land_value": 1368000, "improvement_value": 506550, "land_psf": 90.0, "improvement_to_land": 0.37, "deed_date": "", "feet_to_klyde_warren": 7968.0, "street_view": "https://www.google.com/maps/@?api=1&map_action=pano&viewpoint=32.811842,-96.808242" }, "geometry": { "type": "Polygon", "coordinates": [ [ [ -96.808374, 32.811581, 0.0 ], [ -96.808555, 32.811739, 0.0 ], [ -96.808111, 32.812102, 0.0 ], [ -96.80793, 32.811944, 0.0 ], [ -96.808374, 32.811581, 0.0 ] ] ] } },
{ "type": "Feature", "properties": { "dcad_account": "00000100555000000", "address": "1100 JACKSON ST", "property_name": "SYSTEM PARKING", "owner": "BUNTING PARTNERS LP", "group": "parking", "where": "Downtown", "acres": 0.329, "land_value": 1359750, "improvement_value": 0, "land_psf": 94.88, "improvement_to_land": 0.0, "deed_date": "06/03/2013", "feet_to_klyde_warren": 3563.0, "street_view": "https://www.google.com/maps/@?api=1&map_action=pano&viewpoint=32.778253,-96.802175" }, "geometry": { "type": "Polygon", "coordinates": [ [ [ -96.801946, 32.777915, 0.0 ], [ -96.801942, 32.777901, 0.0 ], [ -96.80202, 32.777885, 0.0 ], [ -96.802053, 32.777879, 0.0 ], [ -96.802168, 32.777855, 0.0 ], [ -96.8022, 32.777956, 0.0 ], [ -96.802247, 32.778101, 0.0 ], [ -96.802254, 32.778122, 0.0 ], [ -96.802339, 32.778383, 0.0 ], [ -96.802255, 32.7784, 0.0 ], [ -96.802109, 32.77843, 0.0 ], [ -96.801946, 32.777915, 0.0 ] ] ] } },
{ "type": "Feature", "properties": { "dcad_account": "00000108043000000", "address": "1706 PAYNE ST", "property_name": "PARKING LOT", "owner": "HIC XII LIMITED OWNER LLC", "group": "parking", "where": "North of Woodall Rodgers", "acres": 0.168, "land_value": 1356300, "improvement_value": 0, "land_psf": 184.81, "improvement_to_land": 0.0, "deed_date": "01/02/2026", "feet_to_klyde_warren": 1901.0, "street_view": "https://www.google.com/maps/@?api=1&map_action=pano&viewpoint=32.791493,-96.808242" }, "geometry": { "type": "Polygon", "coordinates": [ [ [ -96.808211, 32.791689, 0.0 ], [ -96.808113, 32.791596, 0.0 ], [ -96.808149, 32.791569, 0.0 ], [ -96.808086, 32.79151, 0.0 ], [ -96.808348, 32.791311, 0.0 ], [ -96.808444, 32.791402, 0.0 ], [ -96.808357, 32.791476, 0.0 ], [ -96.808405, 32.791521, 0.0 ], [ -96.808245, 32.791659, 0.0 ], [ -96.808211, 32.791689, 0.0 ] ] ] } },
{ "type": "Feature", "properties": { "dcad_account": "00000108941000000", "address": "311 REUNION BLVD", "property_name": "HELIPORT TRACT", "owner": "HUNT REUNION HOLDINGS INC", "group": "vacant", "where": "Downtown", "acres": 0.39, "land_value": 1355680, "improvement_value": 0, "land_psf": 79.9, "improvement_to_land": 0.0, "deed_date": "12/24/1997", "feet_to_klyde_warren": 5342.0, "street_view": "https://www.google.com/maps/@?api=1&map_action=pano&viewpoint=32.774664,-96.809883" }, "geometry": { "type": "Polygon", "coordinates": [ [ [ -96.809683, 32.77477, 0.0 ], [ -96.809598, 32.774698, 0.0 ], [ -96.809509, 32.77463, 0.0 ], [ -96.809775, 32.774576, 0.0 ], [ -96.810183, 32.774493, 0.0 ], [ -96.810229, 32.774752, 0.0 ], [ -96.809763, 32.774847, 0.0 ], [ -96.809683, 32.77477, 0.0 ] ] ] } },
{ "type": "Feature", "properties": { "dcad_account": "00000105313000000", "address": "604 N HARWOOD ST", "property_name": "PARKING", "owner": "BT PARKS L P", "group": "parking", "where": "Downtown", "acres": 0.267, "land_value": 1352760, "improvement_value": 0, "land_psf": 116.18, "improvement_to_land": 0.0, "deed_date": "10/14/1998", "feet_to_klyde_warren": 1838.0, "street_view": "https://www.google.com/maps/@?api=1&map_action=pano&viewpoint=32.785456,-96.797071" }, "geometry": { "type": "Polygon", "coordinates": [ [ [ -96.796825, 32.785498, 0.0 ], [ -96.797093, 32.785252, 0.0 ], [ -96.797108, 32.785239, 0.0 ], [ -96.797317, 32.785415, 0.0 ], [ -96.797033, 32.785675, 0.0 ], [ -96.796825, 32.785498, 0.0 ] ] ] } },
{ "type": "Feature", "properties": { "dcad_account": "00000112297000100", "address": "1717 N AKARD ST", "property_name": "VACANT", "owner": "FAIR STAR OWNER LP", "group": "parking", "where": "Downtown", "acres": 0.259, "land_value": 1352280, "improvement_value": 0, "land_psf": 119.88, "improvement_to_land": 0.0, "deed_date": "04/17/2025", "feet_to_klyde_warren": 564.0, "street_view": "https://www.google.com/maps/@?api=1&map_action=pano&viewpoint=32.786416,-96.802596" }, "geometry": { "type": "Polygon", "coordinates": [ [ [ -96.802418, 32.786647, 0.0 ], [ -96.802318, 32.786526, 0.0 ], [ -96.802735, 32.786185, 0.0 ], [ -96.802874, 32.786305, 0.0 ], [ -96.802579, 32.786545, 0.0 ], [ -96.802509, 32.786606, 0.0 ], [ -96.802445, 32.78667, 0.0 ], [ -96.802418, 32.786647, 0.0 ] ] ] } },
{ "type": "Feature", "properties": { "dcad_account": "00000134965000000", "address": "2917 FAIRMOUNT ST", "property_name": "LAND ONLY", "owner": "2425 CEDAR SPRINGS LLC", "group": "vacant", "where": "North of Woodall Rodgers", "acres": 0.177, "land_value": 1351880, "improvement_value": 0, "land_psf": 175.11, "improvement_to_land": 0.0, "deed_date": "05/06/2025", "feet_to_klyde_warren": 3184.0, "street_view": "https://www.google.com/maps/@?api=1&map_action=pano&viewpoint=32.798165,-96.806249" }, "geometry": { "type": "Polygon", "coordinates": [ [ [ -96.806485, 32.798065, 0.0 ], [ -96.806128, 32.798363, 0.0 ], [ -96.806013, 32.798266, 0.0 ], [ -96.80637, 32.797967, 0.0 ], [ -96.806485, 32.798065, 0.0 ] ] ] } },
{ "type": "Feature", "properties": { "dcad_account": "00000134968000000", "address": "2921 FAIRMOUNT ST", "property_name": "RESTAURANT PARKING", "owner": "2425 CEDAR SPRINGS LLC", "group": "vacant", "where": "North of Woodall Rodgers", "acres": 0.177, "land_value": 1351880, "improvement_value": 0, "land_psf": 175.12, "improvement_to_land": 0.0, "deed_date": "05/06/2025", "feet_to_klyde_warren": 3233.0, "street_view": "https://www.google.com/maps/@?api=1&map_action=pano&viewpoint=32.798263,-96.806364" }, "geometry": { "type": "Polygon", "coordinates": [ [ [ -96.806485, 32.798065, 0.0 ], [ -96.806599, 32.798162, 0.0 ], [ -96.806242, 32.798461, 0.0 ], [ -96.806128, 32.798363, 0.0 ], [ -96.806485, 32.798065, 0.0 ] ] ] } },
{ "type": "Feature", "properties": { "dcad_account": "00000134983000000", "address": "3001 FAIRMOUNT ST", "property_name": "FOUNTAIN PARK AREA", "owner": "AM UPTOWN HOTEL II LLC", "group": "vacant", "where": "North of Woodall Rodgers", "acres": 0.174, "land_value": 1351880, "improvement_value": 0, "land_psf": 177.96, "improvement_to_land": 0.0, "deed_date": "02/16/2022", "feet_to_klyde_warren": 3410.0, "street_view": "https://www.google.com/maps/@?api=1&map_action=pano&viewpoint=32.798621,-96.806767" }, "geometry": { "type": "Polygon", "coordinates": [ [ [ -96.806897, 32.798416, 0.0 ], [ -96.80701, 32.798515, 0.0 ], [ -96.806997, 32.798526, 0.0 ], [ -96.806658, 32.798803, 0.0 ], [ -96.806649, 32.79881, 0.0 ], [ -96.806553, 32.798726, 0.0 ], [ -96.80654, 32.798715, 0.0 ], [ -96.806897, 32.798416, 0.0 ] ] ] } },
{ "type": "Feature", "properties": { "dcad_account": "00000104890000000", "address": "1217 PATTERSON AVE", "property_name": "PARKING", "owner": "TANGO RF LLC", "group": "parking", "where": "Downtown", "acres": 0.275, "land_value": 1347190, "improvement_value": 0, "land_psf": 112.48, "improvement_to_land": 0.0, "deed_date": "03/19/2020", "feet_to_klyde_warren": 1818.0, "street_view": "https://www.google.com/maps/@?api=1&map_action=pano&viewpoint=32.782922,-96.802185" }, "geometry": { "type": "Polygon", "coordinates": [ [ [ -96.802201, 32.783035, 0.0 ], [ -96.802155, 32.782998, 0.0 ], [ -96.802099, 32.782945, 0.0 ], [ -96.801936, 32.782789, 0.0 ], [ -96.801909, 32.782764, 0.0 ], [ -96.801895, 32.782719, 0.0 ], [ -96.801998, 32.782644, 0.0 ], [ -96.802225, 32.782859, 0.0 ], [ -96.802246, 32.782879, 0.0 ], [ -96.802268, 32.782899, 0.0 ], [ -96.802535, 32.78312, 0.0 ], [ -96.802423, 32.783219, 0.0 ], [ -96.802201, 32.783035, 0.0 ] ] ] } },
{ "type": "Feature", "properties": { "dcad_account": "00000135313000000", "address": "2515 FAIRMOUNT ST", "property_name": "GOLD GYM PARKING", "owner": "MURPHY PLAZA LLC", "group": "parking", "where": "North of Woodall Rodgers", "acres": 0.183, "land_value": 1327700, "improvement_value": 0, "land_psf": 167.01, "improvement_to_land": 0.0, "deed_date": "09/07/2011", "feet_to_klyde_warren": 1826.0, "street_view": "https://www.google.com/maps/@?api=1&map_action=pano&viewpoint=32.795430,-96.803016" }, "geometry": { "type": "Polygon", "coordinates": [ [ [ -96.802912, 32.795624, 0.0 ], [ -96.802785, 32.795517, 0.0 ], [ -96.80312, 32.795238, 0.0 ], [ -96.803246, 32.795344, 0.0 ], [ -96.802912, 32.795624, 0.0 ] ] ] } },
{ "type": "Feature", "properties": { "dcad_account": "00000135388000000", "address": "2711 FAIRMOUNT ST", "property_name": "THE EAGLES ANTIQUES", "owner": "2711 FAIRMOUNT LP", "group": "building", "where": "North of Woodall Rodgers", "acres": 0.18, "land_value": 1313200, "improvement_value": 19400, "land_psf": 167.16, "improvement_to_land": 0.02, "deed_date": "11/03/2021", "feet_to_klyde_warren": 2405.0, "street_view": "https://www.google.com/maps/@?api=1&map_action=pano&viewpoint=32.796602,-96.804437" }, "geometry": { "type": "Polygon", "coordinates": [ [ [ -96.804203, 32.796702, 0.0 ], [ -96.804557, 32.796399, 0.0 ], [ -96.804675, 32.796501, 0.0 ], [ -96.804317, 32.796799, 0.0 ], [ -96.804203, 32.796702, 0.0 ] ] ] } },
{ "type": "Feature", "properties": { "dcad_account": "00000104506000000", "address": "1010 ROSS AVE", "property_name": "7 ELEVEN", "owner": "DIAMONDHEAD LLC", "group": "building", "where": "Downtown", "acres": 0.26, "land_value": 1301000, "improvement_value": 498700, "land_psf": 114.87, "improvement_to_land": 0.38, "deed_date": "09/19/2019", "feet_to_klyde_warren": 2066.0, "street_view": "https://www.google.com/maps/@?api=1&map_action=pano&viewpoint=32.782399,-96.804011" }, "geometry": { "type": "Polygon", "coordinates": [ [ [ -96.803964, 32.782461, 0.0 ], [ -96.803928, 32.78237, 0.0 ], [ -96.803886, 32.782281, 0.0 ], [ -96.803839, 32.782194, 0.0 ], [ -96.803891, 32.782152, 0.0 ], [ -96.803945, 32.782109, 0.0 ], [ -96.804134, 32.782284, 0.0 ], [ -96.804136, 32.782285, 0.0 ], [ -96.804074, 32.782335, 0.0 ], [ -96.804105, 32.78236, 0.0 ], [ -96.804071, 32.782388, 0.0 ], [ -96.804093, 32.782409, 0.0 ], [ -96.80428, 32.782592, 0.0 ], [ -96.804151, 32.782695, 0.0 ], [ -96.80413, 32.782675, 0.0 ], [ -96.804126, 32.782679, 0.0 ], [ -96.803994, 32.782553, 0.0 ], [ -96.803964, 32.782461, 0.0 ] ] ] } },
{ "type": "Feature", "properties": { "dcad_account": "00000100558000000", "address": "1016 JACKSON ST", "property_name": "SYSTEM PARKING", "owner": "BUNTING PARTNERS LP", "group": "parking", "where": "Downtown", "acres": 0.339, "land_value": 1300550, "improvement_value": 0, "land_psf": 88.19, "improvement_to_land": 0.0, "deed_date": "06/03/2013", "feet_to_klyde_warren": 3549.0, "street_view": "https://www.google.com/maps/@?api=1&map_action=pano&viewpoint=32.778104,-96.801881" }, "geometry": { "type": "Polygon", "coordinates": [ [ [ -96.801802, 32.778246, 0.0 ], [ -96.801712, 32.777962, 0.0 ], [ -96.801708, 32.777949, 0.0 ], [ -96.801942, 32.777901, 0.0 ], [ -96.801946, 32.777915, 0.0 ], [ -96.802109, 32.77843, 0.0 ], [ -96.801875, 32.778478, 0.0 ], [ -96.801802, 32.778246, 0.0 ] ] ] } },
{ "type": "Feature", "properties": { "dcad_account": "00000149533000000", "address": "2814 SHELBY AVE", "property_name": "US POST OFFICE PAVED PARKING", "owner": "U S POSTAL SERVICE", "group": "vacant", "where": "North of Woodall Rodgers", "acres": 0.396, "land_value": 1299380, "improvement_value": 0, "land_psf": 75.4, "improvement_to_land": 0.0, "deed_date": "", "feet_to_klyde_warren": 6962.0, "street_view": "https://www.google.com/maps/@?api=1&map_action=pano&viewpoint=32.807907,-96.811136" }, "geometry": { "type": "Polygon", "coordinates": [ [ [ -96.810943, 32.80795, 0.0 ], [ -96.810837, 32.807864, 0.0 ], [ -96.811077, 32.807663, 0.0 ], [ -96.811468, 32.807976, 0.0 ], [ -96.811225, 32.808178, 0.0 ], [ -96.810943, 32.80795, 0.0 ] ] ] } },
{ "type": "Feature", "properties": { "dcad_account": "00000135121000000", "address": "2537 CEDAR SPRINGS RD", "property_name": "PARKING LOT", "owner": "SPURGIN ROBERT B & SALLY", "group": "vacant", "where": "North of Woodall Rodgers", "acres": 0.158, "land_value": 1291330, "improvement_value": 0, "land_psf": 187.63, "improvement_to_land": 0.0, "deed_date": "01/06/1995", "feet_to_klyde_warren": 3415.0, "street_view": "https://www.google.com/maps/@?api=1&map_action=pano&viewpoint=32.799217,-96.805626" }, "geometry": { "type": "Polygon", "coordinates": [ [ [ -96.80547, 32.799283, 0.0 ], [ -96.80554, 32.799225, 0.0 ], [ -96.805521, 32.79921, 0.0 ], [ -96.805774, 32.799001, 0.0 ], [ -96.805879, 32.799088, 0.0 ], [ -96.805446, 32.799445, 0.0 ], [ -96.80547, 32.799283, 0.0 ] ] ] } },
{ "type": "Feature", "properties": { "dcad_account": "00000104899000000", "address": "1212 SAN JACINTO ST", "property_name": "PARKING", "owner": "TANGO FS LLC", "group": "parking", "where": "Downtown", "acres": 0.263, "land_value": 1287340, "improvement_value": 0, "land_psf": 112.49, "improvement_to_land": 0.0, "deed_date": "07/22/2025", "feet_to_klyde_warren": 1888.0, "street_view": "https://www.google.com/maps/@?api=1&map_action=pano&viewpoint=32.782748,-96.802435" }, "geometry": { "type": "Polygon", "coordinates": [ [ [ -96.802368, 32.782791, 0.0 ], [ -96.802123, 32.782559, 0.0 ], [ -96.802239, 32.782473, 0.0 ], [ -96.802499, 32.782703, 0.0 ], [ -96.8025, 32.782704, 0.0 ], [ -96.802756, 32.782932, 0.0 ], [ -96.802651, 32.783025, 0.0 ], [ -96.802383, 32.782804, 0.0 ], [ -96.802368, 32.782791, 0.0 ] ] ] } },
{ "type": "Feature", "properties": { "dcad_account": "00000113443000000", "address": "2720 MCKINNEY AVE", "property_name": "AVANTI RESTAURANT", "owner": "PASHA & SINA INC", "group": "building", "where": "North of Woodall Rodgers", "acres": 0.163, "land_value": 1280650, "improvement_value": 193520, "land_psf": 180.87, "improvement_to_land": 0.15, "deed_date": "05/06/2013", "feet_to_klyde_warren": 2643.0, "street_view": "https://www.google.com/maps/@?api=1&map_action=pano&viewpoint=32.798218,-96.801025" }, "geometry": { "type": "Polygon", "coordinates": [ [ [ -96.801074, 32.798327, 0.0 ], [ -96.800655, 32.797966, 0.0 ], [ -96.800669, 32.797942, 0.0 ], [ -96.801134, 32.798108, 0.0 ], [ -96.801074, 32.798327, 0.0 ] ] ] } },
{ "type": "Feature", "properties": { "dcad_account": "00000101746000000", "address": "1710 JACKSON ST", "property_name": "CLASSIFIED PARKING", "owner": "RADER PARKING SYSTEM LP", "group": "parking", "where": "Downtown", "acres": 0.324, "land_value": 1269110, "improvement_value": 0, "land_psf": 90.04, "improvement_to_land": 0.0, "deed_date": "05/24/2005", "feet_to_klyde_warren": 3651.0, "street_view": "https://www.google.com/maps/@?api=1&map_action=pano&viewpoint=32.779495,-96.796055" }, "geometry": { "type": "Polygon", "coordinates": [ [ [ -96.796102, 32.779207, 0.0 ], [ -96.796171, 32.779473, 0.0 ], [ -96.796237, 32.77973, 0.0 ], [ -96.796234, 32.77973, 0.0 ], [ -96.796081, 32.779755, 0.0 ], [ -96.796003, 32.779768, 0.0 ], [ -96.79594, 32.779523, 0.0 ], [ -96.795938, 32.779517, 0.0 ], [ -96.795872, 32.779256, 0.0 ], [ -96.796007, 32.779227, 0.0 ], [ -96.796102, 32.779207, 0.0 ] ] ] } },
{ "type": "Feature", "properties": { "dcad_account": "00000108034000000", "address": "2611 N AKARD ST", "property_name": "PARKING LOT", "owner": "CITY PARK A LOT LP", "group": "parking", "where": "North of Woodall Rodgers", "acres": 0.175, "land_value": 1256310, "improvement_value": 0, "land_psf": 164.42, "improvement_to_land": 0.0, "deed_date": "11/03/2006", "feet_to_klyde_warren": 1832.0, "street_view": "https://www.google.com/maps/@?api=1&map_action=pano&viewpoint=32.791623,-96.807905" }, "geometry": { "type": "Polygon", "coordinates": [ [ [ -96.807806, 32.791752, 0.0 ], [ -96.807697, 32.791649, 0.0 ], [ -96.807959, 32.791451, 0.0 ], [ -96.808067, 32.791553, 0.0 ], [ -96.808113, 32.791596, 0.0 ], [ -96.80785, 32.791794, 0.0 ], [ -96.807806, 32.791752, 0.0 ] ] ] } },
{ "type": "Feature", "properties": { "dcad_account": "000073000A01B0000", "address": "1314 WOOD ST", "property_name": "VACANT LAND PAVED PARKING", "owner": "HPI GAS 2C LLC", "group": "parking", "where": "Downtown", "acres": 0.301, "land_value": 1246020, "improvement_value": 0, "land_psf": 95.15, "improvement_to_land": 0.0, "deed_date": "06/21/2017", "feet_to_klyde_warren": 3728.0, "street_view": "https://www.google.com/maps/@?api=1&map_action=pano&viewpoint=32.778044,-96.799610" }, "geometry": { "type": "Polygon", "coordinates": [ [ [ -96.799405, 32.777852, 0.0 ], [ -96.799649, 32.777794, 0.0 ], [ -96.799815, 32.778236, 0.0 ], [ -96.799569, 32.778289, 0.0 ], [ -96.799405, 32.777852, 0.0 ] ] ] } },
{ "type": "Feature", "properties": { "dcad_account": "00000136393000000", "address": "3308 MCKINNEY AVE", "property_name": "PARKING FOR PRIMOS", "owner": "PORTOLANI FAMILY LP", "group": "parking", "where": "North of Woodall Rodgers", "acres": 0.185, "land_value": 1237500, "improvement_value": 0, "land_psf": 153.79, "improvement_to_land": 0.0, "deed_date": "04/23/2002", "feet_to_klyde_warren": 4954.0, "street_view": "https://www.google.com/maps/@?api=1&map_action=pano&viewpoint=32.804417,-96.798890" }, "geometry": { "type": "Polygon", "coordinates": [ [ [ -96.798639, 32.804295, 0.0 ], [ -96.798649, 32.804286, 0.0 ], [ -96.798662, 32.804275, 0.0 ], [ -96.798679, 32.804262, 0.0 ], [ -96.79874, 32.804212, 0.0 ], [ -96.798752, 32.804202, 0.0 ], [ -96.799112, 32.804514, 0.0 ], [ -96.799032, 32.804636, 0.0 ], [ -96.798669, 32.80432, 0.0 ], [ -96.798651, 32.804305, 0.0 ], [ -96.798639, 32.804295, 0.0 ] ] ] } },
{ "type": "Feature", "properties": { "dcad_account": "00000100528000000", "address": "1208 COMMERCE ST", "property_name": "PARKING", "owner": "DAVIS MRS HELEN BOUCHE", "group": "parking", "where": "Downtown", "acres": 0.303, "land_value": 1235000, "improvement_value": 240190, "land_psf": 93.58, "improvement_to_land": 0.19, "deed_date": "05/03/1983", "feet_to_klyde_warren": 3256.0, "street_view": "https://www.google.com/maps/@?api=1&map_action=pano&viewpoint=32.779119,-96.801050" }, "geometry": { "type": "Polygon", "coordinates": [ [ [ -96.801064, 32.779353, 0.0 ], [ -96.801015, 32.779363, 0.0 ], [ -96.800852, 32.778829, 0.0 ], [ -96.800895, 32.77882, 0.0 ], [ -96.801073, 32.778783, 0.0 ], [ -96.801097, 32.778864, 0.0 ], [ -96.801082, 32.778867, 0.0 ], [ -96.801097, 32.778916, 0.0 ], [ -96.801221, 32.779321, 0.0 ], [ -96.801064, 32.779353, 0.0 ] ] ] } },
{ "type": "Feature", "properties": { "dcad_account": "00000102259000000", "address": "1909 CADIZ ST", "property_name": "PARKING LOT", "owner": "CADIZ  HOSPITALITY LLC", "group": "parking", "where": "Downtown", "acres": 0.579, "land_value": 1232630, "improvement_value": 0, "land_psf": 48.86, "improvement_to_land": 0.0, "deed_date": "12/14/2015", "feet_to_klyde_warren": 4910.0, "street_view": "https://www.google.com/maps/@?api=1&map_action=pano&viewpoint=32.777298,-96.792276" }, "geometry": { "type": "Polygon", "coordinates": [ [ [ -96.791954, 32.777454, 0.0 ], [ -96.791937, 32.77744, 0.0 ], [ -96.792274, 32.777155, 0.0 ], [ -96.792768, 32.777563, 0.0 ], [ -96.792244, 32.777694, 0.0 ], [ -96.791954, 32.777454, 0.0 ] ] ] } },
{ "type": "Feature", "properties": { "dcad_account": "00000106852000000", "address": "1610 CEDAR SPRINGS RD", "property_name": "1610 CEDAR SPRINGS - PARKING LOT", "owner": "FIREBIRD DOWNTOWN INC &", "group": "parking", "where": "North of Woodall Rodgers", "acres": 0.171, "land_value": 1229250, "improvement_value": 0, "land_psf": 165.44, "improvement_to_land": 0.0, "deed_date": "04/02/2019", "feet_to_klyde_warren": 796.0, "street_view": "https://www.google.com/maps/@?api=1&map_action=pano&viewpoint=32.788500,-96.805723" }, "geometry": { "type": "Polygon", "coordinates": [ [ [ -96.805879, 32.788438, 0.0 ], [ -96.805924, 32.788477, 0.0 ], [ -96.805692, 32.78867, 0.0 ], [ -96.805624, 32.788611, 0.0 ], [ -96.805522, 32.788523, 0.0 ], [ -96.805753, 32.788332, 0.0 ], [ -96.80578, 32.788356, 0.0 ], [ -96.805879, 32.788438, 0.0 ] ] ] } },
{ "type": "Feature", "properties": { "dcad_account": "00000136477000000", "address": "3403 MCKINNEY AVE", "property_name": "THE LOON", "owner": "DOWLING PAMELA G &", "group": "building", "where": "North of Woodall Rodgers", "acres": 0.192, "land_value": 1226250, "improvement_value": 193650, "land_psf": 146.91, "improvement_to_land": 0.16, "deed_date": "11/15/2004", "feet_to_klyde_warren": 5279.0, "street_view": "https://www.google.com/maps/@?api=1&map_action=pano&viewpoint=32.805341,-96.799076" }, "geometry": { "type": "Polygon", "coordinates": [ [ [ -96.799217, 32.805566, 0.0 ], [ -96.798849, 32.805242, 0.0 ], [ -96.79893, 32.805115, 0.0 ], [ -96.799306, 32.805439, 0.0 ], [ -96.799217, 32.805566, 0.0 ] ] ] } },
{ "type": "Feature", "properties": { "dcad_account": "00000103549000000", "address": "500 S GOOD LATIMER EXPY", "property_name": "(*ASSOCIAT LAND)MASTERDRIVE/WAREHOUSE SERVICES INC", "owner": "B & G WAREHOUSE SERVICES INC", "group": "building", "where": "Downtown", "acres": 0.424, "land_value": 1225110, "improvement_value": 249890, "land_psf": 66.31, "improvement_to_land": 0.2, "deed_date": "10/09/2008", "feet_to_klyde_warren": 5655.0, "street_view": "https://www.google.com/maps/@?api=1&map_action=pano&viewpoint=32.780644,-96.785381" }, "geometry": { "type": "Polygon", "coordinates": [ [ [ -96.785631, 32.780649, 0.0 ], [ -96.785566, 32.780688, 0.0 ], [ -96.7855, 32.780726, 0.0 ], [ -96.785436, 32.780764, 0.0 ], [ -96.785372, 32.780802, 0.0 ], [ -96.785304, 32.780842, 0.0 ], [ -96.785239, 32.78088, 0.0 ], [ -96.785229, 32.780886, 0.0 ], [ -96.785106, 32.780844, 0.0 ], [ -96.784969, 32.780797, 0.0 ], [ -96.7849, 32.780774, 0.0 ], [ -96.784932, 32.780755, 0.0 ], [ -96.784994, 32.780719, 0.0 ], [ -96.785064, 32.780679, 0.0 ], [ -96.785131, 32.78064, 0.0 ], [ -96.785197, 32.780602, 0.0 ], [ -96.785261, 32.780565, 0.0 ], [ -96.785326, 32.780526, 0.0 ], [ -96.785392, 32.780488, 0.0 ], [ -96.785457, 32.78045, 0.0 ], [ -96.785509, 32.78042, 0.0 ], [ -96.785526, 32.780411, 0.0 ], [ -96.785697, 32.780611, 0.0 ], [ -96.785631, 32.780649, 0.0 ] ] ] } },
{ "type": "Feature", "properties": { "dcad_account": "00000102010000000", "address": "1818 WOOD ST", "property_name": "IMPTS ON -102025-", "owner": "ST PAUL APARTMENTS VENTURE LLC", "group": "parking", "where": "Downtown", "acres": 0.43, "land_value": 1217450, "improvement_value": 0, "land_psf": 64.99, "improvement_to_land": 0.0, "deed_date": "09/01/2022", "feet_to_klyde_warren": 4007.0, "street_view": "https://www.google.com/maps/@?api=1&map_action=pano&viewpoint=32.779131,-96.794678" }, "geometry": { "type": "Polygon", "coordinates": [ [ [ -96.794803, 32.778893, 0.0 ], [ -96.794948, 32.779284, 0.0 ], [ -96.794554, 32.779372, 0.0 ], [ -96.794408, 32.778978, 0.0 ], [ -96.794408, 32.778977, 0.0 ], [ -96.794408, 32.778976, 0.0 ], [ -96.794803, 32.778893, 0.0 ] ] ] } },
{ "type": "Feature", "properties": { "dcad_account": "00000136987000000", "address": "3605 MCKINNEY AVE", "property_name": "UPTOWN PUB", "owner": "MESSINA MARIO L", "group": "building", "where": "North of Woodall Rodgers", "acres": 0.182, "land_value": 1204800, "improvement_value": 270200, "land_psf": 151.65, "improvement_to_land": 0.22, "deed_date": "", "feet_to_klyde_warren": 6091.0, "street_view": "https://www.google.com/maps/@?api=1&map_action=pano&viewpoint=32.807436,-96.797699" }, "geometry": { "type": "Polygon", "coordinates": [ [ [ -96.797904, 32.807491, 0.0 ], [ -96.797761, 32.807607, 0.0 ], [ -96.79749, 32.807382, 0.0 ], [ -96.797593, 32.807221, 0.0 ], [ -96.797754, 32.807359, 0.0 ], [ -96.797904, 32.807491, 0.0 ] ] ] } },
{ "type": "Feature", "properties": { "dcad_account": "00000136480000000", "address": "3321 MCKINNEY AVE", "property_name": "PARKING", "owner": "PDC INTERESTS LLC", "group": "parking", "where": "North of Woodall Rodgers", "acres": 0.184, "land_value": 1202250, "improvement_value": 0, "land_psf": 150.24, "improvement_to_land": 0.0, "deed_date": "02/25/2011", "feet_to_klyde_warren": 5233.0, "street_view": "https://www.google.com/maps/@?api=1&map_action=pano&viewpoint=32.805216,-96.799158" }, "geometry": { "type": "Polygon", "coordinates": [ [ [ -96.799306, 32.805439, 0.0 ], [ -96.79893, 32.805115, 0.0 ], [ -96.799009, 32.804994, 0.0 ], [ -96.799386, 32.805317, 0.0 ], [ -96.799306, 32.805439, 0.0 ] ] ] } },
{ "type": "Feature", "properties": { "dcad_account": "00000100138000000", "address": "1709 N MARKET ST", "property_name": "MARKET ROSS PLACE (24% OCC)", "owner": "HOBSON ELECTRIC LLC", "group": "building", "where": "Downtown", "acres": 0.23, "land_value": 1200000, "improvement_value": 100000, "land_psf": 120.0, "improvement_to_land": 0.08, "deed_date": "03/18/2026", "feet_to_klyde_warren": 2666.0, "street_view": "https://www.google.com/maps/@?api=1&map_action=pano&viewpoint=32.781781,-96.807297" }, "geometry": { "type": "Polygon", "coordinates": [ [ [ -96.806962, 32.78178, 0.0 ], [ -96.80712, 32.781747, 0.0 ], [ -96.807278, 32.781715, 0.0 ], [ -96.807436, 32.781682, 0.0 ], [ -96.807594, 32.781649, 0.0 ], [ -96.807633, 32.781783, 0.0 ], [ -96.807001, 32.781914, 0.0 ], [ -96.806962, 32.78178, 0.0 ] ] ] } },
{ "type": "Feature", "properties": { "dcad_account": "00000100141000000", "address": "1713 N MARKET ST", "property_name": "TGI FRIDAYS   FAIRBANKS MORSE (23% OCC, ECU)", "owner": "HOBSON ELECTRIC LLC", "group": "building", "where": "Downtown", "acres": 0.23, "land_value": 1200000, "improvement_value": 100000, "land_psf": 120.0, "improvement_to_land": 0.08, "deed_date": "03/18/2026", "feet_to_klyde_warren": 2630.0, "street_view": "https://www.google.com/maps/@?api=1&map_action=pano&viewpoint=32.781915,-96.807337" }, "geometry": { "type": "Polygon", "coordinates": [ [ [ -96.807041, 32.782047, 0.0 ], [ -96.807001, 32.781914, 0.0 ], [ -96.807633, 32.781783, 0.0 ], [ -96.807673, 32.781916, 0.0 ], [ -96.807515, 32.781949, 0.0 ], [ -96.807357, 32.781981, 0.0 ], [ -96.807199, 32.782014, 0.0 ], [ -96.807041, 32.782047, 0.0 ] ] ] } },
{ "type": "Feature", "properties": { "dcad_account": "00000100321000000", "address": "804 COMMERCE ST", "property_name": "GREYHOUND LINES", "owner": "FIRSTGROUP SERVICES INC", "group": "building", "where": "Downtown", "acres": 0.23, "land_value": 1200000, "improvement_value": 200000, "land_psf": 120.0, "improvement_to_land": 0.17, "deed_date": "07/07/2021", "feet_to_klyde_warren": 3546.0, "street_view": "https://www.google.com/maps/@?api=1&map_action=pano&viewpoint=32.778322,-96.804495" }, "geometry": { "type": "Polygon", "coordinates": [ [ [ -96.804494, 32.778605, 0.0 ], [ -96.804416, 32.778338, 0.0 ], [ -96.804337, 32.778071, 0.0 ], [ -96.804495, 32.778038, 0.0 ], [ -96.804574, 32.778305, 0.0 ], [ -96.804652, 32.778572, 0.0 ], [ -96.804494, 32.778605, 0.0 ] ] ] } },
{ "type": "Feature", "properties": { "dcad_account": "00000100324000000", "address": "801 JACKSON ST", "property_name": "GREYHOUND FREIGHT", "owner": "205 S LAMAR LLC", "group": "building", "where": "Downtown", "acres": 0.23, "land_value": 1200000, "improvement_value": 300000, "land_psf": 120.0, "improvement_to_land": 0.25, "deed_date": "10/14/2024", "feet_to_klyde_warren": 3566.0, "street_view": "https://www.google.com/maps/@?api=1&map_action=pano&viewpoint=32.778289,-96.804653" }, "geometry": { "type": "Polygon", "coordinates": [ [ [ -96.804732, 32.778272, 0.0 ], [ -96.80481, 32.778539, 0.0 ], [ -96.804652, 32.778572, 0.0 ], [ -96.804574, 32.778305, 0.0 ], [ -96.804495, 32.778038, 0.0 ], [ -96.804653, 32.778006, 0.0 ], [ -96.804732, 32.778272, 0.0 ] ] ] } },
{ "type": "Feature", "properties": { "dcad_account": "00000135343000000", "address": "2525 FAIRMOUNT ST", "property_name": "WILLIAM JOHNSON FINE ART", "owner": "BLL LP", "group": "building", "where": "North of Woodall Rodgers", "acres": 0.165, "land_value": 1199690, "improvement_value": 106190, "land_psf": 167.11, "improvement_to_land": 0.09, "deed_date": "01/25/2006", "feet_to_klyde_warren": 1976.0, "street_view": "https://www.google.com/maps/@?api=1&map_action=pano&viewpoint=32.795728,-96.803393" }, "geometry": { "type": "Polygon", "coordinates": [ [ [ -96.803161, 32.795832, 0.0 ], [ -96.803495, 32.795553, 0.0 ], [ -96.803518, 32.795534, 0.0 ], [ -96.803626, 32.795624, 0.0 ], [ -96.803269, 32.795922, 0.0 ], [ -96.803161, 32.795832, 0.0 ] ] ] } },
{ "type": "Feature", "properties": { "dcad_account": "00000138436000000", "address": "3518 ROUTH ST", "property_name": "3518 ROUTH", "owner": "KOTHARI AJAY", "group": "building", "where": "North of Woodall Rodgers", "acres": 0.195, "land_value": 1196250, "improvement_value": 118300, "land_psf": 140.8, "improvement_to_land": 0.1, "deed_date": "09/26/2007", "feet_to_klyde_warren": 5539.0, "street_view": "https://www.google.com/maps/@?api=1&map_action=pano&viewpoint=32.803759,-96.810154" }, "geometry": { "type": "Polygon", "coordinates": [ [ [ -96.80994, 32.803838, 0.0 ], [ -96.810129, 32.80368, 0.0 ], [ -96.810319, 32.803519, 0.0 ], [ -96.810437, 32.803621, 0.0 ], [ -96.810059, 32.803939, 0.0 ], [ -96.80994, 32.803838, 0.0 ] ] ] } },
{ "type": "Feature", "properties": { "dcad_account": "00000135514000000", "address": "2703 ROUTH ST", "property_name": "2703 ROUTH", "owner": "DAYTON JOHN W", "group": "building", "where": "North of Woodall Rodgers", "acres": 0.164, "land_value": 1195610, "improvement_value": 86370, "land_psf": 167.83, "improvement_to_land": 0.07, "deed_date": "01/17/2019", "feet_to_klyde_warren": 2295.0, "street_view": "https://www.google.com/maps/@?api=1&map_action=pano&viewpoint=32.796883,-96.802743" }, "geometry": { "type": "Polygon", "coordinates": [ [ [ -96.802795, 32.796715, 0.0 ], [ -96.802949, 32.796845, 0.0 ], [ -96.802704, 32.797041, 0.0 ], [ -96.802536, 32.796921, 0.0 ], [ -96.802795, 32.796715, 0.0 ] ] ] } },
{ "type": "Feature", "properties": { "dcad_account": "00000197536000000", "address": "4122 MAPLE AVE", "property_name": "LIQUID ZOO", "owner": "4122 MAPLE LLC", "group": "building", "where": "North of Woodall Rodgers", "acres": 0.328, "land_value": 1194250, "improvement_value": 14750, "land_psf": 83.56, "improvement_to_land": 0.01, "deed_date": "01/29/2016", "feet_to_klyde_warren": 7901.0, "street_view": "https://www.google.com/maps/@?api=1&map_action=pano&viewpoint=32.807383,-96.817268" }, "geometry": { "type": "Polygon", "coordinates": [ [ [ -96.817415, 32.807292, 0.0 ], [ -96.81746, 32.807474, 0.0 ], [ -96.817306, 32.80761, 0.0 ], [ -96.817203, 32.807694, 0.0 ], [ -96.816961, 32.807494, 0.0 ], [ -96.81731, 32.807211, 0.0 ], [ -96.817415, 32.807292, 0.0 ] ] ] } },
{ "type": "Feature", "properties": { "dcad_account": "000242000A01B0000", "address": "1925 SAN JACINTO ST", "property_name": "FIRST METHODIST CHURCH", "owner": "FIRST UNITED METHODIST", "group": "building", "where": "Downtown", "acres": 0.206, "land_value": 1182360, "improvement_value": 0, "land_psf": 131.91, "improvement_to_land": 0.0, "deed_date": "09/22/2016", "feet_to_klyde_warren": 1253.0, "street_view": "https://www.google.com/maps/@?api=1&map_action=pano&viewpoint=32.785911,-96.799356" }, "geometry": { "type": "Polygon", "coordinates": [ [ [ -96.799607, 32.785741, 0.0 ], [ -96.79966, 32.785787, 0.0 ], [ -96.799433, 32.785977, 0.0 ], [ -96.799354, 32.786043, 0.0 ], [ -96.799122, 32.785844, 0.0 ], [ -96.79914, 32.78583, 0.0 ], [ -96.799159, 32.785824, 0.0 ], [ -96.79919, 32.785819, 0.0 ], [ -96.799197, 32.785818, 0.0 ], [ -96.799262, 32.785805, 0.0 ], [ -96.799267, 32.785804, 0.0 ], [ -96.799273, 32.785803, 0.0 ], [ -96.799278, 32.785802, 0.0 ], [ -96.799286, 32.7858, 0.0 ], [ -96.799308, 32.785795, 0.0 ], [ -96.79935, 32.785784, 0.0 ], [ -96.799357, 32.785783, 0.0 ], [ -96.799367, 32.78578, 0.0 ], [ -96.799374, 32.785779, 0.0 ], [ -96.799375, 32.785778, 0.0 ], [ -96.799389, 32.785775, 0.0 ], [ -96.799396, 32.785773, 0.0 ], [ -96.799405, 32.785771, 0.0 ], [ -96.79941, 32.785769, 0.0 ], [ -96.79942, 32.785766, 0.0 ], [ -96.799421, 32.785766, 0.0 ], [ -96.799426, 32.785765, 0.0 ], [ -96.799429, 32.785764, 0.0 ], [ -96.799433, 32.785763, 0.0 ], [ -96.79944, 32.785761, 0.0 ], [ -96.799452, 32.785757, 0.0 ], [ -96.799484, 32.785747, 0.0 ], [ -96.79949, 32.785745, 0.0 ], [ -96.799497, 32.785743, 0.0 ], [ -96.799498, 32.785743, 0.0 ], [ -96.799505, 32.785741, 0.0 ], [ -96.799532, 32.785731, 0.0 ], [ -96.799607, 32.785741, 0.0 ] ] ] } },
{ "type": "Feature", "properties": { "dcad_account": "001003000201A0100", "address": "1400 ALAMO ST", "property_name": "KATY STATION APTS - 001003000201A0300", "owner": "PR GENESIS KATY LP", "group": "vacant", "where": "North of Woodall Rodgers", "acres": 0.169, "land_value": 1177760, "improvement_value": 0, "land_psf": 159.79, "improvement_to_land": 0.0, "deed_date": "08/14/2015", "feet_to_klyde_warren": 4133.0, "street_view": "https://www.google.com/maps/@?api=1&map_action=pano&viewpoint=32.795505,-96.813926" }, "geometry": { "type": "Polygon", "coordinates": [ [ [ -96.813894, 32.795563, 0.0 ], [ -96.813803, 32.795446, 0.0 ], [ -96.813752, 32.795372, 0.0 ], [ -96.813923, 32.795231, 0.0 ], [ -96.814039, 32.795624, 0.0 ], [ -96.814107, 32.795852, 0.0 ], [ -96.814002, 32.795707, 0.0 ], [ -96.813894, 32.795563, 0.0 ] ] ] } },
{ "type": "Feature", "properties": { "dcad_account": "00000135391000000", "address": "2715 FAIRMOUNT ST", "property_name": "TRU SALON", "owner": "TRU SALON DALLAS LLC", "group": "building", "where": "North of Woodall Rodgers", "acres": 0.158, "land_value": 1168070, "improvement_value": 518080, "land_psf": 169.9, "improvement_to_land": 0.44, "deed_date": "12/21/2022", "feet_to_klyde_warren": 2455.0, "street_view": "https://www.google.com/maps/@?api=1&map_action=pano&viewpoint=32.796693,-96.804547" }, "geometry": { "type": "Polygon", "coordinates": [ [ [ -96.804675, 32.796501, 0.0 ], [ -96.804777, 32.796587, 0.0 ], [ -96.80442, 32.796886, 0.0 ], [ -96.804317, 32.796799, 0.0 ], [ -96.804675, 32.796501, 0.0 ] ] ] } },
{ "type": "Feature", "properties": { "dcad_account": "00000100156000000", "address": "605 ELM ST", "property_name": "RECORD GRILL", "owner": "609 ELM LLC", "group": "parking", "where": "Downtown", "acres": 0.223, "land_value": 1164600, "improvement_value": 48970, "land_psf": 120.02, "improvement_to_land": 0.04, "deed_date": "01/08/2015", "feet_to_klyde_warren": 3112.0, "street_view": "https://www.google.com/maps/@?api=1&map_action=pano&viewpoint=32.780122,-96.806892" }, "geometry": { "type": "Polygon", "coordinates": [ [ [ -96.806917, 32.779922, 0.0 ], [ -96.806945, 32.780024, 0.0 ], [ -96.806944, 32.780024, 0.0 ], [ -96.807071, 32.780456, 0.0 ], [ -96.806918, 32.780487, 0.0 ], [ -96.80684, 32.780221, 0.0 ], [ -96.806761, 32.779954, 0.0 ], [ -96.806917, 32.779922, 0.0 ] ] ] } },
{ "type": "Feature", "properties": { "dcad_account": "00000134209000000", "address": "1903 PAYNE ST", "property_name": "LAND ONLY", "owner": "NORTHLAND DEVELOPMENTS INC", "group": "vacant", "where": "North of Woodall Rodgers", "acres": 0.169, "land_value": 1164000, "improvement_value": 0, "land_psf": 158.37, "improvement_to_land": 0.0, "deed_date": "11/17/2017", "feet_to_klyde_warren": 1998.0, "street_view": "https://www.google.com/maps/@?api=1&map_action=pano&viewpoint=32.792617,-96.807591" }, "geometry": { "type": "Polygon", "coordinates": [ [ [ -96.807509, 32.79274, 0.0 ], [ -96.807397, 32.79264, 0.0 ], [ -96.807617, 32.792445, 0.0 ], [ -96.807785, 32.792594, 0.0 ], [ -96.807565, 32.79279, 0.0 ], [ -96.807509, 32.79274, 0.0 ] ] ] } },
{ "type": "Feature", "properties": { "dcad_account": "CONDO00C7714CONDB", "address": "1920 ELM ST", "property_name": "", "owner": "3 condo or unit accounts", "group": "parking", "where": "Downtown", "acres": 0.235, "land_value": 1158360, "improvement_value": 0, "land_psf": 112.98, "improvement_to_land": 0.0, "deed_date": "", "feet_to_klyde_warren": 3192.0, "street_view": "https://www.google.com/maps/@?api=1&map_action=pano&viewpoint=32.782109,-96.794755" }, "geometry": { "type": "Polygon", "coordinates": [ [ [ -96.794876, 32.781947, 0.0 ], [ -96.794953, 32.782203, 0.0 ], [ -96.794958, 32.782217, 0.0 ], [ -96.794639, 32.782285, 0.0 ], [ -96.794556, 32.782015, 0.0 ], [ -96.794606, 32.782005, 0.0 ], [ -96.794708, 32.781983, 0.0 ], [ -96.794773, 32.781969, 0.0 ], [ -96.794876, 32.781947, 0.0 ] ] ] } },
{ "type": "Feature", "properties": { "dcad_account": "00000136474000000", "address": "3407 MCKINNEY AVE", "property_name": "LAND ONLY", "owner": "PDC INTERESTS LLC", "group": "vacant", "where": "North of Woodall Rodgers", "acres": 0.177, "land_value": 1150050, "improvement_value": 0, "land_psf": 149.53, "improvement_to_land": 0.0, "deed_date": "02/25/2011", "feet_to_klyde_warren": 5327.0, "street_view": "https://www.google.com/maps/@?api=1&map_action=pano&viewpoint=32.805461,-96.798992" }, "geometry": { "type": "Polygon", "coordinates": [ [ [ -96.799136, 32.805686, 0.0 ], [ -96.798771, 32.805356, 0.0 ], [ -96.798849, 32.805242, 0.0 ], [ -96.799217, 32.805566, 0.0 ], [ -96.799136, 32.805686, 0.0 ] ] ] } },
{ "type": "Feature", "properties": { "dcad_account": "00000100213000000", "address": "211 N AUSTIN ST", "property_name": "ALLRIGHT PARKING", "owner": "WEST END LOFTS LP", "group": "parking", "where": "Downtown", "acres": 0.23, "land_value": 1150000, "improvement_value": 0, "land_psf": 115.0, "improvement_to_land": 0.0, "deed_date": "06/15/2026", "feet_to_klyde_warren": 2887.0, "street_view": "https://www.google.com/maps/@?api=1&map_action=pano&viewpoint=32.780570,-96.805836" }, "geometry": { "type": "Polygon", "coordinates": [ [ [ -96.805717, 32.780736, 0.0 ], [ -96.805639, 32.78047, 0.0 ], [ -96.805797, 32.780437, 0.0 ], [ -96.805955, 32.780404, 0.0 ], [ -96.806033, 32.780671, 0.0 ], [ -96.805875, 32.780704, 0.0 ], [ -96.805717, 32.780736, 0.0 ] ] ] } },
{ "type": "Feature", "properties": { "dcad_account": "000638000217A0000", "address": "3120 MCKINNEY AVE", "property_name": "LAND ONLY", "owner": "MCKINNEY AVENUE", "group": "vacant", "where": "North of Woodall Rodgers", "acres": 0.171, "land_value": 1149450, "improvement_value": 0, "land_psf": 154.71, "improvement_to_land": 0.0, "deed_date": "05/19/1994", "feet_to_klyde_warren": 4052.0, "street_view": "https://www.google.com/maps/@?api=1&map_action=pano&viewpoint=32.801966,-96.800111" }, "geometry": { "type": "Polygon", "coordinates": [ [ [ -96.80001, 32.801803, 0.0 ], [ -96.800333, 32.801997, 0.0 ], [ -96.800221, 32.802133, 0.0 ], [ -96.79989, 32.801934, 0.0 ], [ -96.80001, 32.801803, 0.0 ] ] ] } },
{ "type": "Feature", "properties": { "dcad_account": "CONDO00C0140CONDO", "address": "2706 REAGAN ST", "property_name": "", "owner": "9 condo or unit accounts", "group": "building", "where": "North of Woodall Rodgers", "acres": 0.347, "land_value": 1147500, "improvement_value": 495820, "land_psf": 75.95, "improvement_to_land": 0.43, "deed_date": "", "feet_to_klyde_warren": 7185.0, "street_view": "https://www.google.com/maps/@?api=1&map_action=pano&viewpoint=32.807474,-96.813398" }, "geometry": { "type": "Polygon", "coordinates": [ [ [ -96.813245, 32.80734, 0.0 ], [ -96.813358, 32.807247, 0.0 ], [ -96.813708, 32.807546, 0.0 ], [ -96.813592, 32.807639, 0.0 ], [ -96.813474, 32.807736, 0.0 ], [ -96.813357, 32.807635, 0.0 ], [ -96.813286, 32.807573, 0.0 ], [ -96.813215, 32.807512, 0.0 ], [ -96.813128, 32.807437, 0.0 ], [ -96.813245, 32.80734, 0.0 ] ] ] } },
{ "type": "Feature", "properties": { "dcad_account": "00000135595000000", "address": "2700 BOLL ST", "property_name": "S AND D OYSTER PAVED PARKING", "owner": "BELLOMY EXPLORATION LLC", "group": "vacant", "where": "North of Woodall Rodgers", "acres": 0.161, "land_value": 1140700, "improvement_value": 0, "land_psf": 163.07, "improvement_to_land": 0.0, "deed_date": "10/06/2023", "feet_to_klyde_warren": 2675.0, "street_view": "https://www.google.com/maps/@?api=1&map_action=pano&viewpoint=32.798096,-96.802251" }, "geometry": { "type": "Polygon", "coordinates": [ [ [ -96.802379, 32.797954, 0.0 ], [ -96.8023, 32.798286, 0.0 ], [ -96.802117, 32.798238, 0.0 ], [ -96.802207, 32.79791, 0.0 ], [ -96.802379, 32.797954, 0.0 ] ] ] } },
{ "type": "Feature", "properties": { "dcad_account": "00000100366000000", "address": "200 N GRIFFIN ST", "property_name": "HOMEWOOD SUITES PARKING", "owner": "APPLE TEN HOSPITALITY", "group": "building", "where": "Downtown", "acres": 0.248, "land_value": 1132950, "improvement_value": 58600, "land_psf": 104.85, "improvement_to_land": 0.05, "deed_date": "12/05/2013", "feet_to_klyde_warren": 2531.0, "street_view": "https://www.google.com/maps/@?api=1&map_action=pano&viewpoint=32.781006,-96.803004" }, "geometry": { "type": "Polygon", "coordinates": [ [ [ -96.80317, 32.781227, 0.0 ], [ -96.80298, 32.781266, 0.0 ], [ -96.802839, 32.780785, 0.0 ], [ -96.803029, 32.780747, 0.0 ], [ -96.80317, 32.781227, 0.0 ] ] ] } },
{ "type": "Feature", "properties": { "dcad_account": "00000136390000000", "address": "3306 MCKINNEY AVE", "property_name": "LAND ONLY", "owner": "3300 3600 MCKINNEY AVE LLC", "group": "vacant", "where": "North of Woodall Rodgers", "acres": 0.169, "land_value": 1125000, "improvement_value": 0, "land_psf": 153.22, "improvement_to_land": 0.0, "deed_date": "10/01/2020", "feet_to_klyde_warren": 4917.0, "street_view": "https://www.google.com/maps/@?api=1&map_action=pano&viewpoint=32.804297,-96.798972" }, "geometry": { "type": "Polygon", "coordinates": [ [ [ -96.798752, 32.804202, 0.0 ], [ -96.798779, 32.804179, 0.0 ], [ -96.798865, 32.804108, 0.0 ], [ -96.799191, 32.804392, 0.0 ], [ -96.799112, 32.804514, 0.0 ], [ -96.798752, 32.804202, 0.0 ] ] ] } },
{ "type": "Feature", "properties": { "dcad_account": "00000135625000000", "address": "2703 BOLL ST", "property_name": "PAVED PARKING", "owner": "BELLOMY EXPLORATION LLC", "group": "parking", "where": "North of Woodall Rodgers", "acres": 0.151, "land_value": 1122000, "improvement_value": 0, "land_psf": 170.55, "improvement_to_land": 0.0, "deed_date": "07/05/2024", "feet_to_klyde_warren": 2534.0, "street_view": "https://www.google.com/maps/@?api=1&map_action=pano&viewpoint=32.797670,-96.802374" }, "geometry": { "type": "Polygon", "coordinates": [ [ [ -96.80224, 32.797792, 0.0 ], [ -96.802322, 32.797496, 0.0 ], [ -96.802508, 32.797548, 0.0 ], [ -96.802426, 32.797841, 0.0 ], [ -96.80224, 32.797792, 0.0 ] ] ] } },
{ "type": "Feature", "properties": { "dcad_account": "00000136180000000", "address": "3111 COLE AVE", "property_name": "3111 COLE", "owner": "ANDERSON MICHAEL J", "group": "building", "where": "North of Woodall Rodgers", "acres": 0.224, "land_value": 1121120, "improvement_value": 25000, "land_psf": 114.92, "improvement_to_land": 0.02, "deed_date": "", "feet_to_klyde_warren": 4619.0, "street_view": "https://www.google.com/maps/@?api=1&map_action=pano&viewpoint=32.803535,-96.801733" }, "geometry": { "type": "Polygon", "coordinates": [ [ [ -96.80195, 32.803726, 0.0 ], [ -96.801928, 32.803716, 0.0 ], [ -96.801449, 32.803485, 0.0 ], [ -96.801534, 32.803352, 0.0 ], [ -96.802017, 32.803585, 0.0 ], [ -96.802036, 32.803594, 0.0 ], [ -96.80195, 32.803726, 0.0 ] ] ] } },
{ "type": "Feature", "properties": { "dcad_account": "00000136183000000", "address": "3107 COLE AVE", "property_name": "MARKET CO. DESIGN", "owner": "BOUCHER DANIEL D", "group": "building", "where": "North of Woodall Rodgers", "acres": 0.224, "land_value": 1121120, "improvement_value": 1000, "land_psf": 114.82, "improvement_to_land": 0.0, "deed_date": "", "feet_to_klyde_warren": 4573.0, "street_view": "https://www.google.com/maps/@?api=1&map_action=pano&viewpoint=32.803409,-96.801832" }, "geometry": { "type": "Polygon", "coordinates": [ [ [ -96.802017, 32.803585, 0.0 ], [ -96.801534, 32.803352, 0.0 ], [ -96.801605, 32.803242, 0.0 ], [ -96.801619, 32.803219, 0.0 ], [ -96.80192, 32.803364, 0.0 ], [ -96.802106, 32.803453, 0.0 ], [ -96.802121, 32.803461, 0.0 ], [ -96.80204, 32.803586, 0.0 ], [ -96.802036, 32.803594, 0.0 ], [ -96.802017, 32.803585, 0.0 ] ] ] } },
{ "type": "Feature", "properties": { "dcad_account": "00000113278000000", "address": "2621 STATE ST", "property_name": "2621 STATE ST OFFICE", "owner": "PASCAL ENTERPRISES INC", "group": "building", "where": "North of Woodall Rodgers", "acres": 0.261, "land_value": 1120000, "improvement_value": 187530, "land_psf": 98.62, "improvement_to_land": 0.17, "deed_date": "01/24/1994", "feet_to_klyde_warren": 1856.0, "street_view": "https://www.google.com/maps/@?api=1&map_action=pano&viewpoint=32.795962,-96.799999" }, "geometry": { "type": "Polygon", "coordinates": [ [ [ -96.800183, 32.796079, 0.0 ], [ -96.800063, 32.796177, 0.0 ], [ -96.799745, 32.795901, 0.0 ], [ -96.799864, 32.795802, 0.0 ], [ -96.799934, 32.795745, 0.0 ], [ -96.800252, 32.796023, 0.0 ], [ -96.800183, 32.796079, 0.0 ] ] ] } },
{ "type": "Feature", "properties": { "dcad_account": "00000104332000000", "address": "1911 N LAMAR ST", "property_name": "1911 N LAMAR ST", "owner": "WEST END API LTD", "group": "building", "where": "Downtown", "acres": 0.227, "land_value": 1115040, "improvement_value": 68480, "land_psf": 112.89, "improvement_to_land": 0.06, "deed_date": "02/29/1988", "feet_to_klyde_warren": 2236.0, "street_view": "https://www.google.com/maps/@?api=1&map_action=pano&viewpoint=32.783034,-96.806834" }, "geometry": { "type": "Polygon", "coordinates": [ [ [ -96.806846, 32.782847, 0.0 ], [ -96.807056, 32.78305, 0.0 ], [ -96.806835, 32.783233, 0.0 ], [ -96.806612, 32.783017, 0.0 ], [ -96.806833, 32.782834, 0.0 ], [ -96.806846, 32.782847, 0.0 ] ] ] } },
{ "type": "Feature", "properties": { "dcad_account": "00000134206000000", "address": "2707 N HARWOOD ST", "property_name": "VACANT PARKING LOT", "owner": "NORTHLAND DEVELOPMENTS INC", "group": "vacant", "where": "North of Woodall Rodgers", "acres": 0.159, "land_value": 1104000, "improvement_value": 0, "land_psf": 159.81, "improvement_to_land": 0.0, "deed_date": "11/17/2017", "feet_to_klyde_warren": 2037.0, "street_view": "https://www.google.com/maps/@?api=1&map_action=pano&viewpoint=32.792930,-96.807430" }, "geometry": { "type": "Polygon", "coordinates": [ [ [ -96.807251, 32.79297, 0.0 ], [ -96.807509, 32.79274, 0.0 ], [ -96.807565, 32.79279, 0.0 ], [ -96.807644, 32.79286, 0.0 ], [ -96.807609, 32.79289, 0.0 ], [ -96.807385, 32.79309, 0.0 ], [ -96.807251, 32.79297, 0.0 ] ] ] } },
{ "type": "Feature", "properties": { "dcad_account": "00000102790000000", "address": "2210 PACIFIC AVE", "property_name": "PARKING", "owner": "OCONNORPACIFIC AVE", "group": "parking", "where": "Downtown", "acres": 0.307, "land_value": 1102500, "improvement_value": 0, "land_psf": 82.41, "improvement_to_land": 0.0, "deed_date": "09/16/2025", "feet_to_klyde_warren": 3433.0, "street_view": "https://www.google.com/maps/@?api=1&map_action=pano&viewpoint=32.783495,-96.791954" }, "geometry": { "type": "Polygon", "coordinates": [ [ [ -96.791827, 32.783337, 0.0 ], [ -96.791906, 32.783321, 0.0 ], [ -96.791985, 32.783304, 0.0 ], [ -96.792064, 32.783288, 0.0 ], [ -96.792164, 32.783635, 0.0 ], [ -96.792086, 32.783654, 0.0 ], [ -96.792008, 32.783673, 0.0 ], [ -96.791929, 32.783692, 0.0 ], [ -96.791846, 32.783714, 0.0 ], [ -96.791745, 32.783354, 0.0 ], [ -96.791827, 32.783337, 0.0 ] ] ] } },
{ "type": "Feature", "properties": { "dcad_account": "00000100195000000", "address": "705 ROSS AVE", "property_name": "MILEY & BROWN, PC./MULTI TENANT", "owner": "VIC AND RALPH  LP", "group": "building", "where": "Downtown", "acres": 0.239, "land_value": 1099880, "improvement_value": 15000, "land_psf": 105.77, "improvement_to_land": 0.01, "deed_date": "05/08/2006", "feet_to_klyde_warren": 2559.0, "street_view": "https://www.google.com/maps/@?api=1&map_action=pano&viewpoint=32.781757,-96.806330" }, "geometry": { "type": "Polygon", "coordinates": [ [ [ -96.806476, 32.781608, 0.0 ], [ -96.80655, 32.781876, 0.0 ], [ -96.806552, 32.781883, 0.0 ], [ -96.80642, 32.781909, 0.0 ], [ -96.806316, 32.78193, 0.0 ], [ -96.806309, 32.781923, 0.0 ], [ -96.806297, 32.78191, 0.0 ], [ -96.806283, 32.781897, 0.0 ], [ -96.806237, 32.781851, 0.0 ], [ -96.806212, 32.781826, 0.0 ], [ -96.806072, 32.781687, 0.0 ], [ -96.806186, 32.781664, 0.0 ], [ -96.806344, 32.781633, 0.0 ], [ -96.806476, 32.781608, 0.0 ] ] ] } },
{ "type": "Feature", "properties": { "dcad_account": "00000135655000000", "address": "2728 ROUTH ST", "property_name": "ULUX NAIL SPA", "owner": "PASHA & SINA INC", "group": "building", "where": "North of Woodall Rodgers", "acres": 0.143, "land_value": 1094460, "improvement_value": 457620, "land_psf": 175.64, "improvement_to_land": 0.42, "deed_date": "09/07/2016", "feet_to_klyde_warren": 2673.0, "street_view": "https://www.google.com/maps/@?api=1&map_action=pano&viewpoint=32.797939,-96.803211" }, "geometry": { "type": "Polygon", "coordinates": [ [ [ -96.803396, 32.797857, 0.0 ], [ -96.803227, 32.79802, 0.0 ], [ -96.803212, 32.798056, 0.0 ], [ -96.803078, 32.798021, 0.0 ], [ -96.803209, 32.797695, 0.0 ], [ -96.803396, 32.797857, 0.0 ] ] ] } },
{ "type": "Feature", "properties": { "dcad_account": "00000104446000000", "address": "1000 MUNGER AVE", "property_name": "VACANT LAND", "owner": "DARYL RICHARDSON GOURMET CATERING INC", "group": "parking", "where": "Downtown", "acres": 0.221, "land_value": 1085830, "improvement_value": 0, "land_psf": 113.02, "improvement_to_land": 0.0, "deed_date": "03/26/2014", "feet_to_klyde_warren": 1857.0, "street_view": "https://www.google.com/maps/@?api=1&map_action=pano&viewpoint=32.783764,-96.805968" }, "geometry": { "type": "Polygon", "coordinates": [ [ [ -96.805764, 32.783813, 0.0 ], [ -96.805766, 32.783811, 0.0 ], [ -96.805767, 32.783809, 0.0 ], [ -96.805769, 32.783806, 0.0 ], [ -96.80581, 32.783742, 0.0 ], [ -96.805845, 32.783676, 0.0 ], [ -96.805874, 32.783607, 0.0 ], [ -96.805895, 32.783537, 0.0 ], [ -96.806164, 32.783787, 0.0 ], [ -96.805949, 32.783972, 0.0 ], [ -96.805943, 32.783977, 0.0 ], [ -96.805764, 32.783813, 0.0 ] ] ] } },
{ "type": "Feature", "properties": { "dcad_account": "00000104392000000", "address": "911 CORBIN ST", "property_name": "PARKING", "owner": "CP DALLAS MUGER & LAMAR LP", "group": "parking", "where": "Downtown", "acres": 0.217, "land_value": 1082730, "improvement_value": 0, "land_psf": 114.77, "improvement_to_land": 0.0, "deed_date": "08/26/2014", "feet_to_klyde_warren": 1994.0, "street_view": "https://www.google.com/maps/@?api=1&map_action=pano&viewpoint=32.783440,-96.806194" }, "geometry": { "type": "Polygon", "coordinates": [ [ [ -96.806164, 32.783555, 0.0 ], [ -96.806134, 32.783477, 0.0 ], [ -96.806096, 32.783402, 0.0 ], [ -96.806051, 32.78333, 0.0 ], [ -96.805999, 32.783261, 0.0 ], [ -96.80594, 32.783197, 0.0 ], [ -96.806034, 32.78312, 0.0 ], [ -96.806091, 32.78317, 0.0 ], [ -96.806143, 32.783224, 0.0 ], [ -96.806189, 32.783282, 0.0 ], [ -96.806228, 32.783343, 0.0 ], [ -96.806233, 32.783339, 0.0 ], [ -96.80635, 32.783626, 0.0 ], [ -96.806339, 32.783635, 0.0 ], [ -96.806257, 32.783702, 0.0 ], [ -96.806186, 32.783634, 0.0 ], [ -96.806164, 32.783555, 0.0 ] ] ] } },
{ "type": "Feature", "properties": { "dcad_account": "001327000406A0000", "address": "2990 REAGAN ST", "property_name": "LAND", "owner": "JUREK REAGAN HOLDINGS LLC", "group": "vacant", "where": "North of Woodall Rodgers", "acres": 0.496, "land_value": 1082450, "improvement_value": 0, "land_psf": 50.06, "improvement_to_land": 0.0, "deed_date": "07/01/2019", "feet_to_klyde_warren": 7431.0, "street_view": "https://www.google.com/maps/@?api=1&map_action=pano&viewpoint=32.809227,-96.811119" }, "geometry": { "type": "Polygon", "coordinates": [ [ [ -96.811473, 32.809373, 0.0 ], [ -96.811353, 32.809465, 0.0 ], [ -96.811307, 32.809504, 0.0 ], [ -96.81126, 32.809542, 0.0 ], [ -96.811144, 32.809639, 0.0 ], [ -96.810888, 32.809455, 0.0 ], [ -96.810773, 32.809367, 0.0 ], [ -96.811119, 32.809086, 0.0 ], [ -96.811473, 32.809373, 0.0 ] ] ] } },
{ "type": "Feature", "properties": { "dcad_account": "00000134974000000", "address": "2923 FAIRMOUNT ST", "property_name": "CITIZEN", "owner": "2425 CEDAR SPRINGS LLC", "group": "building", "where": "North of Woodall Rodgers", "acres": 0.142, "land_value": 1081500, "improvement_value": 479620, "land_psf": 175.11, "improvement_to_land": 0.44, "deed_date": "05/06/2025", "feet_to_klyde_warren": 3282.0, "street_view": "https://www.google.com/maps/@?api=1&map_action=pano&viewpoint=32.798350,-96.806466" }, "geometry": { "type": "Polygon", "coordinates": [ [ [ -96.806599, 32.798162, 0.0 ], [ -96.806691, 32.79824, 0.0 ], [ -96.806334, 32.798539, 0.0 ], [ -96.806242, 32.798461, 0.0 ], [ -96.806599, 32.798162, 0.0 ] ] ] } },
{ "type": "Feature", "properties": { "dcad_account": "00000101128000000", "address": "1600 JACKSON ST", "property_name": "ALLRIGHT PARKING-COMM SPTD CODE", "owner": "SWAIN BEVERLY TONEY GST", "group": "parking", "where": "Downtown", "acres": 0.264, "land_value": 1073800, "improvement_value": 0, "land_psf": 93.53, "improvement_to_land": 0.0, "deed_date": "06/07/2018", "feet_to_klyde_warren": 3573.0, "street_view": "https://www.google.com/maps/@?api=1&map_action=pano&viewpoint=32.779223,-96.797173" }, "geometry": { "type": "Polygon", "coordinates": [ [ [ -96.797133, 32.779492, 0.0 ], [ -96.797076, 32.779243, 0.0 ], [ -96.797016, 32.778982, 0.0 ], [ -96.79719, 32.778945, 0.0 ], [ -96.797269, 32.779203, 0.0 ], [ -96.797339, 32.779433, 0.0 ], [ -96.797343, 32.779447, 0.0 ], [ -96.797133, 32.779492, 0.0 ] ] ] } },
{ "type": "Feature", "properties": { "dcad_account": "00000135511000000", "address": "2610 FAIRMOUNT ST", "property_name": "KRISTY STUBBS GALLERY", "owner": "GINSBURG BROOKE MINORS", "group": "building", "where": "North of Woodall Rodgers", "acres": 0.142, "land_value": 1062500, "improvement_value": 137500, "land_psf": 171.94, "improvement_to_land": 0.13, "deed_date": "06/24/1998", "feet_to_klyde_warren": 2269.0, "street_view": "https://www.google.com/maps/@?api=1&map_action=pano&viewpoint=32.796561,-96.803507" }, "geometry": { "type": "Polygon", "coordinates": [ [ [ -96.803596, 32.796391, 0.0 ], [ -96.803708, 32.796488, 0.0 ], [ -96.80342, 32.796729, 0.0 ], [ -96.803306, 32.796633, 0.0 ], [ -96.803596, 32.796391, 0.0 ] ] ] } },
{ "type": "Feature", "properties": { "dcad_account": "00000100111000000", "address": "512 JACKSON ST", "property_name": "VACANT", "owner": "BMR GARAGE PTNRS LLC", "group": "vacant", "where": "Downtown", "acres": 0.209, "land_value": 1058000, "improvement_value": 0, "land_psf": 116.01, "improvement_to_land": 0.0, "deed_date": "10/28/2014", "feet_to_klyde_warren": 4126.0, "street_view": "https://www.google.com/maps/@?api=1&map_action=pano&viewpoint=32.777241,-96.806720" }, "geometry": { "type": "Polygon", "coordinates": [ [ [ -96.806841, 32.777085, 0.0 ], [ -96.806861, 32.777151, 0.0 ], [ -96.806913, 32.777329, 0.0 ], [ -96.806755, 32.777362, 0.0 ], [ -96.806597, 32.777395, 0.0 ], [ -96.806526, 32.777152, 0.0 ], [ -96.806684, 32.777119, 0.0 ], [ -96.806841, 32.777085, 0.0 ] ] ] } },
{ "type": "Feature", "properties": { "dcad_account": "000638000204A0000", "address": "3124 MCKINNEY AVE", "property_name": "THE MAC  PAVED PARKING", "owner": "MCKINNEY AVENUE", "group": "vacant", "where": "North of Woodall Rodgers", "acres": 0.151, "land_value": 1053070, "improvement_value": 0, "land_psf": 159.79, "improvement_to_land": 0.0, "deed_date": "05/19/1994", "feet_to_klyde_warren": 4202.0, "street_view": "https://www.google.com/maps/@?api=1&map_action=pano&viewpoint=32.802381,-96.800277" }, "geometry": { "type": "Polygon", "coordinates": [ [ [ -96.800497, 32.802429, 0.0 ], [ -96.800418, 32.802549, 0.0 ], [ -96.800058, 32.802332, 0.0 ], [ -96.80015, 32.80222, 0.0 ], [ -96.800497, 32.802429, 0.0 ] ] ] } },
{ "type": "Feature", "properties": { "dcad_account": "0006330B000100000", "address": "2500 N HALL ST", "property_name": "VACANT", "owner": "IONNA LLC", "group": "vacant", "where": "North of Woodall Rodgers", "acres": 0.218, "land_value": 1050000, "improvement_value": 0, "land_psf": 110.36, "improvement_to_land": 0.0, "deed_date": "03/10/2026", "feet_to_klyde_warren": 3887.0, "street_view": "https://www.google.com/maps/@?api=1&map_action=pano&viewpoint=32.800061,-96.794249" }, "geometry": { "type": "Polygon", "coordinates": [ [ [ -96.794335, 32.800266, 0.0 ], [ -96.794216, 32.800162, 0.0 ], [ -96.794177, 32.800129, 0.0 ], [ -96.794003, 32.79997, 0.0 ], [ -96.794026, 32.79995, 0.0 ], [ -96.794141, 32.799846, 0.0 ], [ -96.794315, 32.799992, 0.0 ], [ -96.794479, 32.80013, 0.0 ], [ -96.794364, 32.800239, 0.0 ], [ -96.794335, 32.800266, 0.0 ] ] ] } },
{ "type": "Feature", "properties": { "dcad_account": "00000113149000000", "address": "2512 THOMAS AVE", "property_name": "", "owner": "HEARST JUDITH SMITH", "group": "building", "where": "North of Woodall Rodgers", "acres": 0.248, "land_value": 1050000, "improvement_value": 235750, "land_psf": 97.18, "improvement_to_land": 0.22, "deed_date": "12/29/1999", "feet_to_klyde_warren": 1219.0, "street_view": "https://www.google.com/maps/@?api=1&map_action=pano&viewpoint=32.794114,-96.799633" }, "geometry": { "type": "Polygon", "coordinates": [ [ [ -96.799723, 32.794329, 0.0 ], [ -96.799377, 32.794038, 0.0 ], [ -96.799457, 32.79397, 0.0 ], [ -96.799543, 32.793898, 0.0 ], [ -96.799888, 32.79419, 0.0 ], [ -96.799723, 32.794329, 0.0 ] ] ] } },
{ "type": "Feature", "properties": { "dcad_account": "000140001901A0200", "address": "2100 JACKSON ST", "property_name": "LAND ONLY", "owner": "LOCO MELETIO DEVELOPMENT LLC", "group": "vacant", "where": "Downtown", "acres": 0.253, "land_value": 1047380, "improvement_value": 0, "land_psf": 94.97, "improvement_to_land": 0.0, "deed_date": "04/17/2018", "feet_to_klyde_warren": 4242.0, "street_view": "https://www.google.com/maps/@?api=1&map_action=pano&viewpoint=32.780716,-96.791597" }, "geometry": { "type": "Polygon", "coordinates": [ [ [ -96.791719, 32.780795, 0.0 ], [ -96.791653, 32.780835, 0.0 ], [ -96.791587, 32.780875, 0.0 ], [ -96.791521, 32.780915, 0.0 ], [ -96.79135, 32.780715, 0.0 ], [ -96.791416, 32.780675, 0.0 ], [ -96.791481, 32.780634, 0.0 ], [ -96.791547, 32.780594, 0.0 ], [ -96.791613, 32.780554, 0.0 ], [ -96.791673, 32.780518, 0.0 ], [ -96.791844, 32.780718, 0.0 ], [ -96.791719, 32.780795, 0.0 ] ] ] } },
{ "type": "Feature", "properties": { "dcad_account": "00000135175000000", "address": "2705 CEDAR SPRINGS RD", "property_name": "LAND ONLY", "owner": "KATY TRAIL ICE HOUSE LP", "group": "vacant", "where": "North of Woodall Rodgers", "acres": 0.139, "land_value": 1046880, "improvement_value": 0, "land_psf": 173.05, "improvement_to_land": 0.0, "deed_date": "10/04/2022", "feet_to_klyde_warren": 3966.0, "street_view": "https://www.google.com/maps/@?api=1&map_action=pano&viewpoint=32.800726,-96.805933" }, "geometry": { "type": "Polygon", "coordinates": [ [ [ -96.80574, 32.800838, 0.0 ], [ -96.80571, 32.800715, 0.0 ], [ -96.805707, 32.800703, 0.0 ], [ -96.806038, 32.800625, 0.0 ], [ -96.806166, 32.800738, 0.0 ], [ -96.80574, 32.800838, 0.0 ] ] ] } },
{ "type": "Feature", "properties": { "dcad_account": "00000138088000000", "address": "3104 FAIRMOUNT ST", "property_name": "DOUGLASS FRAMING/RIDDELL RARE MAPS", "owner": "TINY & GIGI LLC", "group": "building", "where": "North of Woodall Rodgers", "acres": 0.139, "land_value": 1044400, "improvement_value": 190780, "land_psf": 172.44, "improvement_to_land": 0.18, "deed_date": "06/16/2021", "feet_to_klyde_warren": 3758.0, "street_view": "https://www.google.com/maps/@?api=1&map_action=pano&viewpoint=32.799576,-96.807082" }, "geometry": { "type": "Polygon", "coordinates": [ [ [ -96.806884, 32.79964, 0.0 ], [ -96.807166, 32.799412, 0.0 ], [ -96.807282, 32.799512, 0.0 ], [ -96.806997, 32.799738, 0.0 ], [ -96.806884, 32.79964, 0.0 ] ] ] } },
{ "type": "Feature", "properties": { "dcad_account": "00000135586000000", "address": "2706 BOLL ST", "property_name": "2706 BOLL ST", "owner": "BELLOMY EXPLORATION LLC", "group": "building", "where": "North of Woodall Rodgers", "acres": 0.141, "land_value": 1037000, "improvement_value": 10000, "land_psf": 169.39, "improvement_to_land": 0.01, "deed_date": "10/06/2023", "feet_to_klyde_warren": 2701.0, "street_view": "https://www.google.com/maps/@?api=1&map_action=pano&viewpoint=32.798141,-96.802417" }, "geometry": { "type": "Polygon", "coordinates": [ [ [ -96.8023, 32.798286, 0.0 ], [ -96.802379, 32.797954, 0.0 ], [ -96.802534, 32.797996, 0.0 ], [ -96.802455, 32.798329, 0.0 ], [ -96.8023, 32.798286, 0.0 ] ] ] } },
{ "type": "Feature", "properties": { "dcad_account": "00000103570000000", "address": "802 S GOOD LATIMER EXPY", "property_name": "VACANT", "owner": "GOOD LATIMER APARTMENTS LLC", "group": "vacant", "where": "Downtown", "acres": 0.357, "land_value": 1028110, "improvement_value": 0, "land_psf": 66.04, "improvement_to_land": 0.0, "deed_date": "05/27/2025", "feet_to_klyde_warren": 6454.0, "street_view": "https://www.google.com/maps/@?api=1&map_action=pano&viewpoint=32.778794,-96.783877" }, "geometry": { "type": "Polygon", "coordinates": [ [ [ -96.783871, 32.778504, 0.0 ], [ -96.783897, 32.778533, 0.0 ], [ -96.783903, 32.778541, 0.0 ], [ -96.783935, 32.778578, 0.0 ], [ -96.783946, 32.778591, 0.0 ], [ -96.784013, 32.778669, 0.0 ], [ -96.784033, 32.778692, 0.0 ], [ -96.78411, 32.778782, 0.0 ], [ -96.784055, 32.778815, 0.0 ], [ -96.78399, 32.778853, 0.0 ], [ -96.783923, 32.778892, 0.0 ], [ -96.783857, 32.77893, 0.0 ], [ -96.783794, 32.778967, 0.0 ], [ -96.783726, 32.779006, 0.0 ], [ -96.78366, 32.779045, 0.0 ], [ -96.78359, 32.779086, 0.0 ], [ -96.783559, 32.779104, 0.0 ], [ -96.78356, 32.779052, 0.0 ], [ -96.783581, 32.778954, 0.0 ], [ -96.783589, 32.778904, 0.0 ], [ -96.78359, 32.778893, 0.0 ], [ -96.783591, 32.778893, 0.0 ], [ -96.783654, 32.778805, 0.0 ], [ -96.783697, 32.778745, 0.0 ], [ -96.783719, 32.778715, 0.0 ], [ -96.783738, 32.778689, 0.0 ], [ -96.7838, 32.778603, 0.0 ], [ -96.783806, 32.778595, 0.0 ], [ -96.783828, 32.778563, 0.0 ], [ -96.783832, 32.778558, 0.0 ], [ -96.783871, 32.778504, 0.0 ] ] ] } },
{ "type": "Feature", "properties": { "dcad_account": "00000157576000000", "address": "3326 BLACKBURN ST", "property_name": "", "owner": "CRISMAN TINA M", "group": "building", "where": "North of Woodall Rodgers", "acres": 0.199, "land_value": 1024070, "improvement_value": 299640, "land_psf": 118.22, "improvement_to_land": 0.29, "deed_date": "12/17/2021", "feet_to_klyde_warren": 7482.0, "street_view": "https://www.google.com/maps/@?api=1&map_action=pano&viewpoint=32.811439,-96.798278" }, "geometry": { "type": "Polygon", "coordinates": [ [ [ -96.798332, 32.811302, 0.0 ], [ -96.7984, 32.811248, 0.0 ], [ -96.798474, 32.811188, 0.0 ], [ -96.798504, 32.811164, 0.0 ], [ -96.79862, 32.811252, 0.0 ], [ -96.798244, 32.811566, 0.0 ], [ -96.798064, 32.811515, 0.0 ], [ -96.798256, 32.811362, 0.0 ], [ -96.798332, 32.811302, 0.0 ] ] ] } },
{ "type": "Feature", "properties": { "dcad_account": "00000102268000000", "address": "617 S HARWOOD ST", "property_name": "PARKING", "owner": "AMIGOS POTTERY INC", "group": "vacant", "where": "Downtown", "acres": 0.447, "land_value": 1023900, "improvement_value": 0, "land_psf": 52.61, "improvement_to_land": 0.0, "deed_date": "12/31/2012", "feet_to_klyde_warren": 4828.0, "street_view": "https://www.google.com/maps/@?api=1&map_action=pano&viewpoint=32.778022,-96.792110" }, "geometry": { "type": "Polygon", "coordinates": [ [ [ -96.792389, 32.778097, 0.0 ], [ -96.792254, 32.778211, 0.0 ], [ -96.792238, 32.778198, 0.0 ], [ -96.792073, 32.778061, 0.0 ], [ -96.791931, 32.778178, 0.0 ], [ -96.791865, 32.778124, 0.0 ], [ -96.791692, 32.777982, 0.0 ], [ -96.791912, 32.777927, 0.0 ], [ -96.792121, 32.777875, 0.0 ], [ -96.79236, 32.777816, 0.0 ], [ -96.792543, 32.777968, 0.0 ], [ -96.792389, 32.778097, 0.0 ] ] ] } },
{ "type": "Feature", "properties": { "dcad_account": "00000100282000000", "address": "811 ELM ST", "property_name": "ALLRIGHT PARKING", "owner": "WEST END LOFTS LP", "group": "parking", "where": "Downtown", "acres": 0.204, "land_value": 1023500, "improvement_value": 0, "land_psf": 115.0, "improvement_to_land": 0.0, "deed_date": "06/15/2026", "feet_to_klyde_warren": 2763.0, "street_view": "https://www.google.com/maps/@?api=1&map_action=pano&viewpoint=32.780730,-96.804992" }, "geometry": { "type": "Polygon", "coordinates": [ [ [ -96.804949, 32.78033, 0.0 ], [ -96.805027, 32.780596, 0.0 ], [ -96.805106, 32.780863, 0.0 ], [ -96.80499, 32.780887, 0.0 ], [ -96.804965, 32.780892, 0.0 ], [ -96.804809, 32.780359, 0.0 ], [ -96.804834, 32.780353, 0.0 ], [ -96.804949, 32.78033, 0.0 ] ] ] } },
{ "type": "Feature", "properties": { "dcad_account": "00000102394000000", "address": "2115 ELM ST", "property_name": "TOMSON PARKING", "owner": "2210 PACIFIC PROPERTY LLC", "group": "parking", "where": "Downtown", "acres": 0.274, "land_value": 1021960, "improvement_value": 0, "land_psf": 85.59, "improvement_to_land": 0.0, "deed_date": "10/24/2016", "feet_to_klyde_warren": 3306.0, "street_view": "https://www.google.com/maps/@?api=1&map_action=pano&viewpoint=32.783282,-96.792745" }, "geometry": { "type": "Polygon", "coordinates": [ [ [ -96.792561, 32.783208, 0.0 ], [ -96.792557, 32.783194, 0.0 ], [ -96.79261, 32.783183, 0.0 ], [ -96.79269, 32.783166, 0.0 ], [ -96.792767, 32.783149, 0.0 ], [ -96.792863, 32.783129, 0.0 ], [ -96.792866, 32.783137, 0.0 ], [ -96.792929, 32.783356, 0.0 ], [ -96.792959, 32.783459, 0.0 ], [ -96.792882, 32.783474, 0.0 ], [ -96.792738, 32.783504, 0.0 ], [ -96.792729, 32.783506, 0.0 ], [ -96.792652, 32.783522, 0.0 ], [ -96.792561, 32.783208, 0.0 ] ] ] } },
{ "type": "Feature", "properties": { "dcad_account": "00000138967000000", "address": "3525 CEDAR SPRINGS RD", "property_name": "3525 CEDAR SPRINGS", "owner": "3525 EXECUTIVE SUITES LLC", "group": "building", "where": "North of Woodall Rodgers", "acres": 0.277, "land_value": 1017450, "improvement_value": 102550, "land_psf": 84.36, "improvement_to_land": 0.1, "deed_date": "10/22/1997", "feet_to_klyde_warren": 6247.0, "street_view": "https://www.google.com/maps/@?api=1&map_action=pano&viewpoint=32.807208,-96.806913" }, "geometry": { "type": "Polygon", "coordinates": [ [ [ -96.806627, 32.80731, 0.0 ], [ -96.807037, 32.806976, 0.0 ], [ -96.807048, 32.806983, 0.0 ], [ -96.807199, 32.807105, 0.0 ], [ -96.806789, 32.807441, 0.0 ], [ -96.806627, 32.80731, 0.0 ] ] ] } },
{ "type": "Feature", "properties": { "dcad_account": "00000135658000000", "address": "2736 ROUTH ST", "property_name": "DALLAS LUXURY REALTY", "owner": "PASHA & SINA INC", "group": "building", "where": "North of Woodall Rodgers", "acres": 0.134, "land_value": 1014560, "improvement_value": 79840, "land_psf": 173.5, "improvement_to_land": 0.08, "deed_date": "04/11/2012", "feet_to_klyde_warren": 2746.0, "street_view": "https://www.google.com/maps/@?api=1&map_action=pano&viewpoint=32.797939,-96.803400" }, "geometry": { "type": "Polygon", "coordinates": [ [ [ -96.803461, 32.798123, 0.0 ], [ -96.803212, 32.798056, 0.0 ], [ -96.803227, 32.79802, 0.0 ], [ -96.803396, 32.797857, 0.0 ], [ -96.803583, 32.798021, 0.0 ], [ -96.803461, 32.798123, 0.0 ] ] ] } },
{ "type": "Feature", "properties": { "dcad_account": "00000136387000000", "address": "3300 MCKINNEY AVE", "property_name": "3300  MCKINNEY AVE", "owner": "3300 3600 MCKINNEY AVE LLC", "group": "building", "where": "North of Woodall Rodgers", "acres": 0.156, "land_value": 1012500, "improvement_value": 462500, "land_psf": 148.87, "improvement_to_land": 0.46, "deed_date": "10/01/2020", "feet_to_klyde_warren": 4878.0, "street_view": "https://www.google.com/maps/@?api=1&map_action=pano&viewpoint=32.804187,-96.799069" }, "geometry": { "type": "Polygon", "coordinates": [ [ [ -96.798865, 32.804108, 0.0 ], [ -96.798982, 32.804013, 0.0 ], [ -96.799274, 32.804266, 0.0 ], [ -96.799191, 32.804392, 0.0 ], [ -96.798865, 32.804108, 0.0 ] ] ] } },
{ "type": "Feature", "properties": { "dcad_account": "0002220B000090000", "address": "1704 N GRIFFIN ST", "property_name": "PARKING", "owner": "JNW HOLDINGS LP", "group": "parking", "where": "Downtown", "acres": 0.202, "land_value": 1011540, "improvement_value": 0, "land_psf": 114.98, "improvement_to_land": 0.0, "deed_date": "11/30/2016", "feet_to_klyde_warren": 1851.0, "street_view": "https://www.google.com/maps/@?api=1&map_action=pano&viewpoint=32.783080,-96.804242" }, "geometry": { "type": "Polygon", "coordinates": [ [ [ -96.804091, 32.783014, 0.0 ], [ -96.8042, 32.782919, 0.0 ], [ -96.80445, 32.783147, 0.0 ], [ -96.804232, 32.783324, 0.0 ], [ -96.804188, 32.783284, 0.0 ], [ -96.804164, 32.783304, 0.0 ], [ -96.804091, 32.783014, 0.0 ] ] ] } },
{ "type": "Feature", "properties": { "dcad_account": "CONDO00C6100CONDO", "address": "2727 WELBORN ST", "property_name": "", "owner": "10 condo or unit accounts", "group": "building", "where": "North of Woodall Rodgers", "acres": 0.374, "land_value": 1011420, "improvement_value": 137980, "land_psf": 62.08, "improvement_to_land": 0.14, "deed_date": "", "feet_to_klyde_warren": 6360.0, "street_view": "https://www.google.com/maps/@?api=1&map_action=pano&viewpoint=32.806198,-96.810851" }, "geometry": { "type": "Polygon", "coordinates": [ [ [ -96.810895, 32.806437, 0.0 ], [ -96.810776, 32.806332, 0.0 ], [ -96.810665, 32.806234, 0.0 ], [ -96.810532, 32.806116, 0.0 ], [ -96.810766, 32.805922, 0.0 ], [ -96.810792, 32.805945, 0.0 ], [ -96.811038, 32.806162, 0.0 ], [ -96.81113, 32.806244, 0.0 ], [ -96.811113, 32.806259, 0.0 ], [ -96.811112, 32.806259, 0.0 ], [ -96.810979, 32.806367, 0.0 ], [ -96.810895, 32.806437, 0.0 ] ] ] } },
{ "type": "Feature", "properties": { "dcad_account": "00000117154000000", "address": "3433 HOWELL ST", "property_name": "2801 LEMMON AVE WEST PAVED PARKING", "owner": "2801 INVESTMENTS LTD", "group": "vacant", "where": "North of Woodall Rodgers", "acres": 0.196, "land_value": 1008000, "improvement_value": 0, "land_psf": 118.25, "improvement_to_land": 0.0, "deed_date": "04/06/2001", "feet_to_klyde_warren": 4811.0, "street_view": "https://www.google.com/maps/@?api=1&map_action=pano&viewpoint=32.803674,-96.796719" }, "geometry": { "type": "Polygon", "coordinates": [ [ [ -96.796808, 32.803655, 0.0 ], [ -96.796852, 32.803692, 0.0 ], [ -96.796895, 32.80373, 0.0 ], [ -96.796962, 32.803786, 0.0 ], [ -96.796851, 32.803885, 0.0 ], [ -96.796654, 32.803712, 0.0 ], [ -96.796453, 32.803542, 0.0 ], [ -96.796562, 32.803444, 0.0 ], [ -96.796635, 32.803506, 0.0 ], [ -96.796678, 32.803543, 0.0 ], [ -96.796722, 32.803581, 0.0 ], [ -96.796765, 32.803618, 0.0 ], [ -96.796808, 32.803655, 0.0 ] ] ] } },
{ "type": "Feature", "properties": { "dcad_account": "00000113473000000", "address": "2707 HIBERNIA ST", "property_name": "HUNT CONSTRUCTION", "owner": "ARGENTHAL REALTY CAPITAL LLC", "group": "building", "where": "North of Woodall Rodgers", "acres": 0.188, "land_value": 1008000, "improvement_value": 450000, "land_psf": 122.94, "improvement_to_land": 0.45, "deed_date": "03/27/2025", "feet_to_klyde_warren": 2228.0, "street_view": "https://www.google.com/maps/@?api=1&map_action=pano&viewpoint=32.797006,-96.800389" }, "geometry": { "type": "Polygon", "coordinates": [ [ [ -96.800131, 32.796911, 0.0 ], [ -96.80027, 32.796792, 0.0 ], [ -96.800472, 32.79696, 0.0 ], [ -96.800589, 32.797052, 0.0 ], [ -96.80045, 32.797171, 0.0 ], [ -96.800131, 32.796911, 0.0 ] ] ] } },
{ "type": "Feature", "properties": { "dcad_account": "00000106030000000", "address": "2611 SAN JACINTO ST", "property_name": "PARKING", "owner": "SWAIN BEVERLY TONEY GST", "group": "vacant", "where": "Downtown", "acres": 0.236, "land_value": 1002870, "improvement_value": 0, "land_psf": 97.59, "improvement_to_land": 0.0, "deed_date": "06/07/2018", "feet_to_klyde_warren": 1875.0, "street_view": "https://www.google.com/maps/@?api=1&map_action=pano&viewpoint=32.790340,-96.793787" }, "geometry": { "type": "Polygon", "coordinates": [ [ [ -96.793933, 32.790573, 0.0 ], [ -96.793513, 32.790215, 0.0 ], [ -96.793639, 32.790104, 0.0 ], [ -96.794061, 32.790465, 0.0 ], [ -96.793933, 32.790573, 0.0 ] ] ] } },
{ "type": "Feature", "properties": { "dcad_account": "00000101851000000", "address": "1722 MARILLA ST", "property_name": "VACANT", "owner": "CANTON CADIZ PHASE 1 LLC", "group": "vacant", "where": "Downtown", "acres": 0.403, "land_value": 1000350, "improvement_value": 0, "land_psf": 56.99, "improvement_to_land": 0.0, "deed_date": "03/19/2025", "feet_to_klyde_warren": 4687.0, "street_view": "https://www.google.com/maps/@?api=1&map_action=pano&viewpoint=32.776939,-96.794355" }, "geometry": { "type": "Polygon", "coordinates": [ [ [ -96.79445, 32.777209, 0.0 ], [ -96.794389, 32.777157, 0.0 ], [ -96.794098, 32.776907, 0.0 ], [ -96.794319, 32.77672, 0.0 ], [ -96.794612, 32.776971, 0.0 ], [ -96.7948, 32.777132, 0.0 ], [ -96.79445, 32.777209, 0.0 ] ] ] } },
{ "type": "Feature", "properties": { "dcad_account": "00000149518000000", "address": "2818 SHELBY AVE", "property_name": "US POST OFFICE PAVED PARKING", "owner": "U S POSTAL SERVICE", "group": "vacant", "where": "North of Woodall Rodgers", "acres": 0.306, "land_value": 999000, "improvement_value": 0, "land_psf": 75.05, "improvement_to_land": 0.0, "deed_date": "08/21/1979", "feet_to_klyde_warren": 7037.0, "street_view": "https://www.google.com/maps/@?api=1&map_action=pano&viewpoint=32.808170,-96.810954" }, "geometry": { "type": "Polygon", "coordinates": [ [ [ -96.810683, 32.808162, 0.0 ], [ -96.810943, 32.80795, 0.0 ], [ -96.811225, 32.808178, 0.0 ], [ -96.810965, 32.80839, 0.0 ], [ -96.810683, 32.808162, 0.0 ] ] ] } },
{ "type": "Feature", "properties": { "dcad_account": "00000113341000000", "address": "2208 ROUTH ST", "property_name": "KF&D ATTORNEYS / LAW OFFICE OF PEGGY PASQUINI", "owner": "TENNARK LLC", "group": "building", "where": "North of Woodall Rodgers", "acres": 0.228, "land_value": 993200, "improvement_value": 81800, "land_psf": 99.83, "improvement_to_land": 0.08, "deed_date": "09/25/2017", "feet_to_klyde_warren": 1336.0, "street_view": "https://www.google.com/maps/@?api=1&map_action=pano&viewpoint=32.794283,-96.798885" }, "geometry": { "type": "Polygon", "coordinates": [ [ [ -96.79902, 32.7943, 0.0 ], [ -96.798903, 32.794396, 0.0 ], [ -96.79879, 32.794495, 0.0 ], [ -96.798725, 32.794437, 0.0 ], [ -96.79867, 32.794388, 0.0 ], [ -96.798638, 32.794359, 0.0 ], [ -96.7987, 32.794308, 0.0 ], [ -96.798751, 32.794266, 0.0 ], [ -96.798802, 32.794225, 0.0 ], [ -96.798853, 32.794183, 0.0 ], [ -96.798904, 32.794141, 0.0 ], [ -96.798987, 32.794074, 0.0 ], [ -96.799136, 32.794204, 0.0 ], [ -96.79902, 32.7943, 0.0 ] ] ] } },
{ "type": "Feature", "properties": { "dcad_account": "00000138961000000", "address": "3519 CEDAR SPRINGS RD", "property_name": "THE PINES CATHOLIC CAMP", "owner": "WINHAVIR LP", "group": "building", "where": "North of Woodall Rodgers", "acres": 0.25, "land_value": 992970, "improvement_value": 1000, "land_psf": 91.15, "improvement_to_land": 0.0, "deed_date": "12/29/2010", "feet_to_klyde_warren": 6194.0, "street_view": "https://www.google.com/maps/@?api=1&map_action=pano&viewpoint=32.807084,-96.806758" }, "geometry": { "type": "Polygon", "coordinates": [ [ [ -96.806475, 32.807191, 0.0 ], [ -96.806838, 32.806903, 0.0 ], [ -96.806888, 32.806862, 0.0 ], [ -96.807037, 32.806976, 0.0 ], [ -96.806627, 32.80731, 0.0 ], [ -96.806475, 32.807191, 0.0 ] ] ] } },
{ "type": "Feature", "properties": { "dcad_account": "00000113446000000", "address": "2516 BOLL ST", "property_name": "PAVED PARKING", "owner": "2700 MCKINNEY DALLAS PARTNERS", "group": "parking", "where": "North of Woodall Rodgers", "acres": 0.219, "land_value": 992800, "improvement_value": 0, "land_psf": 104.05, "improvement_to_land": 0.0, "deed_date": "10/19/2018", "feet_to_klyde_warren": 2315.0, "street_view": "https://www.google.com/maps/@?api=1&map_action=pano&viewpoint=32.797230,-96.800822" }, "geometry": { "type": "Polygon", "coordinates": [ [ [ -96.800575, 32.797322, 0.0 ], [ -96.800591, 32.797308, 0.0 ], [ -96.800899, 32.797037, 0.0 ], [ -96.801039, 32.797153, 0.0 ], [ -96.800744, 32.797462, 0.0 ], [ -96.800575, 32.797322, 0.0 ] ] ] } },
{ "type": "Feature", "properties": { "dcad_account": "00000104389000000", "address": "1902 N LAMAR ST", "property_name": "PARKING", "owner": "CP DALLAS MUGER & LAMAR LP", "group": "parking", "where": "Downtown", "acres": 0.193, "land_value": 988540, "improvement_value": 0, "land_psf": 117.37, "improvement_to_land": 0.0, "deed_date": "08/26/2014", "feet_to_klyde_warren": 2098.0, "street_view": "https://www.google.com/maps/@?api=1&map_action=pano&viewpoint=32.783142,-96.806237" }, "geometry": { "type": "Polygon", "coordinates": [ [ [ -96.806189, 32.783282, 0.0 ], [ -96.806143, 32.783224, 0.0 ], [ -96.806091, 32.78317, 0.0 ], [ -96.806034, 32.78312, 0.0 ], [ -96.806216, 32.78296, 0.0 ], [ -96.806438, 32.783164, 0.0 ], [ -96.806441, 32.783166, 0.0 ], [ -96.806263, 32.783317, 0.0 ], [ -96.806233, 32.783339, 0.0 ], [ -96.806228, 32.783343, 0.0 ], [ -96.806189, 32.783282, 0.0 ] ] ] } },
{ "type": "Feature", "properties": { "dcad_account": "00000113266000000", "address": "2601 STATE ST", "property_name": "2601 STATE", "owner": "ALLORA LLC", "group": "building", "where": "North of Woodall Rodgers", "acres": 0.228, "land_value": 980000, "improvement_value": 144990, "land_psf": 98.71, "improvement_to_land": 0.15, "deed_date": "02/22/2021", "feet_to_klyde_warren": 1690.0, "street_view": "https://www.google.com/maps/@?api=1&map_action=pano&viewpoint=32.795525,-96.800530" }, "geometry": { "type": "Polygon", "coordinates": [ [ [ -96.800288, 32.795453, 0.0 ], [ -96.800337, 32.795413, 0.0 ], [ -96.800452, 32.795318, 0.0 ], [ -96.800773, 32.795597, 0.0 ], [ -96.800657, 32.795692, 0.0 ], [ -96.800608, 32.795732, 0.0 ], [ -96.800288, 32.795453, 0.0 ] ] ] } },
{ "type": "Feature", "properties": { "dcad_account": "00000109417000000", "address": "944 S LAMAR ST", "property_name": "VACANT LAND", "owner": "CCH LAMAR PARTNERS I LP", "group": "vacant", "where": "Downtown", "acres": 0.384, "land_value": 975960, "improvement_value": 0, "land_psf": 58.31, "improvement_to_land": 0.0, "deed_date": "12/29/2021", "feet_to_klyde_warren": 5696.0, "street_view": "https://www.google.com/maps/@?api=1&map_action=pano&viewpoint=32.772132,-96.800644" }, "geometry": { "type": "Polygon", "coordinates": [ [ [ -96.800683, 32.772577, 0.0 ], [ -96.800658, 32.772643, 0.0 ], [ -96.800587, 32.772623, 0.0 ], [ -96.800482, 32.772583, 0.0 ], [ -96.800379, 32.772539, 0.0 ], [ -96.800139, 32.77241, 0.0 ], [ -96.800973, 32.771854, 0.0 ], [ -96.801016, 32.771848, 0.0 ], [ -96.800451, 32.772409, 0.0 ], [ -96.800683, 32.772577, 0.0 ] ] ] } },
{ "type": "Feature", "properties": { "dcad_account": "00000108586000000", "address": "2607 CAROLINE ST", "property_name": "PARKING LOT", "owner": "HIC XII LIMITED OWNER LLC", "group": "vacant", "where": "North of Woodall Rodgers", "acres": 0.138, "land_value": 960630, "improvement_value": 0, "land_psf": 160.11, "improvement_to_land": 0.0, "deed_date": "01/02/2026", "feet_to_klyde_warren": 1924.0, "street_view": "https://www.google.com/maps/@?api=1&map_action=pano&viewpoint=32.791139,-96.808598" }, "geometry": { "type": "Polygon", "coordinates": [ [ [ -96.8085, 32.791253, 0.0 ], [ -96.808413, 32.791171, 0.0 ], [ -96.808652, 32.790985, 0.0 ], [ -96.80874, 32.791066, 0.0 ], [ -96.808783, 32.791107, 0.0 ], [ -96.808544, 32.791293, 0.0 ], [ -96.8085, 32.791253, 0.0 ] ] ] } },
{ "type": "Feature", "properties": { "dcad_account": "00000101689500000", "address": "1807 COMMERCE ST", "property_name": "MERCANTILE/ELEMENT POOL", "owner": "FC MERC COMPLEX LP", "group": "vacant", "where": "Downtown", "acres": 0.231, "land_value": 950000, "improvement_value": 0, "land_psf": 94.35, "improvement_to_land": 0.0, "deed_date": "05/02/2006", "feet_to_klyde_warren": 3327.0, "street_view": "https://www.google.com/maps/@?api=1&map_action=pano&viewpoint=32.780846,-96.795809" }, "geometry": { "type": "Polygon", "coordinates": [ [ [ -96.795609, 32.780747, 0.0 ], [ -96.795929, 32.780679, 0.0 ], [ -96.796008, 32.780946, 0.0 ], [ -96.795693, 32.781013, 0.0 ], [ -96.795609, 32.780747, 0.0 ] ] ] } },
{ "type": "Feature", "properties": { "dcad_account": "00000100885000000", "address": "208 N AKARD ST", "property_name": "MIGUELS CANTINA", "owner": "208NAKARD LLC", "group": "parking", "where": "Downtown", "acres": 0.23, "land_value": 950000, "improvement_value": 420000, "land_psf": 94.95, "improvement_to_land": 0.44, "deed_date": "07/28/2020", "feet_to_klyde_warren": 2419.0, "street_view": "https://www.google.com/maps/@?api=1&map_action=pano&viewpoint=32.781878,-96.799661" }, "geometry": { "type": "Polygon", "coordinates": [ [ [ -96.799778, 32.78171, 0.0 ], [ -96.799818, 32.781843, 0.0 ], [ -96.799859, 32.781976, 0.0 ], [ -96.799544, 32.782045, 0.0 ], [ -96.799503, 32.781912, 0.0 ], [ -96.799463, 32.781779, 0.0 ], [ -96.799778, 32.78171, 0.0 ] ] ] } },
{ "type": "Feature", "properties": { "dcad_account": "00000101950000000", "address": "1927 MAIN ST", "property_name": "UNIVERSITIES CENTER AT DALLAS LAND", "owner": "PHELAN CANDICE L TRUST &", "group": "vacant", "where": "Downtown", "acres": 0.228, "land_value": 950000, "improvement_value": 0, "land_psf": 95.46, "improvement_to_land": 0.0, "deed_date": "09/07/2018", "feet_to_klyde_warren": 3274.0, "street_view": "https://www.google.com/maps/@?api=1&map_action=pano&viewpoint=32.781837,-96.794725" }, "geometry": { "type": "Polygon", "coordinates": [ [ [ -96.794688, 32.781704, 0.0 ], [ -96.794842, 32.781671, 0.0 ], [ -96.794922, 32.781937, 0.0 ], [ -96.794876, 32.781947, 0.0 ], [ -96.794773, 32.781969, 0.0 ], [ -96.794708, 32.781983, 0.0 ], [ -96.794606, 32.782005, 0.0 ], [ -96.794529, 32.781738, 0.0 ], [ -96.794688, 32.781704, 0.0 ] ] ] } },
{ "type": "Feature", "properties": { "dcad_account": "00000137548000000", "address": "3407 N HALL ST", "property_name": "LAND ONLY", "owner": "TC HALL LLC", "group": "vacant", "where": "North of Woodall Rodgers", "acres": 0.234, "land_value": 946000, "improvement_value": 0, "land_psf": 92.63, "improvement_to_land": 0.0, "deed_date": "08/25/2022", "feet_to_klyde_warren": 6006.0, "street_view": "https://www.google.com/maps/@?api=1&map_action=pano&viewpoint=32.807134,-96.804114" }, "geometry": { "type": "Polygon", "coordinates": [ [ [ -96.803829, 32.807286, 0.0 ], [ -96.804254, 32.806901, 0.0 ], [ -96.804298, 32.806902, 0.0 ], [ -96.804402, 32.806981, 0.0 ], [ -96.803973, 32.807364, 0.0 ], [ -96.803829, 32.807287, 0.0 ], [ -96.803829, 32.807286, 0.0 ] ] ] } },
{ "type": "Feature", "properties": { "dcad_account": "00000101833009900", "address": "1721 YOUNG ST", "property_name": "PARKING", "owner": "HAMILTON IRREVOCABLE LIFE INSURANCE TRUST", "group": "parking", "where": "Downtown", "acres": 0.32, "land_value": 945270, "improvement_value": 0, "land_psf": 67.91, "improvement_to_land": 0.0, "deed_date": "12/31/2007", "feet_to_klyde_warren": 4089.0, "street_view": "https://www.google.com/maps/@?api=1&map_action=pano&viewpoint=32.778508,-96.795328" }, "geometry": { "type": "Polygon", "coordinates": [ [ [ -96.795253, 32.77874, 0.0 ], [ -96.795114, 32.778342, 0.0 ], [ -96.795404, 32.778276, 0.0 ], [ -96.795409, 32.77829, 0.0 ], [ -96.795542, 32.778674, 0.0 ], [ -96.795253, 32.77874, 0.0 ] ] ] } },
{ "type": "Feature", "properties": { "dcad_account": "00000135994000000", "address": "2824 COLE AVE", "property_name": "REMIX", "owner": "SAI ZANG BLVD LLC", "group": "building", "where": "North of Woodall Rodgers", "acres": 0.13, "land_value": 945060, "improvement_value": 4000, "land_psf": 166.8, "improvement_to_land": 0.0, "deed_date": "10/29/2025", "feet_to_klyde_warren": 3926.0, "street_view": "https://www.google.com/maps/@?api=1&map_action=pano&viewpoint=32.801502,-96.802403" }, "geometry": { "type": "Polygon", "coordinates": [ [ [ -96.802432, 32.801664, 0.0 ], [ -96.802392, 32.801667, 0.0 ], [ -96.802236, 32.801538, 0.0 ], [ -96.802431, 32.801361, 0.0 ], [ -96.802552, 32.801465, 0.0 ], [ -96.802432, 32.801664, 0.0 ] ] ] } },
{ "type": "Feature", "properties": { "dcad_account": "0013180P0009A0000", "address": "3439 OAK LAWN AVE", "property_name": "PIZZA HUT TEXACO", "owner": "RP LEMMON PPTIES LP", "group": "building", "where": "North of Woodall Rodgers", "acres": 0.239, "land_value": 936000, "improvement_value": 259900, "land_psf": 90.0, "improvement_to_land": 0.28, "deed_date": "12/31/2007", "feet_to_klyde_warren": 7855.0, "street_view": "https://www.google.com/maps/@?api=1&map_action=pano&viewpoint=32.812028,-96.806112" }, "geometry": { "type": "Polygon", "coordinates": [ [ [ -96.806169, 32.811949, 0.0 ], [ -96.80635, 32.812107, 0.0 ], [ -96.806198, 32.812231, 0.0 ], [ -96.805836, 32.811916, 0.0 ], [ -96.805988, 32.811791, 0.0 ], [ -96.806169, 32.811949, 0.0 ] ] ] } },
{ "type": "Feature", "properties": { "dcad_account": "00000106687000000", "address": "2421 N AKARD ST", "property_name": "PARKING", "owner": "FSR LP", "group": "parking", "where": "North of Woodall Rodgers", "acres": 0.135, "land_value": 928800, "improvement_value": 0, "land_psf": 158.13, "improvement_to_land": 0.0, "deed_date": "05/11/1999", "feet_to_klyde_warren": 1308.0, "street_view": "https://www.google.com/maps/@?api=1&map_action=pano&viewpoint=32.790504,-96.806714" }, "geometry": { "type": "Polygon", "coordinates": [ [ [ -96.806632, 32.790649, 0.0 ], [ -96.806534, 32.790557, 0.0 ], [ -96.806524, 32.790548, 0.0 ], [ -96.806786, 32.79035, 0.0 ], [ -96.806796, 32.790359, 0.0 ], [ -96.806904, 32.790461, 0.0 ], [ -96.806654, 32.79065, 0.0 ], [ -96.806632, 32.790649, 0.0 ] ] ] } },
{ "type": "Feature", "properties": { "dcad_account": "000262000209E0000", "address": "1015 HAWKINS ST", "property_name": "VACANT", "owner": "SPIRE DEVELOPMENT HOLDINGS LLC", "group": "parking", "where": "Downtown", "acres": 0.185, "land_value": 926790, "improvement_value": 0, "land_psf": 114.71, "improvement_to_land": 0.0, "deed_date": "03/14/2013", "feet_to_klyde_warren": 1782.0, "street_view": "https://www.google.com/maps/@?api=1&map_action=pano&viewpoint=32.788906,-96.794101" }, "geometry": { "type": "Polygon", "coordinates": [ [ [ -96.794434, 32.789232, 0.0 ], [ -96.793714, 32.788625, 0.0 ], [ -96.793659, 32.788579, 0.0 ], [ -96.793714, 32.788532, 0.0 ], [ -96.793769, 32.788579, 0.0 ], [ -96.794489, 32.789186, 0.0 ], [ -96.794434, 32.789232, 0.0 ] ] ] } },
{ "type": "Feature", "properties": { "dcad_account": "00000105270000000", "address": "606 N HARWOOD ST", "property_name": "PARKING", "owner": "FROST NATL BANK TRUSTEE", "group": "parking", "where": "Downtown", "acres": 0.182, "land_value": 925320, "improvement_value": 0, "land_psf": 116.66, "improvement_to_land": 0.0, "deed_date": "03/08/2007", "feet_to_klyde_warren": 1775.0, "street_view": "https://www.google.com/maps/@?api=1&map_action=pano&viewpoint=32.785605,-96.797246" }, "geometry": { "type": "Polygon", "coordinates": [ [ [ -96.797317, 32.785415, 0.0 ], [ -96.797457, 32.785535, 0.0 ], [ -96.797176, 32.785796, 0.0 ], [ -96.797033, 32.785675, 0.0 ], [ -96.797317, 32.785415, 0.0 ] ] ] } },
{ "type": "Feature", "properties": { "dcad_account": "00000101080000000", "address": "1609 COMMERCE ST", "property_name": "NEIMAN MARCUS", "owner": "NEIMAN MARCUS GROUP INC", "group": "vacant", "where": "Downtown", "acres": 0.23, "land_value": 925000, "improvement_value": 0, "land_psf": 92.5, "improvement_to_land": 0.0, "deed_date": "11/10/1987", "feet_to_klyde_warren": 3180.0, "street_view": "https://www.google.com/maps/@?api=1&map_action=pano&viewpoint=32.780547,-96.797201" }, "geometry": { "type": "Polygon", "coordinates": [ [ [ -96.797319, 32.78038, 0.0 ], [ -96.797398, 32.780647, 0.0 ], [ -96.797241, 32.78068, 0.0 ], [ -96.797083, 32.780714, 0.0 ], [ -96.797004, 32.780447, 0.0 ], [ -96.797162, 32.780414, 0.0 ], [ -96.797319, 32.78038, 0.0 ] ] ] } },
{ "type": "Feature", "properties": { "dcad_account": "00000134554000000", "address": "3024 N HARWOOD ST", "property_name": "LAND ONLY", "owner": "HARWOOD NO 15 LLC", "group": "vacant", "where": "North of Woodall Rodgers", "acres": 0.128, "land_value": 924000, "improvement_value": 0, "land_psf": 165.21, "improvement_to_land": 0.0, "deed_date": "09/11/2025", "feet_to_klyde_warren": 3658.0, "street_view": "https://www.google.com/maps/@?api=1&map_action=pano&viewpoint=32.796456,-96.810730" }, "geometry": { "type": "Polygon", "coordinates": [ [ [ -96.810538, 32.796521, 0.0 ], [ -96.810811, 32.796297, 0.0 ], [ -96.810922, 32.79639, 0.0 ], [ -96.810648, 32.796613, 0.0 ], [ -96.810538, 32.796521, 0.0 ] ] ] } },
{ "type": "Feature", "properties": { "dcad_account": "00000134548000000", "address": "3020 N HARWOOD ST", "property_name": "LAND ONLY", "owner": "HARWOOD NO 15 LLC", "group": "vacant", "where": "North of Woodall Rodgers", "acres": 0.132, "land_value": 924000, "improvement_value": 0, "land_psf": 160.74, "improvement_to_land": 0.0, "deed_date": "09/11/2025", "feet_to_klyde_warren": 3608.0, "street_view": "https://www.google.com/maps/@?api=1&map_action=pano&viewpoint=32.796352,-96.810630" }, "geometry": { "type": "Polygon", "coordinates": [ [ [ -96.810811, 32.796297, 0.0 ], [ -96.810538, 32.796521, 0.0 ], [ -96.810424, 32.796426, 0.0 ], [ -96.810448, 32.796406, 0.0 ], [ -96.810698, 32.796202, 0.0 ], [ -96.810811, 32.796297, 0.0 ] ] ] } },
{ "type": "Feature", "properties": { "dcad_account": "000998000101A0100", "address": "1900 IVAN ST", "property_name": "LAND ONLY", "owner": "3100 MCKINNON OWNER LLC", "group": "vacant", "where": "North of Woodall Rodgers", "acres": 0.141, "land_value": 920700, "improvement_value": 0, "land_psf": 149.38, "improvement_to_land": 0.0, "deed_date": "08/20/2025", "feet_to_klyde_warren": 3865.0, "street_view": "https://www.google.com/maps/@?api=1&map_action=pano&viewpoint=32.797692,-96.810523" }, "geometry": { "type": "Polygon", "coordinates": [ [ [ -96.810015, 32.797776, 0.0 ], [ -96.810043, 32.797757, 0.0 ], [ -96.810157, 32.797767, 0.0 ], [ -96.810206, 32.797768, 0.0 ], [ -96.810255, 32.797764, 0.0 ], [ -96.810302, 32.797754, 0.0 ], [ -96.810348, 32.797738, 0.0 ], [ -96.810569, 32.797646, 0.0 ], [ -96.81064, 32.79782, 0.0 ], [ -96.810511, 32.79782, 0.0 ], [ -96.810007, 32.797823, 0.0 ], [ -96.810015, 32.797776, 0.0 ] ] ] } },
{ "type": "Feature", "properties": { "dcad_account": "00000134191000000", "address": "2701 N HARWOOD ST", "property_name": "LAND ONLY", "owner": "NORTHLAND DEVELOPMENTS INC", "group": "vacant", "where": "North of Woodall Rodgers", "acres": 0.132, "land_value": 920000, "improvement_value": 0, "land_psf": 159.8, "improvement_to_land": 0.0, "deed_date": "11/17/2017", "feet_to_klyde_warren": 1988.0, "street_view": "https://www.google.com/maps/@?api=1&map_action=pano&viewpoint=32.792805,-96.807324" }, "geometry": { "type": "Polygon", "coordinates": [ [ [ -96.807509, 32.79274, 0.0 ], [ -96.807251, 32.79297, 0.0 ], [ -96.807139, 32.79287, 0.0 ], [ -96.807363, 32.792671, 0.0 ], [ -96.807397, 32.79264, 0.0 ], [ -96.807509, 32.79274, 0.0 ] ] ] } },
{ "type": "Feature", "properties": { "dcad_account": "00000149800000000", "address": "2529 OAK LAWN AVE", "property_name": "7 11 12200", "owner": "SOUTHLAND CORP", "group": "building", "where": "North of Woodall Rodgers", "acres": 0.286, "land_value": 918000, "improvement_value": 215730, "land_psf": 73.73, "improvement_to_land": 0.24, "deed_date": "", "feet_to_klyde_warren": 6531.0, "street_view": "https://www.google.com/maps/@?api=1&map_action=pano&viewpoint=32.805118,-96.813659" }, "geometry": { "type": "Polygon", "coordinates": [ [ [ -96.813624, 32.804889, 0.0 ], [ -96.813907, 32.805136, 0.0 ], [ -96.813848, 32.805184, 0.0 ], [ -96.813673, 32.805328, 0.0 ], [ -96.813412, 32.8051, 0.0 ], [ -96.813413, 32.805062, 0.0 ], [ -96.813565, 32.804937, 0.0 ], [ -96.813624, 32.804889, 0.0 ] ] ] } },
{ "type": "Feature", "properties": { "dcad_account": "00000101734000000", "address": "1708 JACKSON ST", "property_name": "CLASSIFIED PARKING", "owner": "RADER PARKING SYSTEM LP", "group": "parking", "where": "Downtown", "acres": 0.229, "land_value": 913710, "improvement_value": 0, "land_psf": 91.41, "improvement_to_land": 0.0, "deed_date": "05/05/2010", "feet_to_klyde_warren": 3637.0, "street_view": "https://www.google.com/maps/@?api=1&map_action=pano&viewpoint=32.779437,-96.796248" }, "geometry": { "type": "Polygon", "coordinates": [ [ [ -96.796237, 32.77973, 0.0 ], [ -96.796171, 32.779473, 0.0 ], [ -96.796102, 32.779207, 0.0 ], [ -96.796264, 32.779172, 0.0 ], [ -96.796324, 32.779402, 0.0 ], [ -96.796343, 32.779472, 0.0 ], [ -96.796369, 32.779573, 0.0 ], [ -96.796399, 32.779688, 0.0 ], [ -96.796237, 32.77973, 0.0 ] ] ] } },
{ "type": "Feature", "properties": { "dcad_account": "00000104443000000", "address": "1911 N GRIFFIN ST", "property_name": "VACANT LAND", "owner": "DARYL RICHARDSON GOURMET CATERING INC", "group": "parking", "where": "Downtown", "acres": 0.169, "land_value": 903900, "improvement_value": 0, "land_psf": 122.43, "improvement_to_land": 0.0, "deed_date": "03/26/2014", "feet_to_klyde_warren": 1760.0, "street_view": "https://www.google.com/maps/@?api=1&map_action=pano&viewpoint=32.783998,-96.805751" }, "geometry": { "type": "Polygon", "coordinates": [ [ [ -96.805718, 32.78417, 0.0 ], [ -96.805556, 32.784022, 0.0 ], [ -96.805557, 32.784019, 0.0 ], [ -96.805616, 32.783973, 0.0 ], [ -96.80567, 32.783923, 0.0 ], [ -96.805719, 32.78387, 0.0 ], [ -96.805764, 32.783813, 0.0 ], [ -96.805943, 32.783977, 0.0 ], [ -96.805718, 32.78417, 0.0 ] ] ] } },
{ "type": "Feature", "properties": { "dcad_account": "00000134557000000", "address": "3003 MCKINNON ST", "property_name": "LAND ONLY", "owner": "ONE HARWOOD BLVD LTD", "group": "vacant", "where": "North of Woodall Rodgers", "acres": 0.142, "land_value": 900000, "improvement_value": 0, "land_psf": 145.05, "improvement_to_land": 0.0, "deed_date": "12/15/2006", "feet_to_klyde_warren": 3353.0, "street_view": "https://www.google.com/maps/@?api=1&map_action=pano&viewpoint=32.796096,-96.809776" }, "geometry": { "type": "Polygon", "coordinates": [ [ [ -96.809574, 32.796153, 0.0 ], [ -96.809855, 32.795939, 0.0 ], [ -96.809861, 32.795944, 0.0 ], [ -96.809971, 32.79604, 0.0 ], [ -96.809704, 32.796262, 0.0 ], [ -96.809574, 32.796153, 0.0 ] ] ] } },
{ "type": "Feature", "properties": { "dcad_account": "00000134551000000", "address": "3005 MCKINNON ST", "property_name": "LAND ONLY", "owner": "ONE HARWOOD BLVD LTD", "group": "vacant", "where": "North of Woodall Rodgers", "acres": 0.129, "land_value": 900000, "improvement_value": 0, "land_psf": 160.15, "improvement_to_land": 0.0, "deed_date": "12/15/2006", "feet_to_klyde_warren": 3409.0, "street_view": "https://www.google.com/maps/@?api=1&map_action=pano&viewpoint=32.796200,-96.809893" }, "geometry": { "type": "Polygon", "coordinates": [ [ [ -96.809704, 32.796262, 0.0 ], [ -96.809971, 32.79604, 0.0 ], [ -96.810083, 32.796138, 0.0 ], [ -96.809817, 32.796356, 0.0 ], [ -96.809704, 32.796262, 0.0 ] ] ] } },
{ "type": "Feature", "properties": { "dcad_account": "00000113293000000", "address": "2616 STATE ST", "property_name": "", "owner": "REYES ROBERT MAX &", "group": "building", "where": "North of Woodall Rodgers", "acres": 0.207, "land_value": 894000, "improvement_value": 13110, "land_psf": 99.33, "improvement_to_land": 0.02, "deed_date": "06/15/2023", "feet_to_klyde_warren": 1703.0, "street_view": "https://www.google.com/maps/@?api=1&map_action=pano&viewpoint=32.795477,-96.799671" }, "geometry": { "type": "Polygon", "coordinates": [ [ [ -96.799431, 32.795386, 0.0 ], [ -96.799525, 32.795309, 0.0 ], [ -96.799571, 32.795271, 0.0 ], [ -96.799911, 32.795567, 0.0 ], [ -96.799865, 32.795605, 0.0 ], [ -96.79977, 32.795682, 0.0 ], [ -96.799431, 32.795386, 0.0 ] ] ] } },
{ "type": "Feature", "properties": { "dcad_account": "00000138283000000", "address": "3616 MAPLE AVE", "property_name": "3616 MAPLE", "owner": "3616 MAPLE LLC", "group": "building", "where": "North of Woodall Rodgers", "acres": 0.195, "land_value": 893030, "improvement_value": 10000, "land_psf": 104.98, "improvement_to_land": 0.01, "deed_date": "12/30/2009", "feet_to_klyde_warren": 5868.0, "street_view": "https://www.google.com/maps/@?api=1&map_action=pano&viewpoint=32.803242,-96.812818" }, "geometry": { "type": "Polygon", "coordinates": [ [ [ -96.812598, 32.803291, 0.0 ], [ -96.812879, 32.803056, 0.0 ], [ -96.813037, 32.803194, 0.0 ], [ -96.812757, 32.803429, 0.0 ], [ -96.812652, 32.803338, 0.0 ], [ -96.812598, 32.803291, 0.0 ] ] ] } },
{ "type": "Feature", "properties": { "dcad_account": "000228000A0030000", "address": "706 N GRIFFIN ST", "property_name": "WELLS FARGO", "owner": "TANGO WC I LLC", "group": "building", "where": "Downtown", "acres": 0.169, "land_value": 884880, "improvement_value": 281120, "land_psf": 119.96, "improvement_to_land": 0.32, "deed_date": "04/21/2020", "feet_to_klyde_warren": 1245.0, "street_view": "https://www.google.com/maps/@?api=1&map_action=pano&viewpoint=32.784753,-96.803666" }, "geometry": { "type": "Polygon", "coordinates": [ [ [ -96.803688, 32.784925, 0.0 ], [ -96.803533, 32.784776, 0.0 ], [ -96.803618, 32.784708, 0.0 ], [ -96.803575, 32.784666, 0.0 ], [ -96.803703, 32.784564, 0.0 ], [ -96.803855, 32.784579, 0.0 ], [ -96.80385, 32.784647, 0.0 ], [ -96.803746, 32.78473, 0.0 ], [ -96.803831, 32.784811, 0.0 ], [ -96.803688, 32.784925, 0.0 ] ] ] } },
{ "type": "Feature", "properties": { "dcad_account": "00000197566000000", "address": "2507 KNIGHT ST", "property_name": "GOCHA SHORENA BALLROOM DANCE CENTER", "owner": "CHERTKOEV GOCHA", "group": "building", "where": "North of Woodall Rodgers", "acres": 0.3, "land_value": 878590, "improvement_value": 10000, "land_psf": 67.34, "improvement_to_land": 0.01, "deed_date": "08/13/2010", "feet_to_klyde_warren": 8056.0, "street_view": "https://www.google.com/maps/@?api=1&map_action=pano&viewpoint=32.807868,-96.817494" }, "geometry": { "type": "Polygon", "coordinates": [ [ [ -96.817648, 32.808127, 0.0 ], [ -96.817519, 32.808022, 0.0 ], [ -96.817393, 32.807918, 0.0 ], [ -96.81727, 32.807817, 0.0 ], [ -96.817448, 32.807671, 0.0 ], [ -96.817597, 32.807589, 0.0 ], [ -96.817725, 32.808189, 0.0 ], [ -96.817726, 32.808191, 0.0 ], [ -96.817648, 32.808127, 0.0 ] ] ] } },
{ "type": "Feature", "properties": { "dcad_account": "00000138727000000", "address": "2929 WELBORN ST", "property_name": "JAIME VASQUEZ FAMILY MEDICINE", "owner": "CONRADO INC", "group": "building", "where": "North of Woodall Rodgers", "acres": 0.268, "land_value": 878400, "improvement_value": 224000, "land_psf": 75.29, "improvement_to_land": 0.26, "deed_date": "06/06/1995", "feet_to_klyde_warren": 6601.0, "street_view": "https://www.google.com/maps/@?api=1&map_action=pano&viewpoint=32.807606,-96.808917" }, "geometry": { "type": "Polygon", "coordinates": [ [ [ -96.808647, 32.807682, 0.0 ], [ -96.809009, 32.807388, 0.0 ], [ -96.809189, 32.80753, 0.0 ], [ -96.808815, 32.807827, 0.0 ], [ -96.808647, 32.807682, 0.0 ] ] ] } },
{ "type": "Feature", "properties": { "dcad_account": "00000134434000000", "address": "2818 HARRY HINES BLVD", "property_name": "LAND ONLY", "owner": "AVALOS SAMUEL R III ET AL", "group": "vacant", "where": "North of Woodall Rodgers", "acres": 0.105, "land_value": 877100, "improvement_value": 0, "land_psf": 191.72, "improvement_to_land": 0.0, "deed_date": "07/07/1994", "feet_to_klyde_warren": 2790.0, "street_view": "https://www.google.com/maps/@?api=1&map_action=pano&viewpoint=32.794206,-96.809335" }, "geometry": { "type": "Polygon", "coordinates": [ [ [ -96.809401, 32.794061, 0.0 ], [ -96.809501, 32.794154, 0.0 ], [ -96.809269, 32.794349, 0.0 ], [ -96.80917, 32.794257, 0.0 ], [ -96.809401, 32.794061, 0.0 ] ] ] } },
{ "type": "Feature", "properties": { "dcad_account": "00000134518000000", "address": "3015 MCKINNON ST", "property_name": "LAND ONLY", "owner": "ONE HARWOOD BLVD LTD", "group": "vacant", "where": "North of Woodall Rodgers", "acres": 0.135, "land_value": 876000, "improvement_value": 0, "land_psf": 149.3, "improvement_to_land": 0.0, "deed_date": "02/19/2014", "feet_to_klyde_warren": 3556.0, "street_view": "https://www.google.com/maps/@?api=1&map_action=pano&viewpoint=32.796479,-96.810242" }, "geometry": { "type": "Polygon", "coordinates": [ [ [ -96.810424, 32.796426, 0.0 ], [ -96.810176, 32.796628, 0.0 ], [ -96.810059, 32.796531, 0.0 ], [ -96.810308, 32.79633, 0.0 ], [ -96.810337, 32.796308, 0.0 ], [ -96.810448, 32.796406, 0.0 ], [ -96.810424, 32.796426, 0.0 ] ] ] } },
{ "type": "Feature", "properties": { "dcad_account": "00000134524000000", "address": "3019 MCKINNON ST", "property_name": "THE GROOVE - RESTAURANT/BAR", "owner": "HARWOOD NO 15 LLC", "group": "building", "where": "North of Woodall Rodgers", "acres": 0.12, "land_value": 876000, "improvement_value": 142280, "land_psf": 167.19, "improvement_to_land": 0.16, "deed_date": "09/11/2025", "feet_to_klyde_warren": 3606.0, "street_view": "https://www.google.com/maps/@?api=1&map_action=pano&viewpoint=32.796575,-96.810357" }, "geometry": { "type": "Polygon", "coordinates": [ [ [ -96.810292, 32.796724, 0.0 ], [ -96.810176, 32.796628, 0.0 ], [ -96.810424, 32.796426, 0.0 ], [ -96.810538, 32.796521, 0.0 ], [ -96.810292, 32.796724, 0.0 ] ] ] } },
{ "type": "Feature", "properties": { "dcad_account": "00000102484000000", "address": "2033 COMMERCE ST", "property_name": "PARKING LOT", "owner": "42 DOWNTOWN DALLAS LP", "group": "parking", "where": "Downtown", "acres": 0.221, "land_value": 874130, "improvement_value": 0, "land_psf": 90.91, "improvement_to_land": 0.0, "deed_date": "01/22/2020", "feet_to_klyde_warren": 3818.0, "street_view": "https://www.google.com/maps/@?api=1&map_action=pano&viewpoint=32.781487,-96.792584" }, "geometry": { "type": "Polygon", "coordinates": [ [ [ -96.792457, 32.781388, 0.0 ], [ -96.792535, 32.781371, 0.0 ], [ -96.792607, 32.781356, 0.0 ], [ -96.792681, 32.78134, 0.0 ], [ -96.79272, 32.781332, 0.0 ], [ -96.79279, 32.781569, 0.0 ], [ -96.792753, 32.781576, 0.0 ], [ -96.792678, 32.781592, 0.0 ], [ -96.792606, 32.781607, 0.0 ], [ -96.792529, 32.781623, 0.0 ], [ -96.792451, 32.78164, 0.0 ], [ -96.792375, 32.781405, 0.0 ], [ -96.792457, 32.781388, 0.0 ] ] ] } },
{ "type": "Feature", "properties": { "dcad_account": "000633000B11D0000", "address": "2404 N HALL ST", "property_name": "COMET CLEANERS", "owner": "ANALEYA LLC", "group": "building", "where": "North of Woodall Rodgers", "acres": 0.2, "land_value": 871200, "improvement_value": 408800, "land_psf": 100.08, "improvement_to_land": 0.47, "deed_date": "09/03/2019", "feet_to_klyde_warren": 3938.0, "street_view": "https://www.google.com/maps/@?api=1&map_action=pano&viewpoint=32.800422,-96.794673" }, "geometry": { "type": "Polygon", "coordinates": [ [ [ -96.794605, 32.800229, 0.0 ], [ -96.794896, 32.800481, 0.0 ], [ -96.794741, 32.800614, 0.0 ], [ -96.79445, 32.800362, 0.0 ], [ -96.794605, 32.800229, 0.0 ] ] ] } },
{ "type": "Feature", "properties": { "dcad_account": "00000108031000000", "address": "2617 N AKARD ST", "property_name": "PARKING LOT", "owner": "HIC XII LIMITED OWNER LLC", "group": "parking", "where": "North of Woodall Rodgers", "acres": 0.121, "land_value": 868730, "improvement_value": 0, "land_psf": 165.0, "improvement_to_land": 0.0, "deed_date": "01/02/2026", "feet_to_klyde_warren": 1901.0, "street_view": "https://www.google.com/maps/@?api=1&map_action=pano&viewpoint=32.791742,-96.808035" }, "geometry": { "type": "Polygon", "coordinates": [ [ [ -96.80785, 32.791794, 0.0 ], [ -96.808113, 32.791596, 0.0 ], [ -96.808211, 32.791689, 0.0 ], [ -96.807964, 32.791901, 0.0 ], [ -96.80785, 32.791794, 0.0 ] ] ] } },
{ "type": "Feature", "properties": { "dcad_account": "00000104354000000", "address": "1709 N LAMAR ST", "property_name": "PARKING", "owner": "LC REDUX LP", "group": "parking", "where": "Downtown", "acres": 0.173, "land_value": 867330, "improvement_value": 0, "land_psf": 115.0, "improvement_to_land": 0.0, "deed_date": "08/07/2023", "feet_to_klyde_warren": 2403.0, "street_view": "https://www.google.com/maps/@?api=1&map_action=pano&viewpoint=32.781992,-96.805745" }, "geometry": { "type": "Polygon", "coordinates": [ [ [ -96.805942, 32.781981, 0.0 ], [ -96.805714, 32.782164, 0.0 ], [ -96.805548, 32.782002, 0.0 ], [ -96.805777, 32.781818, 0.0 ], [ -96.805942, 32.781981, 0.0 ] ] ] } },
{ "type": "Feature", "properties": { "dcad_account": "00000108049000000", "address": "2602 CAROLINE ST", "property_name": "PARKING LOT", "owner": "HIC XII LIMITED OWNER LLC", "group": "parking", "where": "North of Woodall Rodgers", "acres": 0.124, "land_value": 866580, "improvement_value": 0, "land_psf": 160.48, "improvement_to_land": 0.0, "deed_date": "01/02/2026", "feet_to_klyde_warren": 1853.0, "street_view": "https://www.google.com/maps/@?api=1&map_action=pano&viewpoint=32.791359,-96.808163" }, "geometry": { "type": "Polygon", "coordinates": [ [ [ -96.807978, 32.791407, 0.0 ], [ -96.808239, 32.791209, 0.0 ], [ -96.808348, 32.791311, 0.0 ], [ -96.808086, 32.79151, 0.0 ], [ -96.807978, 32.791407, 0.0 ] ] ] } },
{ "type": "Feature", "properties": { "dcad_account": "00000106699000000", "address": "2407 N AKARD ST", "property_name": "PARKING LOT", "owner": "FSR LP", "group": "parking", "where": "North of Woodall Rodgers", "acres": 0.124, "land_value": 864000, "improvement_value": 0, "land_psf": 160.0, "improvement_to_land": 0.0, "deed_date": "05/11/1999", "feet_to_klyde_warren": 1122.0, "street_view": "https://www.google.com/maps/@?api=1&map_action=pano&viewpoint=32.790099,-96.806284" }, "geometry": { "type": "Polygon", "coordinates": [ [ [ -96.806099, 32.790147, 0.0 ], [ -96.806361, 32.789949, 0.0 ], [ -96.80647, 32.790052, 0.0 ], [ -96.806208, 32.79025, 0.0 ], [ -96.806099, 32.790147, 0.0 ] ] ] } },
{ "type": "Feature", "properties": { "dcad_account": "00000106696000000", "address": "2411 N AKARD ST", "property_name": "PARKING", "owner": "FSR LP", "group": "parking", "where": "North of Woodall Rodgers", "acres": 0.124, "land_value": 864000, "improvement_value": 0, "land_psf": 160.0, "improvement_to_land": 0.0, "deed_date": "05/11/1999", "feet_to_klyde_warren": 1169.0, "street_view": "https://www.google.com/maps/@?api=1&map_action=pano&viewpoint=32.790202,-96.806393" }, "geometry": { "type": "Polygon", "coordinates": [ [ [ -96.806208, 32.79025, 0.0 ], [ -96.80647, 32.790052, 0.0 ], [ -96.806578, 32.790154, 0.0 ], [ -96.806317, 32.790352, 0.0 ], [ -96.806208, 32.79025, 0.0 ] ] ] } },
{ "type": "Feature", "properties": { "dcad_account": "00000106693000000", "address": "2413 N AKARD ST", "property_name": "PARKING LOT", "owner": "FSR LP", "group": "parking", "where": "North of Woodall Rodgers", "acres": 0.124, "land_value": 864000, "improvement_value": 0, "land_psf": 160.0, "improvement_to_land": 0.0, "deed_date": "05/11/1999", "feet_to_klyde_warren": 1217.0, "street_view": "https://www.google.com/maps/@?api=1&map_action=pano&viewpoint=32.790304,-96.806502" }, "geometry": { "type": "Polygon", "coordinates": [ [ [ -96.806317, 32.790352, 0.0 ], [ -96.806578, 32.790154, 0.0 ], [ -96.806687, 32.790256, 0.0 ], [ -96.806425, 32.790454, 0.0 ], [ -96.806317, 32.790352, 0.0 ] ] ] } },
{ "type": "Feature", "properties": { "dcad_account": "00000104503000000", "address": "915 SAN JACINTO ST", "property_name": "CLASSIFIED PARKING", "owner": "1001 SAN JACINTO LLC", "group": "parking", "where": "Downtown", "acres": 0.2, "land_value": 862500, "improvement_value": 0, "land_psf": 99.03, "improvement_to_land": 0.0, "deed_date": "05/27/2022", "feet_to_klyde_warren": 2271.0, "street_view": "https://www.google.com/maps/@?api=1&map_action=pano&viewpoint=32.781947,-96.804340" }, "geometry": { "type": "Polygon", "coordinates": [ [ [ -96.804534, 32.78199, 0.0 ], [ -96.804545, 32.782001, 0.0 ], [ -96.804568, 32.782025, 0.0 ], [ -96.804479, 32.782101, 0.0 ], [ -96.804465, 32.782114, 0.0 ], [ -96.804404, 32.782166, 0.0 ], [ -96.804156, 32.781916, 0.0 ], [ -96.804324, 32.781767, 0.0 ], [ -96.804522, 32.781977, 0.0 ], [ -96.804534, 32.78199, 0.0 ] ] ] } },
{ "type": "Feature", "properties": { "dcad_account": "00000106702000000", "address": "2403 N AKARD ST", "property_name": "PARKING", "owner": "FSR LP", "group": "parking", "where": "North of Woodall Rodgers", "acres": 0.124, "land_value": 862080, "improvement_value": 0, "land_psf": 160.01, "improvement_to_land": 0.0, "deed_date": "05/11/1999", "feet_to_klyde_warren": 1077.0, "street_view": "https://www.google.com/maps/@?api=1&map_action=pano&viewpoint=32.789992,-96.806182" }, "geometry": { "type": "Polygon", "coordinates": [ [ [ -96.806002, 32.790055, 0.0 ], [ -96.806003, 32.790036, 0.0 ], [ -96.806253, 32.789847, 0.0 ], [ -96.806361, 32.789949, 0.0 ], [ -96.806099, 32.790147, 0.0 ], [ -96.806002, 32.790055, 0.0 ] ] ] } },
{ "type": "Feature", "properties": { "dcad_account": "00000108934000000", "address": "302 S STEMMONS FWY", "property_name": "VACANT", "owner": "HUNT REUNION HOLDINGS INC", "group": "vacant", "where": "Downtown", "acres": 0.247, "land_value": 860720, "improvement_value": 0, "land_psf": 80.07, "improvement_to_land": 0.0, "deed_date": "12/18/2012", "feet_to_klyde_warren": 5304.0, "street_view": "https://www.google.com/maps/@?api=1&map_action=pano&viewpoint=32.774902,-96.810032" }, "geometry": { "type": "Polygon", "coordinates": [ [ [ -96.810248, 32.774864, 0.0 ], [ -96.810251, 32.774891, 0.0 ], [ -96.810247, 32.774918, 0.0 ], [ -96.810239, 32.774944, 0.0 ], [ -96.810225, 32.774969, 0.0 ], [ -96.810207, 32.774992, 0.0 ], [ -96.810185, 32.775011, 0.0 ], [ -96.810159, 32.775028, 0.0 ], [ -96.810131, 32.77504, 0.0 ], [ -96.8101, 32.775049, 0.0 ], [ -96.810091, 32.77505, 0.0 ], [ -96.810057, 32.775055, 0.0 ], [ -96.810024, 32.775054, 0.0 ], [ -96.809991, 32.775048, 0.0 ], [ -96.80996, 32.775038, 0.0 ], [ -96.809931, 32.775023, 0.0 ], [ -96.809905, 32.775005, 0.0 ], [ -96.809884, 32.774983, 0.0 ], [ -96.809826, 32.774913, 0.0 ], [ -96.809763, 32.774847, 0.0 ], [ -96.810229, 32.774752, 0.0 ], [ -96.810248, 32.774864, 0.0 ] ] ] } },
{ "type": "Feature", "properties": { "dcad_account": "00000134542000000", "address": "3012 N HARWOOD ST", "property_name": "LAND ONLY", "owner": "HARWOOD NO 15 LLC", "group": "vacant", "where": "North of Woodall Rodgers", "acres": 0.133, "land_value": 860000, "improvement_value": 0, "land_psf": 148.24, "improvement_to_land": 0.0, "deed_date": "09/11/2025", "feet_to_klyde_warren": 3510.0, "street_view": "https://www.google.com/maps/@?api=1&map_action=pano&viewpoint=32.796171,-96.810390" }, "geometry": { "type": "Polygon", "coordinates": [ [ [ -96.810196, 32.796237, 0.0 ], [ -96.810445, 32.796028, 0.0 ], [ -96.810472, 32.796013, 0.0 ], [ -96.810585, 32.796104, 0.0 ], [ -96.810337, 32.796308, 0.0 ], [ -96.810308, 32.79633, 0.0 ], [ -96.810196, 32.796237, 0.0 ] ] ] } },
{ "type": "Feature", "properties": { "dcad_account": "00000134527000000", "address": "3023 MCKINNON ST", "property_name": "LAND ONLY", "owner": "HARWOOD NO 15 LLC", "group": "vacant", "where": "North of Woodall Rodgers", "acres": 0.111, "land_value": 859200, "improvement_value": 0, "land_psf": 177.87, "improvement_to_land": 0.0, "deed_date": "09/11/2025", "feet_to_klyde_warren": 3656.0, "street_view": "https://www.google.com/maps/@?api=1&map_action=pano&viewpoint=32.796668,-96.810469" }, "geometry": { "type": "Polygon", "coordinates": [ [ [ -96.810538, 32.796521, 0.0 ], [ -96.810648, 32.796613, 0.0 ], [ -96.810474, 32.796754, 0.0 ], [ -96.810465, 32.796744, 0.0 ], [ -96.810391, 32.796806, 0.0 ], [ -96.810292, 32.796724, 0.0 ], [ -96.810538, 32.796521, 0.0 ] ] ] } },
{ "type": "Feature", "properties": { "dcad_account": "00000138970000000", "address": "3516 DICKASON AVE", "property_name": "", "owner": "DRAGON PARK LK", "group": "building", "where": "North of Woodall Rodgers", "acres": 0.232, "land_value": 859010, "improvement_value": 123990, "land_psf": 85.11, "improvement_to_land": 0.14, "deed_date": "05/18/2021", "feet_to_klyde_warren": 6077.0, "street_view": "https://www.google.com/maps/@?api=1&map_action=pano&viewpoint=32.806689,-96.806958" }, "geometry": { "type": "Polygon", "coordinates": [ [ [ -96.807221, 32.806592, 0.0 ], [ -96.806888, 32.806862, 0.0 ], [ -96.806838, 32.806903, 0.0 ], [ -96.806695, 32.806785, 0.0 ], [ -96.807081, 32.80647, 0.0 ], [ -96.807221, 32.806592, 0.0 ] ] ] } },
{ "type": "Feature", "properties": { "dcad_account": "00000134545000000", "address": "3016 N HARWOOD ST", "property_name": "LAND ONLY", "owner": "HARWOOD NO 15 LLC", "group": "vacant", "where": "North of Woodall Rodgers", "acres": 0.121, "land_value": 857280, "improvement_value": 0, "land_psf": 162.14, "improvement_to_land": 0.0, "deed_date": "09/11/2025", "feet_to_klyde_warren": 3559.0, "street_view": "https://www.google.com/maps/@?api=1&map_action=pano&viewpoint=32.796255,-96.810517" }, "geometry": { "type": "Polygon", "coordinates": [ [ [ -96.810337, 32.796308, 0.0 ], [ -96.810585, 32.796104, 0.0 ], [ -96.810698, 32.796202, 0.0 ], [ -96.810448, 32.796406, 0.0 ], [ -96.810337, 32.796308, 0.0 ] ] ] } },
{ "type": "Feature", "properties": { "dcad_account": "00020500030030000", "address": "1802 N MARKET ST", "property_name": "VACANT", "owner": "WEST END API LTD", "group": "vacant", "where": "Downtown", "acres": 0.171, "land_value": 855600, "improvement_value": 0, "land_psf": 115.03, "improvement_to_land": 0.0, "deed_date": "10/17/2025", "feet_to_klyde_warren": 2330.0, "street_view": "https://www.google.com/maps/@?api=1&map_action=pano&viewpoint=32.782899,-96.807029" }, "geometry": { "type": "Polygon", "coordinates": [ [ [ -96.807056, 32.78305, 0.0 ], [ -96.806846, 32.782847, 0.0 ], [ -96.806964, 32.78275, 0.0 ], [ -96.80708, 32.782655, 0.0 ], [ -96.807176, 32.78295, 0.0 ], [ -96.807056, 32.78305, 0.0 ] ] ] } },
{ "type": "Feature", "properties": { "dcad_account": "00000104590000000", "address": "1810 N GRIFFIN ST", "property_name": "PARKING", "owner": "JNW HOLDINGS LP", "group": "parking", "where": "Downtown", "acres": 0.168, "land_value": 851580, "improvement_value": 0, "land_psf": 116.33, "improvement_to_land": 0.0, "deed_date": "07/16/2019", "feet_to_klyde_warren": 1659.0, "street_view": "https://www.google.com/maps/@?api=1&map_action=pano&viewpoint=32.783662,-96.804745" }, "geometry": { "type": "Polygon", "coordinates": [ [ [ -96.804386, 32.78388, 0.0 ], [ -96.804561, 32.783736, 0.0 ], [ -96.80484, 32.783507, 0.0 ], [ -96.804928, 32.783588, 0.0 ], [ -96.804742, 32.783743, 0.0 ], [ -96.804591, 32.783868, 0.0 ], [ -96.804567, 32.783846, 0.0 ], [ -96.804449, 32.783938, 0.0 ], [ -96.804386, 32.78388, 0.0 ] ] ] } },
{ "type": "Feature", "properties": { "dcad_account": "00000101119000000", "address": "1610 JACKSON ST", "property_name": "ALLRIGHT PARKING", "owner": "CITY PARK A LOT LP", "group": "parking", "where": "Downtown", "acres": 0.212, "land_value": 850500, "improvement_value": 0, "land_psf": 92.06, "improvement_to_land": 0.0, "deed_date": "11/20/2018", "feet_to_klyde_warren": 3588.0, "street_view": "https://www.google.com/maps/@?api=1&map_action=pano&viewpoint=32.779400,-96.796946" }, "geometry": { "type": "Polygon", "coordinates": [ [ [ -96.797076, 32.779243, 0.0 ], [ -96.797133, 32.779492, 0.0 ], [ -96.79682, 32.779559, 0.0 ], [ -96.796758, 32.779309, 0.0 ], [ -96.797076, 32.779243, 0.0 ] ] ] } },
{ "type": "Feature", "properties": { "dcad_account": "00000101125000000", "address": "315 S ERVAY ST", "property_name": "ALLRIGHT PARKING", "owner": "CITY PARK A LOT LP", "group": "parking", "where": "Downtown", "acres": 0.224, "land_value": 850500, "improvement_value": 0, "land_psf": 87.34, "improvement_to_land": 0.0, "deed_date": "11/20/2018", "feet_to_klyde_warren": 3676.0, "street_view": "https://www.google.com/maps/@?api=1&map_action=pano&viewpoint=32.779148,-96.796886" }, "geometry": { "type": "Polygon", "coordinates": [ [ [ -96.796695, 32.779052, 0.0 ], [ -96.797016, 32.778982, 0.0 ], [ -96.797076, 32.779243, 0.0 ], [ -96.796758, 32.779309, 0.0 ], [ -96.796695, 32.779052, 0.0 ] ] ] } },
{ "type": "Feature", "properties": { "dcad_account": "00000138619000000", "address": "2820 OAK LAWN AVE", "property_name": "ENTERPRISE CAR RENTAL", "owner": "RANJBARAN JAMSHID &", "group": "building", "where": "North of Woodall Rodgers", "acres": 0.231, "land_value": 850000, "improvement_value": 168500, "land_psf": 84.48, "improvement_to_land": 0.2, "deed_date": "12/15/1995", "feet_to_klyde_warren": 6648.0, "street_view": "https://www.google.com/maps/@?api=1&map_action=pano&viewpoint=32.807145,-96.810243" }, "geometry": { "type": "Polygon", "coordinates": [ [ [ -96.810012, 32.80724, 0.0 ], [ -96.810248, 32.807049, 0.0 ], [ -96.810473, 32.807247, 0.0 ], [ -96.810273, 32.807415, 0.0 ], [ -96.810213, 32.807418, 0.0 ], [ -96.810012, 32.80724, 0.0 ] ] ] } },
{ "type": "Feature", "properties": { "dcad_account": "00000104650000000", "address": "1102 HORD ST", "property_name": "PARKING", "owner": "JNW HOLDINGS LP", "group": "parking", "where": "Downtown", "acres": 0.168, "land_value": 843990, "improvement_value": 0, "land_psf": 114.99, "improvement_to_land": 0.0, "deed_date": "11/30/2016", "feet_to_klyde_warren": 1781.0, "street_view": "https://www.google.com/maps/@?api=1&map_action=pano&viewpoint=32.783362,-96.804413" }, "geometry": { "type": "Polygon", "coordinates": [ [ [ -96.804328, 32.78352, 0.0 ], [ -96.804316, 32.783526, 0.0 ], [ -96.804303, 32.78353, 0.0 ], [ -96.80429, 32.783532, 0.0 ], [ -96.804276, 32.783533, 0.0 ], [ -96.804263, 32.783531, 0.0 ], [ -96.80425, 32.783528, 0.0 ], [ -96.804238, 32.783522, 0.0 ], [ -96.804227, 32.783516, 0.0 ], [ -96.804215, 32.783505, 0.0 ], [ -96.804208, 32.783495, 0.0 ], [ -96.804203, 32.783485, 0.0 ], [ -96.8042, 32.783473, 0.0 ], [ -96.804188, 32.783409, 0.0 ], [ -96.804174, 32.783346, 0.0 ], [ -96.804164, 32.783304, 0.0 ], [ -96.804188, 32.783284, 0.0 ], [ -96.804232, 32.783324, 0.0 ], [ -96.804291, 32.783378, 0.0 ], [ -96.804505, 32.783197, 0.0 ], [ -96.804604, 32.783288, 0.0 ], [ -96.804338, 32.783513, 0.0 ], [ -96.804328, 32.78352, 0.0 ] ] ] } },
{ "type": "Feature", "properties": { "dcad_account": "000262000209G0000", "address": "1015 HAWKINS ST", "property_name": "VACANT", "owner": "SPIRE DEVELOPMENT HOLDINGS LLC", "group": "parking", "where": "Downtown", "acres": 0.173, "land_value": 841690, "improvement_value": 0, "land_psf": 111.63, "improvement_to_land": 0.0, "deed_date": "03/14/2013", "feet_to_klyde_warren": 1932.0, "street_view": "https://www.google.com/maps/@?api=1&map_action=pano&viewpoint=32.788247,-96.794092" }, "geometry": { "type": "Polygon", "coordinates": [ [ [ -96.794471, 32.787962, 0.0 ], [ -96.793769, 32.788579, 0.0 ], [ -96.793714, 32.788532, 0.0 ], [ -96.794415, 32.787914, 0.0 ], [ -96.794471, 32.787962, 0.0 ] ] ] } },
{ "type": "Feature", "properties": { "dcad_account": "00000113470000000", "address": "2715 HIBERNIA ST", "property_name": "M INTERVIEWS", "owner": "INTOWN CHABAD THE", "group": "building", "where": "North of Woodall Rodgers", "acres": 0.191, "land_value": 840000, "improvement_value": 183850, "land_psf": 100.79, "improvement_to_land": 0.22, "deed_date": "05/07/2019", "feet_to_klyde_warren": 2312.0, "street_view": "https://www.google.com/maps/@?api=1&map_action=pano&viewpoint=32.797187,-96.800087" }, "geometry": { "type": "Polygon", "coordinates": [ [ [ -96.800252, 32.79734, 0.0 ], [ -96.80019, 32.797392, 0.0 ], [ -96.800014, 32.797245, 0.0 ], [ -96.799876, 32.797129, 0.0 ], [ -96.799937, 32.797076, 0.0 ], [ -96.800016, 32.797009, 0.0 ], [ -96.800331, 32.797273, 0.0 ], [ -96.800252, 32.79734, 0.0 ] ] ] } },
{ "type": "Feature", "properties": { "dcad_account": "00000135196000000", "address": "3104 ROUTH ST", "property_name": "ASEL ART SUPPLY PARKING", "owner": "KATY TRAIL ICE HOUSE LP", "group": "parking", "where": "North of Woodall Rodgers", "acres": 0.115, "land_value": 837500, "improvement_value": 0, "land_psf": 167.5, "improvement_to_land": 0.0, "deed_date": "10/04/2022", "feet_to_klyde_warren": 3917.0, "street_view": "https://www.google.com/maps/@?api=1&map_action=pano&viewpoint=32.800495,-96.806170" }, "geometry": { "type": "Polygon", "coordinates": [ [ [ -96.805997, 32.800541, 0.0 ], [ -96.806232, 32.80035, 0.0 ], [ -96.806344, 32.80045, 0.0 ], [ -96.806109, 32.80064, 0.0 ], [ -96.805997, 32.800541, 0.0 ] ] ] } },
{ "type": "Feature", "properties": { "dcad_account": "00000135193000000", "address": "3108 ROUTH ST", "property_name": "PARKING", "owner": "KATY TRAIL ICE HOUSE LP", "group": "parking", "where": "North of Woodall Rodgers", "acres": 0.115, "land_value": 837500, "improvement_value": 0, "land_psf": 167.5, "improvement_to_land": 0.0, "deed_date": "01/24/2013", "feet_to_klyde_warren": 3964.0, "street_view": "https://www.google.com/maps/@?api=1&map_action=pano&viewpoint=32.800595,-96.806283" }, "geometry": { "type": "Polygon", "coordinates": [ [ [ -96.806109, 32.80064, 0.0 ], [ -96.806344, 32.80045, 0.0 ], [ -96.806457, 32.800549, 0.0 ], [ -96.806222, 32.800739, 0.0 ], [ -96.806109, 32.80064, 0.0 ] ] ] } },
{ "type": "Feature", "properties": { "dcad_account": "00000135199000000", "address": "2601 CARLISLE ST", "property_name": "PARKING LOT - ASEL ART SUPPLY", "owner": "KATY TRAIL ICE HOUSE LP", "group": "parking", "where": "North of Woodall Rodgers", "acres": 0.115, "land_value": 837500, "improvement_value": 0, "land_psf": 167.5, "improvement_to_land": 0.0, "deed_date": "10/04/2022", "feet_to_klyde_warren": 3869.0, "street_view": "https://www.google.com/maps/@?api=1&map_action=pano&viewpoint=32.800396,-96.806058" }, "geometry": { "type": "Polygon", "coordinates": [ [ [ -96.805884, 32.800441, 0.0 ], [ -96.806119, 32.800251, 0.0 ], [ -96.806232, 32.80035, 0.0 ], [ -96.805997, 32.800541, 0.0 ], [ -96.805884, 32.800441, 0.0 ] ] ] } },
{ "type": "Feature", "properties": { "dcad_account": "00000138307000000", "address": "3614 FAIRMOUNT ST", "property_name": "BURGESS DDS/FIDELITY NATIONAL TITLE", "owner": "BUENA VISTA III PROPERTIES LLC", "group": "building", "where": "North of Woodall Rodgers", "acres": 0.184, "land_value": 836850, "improvement_value": 63150, "land_psf": 104.3, "improvement_to_land": 0.08, "deed_date": "07/02/2021", "feet_to_klyde_warren": 5928.0, "street_view": "https://www.google.com/maps/@?api=1&map_action=pano&viewpoint=32.803880,-96.812164" }, "geometry": { "type": "Polygon", "coordinates": [ [ [ -96.81206, 32.804039, 0.0 ], [ -96.811944, 32.803939, 0.0 ], [ -96.812238, 32.803697, 0.0 ], [ -96.812356, 32.803797, 0.0 ], [ -96.812383, 32.80382, 0.0 ], [ -96.812089, 32.804064, 0.0 ], [ -96.81206, 32.804039, 0.0 ] ] ] } },
{ "type": "Feature", "properties": { "dcad_account": "00000136255000000", "address": "3205 COLE AVE", "property_name": "", "owner": "MCWORTH REAL ESTATE LLC", "group": "building", "where": "North of Woodall Rodgers", "acres": 0.15, "land_value": 836120, "improvement_value": 185840, "land_psf": 127.97, "improvement_to_land": 0.22, "deed_date": "01/19/2022", "feet_to_klyde_warren": 4712.0, "street_view": "https://www.google.com/maps/@?api=1&map_action=pano&viewpoint=32.803764,-96.801444" }, "geometry": { "type": "Polygon", "coordinates": [ [ [ -96.801396, 32.803853, 0.0 ], [ -96.801259, 32.803791, 0.0 ], [ -96.801369, 32.803615, 0.0 ], [ -96.80163, 32.803736, 0.0 ], [ -96.801518, 32.803907, 0.0 ], [ -96.801486, 32.803893, 0.0 ], [ -96.801396, 32.803853, 0.0 ] ] ] } },
{ "type": "Feature", "properties": { "dcad_account": "00000135520000000", "address": "2518 MAHON ST", "property_name": "PARKING", "owner": "MORTON PRODUCTION INC &", "group": "vacant", "where": "North of Woodall Rodgers", "acres": 0.106, "land_value": 831640, "improvement_value": 0, "land_psf": 180.55, "improvement_to_land": 0.0, "deed_date": "06/06/2019", "feet_to_klyde_warren": 2310.0, "street_view": "https://www.google.com/maps/@?api=1&map_action=pano&viewpoint=32.796836,-96.803111" }, "geometry": { "type": "Polygon", "coordinates": [ [ [ -96.802965, 32.796811, 0.0 ], [ -96.802955, 32.796772, 0.0 ], [ -96.803061, 32.796687, 0.0 ], [ -96.803257, 32.79686, 0.0 ], [ -96.803136, 32.796965, 0.0 ], [ -96.802965, 32.796811, 0.0 ] ] ] } },
{ "type": "Feature", "properties": { "dcad_account": "00000106858000000", "address": "2221 CAROLINE ST", "property_name": "PARKING LOT", "owner": "FIREBIRD DOWNTOWN INC &", "group": "parking", "where": "North of Woodall Rodgers", "acres": 0.113, "land_value": 825000, "improvement_value": 0, "land_psf": 167.58, "improvement_to_land": 0.0, "deed_date": "04/02/2019", "feet_to_klyde_warren": 711.0, "street_view": "https://www.google.com/maps/@?api=1&map_action=pano&viewpoint=32.788216,-96.805392" }, "geometry": { "type": "Polygon", "coordinates": [ [ [ -96.805218, 32.788261, 0.0 ], [ -96.805454, 32.788073, 0.0 ], [ -96.805566, 32.78817, 0.0 ], [ -96.805331, 32.788358, 0.0 ], [ -96.805218, 32.788261, 0.0 ] ] ] } },
{ "type": "Feature", "properties": { "dcad_account": "00000135178000000", "address": "2701 CEDAR SPRINGS RD", "property_name": "LUCKY DOG SALOON", "owner": "KATY TRAIL ICE HOUSE LP", "group": "building", "where": "North of Woodall Rodgers", "acres": 0.113, "land_value": 822430, "improvement_value": 312650, "land_psf": 167.73, "improvement_to_land": 0.38, "deed_date": "10/04/2022", "feet_to_klyde_warren": 3905.0, "street_view": "https://www.google.com/maps/@?api=1&map_action=pano&viewpoint=32.800534,-96.805853" }, "geometry": { "type": "Polygon", "coordinates": [ [ [ -96.805707, 32.800703, 0.0 ], [ -96.805684, 32.800604, 0.0 ], [ -96.805856, 32.800464, 0.0 ], [ -96.806038, 32.800625, 0.0 ], [ -96.805707, 32.800703, 0.0 ] ] ] } },
{ "type": "Feature", "properties": { "dcad_account": "000147001201A0000", "address": "1224 S CESAR CHAVEZ BLVD", "property_name": "CITY FUTSAL", "owner": "FM FUTSAL INC", "group": "building", "where": "Downtown", "acres": 2.208, "land_value": 817500, "improvement_value": 194850, "land_psf": 8.5, "improvement_to_land": 0.24, "deed_date": "07/25/2025", "feet_to_klyde_warren": 5902.0, "street_view": "https://www.google.com/maps/@?api=1&map_action=pano&viewpoint=32.776880,-96.787549" }, "geometry": { "type": "Polygon", "coordinates": [ [ [ -96.787928, 32.776426, 0.0 ], [ -96.787974, 32.776423, 0.0 ], [ -96.787984, 32.776423, 0.0 ], [ -96.788056, 32.776425, 0.0 ], [ -96.788128, 32.776433, 0.0 ], [ -96.788198, 32.776448, 0.0 ], [ -96.788261, 32.776467, 0.0 ], [ -96.788321, 32.776491, 0.0 ], [ -96.788379, 32.77652, 0.0 ], [ -96.788432, 32.776555, 0.0 ], [ -96.788481, 32.776593, 0.0 ], [ -96.788525, 32.776636, 0.0 ], [ -96.788758, 32.776914, 0.0 ], [ -96.788651, 32.776979, 0.0 ], [ -96.788552, 32.776859, 0.0 ], [ -96.788393, 32.776667, 0.0 ], [ -96.788376, 32.776662, 0.0 ], [ -96.78833, 32.776626, 0.0 ], [ -96.788302, 32.776624, 0.0 ], [ -96.788274, 32.776603, 0.0 ], [ -96.788237, 32.776586, 0.0 ], [ -96.788199, 32.776571, 0.0 ], [ -96.78819, 32.776568, 0.0 ], [ -96.78813, 32.776552, 0.0 ], [ -96.788068, 32.776542, 0.0 ], [ -96.788006, 32.776538, 0.0 ], [ -96.787943, 32.776541, 0.0 ], [ -96.787881, 32.77655, 0.0 ], [ -96.787901, 32.77661, 0.0 ], [ -96.787913, 32.776671, 0.0 ], [ -96.787919, 32.776733, 0.0 ], [ -96.787918, 32.776779, 0.0 ], [ -96.787914, 32.776824, 0.0 ], [ -96.787909, 32.77685, 0.0 ], [ -96.787812, 32.77736, 0.0 ], [ -96.787733, 32.777373, 0.0 ], [ -96.787771, 32.777389, 0.0 ], [ -96.787809, 32.777403, 0.0 ], [ -96.787814, 32.777405, 0.0 ], [ -96.787777, 32.777433, 0.0 ], [ -96.787768, 32.777434, 0.0 ], [ -96.787759, 32.777436, 0.0 ], [ -96.787751, 32.77744, 0.0 ], [ -96.787743, 32.777444, 0.0 ], [ -96.787736, 32.77745, 0.0 ], [ -96.787731, 32.777456, 0.0 ], [ -96.787725, 32.777465, 0.0 ], [ -96.787722, 32.777474, 0.0 ], [ -96.787719, 32.777484, 0.0 ], [ -96.787719, 32.777494, 0.0 ], [ -96.787718, 32.777511, 0.0 ], [ -96.787715, 32.777529, 0.0 ], [ -96.787709, 32.777549, 0.0 ], [ -96.787699, 32.777569, 0.0 ], [ -96.787687, 32.777588, 0.0 ], [ -96.787622, 32.777513, 0.0 ], [ -96.787626, 32.777494, 0.0 ], [ -96.787626, 32.777475, 0.0 ], [ -96.787622, 32.777456, 0.0 ], [ -96.787615, 32.777438, 0.0 ], [ -96.787605, 32.777421, 0.0 ], [ -96.787501, 32.7773, 0.0 ], [ -96.787504, 32.777298, 0.0 ], [ -96.787426, 32.777198, 0.0 ], [ -96.787418, 32.777181, 0.0 ], [ -96.787338, 32.777088, 0.0 ], [ -96.787199, 32.776901, 0.0 ], [ -96.787084, 32.776354, 0.0 ], [ -96.787355, 32.776131, 0.0 ], [ -96.787417, 32.776147, 0.0 ], [ -96.787476, 32.776167, 0.0 ], [ -96.787477, 32.776168, 0.0 ], [ -96.787537, 32.776193, 0.0 ], [ -96.787594, 32.776224, 0.0 ], [ -96.787647, 32.776258, 0.0 ], [ -96.7877, 32.776299, 0.0 ], [ -96.787747, 32.776343, 0.0 ], [ -96.78779, 32.776392, 0.0 ], [ -96.787827, 32.776443, 0.0 ], [ -96.787882, 32.776432, 0.0 ], [ -96.787928, 32.776426, 0.0 ] ] ] } },
{ "type": "Feature", "properties": { "dcad_account": "00000148660000000", "address": "3435 OAK LAWN AVE", "property_name": "PARKING FOR RETAIL", "owner": "RP LEMMON PPTIES LP", "group": "vacant", "where": "North of Woodall Rodgers", "acres": 0.22, "land_value": 816000, "improvement_value": 0, "land_psf": 85.0, "improvement_to_land": 0.0, "deed_date": "12/31/2007", "feet_to_klyde_warren": 7824.0, "street_view": "https://www.google.com/maps/@?api=1&map_action=pano&viewpoint=32.811870,-96.806215" }, "geometry": { "type": "Polygon", "coordinates": [ [ [ -96.806129, 32.811677, 0.0 ], [ -96.806491, 32.811992, 0.0 ], [ -96.80635, 32.812107, 0.0 ], [ -96.806169, 32.811949, 0.0 ], [ -96.805988, 32.811791, 0.0 ], [ -96.806129, 32.811677, 0.0 ] ] ] } },
{ "type": "Feature", "properties": { "dcad_account": "00000148663000000", "address": "3427 OAK LAWN AVE", "property_name": "EATZIS PAVED PARKING", "owner": "RP LEMMON PPTIES LP", "group": "vacant", "where": "North of Woodall Rodgers", "acres": 0.22, "land_value": 816000, "improvement_value": 0, "land_psf": 85.0, "improvement_to_land": 0.0, "deed_date": "12/31/2007", "feet_to_klyde_warren": 7793.0, "street_view": "https://www.google.com/maps/@?api=1&map_action=pano&viewpoint=32.811799,-96.806405" }, "geometry": { "type": "Polygon", "coordinates": [ [ [ -96.806269, 32.811562, 0.0 ], [ -96.80645, 32.81172, 0.0 ], [ -96.806631, 32.811878, 0.0 ], [ -96.806491, 32.811992, 0.0 ], [ -96.806129, 32.811677, 0.0 ], [ -96.806269, 32.811562, 0.0 ] ] ] } },
{ "type": "Feature", "properties": { "dcad_account": "00000117139000000", "address": "3414 OAK GROVE AVE", "property_name": "RETINA INSTITUTE OF TX", "owner": "TWS&K REALTY LLP", "group": "building", "where": "North of Woodall Rodgers", "acres": 0.168, "land_value": 816000, "improvement_value": 100000, "land_psf": 111.35, "improvement_to_land": 0.12, "deed_date": "05/15/2003", "feet_to_klyde_warren": 4949.0, "street_view": "https://www.google.com/maps/@?api=1&map_action=pano&viewpoint=32.804182,-96.797087" }, "geometry": { "type": "Polygon", "coordinates": [ [ [ -96.797182, 32.804352, 0.0 ], [ -96.796884, 32.804105, 0.0 ], [ -96.796945, 32.804047, 0.0 ], [ -96.796827, 32.803949, 0.0 ], [ -96.796874, 32.803904, 0.0 ], [ -96.797287, 32.804258, 0.0 ], [ -96.797182, 32.804352, 0.0 ] ] ] } },
{ "type": "Feature", "properties": { "dcad_account": "00000138964000000", "address": "3511 CEDAR SPRINGS RD", "property_name": "UNOCCUPIED", "owner": "WINHAVIR LP", "group": "building", "where": "North of Woodall Rodgers", "acres": 0.217, "land_value": 811580, "improvement_value": 1000, "land_psf": 86.02, "improvement_to_land": 0.0, "deed_date": "12/23/2014", "feet_to_klyde_warren": 6096.0, "street_view": "https://www.google.com/maps/@?api=1&map_action=pano&viewpoint=32.806873,-96.806442" }, "geometry": { "type": "Polygon", "coordinates": [ [ [ -96.806186, 32.806962, 0.0 ], [ -96.806556, 32.806669, 0.0 ], [ -96.806695, 32.806785, 0.0 ], [ -96.806335, 32.807078, 0.0 ], [ -96.806186, 32.806962, 0.0 ] ] ] } },
{ "type": "Feature", "properties": { "dcad_account": "00000104515000000", "address": "1001 SAN JACINTO ST", "property_name": "CLASSIFIED PARKING", "owner": "1001 SAN JACINTO LLC", "group": "parking", "where": "Downtown", "acres": 0.186, "land_value": 809720, "improvement_value": 0, "land_psf": 100.19, "improvement_to_land": 0.0, "deed_date": "05/27/2022", "feet_to_klyde_warren": 2215.0, "street_view": "https://www.google.com/maps/@?api=1&map_action=pano&viewpoint=32.782112,-96.804202" }, "geometry": { "type": "Polygon", "coordinates": [ [ [ -96.804156, 32.781916, 0.0 ], [ -96.804404, 32.782166, 0.0 ], [ -96.804364, 32.782201, 0.0 ], [ -96.804347, 32.782215, 0.0 ], [ -96.804255, 32.782296, 0.0 ], [ -96.80419, 32.782237, 0.0 ], [ -96.803996, 32.782058, 0.0 ], [ -96.804156, 32.781916, 0.0 ] ] ] } },
{ "type": "Feature", "properties": { "dcad_account": "00000138937000000", "address": "3515 CEDAR SPRINGS RD", "property_name": "COURTYARDS ON CEDAR SPRINGS", "owner": "WINHAVIR LP", "group": "building", "where": "North of Woodall Rodgers", "acres": 0.213, "land_value": 806310, "improvement_value": 1000, "land_psf": 86.82, "improvement_to_land": 0.0, "deed_date": "12/29/2010", "feet_to_klyde_warren": 6149.0, "street_view": "https://www.google.com/maps/@?api=1&map_action=pano&viewpoint=32.806990,-96.806585" }, "geometry": { "type": "Polygon", "coordinates": [ [ [ -96.806335, 32.807078, 0.0 ], [ -96.806695, 32.806785, 0.0 ], [ -96.806838, 32.806903, 0.0 ], [ -96.806475, 32.807191, 0.0 ], [ -96.806335, 32.807078, 0.0 ] ] ] } },
{ "type": "Feature", "properties": { "dcad_account": "00000106690000000", "address": "2417 N AKARD ST", "property_name": "PARKING", "owner": "FSR LP", "group": "parking", "where": "North of Woodall Rodgers", "acres": 0.113, "land_value": 799200, "improvement_value": 0, "land_psf": 162.64, "improvement_to_land": 0.0, "deed_date": "05/11/1999", "feet_to_klyde_warren": 1265.0, "street_view": "https://www.google.com/maps/@?api=1&map_action=pano&viewpoint=32.790402,-96.806605" }, "geometry": { "type": "Polygon", "coordinates": [ [ [ -96.806425, 32.790454, 0.0 ], [ -96.806687, 32.790256, 0.0 ], [ -96.806786, 32.79035, 0.0 ], [ -96.806524, 32.790548, 0.0 ], [ -96.806425, 32.790454, 0.0 ] ] ] } },
{ "type": "Feature", "properties": { "dcad_account": "00000102823000000", "address": "2101 MAIN ST", "property_name": "PARKING", "owner": "42 EADO LP", "group": "parking", "where": "Downtown", "acres": 0.209, "land_value": 797740, "improvement_value": 0, "land_psf": 87.5, "improvement_to_land": 0.0, "deed_date": "02/12/2016", "feet_to_klyde_warren": 3676.0, "street_view": "https://www.google.com/maps/@?api=1&map_action=pano&viewpoint=32.782370,-96.792211" }, "geometry": { "type": "Polygon", "coordinates": [ [ [ -96.792407, 32.782456, 0.0 ], [ -96.792328, 32.782473, 0.0 ], [ -96.792249, 32.782489, 0.0 ], [ -96.79217, 32.782506, 0.0 ], [ -96.792091, 32.782523, 0.0 ], [ -96.792087, 32.782524, 0.0 ], [ -96.792016, 32.782284, 0.0 ], [ -96.79202, 32.782283, 0.0 ], [ -96.792099, 32.782266, 0.0 ], [ -96.792178, 32.782249, 0.0 ], [ -96.792256, 32.782233, 0.0 ], [ -96.792335, 32.782216, 0.0 ], [ -96.792407, 32.782456, 0.0 ] ] ] } },
{ "type": "Feature", "properties": { "dcad_account": "00000138958000000", "address": "3520 DICKASON AVE", "property_name": "APTS", "owner": "FOERSTER KARL &", "group": "building", "where": "North of Woodall Rodgers", "acres": 0.209, "land_value": 797040, "improvement_value": 201860, "land_psf": 87.61, "improvement_to_land": 0.25, "deed_date": "05/04/1976", "feet_to_klyde_warren": 6133.0, "street_view": "https://www.google.com/maps/@?api=1&map_action=pano&viewpoint=32.806793,-96.807127" }, "geometry": { "type": "Polygon", "coordinates": [ [ [ -96.807037, 32.806976, 0.0 ], [ -96.806888, 32.806862, 0.0 ], [ -96.807221, 32.806592, 0.0 ], [ -96.807365, 32.806724, 0.0 ], [ -96.807188, 32.806869, 0.0 ], [ -96.807117, 32.806927, 0.0 ], [ -96.807048, 32.806983, 0.0 ], [ -96.807037, 32.806976, 0.0 ] ] ] } },
{ "type": "Feature", "properties": { "dcad_account": "00000100294000000", "address": "801 ELM ST", "property_name": "PARKING", "owner": "WEST END LOFTS LP", "group": "parking", "where": "Downtown", "acres": 0.158, "land_value": 793500, "improvement_value": 0, "land_psf": 115.0, "improvement_to_land": 0.0, "deed_date": "06/15/2026", "feet_to_klyde_warren": 2894.0, "street_view": "https://www.google.com/maps/@?api=1&map_action=pano&viewpoint=32.780411,-96.805238" }, "geometry": { "type": "Polygon", "coordinates": [ [ [ -96.805168, 32.780567, 0.0 ], [ -96.80509, 32.7803, 0.0 ], [ -96.80515, 32.780288, 0.0 ], [ -96.805308, 32.780255, 0.0 ], [ -96.805386, 32.780522, 0.0 ], [ -96.805228, 32.780555, 0.0 ], [ -96.805168, 32.780567, 0.0 ] ] ] } },
{ "type": "Feature", "properties": { "dcad_account": "00000136015000000", "address": "2808 COLE AVE", "property_name": "2808 COLE", "owner": "DALLAS SKYFALL LLC", "group": "building", "where": "North of Woodall Rodgers", "acres": 0.101, "land_value": 787500, "improvement_value": 78200, "land_psf": 179.58, "improvement_to_land": 0.1, "deed_date": "04/03/2017", "feet_to_klyde_warren": 3788.0, "street_view": "https://www.google.com/maps/@?api=1&map_action=pano&viewpoint=32.801084,-96.802667" }, "geometry": { "type": "Polygon", "coordinates": [ [ [ -96.802717, 32.801223, 0.0 ], [ -96.802696, 32.801205, 0.0 ], [ -96.802514, 32.801049, 0.0 ], [ -96.802623, 32.800953, 0.0 ], [ -96.802822, 32.801118, 0.0 ], [ -96.80283, 32.801124, 0.0 ], [ -96.802717, 32.801223, 0.0 ] ] ] } },
{ "type": "Feature", "properties": { "dcad_account": "00000134458000000", "address": "2814 HARRY HINES BLVD", "property_name": "VACNAT LAND", "owner": "HARWOOD NO 16 LLC", "group": "vacant", "where": "North of Woodall Rodgers", "acres": 0.116, "land_value": 779840, "improvement_value": 0, "land_psf": 153.69, "improvement_to_land": 0.0, "deed_date": "09/11/2025", "feet_to_klyde_warren": 2739.0, "street_view": "https://www.google.com/maps/@?api=1&map_action=pano&viewpoint=32.794106,-96.809230" }, "geometry": { "type": "Polygon", "coordinates": [ [ [ -96.80917, 32.794257, 0.0 ], [ -96.809058, 32.794152, 0.0 ], [ -96.809289, 32.793961, 0.0 ], [ -96.809401, 32.794061, 0.0 ], [ -96.80917, 32.794257, 0.0 ] ] ] } },
{ "type": "Feature", "properties": { "dcad_account": "001324000101A0000", "address": "4040 CEDAR SPRINGS RD", "property_name": "VALERO", "owner": "SETHI TAJ INV INC", "group": "building", "where": "North of Woodall Rodgers", "acres": 0.305, "land_value": 778320, "improvement_value": 246680, "land_psf": 58.57, "improvement_to_land": 0.32, "deed_date": "08/10/2004", "feet_to_klyde_warren": 8455.0, "street_view": "https://www.google.com/maps/@?api=1&map_action=pano&viewpoint=32.812037,-96.812037" }, "geometry": { "type": "Polygon", "coordinates": [ [ [ -96.812078, 32.811814, 0.0 ], [ -96.812314, 32.811998, 0.0 ], [ -96.811995, 32.812256, 0.0 ], [ -96.811761, 32.812075, 0.0 ], [ -96.812078, 32.811814, 0.0 ] ] ] } },
{ "type": "Feature", "properties": { "dcad_account": "00000138403000000", "address": "3520 FAIRMOUNT ST", "property_name": "LAW OFFICES OF KELLY AKINS", "owner": "ROYAL NONESUCH LP", "group": "building", "where": "North of Woodall Rodgers", "acres": 0.149, "land_value": 777000, "improvement_value": 123000, "land_psf": 120.0, "improvement_to_land": 0.16, "deed_date": "04/22/2002", "feet_to_klyde_warren": 5515.0, "street_view": "https://www.google.com/maps/@?api=1&map_action=pano&viewpoint=32.803056,-96.811181" }, "geometry": { "type": "Polygon", "coordinates": [ [ [ -96.811275, 32.802887, 0.0 ], [ -96.811391, 32.802975, 0.0 ], [ -96.81139, 32.802975, 0.0 ], [ -96.811082, 32.803236, 0.0 ], [ -96.810969, 32.803137, 0.0 ], [ -96.811275, 32.802887, 0.0 ] ] ] } },
{ "type": "Feature", "properties": { "dcad_account": "00000149236000000", "address": "4015 CEDAR SPRINGS RD", "property_name": "PAVED PARKING", "owner": "PAPATHANASIOU LIMITED", "group": "parking", "where": "North of Woodall Rodgers", "acres": 0.293, "land_value": 775500, "improvement_value": 0, "land_psf": 60.68, "improvement_to_land": 0.0, "deed_date": "06/07/1996", "feet_to_klyde_warren": 8195.0, "street_view": "https://www.google.com/maps/@?api=1&map_action=pano&viewpoint=32.811178,-96.812145" }, "geometry": { "type": "Polygon", "coordinates": [ [ [ -96.812338, 32.81113, 0.0 ], [ -96.81222, 32.811225, 0.0 ], [ -96.811925, 32.811462, 0.0 ], [ -96.81179, 32.811355, 0.0 ], [ -96.812202, 32.811023, 0.0 ], [ -96.812319, 32.810928, 0.0 ], [ -96.812355, 32.810956, 0.0 ], [ -96.812455, 32.811035, 0.0 ], [ -96.812338, 32.81113, 0.0 ] ] ] } },
{ "type": "Feature", "properties": { "dcad_account": "00000137578000000", "address": "3520 CEDAR SPRINGS RD", "property_name": "PARKING & GARDEN", "owner": "EHC OFFICE GP LLC", "group": "vacant", "where": "North of Woodall Rodgers", "acres": 0.21, "land_value": 775200, "improvement_value": 0, "land_psf": 84.93, "improvement_to_land": 0.0, "deed_date": "04/20/2021", "feet_to_klyde_warren": 6251.0, "street_view": "https://www.google.com/maps/@?api=1&map_action=pano&viewpoint=32.807405,-96.806109" }, "geometry": { "type": "Polygon", "coordinates": [ [ [ -96.805864, 32.807503, 0.0 ], [ -96.806214, 32.807202, 0.0 ], [ -96.806353, 32.807307, 0.0 ], [ -96.806005, 32.807609, 0.0 ], [ -96.805993, 32.807619, 0.0 ], [ -96.805853, 32.807513, 0.0 ], [ -96.805864, 32.807503, 0.0 ] ] ] } },
{ "type": "Feature", "properties": { "dcad_account": "00000137557000000", "address": "3526 CEDAR SPRINGS RD", "property_name": "SELECT STUDIO & SALON", "owner": "DRAGON PARK LP", "group": "building", "where": "North of Woodall Rodgers", "acres": 0.204, "land_value": 775200, "improvement_value": 15000, "land_psf": 87.18, "improvement_to_land": 0.02, "deed_date": "05/18/2021", "feet_to_klyde_warren": 6345.0, "street_view": "https://www.google.com/maps/@?api=1&map_action=pano&viewpoint=32.807629,-96.806303" }, "geometry": { "type": "Polygon", "coordinates": [ [ [ -96.806059, 32.807722, 0.0 ], [ -96.806434, 32.807416, 0.0 ], [ -96.806568, 32.80752, 0.0 ], [ -96.806549, 32.807536, 0.0 ], [ -96.806189, 32.807825, 0.0 ], [ -96.806059, 32.807722, 0.0 ] ] ] } },
{ "type": "Feature", "properties": { "dcad_account": "00000113566000000", "address": "2626 THOMAS AVE", "property_name": "LAND ONLY", "owner": "AURORA INTERNATIONAL", "group": "vacant", "where": "North of Woodall Rodgers", "acres": 0.175, "land_value": 771750, "improvement_value": 0, "land_psf": 101.51, "improvement_to_land": 0.0, "deed_date": "10/11/2023", "feet_to_klyde_warren": 1662.0, "street_view": "https://www.google.com/maps/@?api=1&map_action=pano&viewpoint=32.795071,-96.798540" }, "geometry": { "type": "Polygon", "coordinates": [ [ [ -96.798713, 32.795121, 0.0 ], [ -96.798593, 32.795218, 0.0 ], [ -96.798591, 32.79522, 0.0 ], [ -96.798367, 32.79502, 0.0 ], [ -96.798261, 32.794925, 0.0 ], [ -96.798263, 32.794923, 0.0 ], [ -96.798285, 32.794906, 0.0 ], [ -96.798382, 32.794828, 0.0 ], [ -96.798518, 32.794949, 0.0 ], [ -96.798713, 32.795121, 0.0 ] ] ] } },
{ "type": "Feature", "properties": { "dcad_account": "00000104584000000", "address": "1900 N GRIFFIN ST", "property_name": "PARKING", "owner": "BRAMBLING PARTNERS LP", "group": "parking", "where": "Downtown", "acres": 0.154, "land_value": 771420, "improvement_value": 0, "land_psf": 114.71, "improvement_to_land": 0.0, "deed_date": "12/16/2021", "feet_to_klyde_warren": 1725.0, "street_view": "https://www.google.com/maps/@?api=1&map_action=pano&viewpoint=32.783750,-96.804928" }, "geometry": { "type": "Polygon", "coordinates": [ [ [ -96.804927, 32.783911, 0.0 ], [ -96.804742, 32.783743, 0.0 ], [ -96.804928, 32.783588, 0.0 ], [ -96.805114, 32.783758, 0.0 ], [ -96.804927, 32.783911, 0.0 ] ] ] } },
{ "type": "Feature", "properties": { "dcad_account": "00000102406000000", "address": "2108 PACIFIC AVE", "property_name": "TOMSON PARKING", "owner": "ROLLINS DAVID CORDELL &", "group": "parking", "where": "Downtown", "acres": 0.21, "land_value": 770100, "improvement_value": 0, "land_psf": 84.1, "improvement_to_land": 0.0, "deed_date": "11/19/2024", "feet_to_klyde_warren": 3253.0, "street_view": "https://www.google.com/maps/@?api=1&map_action=pano&viewpoint=32.783270,-96.793110" }, "geometry": { "type": "Polygon", "coordinates": [ [ [ -96.793038, 32.783439, 0.0 ], [ -96.792935, 32.783112, 0.0 ], [ -96.793018, 32.783094, 0.0 ], [ -96.793095, 32.78308, 0.0 ], [ -96.793172, 32.783062, 0.0 ], [ -96.793196, 32.783141, 0.0 ], [ -96.793199, 32.78315, 0.0 ], [ -96.793272, 32.783389, 0.0 ], [ -96.793038, 32.783439, 0.0 ] ] ] } },
{ "type": "Feature", "properties": { "dcad_account": "00000105226000000", "address": "1923 BRYAN ST", "property_name": "HARWOOD CTR LAND", "owner": "1999 ASSOC LTD", "group": "vacant", "where": "Downtown", "acres": 0.152, "land_value": 762450, "improvement_value": 0, "land_psf": 115.02, "improvement_to_land": 0.0, "deed_date": "11/02/1993", "feet_to_klyde_warren": 2011.0, "street_view": "https://www.google.com/maps/@?api=1&map_action=pano&viewpoint=32.784582,-96.797184" }, "geometry": { "type": "Polygon", "coordinates": [ [ [ -96.796982, 32.784494, 0.0 ], [ -96.797083, 32.784408, 0.0 ], [ -96.797425, 32.784703, 0.0 ], [ -96.797323, 32.784789, 0.0 ], [ -96.797184, 32.784669, 0.0 ], [ -96.796982, 32.784494, 0.0 ] ] ] } },
{ "type": "Feature", "properties": { "dcad_account": "00000149014000000", "address": "4011 N HALL ST", "property_name": "4011 N HALL ST", "owner": "NKAP LLC", "group": "building", "where": "North of Woodall Rodgers", "acres": 0.233, "land_value": 751350, "improvement_value": 10000, "land_psf": 74.01, "improvement_to_land": 0.01, "deed_date": "01/23/2025", "feet_to_klyde_warren": 8282.0, "street_view": "https://www.google.com/maps/@?api=1&map_action=pano&viewpoint=32.812079,-96.810478" }, "geometry": { "type": "Polygon", "coordinates": [ [ [ -96.810691, 32.811798, 0.0 ], [ -96.810809, 32.8119, 0.0 ], [ -96.810814, 32.811905, 0.0 ], [ -96.810802, 32.811915, 0.0 ], [ -96.8107, 32.811999, 0.0 ], [ -96.810378, 32.812266, 0.0 ], [ -96.810374, 32.812262, 0.0 ], [ -96.810256, 32.812159, 0.0 ], [ -96.810691, 32.811798, 0.0 ] ] ] } },
{ "type": "Feature", "properties": { "dcad_account": "00000135559000000", "address": "2614 BOLL ST", "property_name": "2614 BOLL", "owner": "PASHA & SINA INC", "group": "building", "where": "North of Woodall Rodgers", "acres": 0.125, "land_value": 750740, "improvement_value": 69260, "land_psf": 138.32, "improvement_to_land": 0.09, "deed_date": "12/11/2012", "feet_to_klyde_warren": 2630.0, "street_view": "https://www.google.com/maps/@?api=1&map_action=pano&viewpoint=32.798000,-96.801932" }, "geometry": { "type": "Polygon", "coordinates": [ [ [ -96.802065, 32.797873, 0.0 ], [ -96.801986, 32.798153, 0.0 ], [ -96.801871, 32.798122, 0.0 ], [ -96.80189, 32.798063, 0.0 ], [ -96.801814, 32.798041, 0.0 ], [ -96.801856, 32.797958, 0.0 ], [ -96.801903, 32.797826, 0.0 ], [ -96.802065, 32.797873, 0.0 ] ] ] } },
{ "type": "Feature", "properties": { "dcad_account": "00000107674000000", "address": "811 S AKARD ST", "property_name": "VACANT LAND", "owner": "YELED VENTURE LTD", "group": "vacant", "where": "Downtown", "acres": 0.523, "land_value": 750400, "improvement_value": 0, "land_psf": 32.94, "improvement_to_land": 0.0, "deed_date": "11/17/2014", "feet_to_klyde_warren": 5333.0, "street_view": "https://www.google.com/maps/@?api=1&map_action=pano&viewpoint=32.774115,-96.796789" }, "geometry": { "type": "Polygon", "coordinates": [ [ [ -96.796851, 32.774378, 0.0 ], [ -96.796437, 32.773991, 0.0 ], [ -96.796463, 32.77392, 0.0 ], [ -96.796628, 32.773906, 0.0 ], [ -96.796792, 32.773885, 0.0 ], [ -96.796955, 32.773858, 0.0 ], [ -96.797115, 32.773823, 0.0 ], [ -96.797168, 32.773869, 0.0 ], [ -96.796929, 32.774239, 0.0 ], [ -96.796936, 32.77431, 0.0 ], [ -96.796851, 32.774378, 0.0 ] ] ] } },
{ "type": "Feature", "properties": { "dcad_account": "00000113131000000", "address": "2509 THOMAS AVE", "property_name": "2509 THOMAS", "owner": "YLAW LLC", "group": "building", "where": "North of Woodall Rodgers", "acres": 0.182, "land_value": 750000, "improvement_value": 133010, "land_psf": 94.58, "improvement_to_land": 0.18, "deed_date": "03/12/2010", "feet_to_klyde_warren": 1260.0, "street_view": "https://www.google.com/maps/@?api=1&map_action=pano&viewpoint=32.794328,-96.800328" }, "geometry": { "type": "Polygon", "coordinates": [ [ [ -96.800444, 32.794529, 0.0 ], [ -96.800092, 32.794224, 0.0 ], [ -96.800213, 32.794123, 0.0 ], [ -96.80056, 32.794432, 0.0 ], [ -96.800444, 32.794529, 0.0 ] ] ] } },
{ "type": "Feature", "properties": { "dcad_account": "00000117136000000", "address": "3416 OAK GROVE AVE", "property_name": "RETINA CONSULTING OF TX PAVED PARKING", "owner": "TWS&K REALTY LLP", "group": "parking", "where": "North of Woodall Rodgers", "acres": 0.145, "land_value": 750000, "improvement_value": 0, "land_psf": 118.55, "improvement_to_land": 0.0, "deed_date": "05/15/2003", "feet_to_klyde_warren": 5019.0, "street_view": "https://www.google.com/maps/@?api=1&map_action=pano&viewpoint=32.804277,-96.796977" }, "geometry": { "type": "Polygon", "coordinates": [ [ [ -96.797071, 32.804451, 0.0 ], [ -96.796773, 32.804201, 0.0 ], [ -96.796884, 32.804105, 0.0 ], [ -96.797182, 32.804352, 0.0 ], [ -96.797071, 32.804451, 0.0 ] ] ] } },
{ "type": "Feature", "properties": { "dcad_account": "00000113101000000", "address": "2500 STATE ST", "property_name": "2500 STATE OFFICE", "owner": "RGVL INVESTMENTS LLC", "group": "building", "where": "North of Woodall Rodgers", "acres": 0.171, "land_value": 750000, "improvement_value": 320000, "land_psf": 100.58, "improvement_to_land": 0.43, "deed_date": "05/30/2025", "feet_to_klyde_warren": 1308.0, "street_view": "https://www.google.com/maps/@?api=1&map_action=pano&viewpoint=32.794466,-96.800968" }, "geometry": { "type": "Polygon", "coordinates": [ [ [ -96.800855, 32.794268, 0.0 ], [ -96.801196, 32.794568, 0.0 ], [ -96.801083, 32.794662, 0.0 ], [ -96.800739, 32.794364, 0.0 ], [ -96.800855, 32.794268, 0.0 ] ] ] } },
{ "type": "Feature", "properties": { "dcad_account": "00000113122000000", "address": "2519 THOMAS AVE", "property_name": "2519 THOMAS", "owner": "JNW HOLDINGS LP", "group": "building", "where": "North of Woodall Rodgers", "acres": 0.178, "land_value": 750000, "improvement_value": 250000, "land_psf": 96.8, "improvement_to_land": 0.33, "deed_date": "11/30/2016", "feet_to_klyde_warren": 1379.0, "street_view": "https://www.google.com/maps/@?api=1&map_action=pano&viewpoint=32.794615,-96.799980" }, "geometry": { "type": "Polygon", "coordinates": [ [ [ -96.799749, 32.794508, 0.0 ], [ -96.799865, 32.794412, 0.0 ], [ -96.800212, 32.794721, 0.0 ], [ -96.800096, 32.794818, 0.0 ], [ -96.799749, 32.794508, 0.0 ] ] ] } },
{ "type": "Feature", "properties": { "dcad_account": "00000113305000000", "address": "2613 THOMAS AVE", "property_name": "2613 THOMAS", "owner": "BOBUM III LLC", "group": "building", "where": "North of Woodall Rodgers", "acres": 0.176, "land_value": 750000, "improvement_value": 250000, "land_psf": 97.89, "improvement_to_land": 0.33, "deed_date": "03/01/2016", "feet_to_klyde_warren": 1587.0, "street_view": "https://www.google.com/maps/@?api=1&map_action=pano&viewpoint=32.795080,-96.799376" }, "geometry": { "type": "Polygon", "coordinates": [ [ [ -96.799486, 32.795277, 0.0 ], [ -96.799147, 32.794981, 0.0 ], [ -96.799267, 32.794884, 0.0 ], [ -96.799606, 32.795179, 0.0 ], [ -96.799486, 32.795277, 0.0 ] ] ] } },
{ "type": "Feature", "properties": { "dcad_account": "00000113125000000", "address": "2517 THOMAS ST", "property_name": "PERRY GUEST COMPANY", "owner": "2517 THOMAS LLC", "group": "building", "where": "North of Woodall Rodgers", "acres": 0.173, "land_value": 750000, "improvement_value": 90000, "land_psf": 99.65, "improvement_to_land": 0.12, "deed_date": "06/28/2017", "feet_to_klyde_warren": 1341.0, "street_view": "https://www.google.com/maps/@?api=1&map_action=pano&viewpoint=32.794519,-96.800095" }, "geometry": { "type": "Polygon", "coordinates": [ [ [ -96.799975, 32.794321, 0.0 ], [ -96.800328, 32.794626, 0.0 ], [ -96.800212, 32.794721, 0.0 ], [ -96.799865, 32.794412, 0.0 ], [ -96.799975, 32.794321, 0.0 ] ] ] } },
{ "type": "Feature", "properties": { "dcad_account": "00000113110000000", "address": "2512 STATE ST", "property_name": "UINDERGROUND PK GA", "owner": "FLEETWOOD 1939 HOLDINGS LLC", "group": "building", "where": "North of Woodall Rodgers", "acres": 0.174, "land_value": 750000, "improvement_value": 302000, "land_psf": 98.87, "improvement_to_land": 0.4, "deed_date": "07/25/2022", "feet_to_klyde_warren": 1414.0, "street_view": "https://www.google.com/maps/@?api=1&map_action=pano&viewpoint=32.794803,-96.800666" }, "geometry": { "type": "Polygon", "coordinates": [ [ [ -96.800496, 32.794754, 0.0 ], [ -96.800385, 32.794658, 0.0 ], [ -96.800502, 32.794561, 0.0 ], [ -96.800846, 32.79486, 0.0 ], [ -96.800731, 32.794955, 0.0 ], [ -96.800609, 32.794851, 0.0 ], [ -96.800496, 32.794754, 0.0 ] ] ] } },
{ "type": "Feature", "properties": { "dcad_account": "00000113332000000", "address": "2616 THOMAS AVE", "property_name": "UNOCC", "owner": "KSLKT HOLDINGS LLC", "group": "building", "where": "North of Woodall Rodgers", "acres": 0.171, "land_value": 750000, "improvement_value": 230000, "land_psf": 100.49, "improvement_to_land": 0.31, "deed_date": "07/07/2021", "feet_to_klyde_warren": 1546.0, "street_view": "https://www.google.com/maps/@?api=1&map_action=pano&viewpoint=32.794745,-96.798737" }, "geometry": { "type": "Polygon", "coordinates": [ [ [ -96.798892, 32.794979, 0.0 ], [ -96.798695, 32.794807, 0.0 ], [ -96.798553, 32.794682, 0.0 ], [ -96.798659, 32.794599, 0.0 ], [ -96.798672, 32.794589, 0.0 ], [ -96.799008, 32.794883, 0.0 ], [ -96.798892, 32.794979, 0.0 ] ] ] } },
{ "type": "Feature", "properties": { "dcad_account": "00000113302000000", "address": "2609 THOMAS AVE", "property_name": "2609 THOMAS AVE", "owner": "2609 THOMAS LLC", "group": "building", "where": "North of Woodall Rodgers", "acres": 0.168, "land_value": 750000, "improvement_value": 5000, "land_psf": 102.72, "improvement_to_land": 0.01, "deed_date": "03/07/2014", "feet_to_klyde_warren": 1545.0, "street_view": "https://www.google.com/maps/@?api=1&map_action=pano&viewpoint=32.794985,-96.799493" }, "geometry": { "type": "Polygon", "coordinates": [ [ [ -96.799606, 32.795179, 0.0 ], [ -96.799267, 32.794884, 0.0 ], [ -96.799381, 32.794791, 0.0 ], [ -96.79972, 32.795086, 0.0 ], [ -96.799606, 32.795179, 0.0 ] ] ] } },
{ "type": "Feature", "properties": { "dcad_account": "00000138316000000", "address": "2512 WELBORN ST", "property_name": "", "owner": "4901 4903 NEWMORE LLP", "group": "building", "where": "North of Woodall Rodgers", "acres": 0.204, "land_value": 749700, "improvement_value": 115800, "land_psf": 84.3, "improvement_to_land": 0.15, "deed_date": "05/11/2021", "feet_to_klyde_warren": 6101.0, "street_view": "https://www.google.com/maps/@?api=1&map_action=pano&viewpoint=32.804467,-96.812190" }, "geometry": { "type": "Polygon", "coordinates": [ [ [ -96.812258, 32.804276, 0.0 ], [ -96.812419, 32.804414, 0.0 ], [ -96.812119, 32.804655, 0.0 ], [ -96.811962, 32.804519, 0.0 ], [ -96.812258, 32.804276, 0.0 ] ] ] } },
{ "type": "Feature", "properties": { "dcad_account": "00012500000010000", "address": "2000 ELM ST", "property_name": "GARAGE 1ST CITY CTR   ELM STR GARAGE", "owner": "OLYMBEC USA LLC", "group": "parking", "where": "Downtown", "acres": 0.156, "land_value": 746900, "improvement_value": 290050, "land_psf": 109.77, "improvement_to_land": 0.39, "deed_date": "07/23/2014", "feet_to_klyde_warren": 3388.0, "street_view": "https://www.google.com/maps/@?api=1&map_action=pano&viewpoint=32.782377,-96.793529" }, "geometry": { "type": "Polygon", "coordinates": [ [ [ -96.793382, 32.782267, 0.0 ], [ -96.793597, 32.782221, 0.0 ], [ -96.793676, 32.782488, 0.0 ], [ -96.793461, 32.782533, 0.0 ], [ -96.793382, 32.782267, 0.0 ] ] ] } },
{ "type": "Feature", "properties": { "dcad_account": "00000101758000000", "address": "312 S ERVAY ST", "property_name": "CLASSIFIED PARKING", "owner": "RADER PARKING SYSTEM LP", "group": "parking", "where": "Downtown", "acres": 0.178, "land_value": 738440, "improvement_value": 0, "land_psf": 95.2, "improvement_to_land": 0.0, "deed_date": "05/05/2010", "feet_to_klyde_warren": 3713.0, "street_view": "https://www.google.com/maps/@?api=1&map_action=pano&viewpoint=32.779257,-96.796437" }, "geometry": { "type": "Polygon", "coordinates": [ [ [ -96.796264, 32.779172, 0.0 ], [ -96.796556, 32.77911, 0.0 ], [ -96.796605, 32.779343, 0.0 ], [ -96.796599, 32.779342, 0.0 ], [ -96.796324, 32.779402, 0.0 ], [ -96.796264, 32.779172, 0.0 ] ] ] } },
{ "type": "Feature", "properties": { "dcad_account": "00000104980000000", "address": "319 N AKARD ST", "property_name": "PAVED PARKING", "owner": "319 NORTH AKARD LLC", "group": "parking", "where": "Downtown", "acres": 0.149, "land_value": 736880, "improvement_value": 0, "land_psf": 113.33, "improvement_to_land": 0.0, "deed_date": "01/16/2014", "feet_to_klyde_warren": 2044.0, "street_view": "https://www.google.com/maps/@?api=1&map_action=pano&viewpoint=32.782771,-96.800441" }, "geometry": { "type": "Polygon", "coordinates": [ [ [ -96.800602, 32.78284, 0.0 ], [ -96.800578, 32.782858, 0.0 ], [ -96.800337, 32.782909, 0.0 ], [ -96.800281, 32.782702, 0.0 ], [ -96.800534, 32.782651, 0.0 ], [ -96.80055, 32.782648, 0.0 ], [ -96.800602, 32.78284, 0.0 ] ] ] } },
{ "type": "Feature", "properties": { "dcad_account": "00000138784000000", "address": "3600 GILLESPIE ST", "property_name": "", "owner": "GILLESPIE VILLAS LLC", "group": "building", "where": "North of Woodall Rodgers", "acres": 0.194, "land_value": 734830, "improvement_value": 100170, "land_psf": 86.99, "improvement_to_land": 0.14, "deed_date": "04/06/2023", "feet_to_klyde_warren": 6123.0, "street_view": "https://www.google.com/maps/@?api=1&map_action=pano&viewpoint=32.806295,-96.808500" }, "geometry": { "type": "Polygon", "coordinates": [ [ [ -96.808259, 32.80637, 0.0 ], [ -96.808566, 32.806117, 0.0 ], [ -96.808711, 32.806244, 0.0 ], [ -96.808588, 32.806345, 0.0 ], [ -96.808516, 32.806404, 0.0 ], [ -96.808452, 32.806458, 0.0 ], [ -96.808403, 32.806497, 0.0 ], [ -96.808259, 32.80637, 0.0 ] ] ] } },
{ "type": "Feature", "properties": { "dcad_account": "000077000004A0300", "address": "1604 MAIN ST", "property_name": "1604 MAIN  (OWNED BY JOULE HOTEL)", "owner": "1530 MAIN LP", "group": "building", "where": "Downtown", "acres": 0.177, "land_value": 734160, "improvement_value": 165840, "land_psf": 95.02, "improvement_to_land": 0.23, "deed_date": "09/14/2009", "feet_to_klyde_warren": 3032.0, "street_view": "https://www.google.com/maps/@?api=1&map_action=pano&viewpoint=32.780672,-96.797953" }, "geometry": { "type": "Polygon", "coordinates": [ [ [ -96.798114, 32.780783, 0.0 ], [ -96.797872, 32.780833, 0.0 ], [ -96.797872, 32.78083, 0.0 ], [ -96.797793, 32.780564, 0.0 ], [ -96.798035, 32.780513, 0.0 ], [ -96.798113, 32.78078, 0.0 ], [ -96.798114, 32.780783, 0.0 ] ] ] } },
{ "type": "Feature", "properties": { "dcad_account": "00000108921000100", "address": "300 HYATT REGENCY HOTEL DR", "property_name": "VACANT", "owner": "HUNT REUNION HOLDINGS INC", "group": "vacant", "where": "Downtown", "acres": 0.211, "land_value": 733200, "improvement_value": 0, "land_psf": 79.62, "improvement_to_land": 0.0, "deed_date": "01/29/1993", "feet_to_klyde_warren": 4475.0, "street_view": "https://www.google.com/maps/@?api=1&map_action=pano&viewpoint=32.776786,-96.808983" }, "geometry": { "type": "Polygon", "coordinates": [ [ [ -96.808834, 32.7764, 0.0 ], [ -96.808863, 32.77649, 0.0 ], [ -96.8089, 32.776577, 0.0 ], [ -96.808943, 32.776663, 0.0 ], [ -96.808993, 32.776746, 0.0 ], [ -96.809049, 32.776826, 0.0 ], [ -96.809111, 32.776902, 0.0 ], [ -96.809179, 32.776975, 0.0 ], [ -96.80932, 32.777117, 0.0 ], [ -96.809245, 32.77717, 0.0 ], [ -96.809185, 32.777184, 0.0 ], [ -96.809125, 32.777195, 0.0 ], [ -96.809063, 32.777203, 0.0 ], [ -96.809059, 32.777189, 0.0 ], [ -96.808834, 32.7764, 0.0 ] ] ] } },
{ "type": "Feature", "properties": { "dcad_account": "00000148741000000", "address": "3113 REAGAN ST", "property_name": "PAVED PARKING FOR RETAIL", "owner": "CEDAR SPRING LLC", "group": "parking", "where": "North of Woodall Rodgers", "acres": 0.31, "land_value": 732140, "improvement_value": 0, "land_psf": 54.26, "improvement_to_land": 0.0, "deed_date": "03/28/1995", "feet_to_klyde_warren": 7734.0, "street_view": "https://www.google.com/maps/@?api=1&map_action=pano&viewpoint=32.810784,-96.809784" }, "geometry": { "type": "Polygon", "coordinates": [ [ [ -96.810117, 32.810889, 0.0 ], [ -96.80993, 32.81104, 0.0 ], [ -96.809816, 32.810942, 0.0 ], [ -96.809706, 32.810846, 0.0 ], [ -96.809593, 32.810748, 0.0 ], [ -96.809483, 32.810652, 0.0 ], [ -96.809628, 32.810533, 0.0 ], [ -96.809741, 32.810628, 0.0 ], [ -96.809857, 32.810724, 0.0 ], [ -96.80995, 32.810798, 0.0 ], [ -96.809982, 32.810771, 0.0 ], [ -96.810117, 32.810889, 0.0 ] ] ] } },
{ "type": "Feature", "properties": { "dcad_account": "00000138739000000", "address": "2912 OAK LAWN AVE", "property_name": "COSMIC CAFE", "owner": "DALLAS DISH LLC", "group": "building", "where": "North of Woodall Rodgers", "acres": 0.2, "land_value": 726580, "improvement_value": 114680, "land_psf": 83.53, "improvement_to_land": 0.16, "deed_date": "03/19/2026", "feet_to_klyde_warren": 6696.0, "street_view": "https://www.google.com/maps/@?api=1&map_action=pano&viewpoint=32.807640,-96.809693" }, "geometry": { "type": "Polygon", "coordinates": [ [ [ -96.809463, 32.807573, 0.0 ], [ -96.809498, 32.807545, 0.0 ], [ -96.809524, 32.807523, 0.0 ], [ -96.809558, 32.807494, 0.0 ], [ -96.80962, 32.807445, 0.0 ], [ -96.809919, 32.807707, 0.0 ], [ -96.809802, 32.807801, 0.0 ], [ -96.809767, 32.807829, 0.0 ], [ -96.809463, 32.807573, 0.0 ] ] ] } },
{ "type": "Feature", "properties": { "dcad_account": "00000110740000300", "address": "325 N ST PAUL ST", "property_name": "VACANT", "owner": "FOUR POINT STAR LP", "group": "vacant", "where": "Downtown", "acres": 0.141, "land_value": 722520, "improvement_value": 0, "land_psf": 117.55, "improvement_to_land": 0.0, "deed_date": "07/24/2002", "feet_to_klyde_warren": 2252.0, "street_view": "https://www.google.com/maps/@?api=1&map_action=pano&viewpoint=32.783588,-96.797459" }, "geometry": { "type": "Polygon", "coordinates": [ [ [ -96.797527, 32.78373, 0.0 ], [ -96.797259, 32.783546, 0.0 ], [ -96.79736, 32.783459, 0.0 ], [ -96.797406, 32.783419, 0.0 ], [ -96.797422, 32.783433, 0.0 ], [ -96.797645, 32.78363, 0.0 ], [ -96.797603, 32.783666, 0.0 ], [ -96.797527, 32.78373, 0.0 ] ] ] } },
{ "type": "Feature", "properties": { "dcad_account": "00000113461000000", "address": "2512 BOLL ST", "property_name": "MARTY D PRICE ATTORNEY", "owner": "2700 MCKINNEY DALLAS PARTNERS", "group": "vacant", "where": "North of Woodall Rodgers", "acres": 0.164, "land_value": 720000, "improvement_value": 0, "land_psf": 100.76, "improvement_to_land": 0.0, "deed_date": "10/19/2018", "feet_to_klyde_warren": 2280.0, "street_view": "https://www.google.com/maps/@?api=1&map_action=pano&viewpoint=32.797154,-96.800653" }, "geometry": { "type": "Polygon", "coordinates": [ [ [ -96.800458, 32.797224, 0.0 ], [ -96.800622, 32.797084, 0.0 ], [ -96.800786, 32.796942, 0.0 ], [ -96.800899, 32.797037, 0.0 ], [ -96.800591, 32.797308, 0.0 ], [ -96.800575, 32.797322, 0.0 ], [ -96.800458, 32.797224, 0.0 ] ] ] } },
{ "type": "Feature", "properties": { "dcad_account": "00000102397000000", "address": "2120 PACIFIC AVE", "property_name": "TOMSON PARKING", "owner": "2210 PACIFIC PROPERTY LLC", "group": "parking", "where": "Downtown", "acres": 0.196, "land_value": 718250, "improvement_value": 0, "land_psf": 83.96, "improvement_to_land": 0.0, "deed_date": "10/24/2016", "feet_to_klyde_warren": 3410.0, "street_view": "https://www.google.com/maps/@?api=1&map_action=pano&viewpoint=32.783014,-96.792690" }, "geometry": { "type": "Polygon", "coordinates": [ [ [ -96.792626, 32.782899, 0.0 ], [ -96.792699, 32.782884, 0.0 ], [ -96.792787, 32.782865, 0.0 ], [ -96.792863, 32.783129, 0.0 ], [ -96.792767, 32.783149, 0.0 ], [ -96.79269, 32.783166, 0.0 ], [ -96.79261, 32.783183, 0.0 ], [ -96.792557, 32.783194, 0.0 ], [ -96.792555, 32.783188, 0.0 ], [ -96.792547, 32.783118, 0.0 ], [ -96.792547, 32.783049, 0.0 ], [ -96.792554, 32.782979, 0.0 ], [ -96.792569, 32.78291, 0.0 ], [ -96.792626, 32.782899, 0.0 ] ] ] } },
{ "type": "Feature", "properties": { "dcad_account": "00000102523000000", "address": "2037 JACKSON ST", "property_name": "PARKING", "owner": "2038 COMMERCE LLC", "group": "vacant", "where": "Downtown", "acres": 0.181, "land_value": 717750, "improvement_value": 0, "land_psf": 91.11, "improvement_to_land": 0.0, "deed_date": "07/13/2016", "feet_to_klyde_warren": 4067.0, "street_view": "https://www.google.com/maps/@?api=1&map_action=pano&viewpoint=32.780777,-96.792333" }, "geometry": { "type": "Polygon", "coordinates": [ [ [ -96.792198, 32.780882, 0.0 ], [ -96.792142, 32.78071, 0.0 ], [ -96.792227, 32.780687, 0.0 ], [ -96.792305, 32.780665, 0.0 ], [ -96.792356, 32.780651, 0.0 ], [ -96.792382, 32.780643, 0.0 ], [ -96.792452, 32.780624, 0.0 ], [ -96.792523, 32.780843, 0.0 ], [ -96.792447, 32.780859, 0.0 ], [ -96.792367, 32.780875, 0.0 ], [ -96.792288, 32.780892, 0.0 ], [ -96.792207, 32.780909, 0.0 ], [ -96.792198, 32.780882, 0.0 ] ] ] } },
{ "type": "Feature", "properties": { "dcad_account": "00000117142000000", "address": "2817 LEMMON AVE", "property_name": "2801 LEMMON AVE WEST PAVED PARKING", "owner": "2801 INVESTMENTS LTD", "group": "parking", "where": "North of Woodall Rodgers", "acres": 0.14, "land_value": 711000, "improvement_value": 0, "land_psf": 116.41, "improvement_to_land": 0.0, "deed_date": "04/06/2001", "feet_to_klyde_warren": 4968.0, "street_view": "https://www.google.com/maps/@?api=1&map_action=pano&viewpoint=32.804144,-96.796722" }, "geometry": { "type": "Polygon", "coordinates": [ [ [ -96.796884, 32.804105, 0.0 ], [ -96.796773, 32.804201, 0.0 ], [ -96.796675, 32.804282, 0.0 ], [ -96.79656, 32.804183, 0.0 ], [ -96.796827, 32.803949, 0.0 ], [ -96.796945, 32.804047, 0.0 ], [ -96.796884, 32.804105, 0.0 ] ] ] } },
{ "type": "Feature", "properties": { "dcad_account": "00000113239000000", "address": "2619 HIBERNIA ST", "property_name": "HIBERNIA HOUSE", "owner": "EHM PROPERTIES HIBERNIA LLC", "group": "building", "where": "North of Woodall Rodgers", "acres": 0.157, "land_value": 700000, "improvement_value": 300000, "land_psf": 102.23, "improvement_to_land": 0.43, "deed_date": "12/19/2011", "feet_to_klyde_warren": 2101.0, "street_view": "https://www.google.com/maps/@?api=1&map_action=pano&viewpoint=32.796614,-96.800729" }, "geometry": { "type": "Polygon", "coordinates": [ [ [ -96.800761, 32.796777, 0.0 ], [ -96.800536, 32.796589, 0.0 ], [ -96.800703, 32.796452, 0.0 ], [ -96.800922, 32.796639, 0.0 ], [ -96.800761, 32.796777, 0.0 ] ] ] } },
{ "type": "Feature", "properties": { "dcad_account": "00000113257000000", "address": "2616 HIBERNIA ST", "property_name": "BIGGERS LAW FIRM", "owner": "STAR B PROPERTIES LLC", "group": "building", "where": "North of Woodall Rodgers", "acres": 0.163, "land_value": 700000, "improvement_value": 220000, "land_psf": 98.43, "improvement_to_land": 0.31, "deed_date": "07/25/2011", "feet_to_klyde_warren": 1944.0, "street_view": "https://www.google.com/maps/@?api=1&map_action=pano&viewpoint=32.796168,-96.800397" }, "geometry": { "type": "Polygon", "coordinates": [ [ [ -96.800351, 32.796228, 0.0 ], [ -96.800217, 32.796108, 0.0 ], [ -96.800333, 32.796013, 0.0 ], [ -96.800653, 32.796292, 0.0 ], [ -96.800535, 32.79639, 0.0 ], [ -96.800351, 32.796228, 0.0 ] ] ] } },
{ "type": "Feature", "properties": { "dcad_account": "00000113248000000", "address": "2604 HIBERNIA ST", "property_name": "2604  HIBERNIA ST", "owner": "NICHOLS DOUGLAS R &", "group": "building", "where": "North of Woodall Rodgers", "acres": 0.167, "land_value": 700000, "improvement_value": 50000, "land_psf": 96.4, "improvement_to_land": 0.07, "deed_date": "01/24/2005", "feet_to_klyde_warren": 1835.0, "street_view": "https://www.google.com/maps/@?api=1&map_action=pano&viewpoint=32.795911,-96.800789" }, "geometry": { "type": "Polygon", "coordinates": [ [ [ -96.800888, 32.796099, 0.0 ], [ -96.800568, 32.79582, 0.0 ], [ -96.800688, 32.795722, 0.0 ], [ -96.800803, 32.795822, 0.0 ], [ -96.801007, 32.796, 0.0 ], [ -96.800888, 32.796099, 0.0 ] ] ] } },
{ "type": "Feature", "properties": { "dcad_account": "00000138624000000", "address": "2814 OAK LAWN AVE", "property_name": "VACANT LAND", "owner": "TEXAS LAND & CAPITAL LTD", "group": "vacant", "where": "North of Woodall Rodgers", "acres": 0.199, "land_value": 693860, "improvement_value": 0, "land_psf": 80.17, "improvement_to_land": 0.0, "deed_date": "08/31/2005", "feet_to_klyde_warren": 6613.0, "street_view": "https://www.google.com/maps/@?api=1&map_action=pano&viewpoint=32.807094,-96.810428" }, "geometry": { "type": "Polygon", "coordinates": [ [ [ -96.80997, 32.807201, 0.0 ], [ -96.810339, 32.806903, 0.0 ], [ -96.810607, 32.80714, 0.0 ], [ -96.810473, 32.807247, 0.0 ], [ -96.810248, 32.807049, 0.0 ], [ -96.810012, 32.80724, 0.0 ], [ -96.80997, 32.807201, 0.0 ] ] ] } },
{ "type": "Feature", "properties": { "dcad_account": "00000149626000000", "address": "2627 REAGAN ST", "property_name": "HOUSE", "owner": "ANCHOR TEXAS I LLC", "group": "building", "where": "North of Woodall Rodgers", "acres": 0.159, "land_value": 691390, "improvement_value": 118890, "land_psf": 99.98, "improvement_to_land": 0.17, "deed_date": "02/19/2026", "feet_to_klyde_warren": 7341.0, "street_view": "https://www.google.com/maps/@?api=1&map_action=pano&viewpoint=32.807430,-96.814417" }, "geometry": { "type": "Polygon", "coordinates": [ [ [ -96.814558, 32.807635, 0.0 ], [ -96.814448, 32.807541, 0.0 ], [ -96.814191, 32.807319, 0.0 ], [ -96.814286, 32.807237, 0.0 ], [ -96.814663, 32.807555, 0.0 ], [ -96.814558, 32.807635, 0.0 ] ] ] } },
{ "type": "Feature", "properties": { "dcad_account": "00000102706000000", "address": "601 S PEARL EXPY", "property_name": "RUIBALS PLANTS OF TEXAS-GREENHOUSE", "owner": "CADIZ STREET PROPERTIES LTD", "group": "building", "where": "Downtown", "acres": 0.227, "land_value": 690690, "improvement_value": 57230, "land_psf": 69.83, "improvement_to_land": 0.08, "deed_date": "06/18/2016", "feet_to_klyde_warren": 5052.0, "street_view": "https://www.google.com/maps/@?api=1&map_action=pano&viewpoint=32.778538,-96.790509" }, "geometry": { "type": "Polygon", "coordinates": [ [ [ -96.790662, 32.778597, 0.0 ], [ -96.790596, 32.778638, 0.0 ], [ -96.79053, 32.778678, 0.0 ], [ -96.790464, 32.778718, 0.0 ], [ -96.790291, 32.778518, 0.0 ], [ -96.790238, 32.778457, 0.0 ], [ -96.790322, 32.778438, 0.0 ], [ -96.790371, 32.778426, 0.0 ], [ -96.790406, 32.778418, 0.0 ], [ -96.79049, 32.778398, 0.0 ], [ -96.790574, 32.778379, 0.0 ], [ -96.790727, 32.778557, 0.0 ], [ -96.790662, 32.778597, 0.0 ] ] ] } },
{ "type": "Feature", "properties": { "dcad_account": "00000138304000000", "address": "3618 FAIRMOUNT ST", "property_name": "FUQUA ARCHITECHS", "owner": "RP STANFORD LIMITED", "group": "building", "where": "North of Woodall Rodgers", "acres": 0.154, "land_value": 690690, "improvement_value": 284310, "land_psf": 102.99, "improvement_to_land": 0.41, "deed_date": "07/20/2016", "feet_to_klyde_warren": 5991.0, "street_view": "https://www.google.com/maps/@?api=1&map_action=pano&viewpoint=32.803994,-96.812297" }, "geometry": { "type": "Polygon", "coordinates": [ [ [ -96.812383, 32.80382, 0.0 ], [ -96.81247, 32.803894, 0.0 ], [ -96.812505, 32.803924, 0.0 ], [ -96.81221, 32.804167, 0.0 ], [ -96.812175, 32.804137, 0.0 ], [ -96.812089, 32.804064, 0.0 ], [ -96.812383, 32.80382, 0.0 ] ] ] } },
{ "type": "Feature", "properties": { "dcad_account": "00000149158000000", "address": "4011 DICKASON AVE", "property_name": "DAISY POLK INN", "owner": "A W FALCONE FAMILY LLC THE", "group": "building", "where": "North of Woodall Rodgers", "acres": 0.278, "land_value": 690270, "improvement_value": 59730, "land_psf": 57.07, "improvement_to_land": 0.09, "deed_date": "04/21/2022", "feet_to_klyde_warren": 7635.0, "street_view": "https://www.google.com/maps/@?api=1&map_action=pano&viewpoint=32.809785,-96.811544" }, "geometry": { "type": "Polygon", "coordinates": [ [ [ -96.811627, 32.809992, 0.0 ], [ -96.811268, 32.80973, 0.0 ], [ -96.811472, 32.809564, 0.0 ], [ -96.811813, 32.80984, 0.0 ], [ -96.811627, 32.809992, 0.0 ] ] ] } },
{ "type": "Feature", "properties": { "dcad_account": "00000104902000000", "address": "1215 PATTERSON AVE", "property_name": "PARKING", "owner": "SPANKY BRANCH LLC", "group": "parking", "where": "Downtown", "acres": 0.138, "land_value": 690000, "improvement_value": 0, "land_psf": 114.45, "improvement_to_land": 0.0, "deed_date": "06/10/2019", "feet_to_klyde_warren": 1937.0, "street_view": "https://www.google.com/maps/@?api=1&map_action=pano&viewpoint=32.782718,-96.802183" }, "geometry": { "type": "Polygon", "coordinates": [ [ [ -96.802383, 32.782804, 0.0 ], [ -96.802327, 32.782853, 0.0 ], [ -96.802268, 32.782899, 0.0 ], [ -96.802246, 32.782879, 0.0 ], [ -96.802225, 32.782859, 0.0 ], [ -96.801998, 32.782644, 0.0 ], [ -96.802123, 32.782559, 0.0 ], [ -96.802368, 32.782791, 0.0 ], [ -96.802383, 32.782804, 0.0 ] ] ] } },
{ "type": "Feature", "properties": { "dcad_account": "00000149011000000", "address": "4013 N HALL ST", "property_name": "", "owner": "NKAP LLC", "group": "building", "where": "North of Woodall Rodgers", "acres": 0.208, "land_value": 686030, "improvement_value": 1000, "land_psf": 75.71, "improvement_to_land": 0.0, "deed_date": "01/23/2025", "feet_to_klyde_warren": 8332.0, "street_view": "https://www.google.com/maps/@?api=1&map_action=pano&viewpoint=32.812133,-96.810651" }, "geometry": { "type": "Polygon", "coordinates": [ [ [ -96.8107, 32.811999, 0.0 ], [ -96.810802, 32.811915, 0.0 ], [ -96.810814, 32.811905, 0.0 ], [ -96.810922, 32.811999, 0.0 ], [ -96.810489, 32.812363, 0.0 ], [ -96.810378, 32.812266, 0.0 ], [ -96.8107, 32.811999, 0.0 ] ] ] } },
{ "type": "Feature", "properties": { "dcad_account": "00000101845000000", "address": "702 S ERVAY ST", "property_name": "ALL RIGHT PARKING", "owner": "CANTON CADIZ PHASE I LLC", "group": "parking", "where": "Downtown", "acres": 0.398, "land_value": 685600, "improvement_value": 0, "land_psf": 39.57, "improvement_to_land": 0.0, "deed_date": "11/05/2018", "feet_to_klyde_warren": 4615.0, "street_view": "https://www.google.com/maps/@?api=1&map_action=pano&viewpoint=32.776867,-96.795448" }, "geometry": { "type": "Polygon", "coordinates": [ [ [ -96.795056, 32.776971, 0.0 ], [ -96.795505, 32.776597, 0.0 ], [ -96.795597, 32.776677, 0.0 ], [ -96.795613, 32.776691, 0.0 ], [ -96.795694, 32.776813, 0.0 ], [ -96.795737, 32.776921, 0.0 ], [ -96.795153, 32.777054, 0.0 ], [ -96.795056, 32.776971, 0.0 ] ] ] } },
{ "type": "Feature", "properties": { "dcad_account": "00000149575000000", "address": "2624 SHELBY AVE", "property_name": "PARKING", "owner": "OAK LAWN PARTNERS LP", "group": "vacant", "where": "North of Woodall Rodgers", "acres": 0.179, "land_value": 680000, "improvement_value": 0, "land_psf": 87.0, "improvement_to_land": 0.0, "deed_date": "11/01/2013", "feet_to_klyde_warren": 6769.0, "street_view": "https://www.google.com/maps/@?api=1&map_action=pano&viewpoint=32.806319,-96.813173" }, "geometry": { "type": "Polygon", "coordinates": [ [ [ -96.813002, 32.806077, 0.0 ], [ -96.813368, 32.806389, 0.0 ], [ -96.813255, 32.806483, 0.0 ], [ -96.812977, 32.806248, 0.0 ], [ -96.81289, 32.806171, 0.0 ], [ -96.813002, 32.806077, 0.0 ] ] ] } },
{ "type": "Feature", "properties": { "dcad_account": "00000149572000000", "address": "2620 SHELBY AVE", "property_name": "RESIDENCE", "owner": "OAK LAWN PARTNERS LP", "group": "building", "where": "North of Woodall Rodgers", "acres": 0.18, "land_value": 680000, "improvement_value": 112070, "land_psf": 86.62, "improvement_to_land": 0.16, "deed_date": "11/01/2013", "feet_to_klyde_warren": 6761.0, "street_view": "https://www.google.com/maps/@?api=1&map_action=pano&viewpoint=32.806188,-96.813244" }, "geometry": { "type": "Polygon", "coordinates": [ [ [ -96.813002, 32.806077, 0.0 ], [ -96.81312, 32.805982, 0.0 ], [ -96.813482, 32.806298, 0.0 ], [ -96.813368, 32.806389, 0.0 ], [ -96.813002, 32.806077, 0.0 ] ] ] } },
{ "type": "Feature", "properties": { "dcad_account": "00000149557000000", "address": "2621 OAK LAWN AVE", "property_name": "GLASS CARS", "owner": "OAK LAWN PARTNERS LP", "group": "building", "where": "North of Woodall Rodgers", "acres": 0.172, "land_value": 680000, "improvement_value": 186450, "land_psf": 90.87, "improvement_to_land": 0.27, "deed_date": "11/01/2013", "feet_to_klyde_warren": 6598.0, "street_view": "https://www.google.com/maps/@?api=1&map_action=pano&viewpoint=32.805935,-96.812719" }, "geometry": { "type": "Polygon", "coordinates": [ [ [ -96.812841, 32.806132, 0.0 ], [ -96.812485, 32.805831, 0.0 ], [ -96.812598, 32.805739, 0.0 ], [ -96.812953, 32.806039, 0.0 ], [ -96.812841, 32.806132, 0.0 ] ] ] } },
{ "type": "Feature", "properties": { "dcad_account": "00000101896000000", "address": "913 S ST PAUL ST", "property_name": "PARKING", "owner": "DISD", "group": "parking", "where": "Downtown", "acres": 0.36, "land_value": 673440, "improvement_value": 0, "land_psf": 42.99, "improvement_to_land": 0.0, "deed_date": "05/13/2025", "feet_to_klyde_warren": 5389.0, "street_view": "https://www.google.com/maps/@?api=1&map_action=pano&viewpoint=32.775613,-96.792902" }, "geometry": { "type": "Polygon", "coordinates": [ [ [ -96.792613, 32.775599, 0.0 ], [ -96.792888, 32.775368, 0.0 ], [ -96.79319, 32.775627, 0.0 ], [ -96.79313, 32.775677, 0.0 ], [ -96.792915, 32.775855, 0.0 ], [ -96.792613, 32.775599, 0.0 ] ] ] } },
{ "type": "Feature", "properties": { "dcad_account": "00000117145000000", "address": "3420 OAK GROVE AVE", "property_name": "LAND ONLY", "owner": "BLACKBELT PROPERTIES LLC", "group": "vacant", "where": "North of Woodall Rodgers", "acres": 0.127, "land_value": 671880, "improvement_value": 0, "land_psf": 121.57, "improvement_to_land": 0.0, "deed_date": "01/10/2022", "feet_to_klyde_warren": 5061.0, "street_view": "https://www.google.com/maps/@?api=1&map_action=pano&viewpoint=32.804367,-96.796872" }, "geometry": { "type": "Polygon", "coordinates": [ [ [ -96.796675, 32.804282, 0.0 ], [ -96.796773, 32.804201, 0.0 ], [ -96.797071, 32.804451, 0.0 ], [ -96.796994, 32.804521, 0.0 ], [ -96.796951, 32.804519, 0.0 ], [ -96.796675, 32.804282, 0.0 ] ] ] } },
{ "type": "Feature", "properties": { "dcad_account": "00000138676000000", "address": "2728 OAK LAWN AVE", "property_name": "VET CLINIC", "owner": "CANNON YOUNG PROPERTIERS LP", "group": "building", "where": "North of Woodall Rodgers", "acres": 0.18, "land_value": 668530, "improvement_value": 131470, "land_psf": 85.12, "improvement_to_land": 0.2, "deed_date": "12/28/2011", "feet_to_klyde_warren": 6533.0, "street_view": "https://www.google.com/maps/@?api=1&map_action=pano&viewpoint=32.806549,-96.811039" }, "geometry": { "type": "Polygon", "coordinates": [ [ [ -96.810827, 32.806493, 0.0 ], [ -96.810895, 32.806437, 0.0 ], [ -96.810979, 32.806367, 0.0 ], [ -96.811039, 32.806417, 0.0 ], [ -96.81125, 32.806604, 0.0 ], [ -96.811096, 32.806729, 0.0 ], [ -96.810827, 32.806493, 0.0 ] ] ] } },
{ "type": "Feature", "properties": { "dcad_account": "CONDO00C2835CONDO", "address": "2720 REAGAN ST", "property_name": "", "owner": "7 condo or unit accounts", "group": "building", "where": "North of Woodall Rodgers", "acres": 0.517, "land_value": 667850, "improvement_value": 204940, "land_psf": 29.65, "improvement_to_land": 0.31, "deed_date": "", "feet_to_klyde_warren": 7227.0, "street_view": "https://www.google.com/maps/@?api=1&map_action=pano&viewpoint=32.807924,-96.812897" }, "geometry": { "type": "Polygon", "coordinates": [ [ [ -96.812668, 32.807821, 0.0 ], [ -96.812784, 32.807723, 0.0 ], [ -96.812895, 32.80763, 0.0 ], [ -96.812983, 32.807705, 0.0 ], [ -96.813055, 32.807767, 0.0 ], [ -96.813126, 32.807828, 0.0 ], [ -96.813242, 32.807927, 0.0 ], [ -96.813129, 32.808021, 0.0 ], [ -96.813011, 32.808118, 0.0 ], [ -96.812893, 32.808213, 0.0 ], [ -96.812553, 32.80792, 0.0 ], [ -96.812668, 32.807821, 0.0 ] ] ] } },
{ "type": "Feature", "properties": { "dcad_account": "00000138922000000", "address": "3636 DICKASON AVE", "property_name": "LAND ONLY", "owner": "CARTER J ROBERT III 41.758 &", "group": "vacant", "where": "North of Woodall Rodgers", "acres": 0.18, "land_value": 666400, "improvement_value": 0, "land_psf": 85.13, "improvement_to_land": 0.0, "deed_date": "12/11/2025", "feet_to_klyde_warren": 6389.0, "street_view": "https://www.google.com/maps/@?api=1&map_action=pano&viewpoint=32.807327,-96.807775" }, "geometry": { "type": "Polygon", "coordinates": [ [ [ -96.807987, 32.807257, 0.0 ], [ -96.8077, 32.807521, 0.0 ], [ -96.807624, 32.807455, 0.0 ], [ -96.807555, 32.807397, 0.0 ], [ -96.807844, 32.807156, 0.0 ], [ -96.807856, 32.807146, 0.0 ], [ -96.807987, 32.807257, 0.0 ] ] ] } },
{ "type": "Feature", "properties": { "dcad_account": "00000138301000000", "address": "3620 FAIRMOUNT ST", "property_name": "TOBY C PETRO DDS", "owner": "ROCHA VELASCO MANAGEMENT LLC", "group": "building", "where": "North of Woodall Rodgers", "acres": 0.15, "land_value": 664130, "improvement_value": 66870, "land_psf": 101.93, "improvement_to_land": 0.1, "deed_date": "11/09/2010", "feet_to_klyde_warren": 6044.0, "street_view": "https://www.google.com/maps/@?api=1&map_action=pano&viewpoint=32.804097,-96.812416" }, "geometry": { "type": "Polygon", "coordinates": [ [ [ -96.812289, 32.804234, 0.0 ], [ -96.81221, 32.804167, 0.0 ], [ -96.812505, 32.803924, 0.0 ], [ -96.812583, 32.803991, 0.0 ], [ -96.812624, 32.804026, 0.0 ], [ -96.812327, 32.804267, 0.0 ], [ -96.812289, 32.804234, 0.0 ] ] ] } },
{ "type": "Feature", "properties": { "dcad_account": "00000101797000000", "address": "1707 YOUNG ST", "property_name": "PARKING", "owner": "RP YOUNG & ERVAY LP", "group": "parking", "where": "Downtown", "acres": 0.26, "land_value": 663850, "improvement_value": 0, "land_psf": 58.67, "improvement_to_land": 0.0, "deed_date": "12/16/2020", "feet_to_klyde_warren": 4032.0, "street_view": "https://www.google.com/maps/@?api=1&map_action=pano&viewpoint=32.778436,-96.795879" }, "geometry": { "type": "Polygon", "coordinates": [ [ [ -96.796007, 32.778468, 0.0 ], [ -96.796029, 32.778531, 0.0 ], [ -96.796048, 32.778585, 0.0 ], [ -96.796053, 32.778599, 0.0 ], [ -96.795856, 32.778642, 0.0 ], [ -96.795835, 32.778647, 0.0 ], [ -96.795826, 32.778621, 0.0 ], [ -96.795686, 32.778213, 0.0 ], [ -96.795706, 32.778208, 0.0 ], [ -96.7959, 32.778164, 0.0 ], [ -96.795984, 32.778404, 0.0 ], [ -96.796007, 32.778468, 0.0 ] ] ] } },
{ "type": "Feature", "properties": { "dcad_account": "00000100234000000", "address": "702 MAIN ST", "property_name": "PAVED PARKING", "owner": "701 COMMERCE LEVEL OFFICE LLC", "group": "parking", "where": "Downtown", "acres": 0.126, "land_value": 660000, "improvement_value": 0, "land_psf": 120.0, "improvement_to_land": 0.0, "deed_date": "11/26/2014", "feet_to_klyde_warren": 3431.0, "street_view": "https://www.google.com/maps/@?api=1&map_action=pano&viewpoint=32.779016,-96.805721" }, "geometry": { "type": "Polygon", "coordinates": [ [ [ -96.805773, 32.778909, 0.0 ], [ -96.805836, 32.779122, 0.0 ], [ -96.805757, 32.779139, 0.0 ], [ -96.805678, 32.779155, 0.0 ], [ -96.805599, 32.778888, 0.0 ], [ -96.805678, 32.778872, 0.0 ], [ -96.805836, 32.778839, 0.0 ], [ -96.805852, 32.778892, 0.0 ], [ -96.805773, 32.778909, 0.0 ] ] ] } },
{ "type": "Feature", "properties": { "dcad_account": "00000136375000000", "address": "3307 NOBLE AVE", "property_name": "PARKING LOT", "owner": "PORTOLANI FAMILY LP", "group": "parking", "where": "North of Woodall Rodgers", "acres": 0.101, "land_value": 660000, "improvement_value": 0, "land_psf": 150.04, "improvement_to_land": 0.0, "deed_date": "04/23/2002", "feet_to_klyde_warren": 4895.0, "street_view": "https://www.google.com/maps/@?api=1&map_action=pano&viewpoint=32.804156,-96.798627" }, "geometry": { "type": "Polygon", "coordinates": [ [ [ -96.79874, 32.804212, 0.0 ], [ -96.798679, 32.804262, 0.0 ], [ -96.798662, 32.804275, 0.0 ], [ -96.798649, 32.804286, 0.0 ], [ -96.798474, 32.804134, 0.0 ], [ -96.798598, 32.804021, 0.0 ], [ -96.798779, 32.804179, 0.0 ], [ -96.798752, 32.804202, 0.0 ], [ -96.79874, 32.804212, 0.0 ] ] ] } },
{ "type": "Feature", "properties": { "dcad_account": "00000101707000000", "address": "208 S ERVAY ST", "property_name": "CENTRAL PARKING", "owner": "SUMMIT NCI JV 159 LLC", "group": "parking", "where": "Downtown", "acres": 0.161, "land_value": 658350, "improvement_value": 0, "land_psf": 93.64, "improvement_to_land": 0.0, "deed_date": "01/14/2022", "feet_to_klyde_warren": 3481.0, "street_view": "https://www.google.com/maps/@?api=1&map_action=pano&viewpoint=32.779922,-96.796579" }, "geometry": { "type": "Polygon", "coordinates": [ [ [ -96.796567, 32.780054, 0.0 ], [ -96.796492, 32.78007, 0.0 ], [ -96.796423, 32.779828, 0.0 ], [ -96.796495, 32.779811, 0.0 ], [ -96.796664, 32.779773, 0.0 ], [ -96.796736, 32.780017, 0.0 ], [ -96.796567, 32.780054, 0.0 ] ] ] } },
{ "type": "Feature", "properties": { "dcad_account": "00000113788000000", "address": "2880 WOODALL RODGERS FWY", "property_name": "VACANT", "owner": "CROW BILLINGSLEY #17 LTD", "group": "vacant", "where": "Downtown", "acres": 0.125, "land_value": 657000, "improvement_value": 0, "land_psf": 120.34, "improvement_to_land": 0.0, "deed_date": "10/08/2008", "feet_to_klyde_warren": 2204.0, "street_view": "https://www.google.com/maps/@?api=1&map_action=pano&viewpoint=32.793532,-96.793980" }, "geometry": { "type": "Polygon", "coordinates": [ [ [ -96.794028, 32.793625, 0.0 ], [ -96.793949, 32.793591, 0.0 ], [ -96.793872, 32.793553, 0.0 ], [ -96.793799, 32.793511, 0.0 ], [ -96.793954, 32.793385, 0.0 ], [ -96.79419, 32.793588, 0.0 ], [ -96.79411, 32.793654, 0.0 ], [ -96.794028, 32.793625, 0.0 ] ] ] } },
{ "type": "Feature", "properties": { "dcad_account": "00000100180500000", "address": "304 S RECORD ST", "property_name": "LEGAL ARTS CENTER (24% OCC)", "owner": "RICHMAN TRUSTS", "group": "building", "where": "Downtown", "acres": 0.125, "land_value": 655920, "improvement_value": 94080, "land_psf": 120.0, "improvement_to_land": 0.14, "deed_date": "", "feet_to_klyde_warren": 4075.0, "street_view": "https://www.google.com/maps/@?api=1&map_action=pano&viewpoint=32.777286,-96.806129" }, "geometry": { "type": "Polygon", "coordinates": [ [ [ -96.805993, 32.777392, 0.0 ], [ -96.80595, 32.777246, 0.0 ], [ -96.806108, 32.777213, 0.0 ], [ -96.806266, 32.77718, 0.0 ], [ -96.806309, 32.777326, 0.0 ], [ -96.805993, 32.777392, 0.0 ] ] ] } },
{ "type": "Feature", "properties": { "dcad_account": "00000157288000000", "address": "2723 KNIGHT ST", "property_name": "", "owner": "GARZA CECELIA", "group": "building", "where": "North of Woodall Rodgers", "acres": 0.2, "land_value": 649650, "improvement_value": 40350, "land_psf": 74.48, "improvement_to_land": 0.06, "deed_date": "04/11/2001", "feet_to_klyde_warren": 8195.0, "street_view": "https://www.google.com/maps/@?api=1&map_action=pano&viewpoint=32.809855,-96.815168" }, "geometry": { "type": "Polygon", "coordinates": [ [ [ -96.814908, 32.809739, 0.0 ], [ -96.81503, 32.809641, 0.0 ], [ -96.815427, 32.80997, 0.0 ], [ -96.815307, 32.810065, 0.0 ], [ -96.814908, 32.809739, 0.0 ] ] ] } },
{ "type": "Feature", "properties": { "dcad_account": "00000157291000000", "address": "2729 KNIGHT ST", "property_name": "", "owner": "MCCLAIN CAROLYN", "group": "building", "where": "North of Woodall Rodgers", "acres": 0.189, "land_value": 649650, "improvement_value": 139950, "land_psf": 78.72, "improvement_to_land": 0.22, "deed_date": "10/25/1991", "feet_to_klyde_warren": 8205.0, "street_view": "https://www.google.com/maps/@?api=1&map_action=pano&viewpoint=32.809935,-96.815035" }, "geometry": { "type": "Polygon", "coordinates": [ [ [ -96.815051, 32.81004, 0.0 ], [ -96.814795, 32.80983, 0.0 ], [ -96.814908, 32.809739, 0.0 ], [ -96.815307, 32.810065, 0.0 ], [ -96.815192, 32.810158, 0.0 ], [ -96.815051, 32.81004, 0.0 ] ] ] } },
{ "type": "Feature", "properties": { "dcad_account": "00000157282000000", "address": "2717 KNIGHT ST", "property_name": "", "owner": "KNIGHT STREET HOLDINGS LLC", "group": "vacant", "where": "North of Woodall Rodgers", "acres": 0.201, "land_value": 648750, "improvement_value": 0, "land_psf": 74.19, "improvement_to_land": 0.0, "deed_date": "11/19/2020", "feet_to_klyde_warren": 8177.0, "street_view": "https://www.google.com/maps/@?api=1&map_action=pano&viewpoint=32.809664,-96.815408" }, "geometry": { "type": "Polygon", "coordinates": [ [ [ -96.815146, 32.809548, 0.0 ], [ -96.815263, 32.809456, 0.0 ], [ -96.815431, 32.809588, 0.0 ], [ -96.815502, 32.809644, 0.0 ], [ -96.815554, 32.809685, 0.0 ], [ -96.815607, 32.809726, 0.0 ], [ -96.815676, 32.80978, 0.0 ], [ -96.815545, 32.809876, 0.0 ], [ -96.815146, 32.809548, 0.0 ] ] ] } },
{ "type": "Feature", "properties": { "dcad_account": "00000104887000000", "address": "1320 SAN JACINTO ST", "property_name": "PARKING", "owner": "TANGO RF LLC", "group": "parking", "where": "Downtown", "acres": 0.137, "land_value": 646880, "improvement_value": 0, "land_psf": 108.19, "improvement_to_land": 0.0, "deed_date": "03/19/2020", "feet_to_klyde_warren": 1783.0, "street_view": "https://www.google.com/maps/@?api=1&map_action=pano&viewpoint=32.783163,-96.802232" }, "geometry": { "type": "Polygon", "coordinates": [ [ [ -96.802423, 32.783219, 0.0 ], [ -96.802308, 32.78332, 0.0 ], [ -96.802037, 32.783106, 0.0 ], [ -96.802155, 32.782998, 0.0 ], [ -96.802201, 32.783035, 0.0 ], [ -96.802423, 32.783219, 0.0 ] ] ] } },
{ "type": "Feature", "properties": { "dcad_account": "00000197611000000", "address": "2609 DOUGLAS AVE", "property_name": "LAND", "owner": "ON POINT FRANCHISE ADVISORS LLC &", "group": "vacant", "where": "North of Woodall Rodgers", "acres": 0.195, "land_value": 646430, "improvement_value": 0, "land_psf": 76.23, "improvement_to_land": 0.0, "deed_date": "01/19/2021", "feet_to_klyde_warren": 8489.0, "street_view": "https://www.google.com/maps/@?api=1&map_action=pano&viewpoint=32.809231,-96.817663" }, "geometry": { "type": "Polygon", "coordinates": [ [ [ -96.817799, 32.808962, 0.0 ], [ -96.8178, 32.809171, 0.0 ], [ -96.8178, 32.809255, 0.0 ], [ -96.817809, 32.809463, 0.0 ], [ -96.817496, 32.809207, 0.0 ], [ -96.817799, 32.808962, 0.0 ] ] ] } },
{ "type": "Feature", "properties": { "dcad_account": "00000101755000000", "address": "302 S ERVAY ST", "property_name": "CLASSIFIED PARKING", "owner": "RADER PARKING SYSTEMS LP", "group": "parking", "where": "Downtown", "acres": 0.155, "land_value": 645530, "improvement_value": 0, "land_psf": 95.44, "improvement_to_land": 0.0, "deed_date": "06/03/2010", "feet_to_klyde_warren": 3617.0, "street_view": "https://www.google.com/maps/@?api=1&map_action=pano&viewpoint=32.779548,-96.796505" }, "geometry": { "type": "Polygon", "coordinates": [ [ [ -96.796647, 32.779624, 0.0 ], [ -96.796399, 32.779688, 0.0 ], [ -96.796369, 32.779573, 0.0 ], [ -96.796343, 32.779472, 0.0 ], [ -96.79662, 32.779412, 0.0 ], [ -96.796643, 32.779522, 0.0 ], [ -96.796661, 32.779606, 0.0 ], [ -96.796664, 32.77962, 0.0 ], [ -96.796647, 32.779624, 0.0 ] ] ] } },
{ "type": "Feature", "properties": { "dcad_account": "00000102877000000", "address": "2100 MAIN ST", "property_name": "", "owner": "2 condo or unit accounts", "group": "parking", "where": "Downtown", "acres": 0.16, "land_value": 641260, "improvement_value": 0, "land_psf": 92.24, "improvement_to_land": 0.0, "deed_date": "", "feet_to_klyde_warren": 3822.0, "street_view": "https://www.google.com/maps/@?api=1&map_action=pano&viewpoint=32.781895,-96.792117" }, "geometry": { "type": "Polygon", "coordinates": [ [ [ -96.792039, 32.781785, 0.0 ], [ -96.792122, 32.781767, 0.0 ], [ -96.792208, 32.781749, 0.0 ], [ -96.792272, 32.781989, 0.0 ], [ -96.792027, 32.782041, 0.0 ], [ -96.791962, 32.781801, 0.0 ], [ -96.792039, 32.781785, 0.0 ] ] ] } },
{ "type": "Feature", "properties": { "dcad_account": "00000104521000000", "address": "1012 ROSS AVE", "property_name": "PARKING", "owner": "DIAMONDHEAD LLC", "group": "vacant", "where": "Downtown", "acres": 0.143, "land_value": 640210, "improvement_value": 0, "land_psf": 102.68, "improvement_to_land": 0.0, "deed_date": "09/19/2019", "feet_to_klyde_warren": 2112.0, "street_view": "https://www.google.com/maps/@?api=1&map_action=pano&viewpoint=32.782444,-96.804256" }, "geometry": { "type": "Polygon", "coordinates": [ [ [ -96.804093, 32.782409, 0.0 ], [ -96.804071, 32.782388, 0.0 ], [ -96.804105, 32.78236, 0.0 ], [ -96.804074, 32.782335, 0.0 ], [ -96.804136, 32.782285, 0.0 ], [ -96.804134, 32.782284, 0.0 ], [ -96.804167, 32.782254, 0.0 ], [ -96.804423, 32.782478, 0.0 ], [ -96.804402, 32.782495, 0.0 ], [ -96.80428, 32.782592, 0.0 ], [ -96.804093, 32.782409, 0.0 ] ] ] } },
{ "type": "Feature", "properties": { "dcad_account": "00020500030020000", "address": "1800 N MARKET ST", "property_name": "**100% UNOCCUPIED** SHELL CONDITION", "owner": "WEST END API LTD", "group": "building", "where": "Downtown", "acres": 0.128, "land_value": 640210, "improvement_value": 215460, "land_psf": 114.55, "improvement_to_land": 0.34, "deed_date": "10/17/2025", "feet_to_klyde_warren": 2402.0, "street_view": "https://www.google.com/maps/@?api=1&map_action=pano&viewpoint=32.782607,-96.806932" }, "geometry": { "type": "Polygon", "coordinates": [ [ [ -96.806964, 32.78275, 0.0 ], [ -96.806745, 32.782547, 0.0 ], [ -96.806869, 32.782446, 0.0 ], [ -96.806932, 32.782489, 0.0 ], [ -96.806991, 32.782537, 0.0 ], [ -96.806993, 32.782538, 0.0 ], [ -96.807035, 32.782583, 0.0 ], [ -96.807073, 32.782631, 0.0 ], [ -96.80708, 32.782655, 0.0 ], [ -96.806964, 32.78275, 0.0 ] ] ] } },
{ "type": "Feature", "properties": { "dcad_account": "00000102079000000", "address": "806 S ST PAUL ST", "property_name": "(9,690 SQFT ECU) CANTON EVENTS DALLAS", "owner": "CANTON CADIZ PHASE I LLC", "group": "building", "where": "Downtown", "acres": 0.288, "land_value": 638800, "improvement_value": 6900, "land_psf": 51.0, "improvement_to_land": 0.01, "deed_date": "11/05/2018", "feet_to_klyde_warren": 4904.0, "street_view": "https://www.google.com/maps/@?api=1&map_action=pano&viewpoint=32.776858,-96.793540" }, "geometry": { "type": "Polygon", "coordinates": [ [ [ -96.793588, 32.777077, 0.0 ], [ -96.793279, 32.77682, 0.0 ], [ -96.793491, 32.776634, 0.0 ], [ -96.793801, 32.776896, 0.0 ], [ -96.793588, 32.777077, 0.0 ] ] ] } },
{ "type": "Feature", "properties": { "dcad_account": "00000149350000000", "address": "4040 BROWN ST", "property_name": "APARTMENTS", "owner": "4040 BROWN STREET LLC", "group": "building", "where": "North of Woodall Rodgers", "acres": 0.167, "land_value": 637500, "improvement_value": 212500, "land_psf": 87.72, "improvement_to_land": 0.33, "deed_date": "10/28/2013", "feet_to_klyde_warren": 7542.0, "street_view": "https://www.google.com/maps/@?api=1&map_action=pano&viewpoint=32.808181,-96.814359" }, "geometry": { "type": "Polygon", "coordinates": [ [ [ -96.81417, 32.808114, 0.0 ], [ -96.814092, 32.808047, 0.0 ], [ -96.814203, 32.807953, 0.0 ], [ -96.814282, 32.808021, 0.0 ], [ -96.814549, 32.808248, 0.0 ], [ -96.814435, 32.80834, 0.0 ], [ -96.81417, 32.808114, 0.0 ] ] ] } },
{ "type": "Feature", "properties": { "dcad_account": "00000104386000000", "address": "1901 LAWS ST", "property_name": "PARKING", "owner": "CP DALLAS MUGER & LAMAR LP", "group": "parking", "where": "Downtown", "acres": 0.128, "land_value": 635260, "improvement_value": 0, "land_psf": 114.3, "improvement_to_land": 0.0, "deed_date": "08/26/2014", "feet_to_klyde_warren": 2002.0, "street_view": "https://www.google.com/maps/@?api=1&map_action=pano&viewpoint=32.783440,-96.806045" }, "geometry": { "type": "Polygon", "coordinates": [ [ [ -96.805919, 32.783387, 0.0 ], [ -96.805822, 32.783297, 0.0 ], [ -96.805898, 32.783232, 0.0 ], [ -96.80594, 32.783197, 0.0 ], [ -96.805999, 32.783261, 0.0 ], [ -96.806051, 32.78333, 0.0 ], [ -96.806096, 32.783402, 0.0 ], [ -96.806134, 32.783477, 0.0 ], [ -96.806164, 32.783555, 0.0 ], [ -96.806186, 32.783634, 0.0 ], [ -96.805919, 32.783387, 0.0 ] ] ] } },
{ "type": "Feature", "properties": { "dcad_account": "00000104926000000", "address": "1310 PATTERSON AVE", "property_name": "PARKING", "owner": "CITY PARK LOT LP", "group": "parking", "where": "Downtown", "acres": 0.13, "land_value": 632590, "improvement_value": 0, "land_psf": 111.59, "improvement_to_land": 0.0, "deed_date": "03/15/2006", "feet_to_klyde_warren": 1987.0, "street_view": "https://www.google.com/maps/@?api=1&map_action=pano&viewpoint=32.782641,-96.801487" }, "geometry": { "type": "Polygon", "coordinates": [ [ [ -96.801474, 32.782835, 0.0 ], [ -96.801319, 32.782679, 0.0 ], [ -96.801441, 32.78259, 0.0 ], [ -96.801454, 32.782603, 0.0 ], [ -96.80157, 32.78252, 0.0 ], [ -96.801626, 32.782725, 0.0 ], [ -96.801474, 32.782835, 0.0 ] ] ] } },
{ "type": "Feature", "properties": { "dcad_account": "00000101824000000", "address": "408 S ERVAY ST", "property_name": "PARKING", "owner": "RP DOWNTOWN PARKING PPTIES LP", "group": "parking", "where": "Downtown", "acres": 0.242, "land_value": 632130, "improvement_value": 0, "land_psf": 59.94, "improvement_to_land": 0.0, "deed_date": "12/13/2011", "feet_to_klyde_warren": 3944.0, "street_view": "https://www.google.com/maps/@?api=1&map_action=pano&viewpoint=32.778678,-96.796145" }, "geometry": { "type": "Polygon", "coordinates": [ [ [ -96.795915, 32.778812, 0.0 ], [ -96.795861, 32.778656, 0.0 ], [ -96.795856, 32.778642, 0.0 ], [ -96.796053, 32.778599, 0.0 ], [ -96.796354, 32.778532, 0.0 ], [ -96.796371, 32.778528, 0.0 ], [ -96.796429, 32.778699, 0.0 ], [ -96.79611, 32.77877, 0.0 ], [ -96.795915, 32.778812, 0.0 ] ] ] } },
{ "type": "Feature", "properties": { "dcad_account": "00000138241000000", "address": "2512 OAK LAWN AVE", "property_name": "MOTHERS HOUSE", "owner": "BARCELONETA LLC", "group": "building", "where": "North of Woodall Rodgers", "acres": 0.179, "land_value": 632060, "improvement_value": 36410, "land_psf": 80.98, "improvement_to_land": 0.06, "deed_date": "07/06/2006", "feet_to_klyde_warren": 6366.0, "street_view": "https://www.google.com/maps/@?api=1&map_action=pano&viewpoint=32.805004,-96.812900" }, "geometry": { "type": "Polygon", "coordinates": [ [ [ -96.812832, 32.804823, 0.0 ], [ -96.813115, 32.805065, 0.0 ], [ -96.812977, 32.805176, 0.0 ], [ -96.812966, 32.805186, 0.0 ], [ -96.812685, 32.804944, 0.0 ], [ -96.812698, 32.804933, 0.0 ], [ -96.812832, 32.804823, 0.0 ] ] ] } },
{ "type": "Feature", "properties": { "dcad_account": "00000102112000000", "address": "810 S ST PAUL ST", "property_name": "CROSSFIT HEAT", "owner": "CANTON CADIZ PHASE I LLC", "group": "building", "where": "Downtown", "acres": 0.287, "land_value": 622000, "improvement_value": 10000, "land_psf": 49.68, "improvement_to_land": 0.02, "deed_date": "11/05/2018", "feet_to_klyde_warren": 5035.0, "street_view": "https://www.google.com/maps/@?api=1&map_action=pano&viewpoint=32.776596,-96.793231" }, "geometry": { "type": "Polygon", "coordinates": [ [ [ -96.793187, 32.776377, 0.0 ], [ -96.793491, 32.776634, 0.0 ], [ -96.793279, 32.77682, 0.0 ], [ -96.79297, 32.776559, 0.0 ], [ -96.793187, 32.776377, 0.0 ] ] ] } },
{ "type": "Feature", "properties": { "dcad_account": "00000104578000000", "address": "1108 CORBIN ST", "property_name": "PARKING", "owner": "BRAMBLING PARTNERS LP", "group": "parking", "where": "Downtown", "acres": 0.124, "land_value": 621120, "improvement_value": 0, "land_psf": 114.89, "improvement_to_land": 0.0, "deed_date": "12/16/2021", "feet_to_klyde_warren": 1664.0, "street_view": "https://www.google.com/maps/@?api=1&map_action=pano&viewpoint=32.783890,-96.804759" }, "geometry": { "type": "Polygon", "coordinates": [ [ [ -96.804591, 32.783868, 0.0 ], [ -96.804742, 32.783743, 0.0 ], [ -96.804927, 32.783911, 0.0 ], [ -96.804775, 32.784035, 0.0 ], [ -96.804591, 32.783868, 0.0 ] ] ] } },
{ "type": "Feature", "properties": { "dcad_account": "00000138673000000", "address": "2732 OAK LAWN AVE", "property_name": "RUFFIT DOG BOARDING", "owner": "CANNON YOUNG PROPERTIERS LP", "group": "building", "where": "North of Woodall Rodgers", "acres": 0.164, "land_value": 617100, "improvement_value": 117900, "land_psf": 86.29, "improvement_to_land": 0.19, "deed_date": "12/28/2011", "feet_to_klyde_warren": 6551.0, "street_view": "https://www.google.com/maps/@?api=1&map_action=pano&viewpoint=32.806669,-96.810891" }, "geometry": { "type": "Polygon", "coordinates": [ [ [ -96.810686, 32.806609, 0.0 ], [ -96.810803, 32.806513, 0.0 ], [ -96.810827, 32.806493, 0.0 ], [ -96.811096, 32.806729, 0.0 ], [ -96.81098, 32.806824, 0.0 ], [ -96.810923, 32.806817, 0.0 ], [ -96.810686, 32.806609, 0.0 ] ] ] } },
{ "type": "Feature", "properties": { "dcad_account": "00000104683000000", "address": "1110 ROSS AVE", "property_name": "VACANT", "owner": "TANGO RF LLC", "group": "parking", "where": "Downtown", "acres": 0.132, "land_value": 612560, "improvement_value": 0, "land_psf": 106.16, "improvement_to_land": 0.0, "deed_date": "03/19/2020", "feet_to_klyde_warren": 1889.0, "street_view": "https://www.google.com/maps/@?api=1&map_action=pano&viewpoint=32.782969,-96.803656" }, "geometry": { "type": "Polygon", "coordinates": [ [ [ -96.803681, 32.783108, 0.0 ], [ -96.803483, 32.782917, 0.0 ], [ -96.8036, 32.782815, 0.0 ], [ -96.803619, 32.782833, 0.0 ], [ -96.803655, 32.782802, 0.0 ], [ -96.803759, 32.782898, 0.0 ], [ -96.803787, 32.783021, 0.0 ], [ -96.803681, 32.783108, 0.0 ] ] ] } },
{ "type": "Feature", "properties": { "dcad_account": "00000138274000000", "address": "2618 OAK LAWN AVE", "property_name": "CAMPUZANO", "owner": "OAK LAWN RESTAURANTS LLC", "group": "building", "where": "North of Woodall Rodgers", "acres": 0.154, "land_value": 607750, "improvement_value": 195250, "land_psf": 90.47, "improvement_to_land": 0.32, "deed_date": "09/02/2010", "feet_to_klyde_warren": 6434.0, "street_view": "https://www.google.com/maps/@?api=1&map_action=pano&viewpoint=32.805735,-96.812015" }, "geometry": { "type": "Polygon", "coordinates": [ [ [ -96.811813, 32.805665, 0.0 ], [ -96.811946, 32.80556, 0.0 ], [ -96.812217, 32.805805, 0.0 ], [ -96.812113, 32.805887, 0.0 ], [ -96.812058, 32.805884, 0.0 ], [ -96.811813, 32.805665, 0.0 ] ] ] } },
{ "type": "Feature", "properties": { "dcad_account": "00000149738000000", "address": "3902 MAPLE AVE", "property_name": "QUICKIES", "owner": "OLD PARKLAND EAST 2 LP", "group": "vacant", "where": "North of Woodall Rodgers", "acres": 0.165, "land_value": 606650, "improvement_value": 0, "land_psf": 84.62, "improvement_to_land": 0.0, "deed_date": "10/16/2025", "feet_to_klyde_warren": 6891.0, "street_view": "https://www.google.com/maps/@?api=1&map_action=pano&viewpoint=32.805363,-96.815048" }, "geometry": { "type": "Polygon", "coordinates": [ [ [ -96.814853, 32.805348, 0.0 ], [ -96.815035, 32.805199, 0.0 ], [ -96.815244, 32.805378, 0.0 ], [ -96.815062, 32.805529, 0.0 ], [ -96.814853, 32.805348, 0.0 ] ] ] } },
{ "type": "Feature", "properties": { "dcad_account": "00000138655000000", "address": "2706 OAK LAWN AVE", "property_name": "VACANT IMP ON ACCT 00000138661000000", "owner": "VERITEX COMMUNITY BANK", "group": "vacant", "where": "North of Woodall Rodgers", "acres": 0.167, "land_value": 603420, "improvement_value": 0, "land_psf": 82.75, "improvement_to_land": 0.0, "deed_date": "06/24/2014", "feet_to_klyde_warren": 6446.0, "street_view": "https://www.google.com/maps/@?api=1&map_action=pano&viewpoint=32.805896,-96.811794" }, "geometry": { "type": "Polygon", "coordinates": [ [ [ -96.81159, 32.805827, 0.0 ], [ -96.81172, 32.805722, 0.0 ], [ -96.811998, 32.805965, 0.0 ], [ -96.811999, 32.806006, 0.0 ], [ -96.811891, 32.806089, 0.0 ], [ -96.81159, 32.805827, 0.0 ] ] ] } },
{ "type": "Feature", "properties": { "dcad_account": "00000104440000100", "address": "1909 N GRIFFIN ST", "property_name": "PARKING", "owner": "DARYL RICHARDSON GOURMET CATERING INC", "group": "parking", "where": "Downtown", "acres": 0.142, "land_value": 601110, "improvement_value": 0, "land_psf": 97.41, "improvement_to_land": 0.0, "deed_date": "03/26/2014", "feet_to_klyde_warren": 1779.0, "street_view": "https://www.google.com/maps/@?api=1&map_action=pano&viewpoint=32.783774,-96.805719" }, "geometry": { "type": "Polygon", "coordinates": [ [ [ -96.805719, 32.78387, 0.0 ], [ -96.80567, 32.783923, 0.0 ], [ -96.805616, 32.783973, 0.0 ], [ -96.805557, 32.784019, 0.0 ], [ -96.805556, 32.784022, 0.0 ], [ -96.805479, 32.783956, 0.0 ], [ -96.805881, 32.783524, 0.0 ], [ -96.805895, 32.783537, 0.0 ], [ -96.805874, 32.783607, 0.0 ], [ -96.805845, 32.783676, 0.0 ], [ -96.80581, 32.783742, 0.0 ], [ -96.805769, 32.783806, 0.0 ], [ -96.805767, 32.783809, 0.0 ], [ -96.805766, 32.783811, 0.0 ], [ -96.805764, 32.783813, 0.0 ], [ -96.805719, 32.78387, 0.0 ] ] ] } },
{ "type": "Feature", "properties": { "dcad_account": "00000104686000000", "address": "1115 SAN JACINTO ST", "property_name": "PARKING", "owner": "TANGO RF LLC", "group": "parking", "where": "Downtown", "acres": 0.118, "land_value": 600000, "improvement_value": 0, "land_psf": 116.84, "improvement_to_land": 0.0, "deed_date": "03/19/2020", "feet_to_klyde_warren": 1948.0, "street_view": "https://www.google.com/maps/@?api=1&map_action=pano&viewpoint=32.782760,-96.803431" }, "geometry": { "type": "Polygon", "coordinates": [ [ [ -96.803375, 32.782607, 0.0 ], [ -96.8036, 32.782815, 0.0 ], [ -96.803483, 32.782917, 0.0 ], [ -96.803265, 32.782705, 0.0 ], [ -96.803375, 32.782607, 0.0 ] ] ] } },
{ "type": "Feature", "properties": { "dcad_account": "000583000S01B0100", "address": "3209 THOMAS AVE", "property_name": "POOL RAMADA", "owner": "RAR2-3209 THOMAS AVE LLC", "group": "building", "where": "North of Woodall Rodgers", "acres": 0.138, "land_value": 600000, "improvement_value": 123910, "land_psf": 100.0, "improvement_to_land": 0.21, "deed_date": "03/16/2006", "feet_to_klyde_warren": 3673.0, "street_view": "https://www.google.com/maps/@?api=1&map_action=pano&viewpoint=32.799324,-96.794213" }, "geometry": { "type": "Polygon", "coordinates": [ [ [ -96.794171, 32.799167, 0.0 ], [ -96.794396, 32.799366, 0.0 ], [ -96.794255, 32.799481, 0.0 ], [ -96.794031, 32.799282, 0.0 ], [ -96.794171, 32.799167, 0.0 ] ] ] } },
{ "type": "Feature", "properties": { "dcad_account": "00000102415000000", "address": "2111 ELM ST", "property_name": "TOMSON PARKING", "owner": "ROLLINS DAVID CORDELL &", "group": "parking", "where": "Downtown", "acres": 0.156, "land_value": 597980, "improvement_value": 0, "land_psf": 88.07, "improvement_to_land": 0.0, "deed_date": "11/19/2024", "feet_to_klyde_warren": 3293.0, "street_view": "https://www.google.com/maps/@?api=1&map_action=pano&viewpoint=32.783247,-96.792937" }, "geometry": { "type": "Polygon", "coordinates": [ [ [ -96.792929, 32.783356, 0.0 ], [ -96.792866, 32.783137, 0.0 ], [ -96.792863, 32.783129, 0.0 ], [ -96.792861, 32.783121, 0.0 ], [ -96.792803, 32.782919, 0.0 ], [ -96.792871, 32.782905, 0.0 ], [ -96.792955, 32.782887, 0.0 ], [ -96.793018, 32.783094, 0.0 ], [ -96.792935, 32.783112, 0.0 ], [ -96.793038, 32.783439, 0.0 ], [ -96.792959, 32.783459, 0.0 ], [ -96.792929, 32.783356, 0.0 ] ] ] } },
{ "type": "Feature", "properties": { "dcad_account": "00000104884000000", "address": "1338 SAN JACINTO ST", "property_name": "PARKING", "owner": "TANGO RF LLC", "group": "parking", "where": "Downtown", "acres": 0.115, "land_value": 595460, "improvement_value": 0, "land_psf": 119.35, "improvement_to_land": 0.0, "deed_date": "03/19/2020", "feet_to_klyde_warren": 1744.0, "street_view": "https://www.google.com/maps/@?api=1&map_action=pano&viewpoint=32.783224,-96.802115" }, "geometry": { "type": "Polygon", "coordinates": [ [ [ -96.802037, 32.783106, 0.0 ], [ -96.802308, 32.78332, 0.0 ], [ -96.802194, 32.783421, 0.0 ], [ -96.80218, 32.783433, 0.0 ], [ -96.802102, 32.783419, 0.0 ], [ -96.802074, 32.783323, 0.0 ], [ -96.802016, 32.783127, 0.0 ], [ -96.802037, 32.783106, 0.0 ] ] ] } },
{ "type": "Feature", "properties": { "dcad_account": "00000113497000000", "address": "2701 STATE ST", "property_name": "MONTGOMERY EXPLORATION COMPANY", "owner": "ADA CAPITAL LTD", "group": "building", "where": "North of Woodall Rodgers", "acres": 0.136, "land_value": 590400, "improvement_value": 236690, "land_psf": 99.95, "improvement_to_land": 0.4, "deed_date": "01/04/2005", "feet_to_klyde_warren": 1968.0, "street_view": "https://www.google.com/maps/@?api=1&map_action=pano&viewpoint=32.796172,-96.799684" }, "geometry": { "type": "Polygon", "coordinates": [ [ [ -96.799698, 32.796322, 0.0 ], [ -96.799505, 32.796162, 0.0 ], [ -96.799671, 32.796026, 0.0 ], [ -96.799864, 32.796182, 0.0 ], [ -96.799698, 32.796322, 0.0 ] ] ] } },
{ "type": "Feature", "properties": { "dcad_account": "00000102883000000", "address": "2110 MAIN ST", "property_name": "PARKING", "owner": "42 DOWNTOWN DALLAS LP", "group": "parking", "where": "Downtown", "acres": 0.155, "land_value": 590010, "improvement_value": 0, "land_psf": 87.62, "improvement_to_land": 0.0, "deed_date": "02/18/2020", "feet_to_klyde_warren": 3894.0, "street_view": "https://www.google.com/maps/@?api=1&map_action=pano&viewpoint=32.781982,-96.791707" }, "geometry": { "type": "Polygon", "coordinates": [ [ [ -96.791783, 32.782093, 0.0 ], [ -96.791702, 32.78211, 0.0 ], [ -96.791622, 32.782127, 0.0 ], [ -96.791556, 32.781887, 0.0 ], [ -96.791637, 32.78187, 0.0 ], [ -96.791717, 32.781853, 0.0 ], [ -96.791793, 32.781837, 0.0 ], [ -96.791859, 32.782077, 0.0 ], [ -96.791783, 32.782093, 0.0 ] ] ] } },
{ "type": "Feature", "properties": { "dcad_account": "00000103204000000", "address": "2204 COMMERCE ST", "property_name": "DIALEXA (ECU, ASSOC LAND)", "owner": "GHOST SIGN DEVELOPMENT LLC", "group": "building", "where": "Downtown", "acres": 0.141, "land_value": 589380, "improvement_value": 191330, "land_psf": 95.9, "improvement_to_land": 0.32, "deed_date": "04/17/2018", "feet_to_klyde_warren": 4326.0, "street_view": "https://www.google.com/maps/@?api=1&map_action=pano&viewpoint=32.781410,-96.790439" }, "geometry": { "type": "Polygon", "coordinates": [ [ [ -96.790444, 32.781582, 0.0 ], [ -96.790276, 32.781379, 0.0 ], [ -96.790463, 32.781269, 0.0 ], [ -96.790533, 32.781354, 0.0 ], [ -96.7906, 32.78144, 0.0 ], [ -96.790585, 32.781498, 0.0 ], [ -96.790444, 32.781582, 0.0 ] ] ] } },
{ "type": "Feature", "properties": { "dcad_account": "00000114055000000", "address": "2642 ALLEN ST", "property_name": "THE STANDARD POUR PAVED PARKING", "owner": "EDGEWATER DEVELOPMENT LP", "group": "vacant", "where": "North of Woodall Rodgers", "acres": 0.15, "land_value": 588250, "improvement_value": 0, "land_psf": 90.31, "improvement_to_land": 0.0, "deed_date": "06/12/2003", "feet_to_klyde_warren": 3210.0, "street_view": "https://www.google.com/maps/@?api=1&map_action=pano&viewpoint=32.799639,-96.800434" }, "geometry": { "type": "Polygon", "coordinates": [ [ [ -96.8002, 32.799763, 0.0 ], [ -96.800183, 32.799749, 0.0 ], [ -96.800484, 32.799501, 0.0 ], [ -96.800599, 32.799598, 0.0 ], [ -96.800501, 32.799679, 0.0 ], [ -96.800403, 32.799761, 0.0 ], [ -96.800299, 32.799848, 0.0 ], [ -96.800291, 32.799841, 0.0 ], [ -96.8002, 32.799763, 0.0 ] ] ] } },
{ "type": "Feature", "properties": { "dcad_account": "00000114061000000", "address": "2638 ALLEN ST", "property_name": "PAVED PARKING", "owner": "EDGEWATER DEVELOPMENT LP", "group": "vacant", "where": "North of Woodall Rodgers", "acres": 0.15, "land_value": 588250, "improvement_value": 0, "land_psf": 90.17, "improvement_to_land": 0.0, "deed_date": "06/12/2003", "feet_to_klyde_warren": 3175.0, "street_view": "https://www.google.com/maps/@?api=1&map_action=pano&viewpoint=32.799576,-96.800275" }, "geometry": { "type": "Polygon", "coordinates": [ [ [ -96.800484, 32.799501, 0.0 ], [ -96.800183, 32.799749, 0.0 ], [ -96.800068, 32.799651, 0.0 ], [ -96.800369, 32.7994, 0.0 ], [ -96.800484, 32.799501, 0.0 ] ] ] } },
{ "type": "Feature", "properties": { "dcad_account": "00000144487000000", "address": "3822 N HALL ST", "property_name": "PAVED PARKING", "owner": "MADISON PACIFIC", "group": "vacant", "where": "North of Woodall Rodgers", "acres": 0.224, "land_value": 585000, "improvement_value": 0, "land_psf": 60.0, "improvement_to_land": 0.0, "deed_date": "02/11/1998", "feet_to_klyde_warren": 7712.0, "street_view": "https://www.google.com/maps/@?api=1&map_action=pano&viewpoint=32.811035,-96.808332" }, "geometry": { "type": "Polygon", "coordinates": [ [ [ -96.808434, 32.810827, 0.0 ], [ -96.808581, 32.810956, 0.0 ], [ -96.80823, 32.811243, 0.0 ], [ -96.808083, 32.811114, 0.0 ], [ -96.808434, 32.810827, 0.0 ] ] ] } },
{ "type": "Feature", "properties": { "dcad_account": "00000149746000000", "address": "2507 SHELBY AVE", "property_name": "PARKING", "owner": "OLD PARKLAND EAST 2 LP", "group": "vacant", "where": "North of Woodall Rodgers", "acres": 0.163, "land_value": 579600, "improvement_value": 0, "land_psf": 81.62, "improvement_to_land": 0.0, "deed_date": "10/16/2025", "feet_to_klyde_warren": 6897.0, "street_view": "https://www.google.com/maps/@?api=1&map_action=pano&viewpoint=32.805540,-96.814968" }, "geometry": { "type": "Polygon", "coordinates": [ [ [ -96.814743, 32.805438, 0.0 ], [ -96.814853, 32.805348, 0.0 ], [ -96.815194, 32.805642, 0.0 ], [ -96.815083, 32.805733, 0.0 ], [ -96.814743, 32.805438, 0.0 ] ] ] } },
{ "type": "Feature", "properties": { "dcad_account": "00000149749000000", "address": "2511 SHELBY AVE", "property_name": "VACANT LAND", "owner": "OLD PARKLAND EAST 2 LP", "group": "vacant", "where": "North of Woodall Rodgers", "acres": 0.158, "land_value": 579600, "improvement_value": 0, "land_psf": 84.0, "improvement_to_land": 0.0, "deed_date": "10/16/2025", "feet_to_klyde_warren": 6901.0, "street_view": "https://www.google.com/maps/@?api=1&map_action=pano&viewpoint=32.805651,-96.814884" }, "geometry": { "type": "Polygon", "coordinates": [ [ [ -96.814885, 32.805743, 0.0 ], [ -96.814815, 32.805681, 0.0 ], [ -96.814744, 32.80562, 0.0 ], [ -96.814635, 32.805526, 0.0 ], [ -96.814743, 32.805438, 0.0 ], [ -96.815083, 32.805733, 0.0 ], [ -96.814975, 32.805821, 0.0 ], [ -96.814885, 32.805743, 0.0 ] ] ] } },
{ "type": "Feature", "properties": { "dcad_account": "00000101806000000", "address": "1705 YOUNG ST", "property_name": "PARKING", "owner": "RP YOUNG & ERVAY LP", "group": "parking", "where": "Downtown", "acres": 0.212, "land_value": 578500, "improvement_value": 0, "land_psf": 62.55, "improvement_to_land": 0.0, "deed_date": "12/16/2020", "feet_to_klyde_warren": 4080.0, "street_view": "https://www.google.com/maps/@?api=1&map_action=pano&viewpoint=32.778248,-96.796102" }, "geometry": { "type": "Polygon", "coordinates": [ [ [ -96.795984, 32.778404, 0.0 ], [ -96.7959, 32.778164, 0.0 ], [ -96.796221, 32.778092, 0.0 ], [ -96.796303, 32.778331, 0.0 ], [ -96.795984, 32.778404, 0.0 ] ] ] } },
{ "type": "Feature", "properties": { "dcad_account": "000262000209H0000", "address": "1015 HAWKINS ST", "property_name": "VACANT", "owner": "SPIRE DEVELOPMENT HOLDINGS LLC", "group": "vacant", "where": "Downtown", "acres": 0.115, "land_value": 576040, "improvement_value": 0, "land_psf": 114.59, "improvement_to_land": 0.0, "deed_date": "03/14/2013", "feet_to_klyde_warren": 2064.0, "street_view": "https://www.google.com/maps/@?api=1&map_action=pano&viewpoint=32.788806,-96.793446" }, "geometry": { "type": "Polygon", "coordinates": [ [ [ -96.793177, 32.788986, 0.0 ], [ -96.793659, 32.788579, 0.0 ], [ -96.793714, 32.788625, 0.0 ], [ -96.793232, 32.789033, 0.0 ], [ -96.793177, 32.788986, 0.0 ] ] ] } },
{ "type": "Feature", "properties": { "dcad_account": "00000138652000000", "address": "2722 OAK LAWN AVE", "property_name": "CITY PET SUPPLY PAVED PARKING", "owner": "CANNON YOUNG PPTIES LP", "group": "vacant", "where": "North of Woodall Rodgers", "acres": 0.154, "land_value": 565680, "improvement_value": 0, "land_psf": 84.49, "improvement_to_land": 0.0, "deed_date": "04/07/2005", "feet_to_klyde_warren": 6519.0, "street_view": "https://www.google.com/maps/@?api=1&map_action=pano&viewpoint=32.806458,-96.811210" }, "geometry": { "type": "Polygon", "coordinates": [ [ [ -96.811039, 32.806417, 0.0 ], [ -96.810979, 32.806367, 0.0 ], [ -96.811112, 32.806259, 0.0 ], [ -96.81138, 32.806498, 0.0 ], [ -96.81131, 32.806555, 0.0 ], [ -96.81125, 32.806604, 0.0 ], [ -96.811039, 32.806417, 0.0 ] ] ] } },
{ "type": "Feature", "properties": { "dcad_account": "00000138238000000", "address": "2508 OAK LAWN AVE", "property_name": "MELROSE RETAIL PARKING", "owner": "OAK LAWN MELROSE LLC", "group": "parking", "where": "North of Woodall Rodgers", "acres": 0.148, "land_value": 563130, "improvement_value": 0, "land_psf": 87.45, "improvement_to_land": 0.0, "deed_date": "07/25/2014", "feet_to_klyde_warren": 6359.0, "street_view": "https://www.google.com/maps/@?api=1&map_action=pano&viewpoint=32.804894,-96.813035" }, "geometry": { "type": "Polygon", "coordinates": [ [ [ -96.813059, 32.804813, 0.0 ], [ -96.813238, 32.804965, 0.0 ], [ -96.813115, 32.805065, 0.0 ], [ -96.812832, 32.804823, 0.0 ], [ -96.812954, 32.804724, 0.0 ], [ -96.813059, 32.804813, 0.0 ] ] ] } },
{ "type": "Feature", "properties": { "dcad_account": "001030000A0190000", "address": "3508 GILLESPIE ST", "property_name": "", "owner": "LENNOX EDWARD & LISA", "group": "vacant", "where": "North of Woodall Rodgers", "acres": 0.159, "land_value": 559810, "improvement_value": 0, "land_psf": 80.85, "improvement_to_land": 0.0, "deed_date": "09/17/2012", "feet_to_klyde_warren": 5793.0, "street_view": "https://www.google.com/maps/@?api=1&map_action=pano&viewpoint=32.805590,-96.807773" }, "geometry": { "type": "Polygon", "coordinates": [ [ [ -96.80793, 32.805553, 0.0 ], [ -96.807938, 32.80556, 0.0 ], [ -96.807952, 32.805573, 0.0 ], [ -96.807956, 32.805577, 0.0 ], [ -96.80794, 32.805603, 0.0 ], [ -96.807773, 32.805741, 0.0 ], [ -96.807583, 32.805577, 0.0 ], [ -96.80767, 32.805505, 0.0 ], [ -96.807779, 32.805415, 0.0 ], [ -96.80793, 32.805553, 0.0 ] ] ] } },
{ "type": "Feature", "properties": { "dcad_account": "00000103187000000", "address": "2201 COMMERCE ST", "property_name": "VINLI (ECU)", "owner": "GHOST SIGN DEVELOPMENT LLC", "group": "building", "where": "Downtown", "acres": 0.133, "land_value": 555750, "improvement_value": 10000, "land_psf": 96.18, "improvement_to_land": 0.02, "deed_date": "04/17/2018", "feet_to_klyde_warren": 4146.0, "street_view": "https://www.google.com/maps/@?api=1&map_action=pano&viewpoint=32.781845,-96.790689" }, "geometry": { "type": "Polygon", "coordinates": [ [ [ -96.790565, 32.781788, 0.0 ], [ -96.790643, 32.781773, 0.0 ], [ -96.790771, 32.781747, 0.0 ], [ -96.790814, 32.781901, 0.0 ], [ -96.790837, 32.781985, 0.0 ], [ -96.790707, 32.78201, 0.0 ], [ -96.790673, 32.782017, 0.0 ], [ -96.79063, 32.782026, 0.0 ], [ -96.790565, 32.781788, 0.0 ] ] ] } },
{ "type": "Feature", "properties": { "dcad_account": "00000138919000000", "address": "3606 DICKASON AVE", "property_name": "PARKING LOT", "owner": "CARTER J ROBERT III 41.758 &", "group": "vacant", "where": "North of Woodall Rodgers", "acres": 0.15, "land_value": 552500, "improvement_value": 0, "land_psf": 84.78, "improvement_to_land": 0.0, "deed_date": "12/11/2025", "feet_to_klyde_warren": 6342.0, "street_view": "https://www.google.com/maps/@?api=1&map_action=pano&viewpoint=32.807228,-96.807639" }, "geometry": { "type": "Polygon", "coordinates": [ [ [ -96.807513, 32.807362, 0.0 ], [ -96.807439, 32.8073, 0.0 ], [ -96.807721, 32.80705, 0.0 ], [ -96.807844, 32.807156, 0.0 ], [ -96.807555, 32.807397, 0.0 ], [ -96.807513, 32.807362, 0.0 ] ] ] } },
{ "type": "Feature", "properties": { "dcad_account": "00000149377000000", "address": "2824 THROCKMORTON ST", "property_name": "", "owner": "LAND OF AMERICA INC", "group": "vacant", "where": "North of Woodall Rodgers", "acres": 0.17, "land_value": 552380, "improvement_value": 0, "land_psf": 74.48, "improvement_to_land": 0.0, "deed_date": "10/13/2022", "feet_to_klyde_warren": 7708.0, "street_view": "https://www.google.com/maps/@?api=1&map_action=pano&viewpoint=32.809571,-96.812538" }, "geometry": { "type": "Polygon", "coordinates": [ [ [ -96.812421, 32.809381, 0.0 ], [ -96.812771, 32.809665, 0.0 ], [ -96.812652, 32.809759, 0.0 ], [ -96.812304, 32.809477, 0.0 ], [ -96.812421, 32.809381, 0.0 ] ] ] } },
{ "type": "Feature", "properties": { "dcad_account": "00000100285000000", "address": "815 ELM ST", "property_name": "ALLRIGHT PARKING", "owner": "WEST END LOFTS LP", "group": "parking", "where": "Downtown", "acres": 0.11, "land_value": 552000, "improvement_value": 0, "land_psf": 115.0, "improvement_to_land": 0.0, "deed_date": "06/15/2026", "feet_to_klyde_warren": 2743.0, "street_view": "https://www.google.com/maps/@?api=1&map_action=pano&viewpoint=32.780645,-96.804792" }, "geometry": { "type": "Polygon", "coordinates": [ [ [ -96.804832, 32.78092, 0.0 ], [ -96.804676, 32.780386, 0.0 ], [ -96.804752, 32.780371, 0.0 ], [ -96.804908, 32.780904, 0.0 ], [ -96.804832, 32.78092, 0.0 ] ] ] } },
{ "type": "Feature", "properties": { "dcad_account": "00000149311000000", "address": "2715 REAGAN ST", "property_name": "", "owner": "RESOURCE CENTER OF DALLAS INC", "group": "parking", "where": "North of Woodall Rodgers", "acres": 0.166, "land_value": 552000, "improvement_value": 0, "land_psf": 76.29, "improvement_to_land": 0.0, "deed_date": "07/13/2023", "feet_to_klyde_warren": 7414.0, "street_view": "https://www.google.com/maps/@?api=1&map_action=pano&viewpoint=32.808155,-96.813531" }, "geometry": { "type": "Polygon", "coordinates": [ [ [ -96.813646, 32.80835, 0.0 ], [ -96.813303, 32.808054, 0.0 ], [ -96.813361, 32.808008, 0.0 ], [ -96.813413, 32.807963, 0.0 ], [ -96.813761, 32.808256, 0.0 ], [ -96.813705, 32.808299, 0.0 ], [ -96.813646, 32.80835, 0.0 ] ] ] } },
{ "type": "Feature", "properties": { "dcad_account": "00000149314000000", "address": "2717 REAGAN ST", "property_name": "", "owner": "RESOURCE CENTER OF DALLAS INC", "group": "parking", "where": "North of Woodall Rodgers", "acres": 0.173, "land_value": 552000, "improvement_value": 0, "land_psf": 73.33, "improvement_to_land": 0.0, "deed_date": "07/13/2023", "feet_to_klyde_warren": 7424.0, "street_view": "https://www.google.com/maps/@?api=1&map_action=pano&viewpoint=32.808251,-96.813416" }, "geometry": { "type": "Polygon", "coordinates": [ [ [ -96.813185, 32.808152, 0.0 ], [ -96.813247, 32.808102, 0.0 ], [ -96.813303, 32.808054, 0.0 ], [ -96.813646, 32.80835, 0.0 ], [ -96.813589, 32.808395, 0.0 ], [ -96.813529, 32.808444, 0.0 ], [ -96.813185, 32.808152, 0.0 ] ] ] } },
{ "type": "Feature", "properties": { "dcad_account": "00000104356000000", "address": "1715 N LAMAR ST", "property_name": "PARKING", "owner": "LC REDUX LP", "group": "parking", "where": "Downtown", "acres": 0.11, "land_value": 552000, "improvement_value": 0, "land_psf": 114.68, "improvement_to_land": 0.0, "deed_date": "08/07/2023", "feet_to_klyde_warren": 2382.0, "street_view": "https://www.google.com/maps/@?api=1&map_action=pano&viewpoint=32.782129,-96.805875" }, "geometry": { "type": "Polygon", "coordinates": [ [ [ -96.805714, 32.782164, 0.0 ], [ -96.805942, 32.781981, 0.0 ], [ -96.806047, 32.782086, 0.0 ], [ -96.806037, 32.782094, 0.0 ], [ -96.80582, 32.782268, 0.0 ], [ -96.805714, 32.782164, 0.0 ] ] ] } },
{ "type": "Feature", "properties": { "dcad_account": "00000149467000000", "address": "3916 CONGRESS AVE", "property_name": "3916  CONGRESS", "owner": "RYEGRASS REAGAN LLC", "group": "building", "where": "North of Woodall Rodgers", "acres": 0.21, "land_value": 549360, "improvement_value": 121170, "land_psf": 60.0, "improvement_to_land": 0.22, "deed_date": "04/13/2018", "feet_to_klyde_warren": 7297.0, "street_view": "https://www.google.com/maps/@?api=1&map_action=pano&viewpoint=32.808388,-96.812326" }, "geometry": { "type": "Polygon", "coordinates": [ [ [ -96.812431, 32.808589, 0.0 ], [ -96.812078, 32.808303, 0.0 ], [ -96.812221, 32.808187, 0.0 ], [ -96.812574, 32.808473, 0.0 ], [ -96.812431, 32.808589, 0.0 ] ] ] } },
{ "type": "Feature", "properties": { "dcad_account": "00000104581000000", "address": "1110 CORBIN ST", "property_name": "ALLRIGHT PARKING", "owner": "BRAMBLING PARTNERS LP", "group": "parking", "where": "Downtown", "acres": 0.108, "land_value": 540960, "improvement_value": 0, "land_psf": 115.14, "improvement_to_land": 0.0, "deed_date": "12/16/2021", "feet_to_klyde_warren": 1618.0, "street_view": "https://www.google.com/maps/@?api=1&map_action=pano&viewpoint=32.783986,-96.804612" }, "geometry": { "type": "Polygon", "coordinates": [ [ [ -96.804658, 32.784131, 0.0 ], [ -96.804449, 32.783938, 0.0 ], [ -96.804567, 32.783846, 0.0 ], [ -96.804591, 32.783868, 0.0 ], [ -96.804775, 32.784035, 0.0 ], [ -96.804658, 32.784131, 0.0 ] ] ] } },
{ "type": "Feature", "properties": { "dcad_account": "00000144490000000", "address": "3828 N HALL ST", "property_name": "PAVED PARKING FOR OFFICE", "owner": "MADISON PACIFIC DEVELOPMENT COMPANY INC", "group": "vacant", "where": "North of Woodall Rodgers", "acres": 0.207, "land_value": 540000, "improvement_value": 0, "land_psf": 60.0, "improvement_to_land": 0.0, "deed_date": "05/03/2012", "feet_to_klyde_warren": 7771.0, "street_view": "https://www.google.com/maps/@?api=1&map_action=pano&viewpoint=32.811150,-96.808483" }, "geometry": { "type": "Polygon", "coordinates": [ [ [ -96.80823, 32.811243, 0.0 ], [ -96.808581, 32.810956, 0.0 ], [ -96.808717, 32.811074, 0.0 ], [ -96.80853, 32.811227, 0.0 ], [ -96.808366, 32.811361, 0.0 ], [ -96.80823, 32.811243, 0.0 ] ] ] } },
{ "type": "Feature", "properties": { "dcad_account": "00000102412000000", "address": "2104 PACIFIC AVE", "property_name": "TOMSON PARKING", "owner": "ROLLINS DAVID CORDELL &", "group": "parking", "where": "Downtown", "acres": 0.153, "land_value": 537880, "improvement_value": 0, "land_psf": 80.59, "improvement_to_land": 0.0, "deed_date": "11/19/2024", "feet_to_klyde_warren": 3212.0, "street_view": "https://www.google.com/maps/@?api=1&map_action=pano&viewpoint=32.783247,-96.793347" }, "geometry": { "type": "Polygon", "coordinates": [ [ [ -96.793199, 32.78315, 0.0 ], [ -96.793196, 32.783141, 0.0 ], [ -96.79342, 32.78309, 0.0 ], [ -96.793494, 32.783343, 0.0 ], [ -96.793272, 32.783389, 0.0 ], [ -96.793199, 32.78315, 0.0 ] ] ] } },
{ "type": "Feature", "properties": { "dcad_account": "00000101893000000", "address": "909 N ST PAUL ST", "property_name": "PARKING", "owner": "DISD", "group": "parking", "where": "Downtown", "acres": 0.28, "land_value": 522240, "improvement_value": 0, "land_psf": 42.83, "improvement_to_land": 0.0, "deed_date": "05/13/2025", "feet_to_klyde_warren": 5260.0, "street_view": "https://www.google.com/maps/@?api=1&map_action=pano&viewpoint=32.775901,-96.793181" }, "geometry": { "type": "Polygon", "coordinates": [ [ [ -96.792929, 32.775867, 0.0 ], [ -96.792915, 32.775855, 0.0 ], [ -96.79313, 32.775677, 0.0 ], [ -96.793144, 32.775689, 0.0 ], [ -96.793433, 32.775934, 0.0 ], [ -96.793217, 32.776111, 0.0 ], [ -96.792929, 32.775867, 0.0 ] ] ] } },
{ "type": "Feature", "properties": { "dcad_account": "00000101107000000", "address": "1500 COMMERCE ST", "property_name": "COURTYARD", "owner": "DPL LAND LLC", "group": "vacant", "where": "Downtown", "acres": 0.123, "land_value": 522220, "improvement_value": 0, "land_psf": 97.37, "improvement_to_land": 0.0, "deed_date": "09/28/2012", "feet_to_klyde_warren": 3279.0, "street_view": "https://www.google.com/maps/@?api=1&map_action=pano&viewpoint=32.779799,-96.798303" }, "geometry": { "type": "Polygon", "coordinates": [ [ [ -96.798178, 32.779685, 0.0 ], [ -96.798193, 32.779682, 0.0 ], [ -96.798348, 32.779649, 0.0 ], [ -96.798428, 32.779912, 0.0 ], [ -96.798273, 32.779946, 0.0 ], [ -96.798257, 32.779949, 0.0 ], [ -96.798178, 32.779685, 0.0 ] ] ] } },
{ "type": "Feature", "properties": { "dcad_account": "00000100561000000", "address": "1109 WOOD ST", "property_name": "SYSTEM PARKING", "owner": "BUNTING PARTNERS LP", "group": "parking", "where": "Downtown", "acres": 0.125, "land_value": 520310, "improvement_value": 0, "land_psf": 95.85, "improvement_to_land": 0.0, "deed_date": "06/03/2013", "feet_to_klyde_warren": 3627.0, "street_view": "https://www.google.com/maps/@?api=1&map_action=pano&viewpoint=32.778113,-96.801678" }, "geometry": { "type": "Polygon", "coordinates": [ [ [ -96.801647, 32.778276, 0.0 ], [ -96.801554, 32.77798, 0.0 ], [ -96.801708, 32.777949, 0.0 ], [ -96.801712, 32.777962, 0.0 ], [ -96.801802, 32.778246, 0.0 ], [ -96.801647, 32.778276, 0.0 ] ] ] } },
{ "type": "Feature", "properties": { "dcad_account": "00000102637000000", "address": "307 S PEARL EXPY", "property_name": "CLASSIFIED PARKING", "owner": "MADJACKS HOLDINGS LTD", "group": "parking", "where": "Downtown", "acres": 0.136, "land_value": 517280, "improvement_value": 0, "land_psf": 87.6, "improvement_to_land": 0.0, "deed_date": "12/18/1996", "feet_to_klyde_warren": 4247.0, "street_view": "https://www.google.com/maps/@?api=1&map_action=pano&viewpoint=32.780450,-96.792042" }, "geometry": { "type": "Polygon", "coordinates": [ [ [ -96.792014, 32.780542, 0.0 ], [ -96.791873, 32.780368, 0.0 ], [ -96.79209, 32.780246, 0.0 ], [ -96.792092, 32.780248, 0.0 ], [ -96.792207, 32.780384, 0.0 ], [ -96.792082, 32.780515, 0.0 ], [ -96.792014, 32.780542, 0.0 ] ] ] } },
{ "type": "Feature", "properties": { "dcad_account": "00000137584000000", "address": "3112 HOOD ST", "property_name": "DWELL WITH DIGNITY", "owner": "EHC OFFICE GP LLC", "group": "building", "where": "North of Woodall Rodgers", "acres": 0.14, "land_value": 514590, "improvement_value": 135410, "land_psf": 84.51, "improvement_to_land": 0.26, "deed_date": "04/20/2021", "feet_to_klyde_warren": 6280.0, "street_view": "https://www.google.com/maps/@?api=1&map_action=pano&viewpoint=32.807566,-96.805798" }, "geometry": { "type": "Polygon", "coordinates": [ [ [ -96.805875, 32.807722, 0.0 ], [ -96.805593, 32.807504, 0.0 ], [ -96.805705, 32.807401, 0.0 ], [ -96.805853, 32.807513, 0.0 ], [ -96.805993, 32.807619, 0.0 ], [ -96.805875, 32.807722, 0.0 ] ] ] } },
{ "type": "Feature", "properties": { "dcad_account": "00000137563000000", "address": "3113 HOOD ST", "property_name": "SELECT SALON", "owner": "DRAGON PARK LP", "group": "building", "where": "North of Woodall Rodgers", "acres": 0.137, "land_value": 512810, "improvement_value": 15000, "land_psf": 85.86, "improvement_to_land": 0.03, "deed_date": "05/18/2021", "feet_to_klyde_warren": 6421.0, "street_view": "https://www.google.com/maps/@?api=1&map_action=pano&viewpoint=32.807892,-96.806153" }, "geometry": { "type": "Polygon", "coordinates": [ [ [ -96.805944, 32.807815, 0.0 ], [ -96.806059, 32.807722, 0.0 ], [ -96.806189, 32.807825, 0.0 ], [ -96.806198, 32.807833, 0.0 ], [ -96.806341, 32.807951, 0.0 ], [ -96.806222, 32.808045, 0.0 ], [ -96.805963, 32.807831, 0.0 ], [ -96.805944, 32.807815, 0.0 ] ] ] } },
{ "type": "Feature", "properties": { "dcad_account": "00000100297000000", "address": "807 ELM ST", "property_name": "807 ELM ST", "owner": "WEST END LOFTS LP", "group": "building", "where": "Downtown", "acres": 0.102, "land_value": 511750, "improvement_value": 18800, "land_psf": 115.0, "improvement_to_land": 0.04, "deed_date": "06/15/2026", "feet_to_klyde_warren": 2872.0, "street_view": "https://www.google.com/maps/@?api=1&map_action=pano&viewpoint=32.780449,-96.805059" }, "geometry": { "type": "Polygon", "coordinates": [ [ [ -96.805027, 32.780596, 0.0 ], [ -96.804949, 32.78033, 0.0 ], [ -96.804992, 32.780321, 0.0 ], [ -96.80509, 32.7803, 0.0 ], [ -96.805168, 32.780567, 0.0 ], [ -96.80507, 32.780588, 0.0 ], [ -96.805027, 32.780596, 0.0 ] ] ] } },
{ "type": "Feature", "properties": { "dcad_account": "00000138229000000", "address": "2500 OAK LAWN AVE", "property_name": "LAND ONLY FOR TIRE PROS  - COMM SPTD CODE", "owner": "OAK LAWN MELROSE LLC", "group": "building", "where": "North of Woodall Rodgers", "acres": 0.143, "land_value": 510000, "improvement_value": 97760, "land_psf": 82.14, "improvement_to_land": 0.19, "deed_date": "07/25/2014", "feet_to_klyde_warren": 6391.0, "street_view": "https://www.google.com/maps/@?api=1&map_action=pano&viewpoint=32.804755,-96.813296" }, "geometry": { "type": "Polygon", "coordinates": [ [ [ -96.813298, 32.804916, 0.0 ], [ -96.813119, 32.804764, 0.0 ], [ -96.813305, 32.80461, 0.0 ], [ -96.813465, 32.804746, 0.0 ], [ -96.813453, 32.80479, 0.0 ], [ -96.813298, 32.804916, 0.0 ] ] ] } },
{ "type": "Feature", "properties": { "dcad_account": "00000149578000000", "address": "2628 SHELBY AVE", "property_name": "RESIDENCE", "owner": "OAK LAWN PARTNERS LP", "group": "building", "where": "North of Woodall Rodgers", "acres": 0.136, "land_value": 510000, "improvement_value": 57360, "land_psf": 86.06, "improvement_to_land": 0.11, "deed_date": "11/01/2013", "feet_to_klyde_warren": 6816.0, "street_view": "https://www.google.com/maps/@?api=1&map_action=pano&viewpoint=32.806413,-96.813059" }, "geometry": { "type": "Polygon", "coordinates": [ [ [ -96.813138, 32.806577, 0.0 ], [ -96.812863, 32.806342, 0.0 ], [ -96.812977, 32.806248, 0.0 ], [ -96.813255, 32.806483, 0.0 ], [ -96.813138, 32.806577, 0.0 ] ] ] } },
{ "type": "Feature", "properties": { "dcad_account": "00000138271000000", "address": "2612 OAK LAWN AVE", "property_name": "2612 OAK LAWN", "owner": "OAK LAWN RESTAURANTS LLC", "group": "vacant", "where": "North of Woodall Rodgers", "acres": 0.139, "land_value": 510000, "improvement_value": 0, "land_psf": 84.02, "improvement_to_land": 0.0, "deed_date": "09/02/2010", "feet_to_klyde_warren": 6425.0, "street_view": "https://www.google.com/maps/@?api=1&map_action=pano&viewpoint=32.805611,-96.812118" }, "geometry": { "type": "Polygon", "coordinates": [ [ [ -96.812068, 32.805463, 0.0 ], [ -96.81229, 32.805661, 0.0 ], [ -96.812278, 32.805699, 0.0 ], [ -96.812311, 32.805731, 0.0 ], [ -96.812217, 32.805805, 0.0 ], [ -96.811946, 32.80556, 0.0 ], [ -96.812068, 32.805463, 0.0 ] ] ] } },
{ "type": "Feature", "properties": { "dcad_account": "00000138625000000", "address": "2808 OAK LAWN AVE", "property_name": "LAND ONLY", "owner": "5612 YALE HOLDINGS LP", "group": "vacant", "where": "North of Woodall Rodgers", "acres": 0.128, "land_value": 505750, "improvement_value": 0, "land_psf": 90.52, "improvement_to_land": 0.0, "deed_date": "07/07/2009", "feet_to_klyde_warren": 6599.0, "street_view": "https://www.google.com/maps/@?api=1&map_action=pano&viewpoint=32.806977,-96.810528" }, "geometry": { "type": "Polygon", "coordinates": [ [ [ -96.810607, 32.80714, 0.0 ], [ -96.810339, 32.806903, 0.0 ], [ -96.810447, 32.806814, 0.0 ], [ -96.810718, 32.807051, 0.0 ], [ -96.810607, 32.80714, 0.0 ] ] ] } },
{ "type": "Feature", "properties": { "dcad_account": "00000102865000000", "address": "2113 COMMERCE ST", "property_name": "PARKING", "owner": "W&K REAL ESTATE LIMITED", "group": "parking", "where": "Downtown", "acres": 0.116, "land_value": 504450, "improvement_value": 0, "land_psf": 99.47, "improvement_to_land": 0.0, "deed_date": "03/11/2022", "feet_to_klyde_warren": 3998.0, "street_view": "https://www.google.com/maps/@?api=1&map_action=pano&viewpoint=32.781701,-96.791575" }, "geometry": { "type": "Polygon", "coordinates": [ [ [ -96.791451, 32.7816, 0.0 ], [ -96.791631, 32.781562, 0.0 ], [ -96.791697, 32.781803, 0.0 ], [ -96.791619, 32.78182, 0.0 ], [ -96.791539, 32.781837, 0.0 ], [ -96.791521, 32.781841, 0.0 ], [ -96.791451, 32.7816, 0.0 ] ] ] } },
{ "type": "Feature", "properties": { "dcad_account": "00000102496000000", "address": "2012 COMMERCE ST", "property_name": "100% UNOCCUPIED", "owner": "2008 COMMERCE LLC", "group": "building", "where": "Downtown", "acres": 0.128, "land_value": 504000, "improvement_value": 126000, "land_psf": 90.23, "improvement_to_land": 0.25, "deed_date": "12/12/2017", "feet_to_klyde_warren": 3843.0, "street_view": "https://www.google.com/maps/@?api=1&map_action=pano&viewpoint=32.780844,-96.793323" }, "geometry": { "type": "Polygon", "coordinates": [ [ [ -96.793372, 32.780692, 0.0 ], [ -96.793451, 32.780958, 0.0 ], [ -96.793274, 32.780995, 0.0 ], [ -96.793196, 32.780729, 0.0 ], [ -96.793372, 32.780692, 0.0 ] ] ] } },
{ "type": "Feature", "properties": { "dcad_account": "00000100445000200", "address": "1029 ELM ST", "property_name": "PAVED COURTYARD", "owner": "APPLE TEN HOSPITALITY", "group": "vacant", "where": "Downtown", "acres": 0.109, "land_value": 502320, "improvement_value": 0, "land_psf": 106.14, "improvement_to_land": 0.0, "deed_date": "12/05/2013", "feet_to_klyde_warren": 2507.0, "street_view": "https://www.google.com/maps/@?api=1&map_action=pano&viewpoint=32.781079,-96.802630" }, "geometry": { "type": "Polygon", "coordinates": [ [ [ -96.802743, 32.781315, 0.0 ], [ -96.80266, 32.781325, 0.0 ], [ -96.802514, 32.780843, 0.0 ], [ -96.802602, 32.780834, 0.0 ], [ -96.802743, 32.781315, 0.0 ] ] ] } },
{ "type": "Feature", "properties": { "dcad_account": "00000149722000000", "address": "3930 MAPLE AVE", "property_name": "PARKING LOT", "owner": "OLD PARKLAND EAST 2 LP", "group": "parking", "where": "North of Woodall Rodgers", "acres": 0.147, "land_value": 501650, "improvement_value": 0, "land_psf": 78.34, "improvement_to_land": 0.0, "deed_date": "10/16/2025", "feet_to_klyde_warren": 7098.0, "street_view": "https://www.google.com/maps/@?api=1&map_action=pano&viewpoint=32.805751,-96.815538" }, "geometry": { "type": "Polygon", "coordinates": [ [ [ -96.81551, 32.805605, 0.0 ], [ -96.81571, 32.805777, 0.0 ], [ -96.815745, 32.805808, 0.0 ], [ -96.815597, 32.805926, 0.0 ], [ -96.815366, 32.805724, 0.0 ], [ -96.81551, 32.805605, 0.0 ] ] ] } },
{ "type": "Feature", "properties": { "dcad_account": "00000101839000000", "address": "1727 YOUNG ST", "property_name": "PARKING", "owner": "RP DOWNTOWN PARKING PPTIES", "group": "parking", "where": "Downtown", "acres": 0.175, "land_value": 500500, "improvement_value": 0, "land_psf": 65.65, "improvement_to_land": 0.0, "deed_date": "12/13/2011", "feet_to_klyde_warren": 4117.0, "street_view": "https://www.google.com/maps/@?api=1&map_action=pano&viewpoint=32.778559,-96.795104" }, "geometry": { "type": "Polygon", "coordinates": [ [ [ -96.795093, 32.778777, 0.0 ], [ -96.794957, 32.778377, 0.0 ], [ -96.795114, 32.778342, 0.0 ], [ -96.795253, 32.77874, 0.0 ], [ -96.795093, 32.778777, 0.0 ] ] ] } },
{ "type": "Feature", "properties": { "dcad_account": "00000101794000000", "address": "1728 WOOD ST", "property_name": "PARKING", "owner": "RP DOWNTOWN PARKING PPTIES LP", "group": "parking", "where": "Downtown", "acres": 0.174, "land_value": 487500, "improvement_value": 0, "land_psf": 64.17, "improvement_to_land": 0.0, "deed_date": "12/13/2011", "feet_to_klyde_warren": 3958.0, "street_view": "https://www.google.com/maps/@?api=1&map_action=pano&viewpoint=32.779016,-96.795224" }, "geometry": { "type": "Polygon", "coordinates": [ [ [ -96.795073, 32.778836, 0.0 ], [ -96.795233, 32.778802, 0.0 ], [ -96.795376, 32.779197, 0.0 ], [ -96.795216, 32.779231, 0.0 ], [ -96.795073, 32.778836, 0.0 ] ] ] } },
{ "type": "Feature", "properties": { "dcad_account": "00000100565000100", "address": "1000 WOOD ST", "property_name": "SYSTEM PARKING", "owner": "BUNTING PARTNERS LP", "group": "parking", "where": "Downtown", "acres": 0.12, "land_value": 486270, "improvement_value": 0, "land_psf": 92.87, "improvement_to_land": 0.0, "deed_date": "06/03/2013", "feet_to_klyde_warren": 3578.0, "street_view": "https://www.google.com/maps/@?api=1&map_action=pano&viewpoint=32.778112,-96.802295" }, "geometry": { "type": "Polygon", "coordinates": [ [ [ -96.802254, 32.778122, 0.0 ], [ -96.802247, 32.778101, 0.0 ], [ -96.8022, 32.777956, 0.0 ], [ -96.802168, 32.777855, 0.0 ], [ -96.80217, 32.777855, 0.0 ], [ -96.802256, 32.777837, 0.0 ], [ -96.802416, 32.778366, 0.0 ], [ -96.802339, 32.778383, 0.0 ], [ -96.802254, 32.778122, 0.0 ] ] ] } },
{ "type": "Feature", "properties": { "dcad_account": "00000149110000000", "address": "3847 CEDAR SPRINGS RD", "property_name": "TAQUERIA LA VENTANA", "owner": "LERER JANE SAGINAW", "group": "parking", "where": "North of Woodall Rodgers", "acres": 0.187, "land_value": 486000, "improvement_value": 126000, "land_psf": 59.66, "improvement_to_land": 0.26, "deed_date": "04/09/2003", "feet_to_klyde_warren": 7533.0, "street_view": "https://www.google.com/maps/@?api=1&map_action=pano&viewpoint=32.809883,-96.810240" }, "geometry": { "type": "Polygon", "coordinates": [ [ [ -96.810326, 32.809698, 0.0 ], [ -96.810472, 32.809811, 0.0 ], [ -96.810159, 32.810064, 0.0 ], [ -96.810008, 32.809955, 0.0 ], [ -96.810326, 32.809698, 0.0 ] ] ] } },
{ "type": "Feature", "properties": { "dcad_account": "00000166381000000", "address": "4344 CONGRESS AVE", "property_name": "CW SPARKS/JULLIAN BUENGER", "owner": "BENDER ROGERT G &", "group": "building", "where": "North of Woodall Rodgers", "acres": 0.184, "land_value": 486000, "improvement_value": 163000, "land_psf": 60.51, "improvement_to_land": 0.34, "deed_date": "08/08/2019", "feet_to_klyde_warren": 9148.0, "street_view": "https://www.google.com/maps/@?api=1&map_action=pano&viewpoint=32.811821,-96.816983" }, "geometry": { "type": "Polygon", "coordinates": [ [ [ -96.817218, 32.811736, 0.0 ], [ -96.816859, 32.812019, 0.0 ], [ -96.816733, 32.811919, 0.0 ], [ -96.81675, 32.811906, 0.0 ], [ -96.817074, 32.811648, 0.0 ], [ -96.81709, 32.811635, 0.0 ], [ -96.817218, 32.811736, 0.0 ] ] ] } },
{ "type": "Feature", "properties": { "dcad_account": "00000144463000000", "address": "3823 N HALL ST", "property_name": "PARKING FOR RETAIL 3211 OAKLAWN", "owner": "MADISON PACIFIC DEV", "group": "vacant", "where": "North of Woodall Rodgers", "acres": 0.197, "land_value": 479520, "improvement_value": 0, "land_psf": 55.93, "improvement_to_land": 0.0, "deed_date": "12/13/1991", "feet_to_klyde_warren": 7615.0, "street_view": "https://www.google.com/maps/@?api=1&map_action=pano&viewpoint=32.810633,-96.808716" }, "geometry": { "type": "Polygon", "coordinates": [ [ [ -96.808508, 32.810686, 0.0 ], [ -96.808496, 32.810675, 0.0 ], [ -96.808774, 32.810447, 0.0 ], [ -96.808792, 32.810462, 0.0 ], [ -96.808936, 32.810591, 0.0 ], [ -96.808658, 32.810818, 0.0 ], [ -96.808508, 32.810686, 0.0 ] ] ] } },
{ "type": "Feature", "properties": { "dcad_account": "00000113872000000", "address": "2215 ALLEN ST", "property_name": "", "owner": "SANDERS KATHLEEN CHERYL", "group": "building", "where": "North of Woodall Rodgers", "acres": 0.11, "land_value": 476000, "improvement_value": 39000, "land_psf": 99.62, "improvement_to_land": 0.08, "deed_date": "03/21/2024", "feet_to_klyde_warren": 2223.0, "street_view": "https://www.google.com/maps/@?api=1&map_action=pano&viewpoint=32.796129,-96.796939" }, "geometry": { "type": "Polygon", "coordinates": [ [ [ -96.796948, 32.796044, 0.0 ], [ -96.797032, 32.795974, 0.0 ], [ -96.797124, 32.796052, 0.0 ], [ -96.797083, 32.796087, 0.0 ], [ -96.797049, 32.796115, 0.0 ], [ -96.797015, 32.796143, 0.0 ], [ -96.796982, 32.796171, 0.0 ], [ -96.796941, 32.796205, 0.0 ], [ -96.796848, 32.796282, 0.0 ], [ -96.796755, 32.796205, 0.0 ], [ -96.796948, 32.796044, 0.0 ] ] ] } },
{ "type": "Feature", "properties": { "dcad_account": "00000102403000000", "address": "2101 ELM ST", "property_name": "PARKING", "owner": "ROLLINS DAVID CORDELL &", "group": "parking", "where": "Downtown", "acres": 0.127, "land_value": 476000, "improvement_value": 0, "land_psf": 86.33, "improvement_to_land": 0.0, "deed_date": "11/19/2024", "feet_to_klyde_warren": 3316.0, "street_view": "https://www.google.com/maps/@?api=1&map_action=pano&viewpoint=32.782932,-96.793253" }, "geometry": { "type": "Polygon", "coordinates": [ [ [ -96.793172, 32.783062, 0.0 ], [ -96.793109, 32.782855, 0.0 ], [ -96.793339, 32.782808, 0.0 ], [ -96.793396, 32.783009, 0.0 ], [ -96.793172, 32.783062, 0.0 ] ] ] } },
{ "type": "Feature", "properties": { "dcad_account": "00000102517000000", "address": "2016 COMMERCE ST", "property_name": "PARKING", "owner": "2008 COMMERCE LLC", "group": "parking", "where": "Downtown", "acres": 0.115, "land_value": 475000, "improvement_value": 0, "land_psf": 95.1, "improvement_to_land": 0.0, "deed_date": "12/12/2017", "feet_to_klyde_warren": 3870.0, "street_view": "https://www.google.com/maps/@?api=1&map_action=pano&viewpoint=32.780879,-96.793156" }, "geometry": { "type": "Polygon", "coordinates": [ [ [ -96.793038, 32.780763, 0.0 ], [ -96.793196, 32.780729, 0.0 ], [ -96.793274, 32.780995, 0.0 ], [ -96.793195, 32.781012, 0.0 ], [ -96.793116, 32.781029, 0.0 ], [ -96.793038, 32.780763, 0.0 ] ] ] } },
{ "type": "Feature", "properties": { "dcad_account": "00000103219000000", "address": "300 S CESAR CHAVEZ BLVD", "property_name": "PARKING", "owner": "GHOST SIGN DEVELOPMENT LLC", "group": "parking", "where": "Downtown", "acres": 0.115, "land_value": 475000, "improvement_value": 0, "land_psf": 95.0, "improvement_to_land": 0.0, "deed_date": "04/17/2018", "feet_to_klyde_warren": 4432.0, "street_view": "https://www.google.com/maps/@?api=1&map_action=pano&viewpoint=32.781189,-96.790218" }, "geometry": { "type": "Polygon", "coordinates": [ [ [ -96.790058, 32.781115, 0.0 ], [ -96.790191, 32.781037, 0.0 ], [ -96.790378, 32.781262, 0.0 ], [ -96.790244, 32.781341, 0.0 ], [ -96.790058, 32.781115, 0.0 ] ] ] } },
{ "type": "Feature", "properties": { "dcad_account": "000076000B0010100", "address": "1611 MAIN ST", "property_name": "VACANT LAND", "owner": "ELM AT STONEPLACE HOLDINGS LLC", "group": "vacant", "where": "Downtown", "acres": 0.111, "land_value": 475000, "improvement_value": 0, "land_psf": 98.07, "improvement_to_land": 0.0, "deed_date": "12/15/2011", "feet_to_klyde_warren": 2875.0, "street_view": "https://www.google.com/maps/@?api=1&map_action=pano&viewpoint=32.781171,-96.797965" }, "geometry": { "type": "Polygon", "coordinates": [ [ [ -96.797848, 32.781057, 0.0 ], [ -96.798005, 32.781024, 0.0 ], [ -96.798082, 32.781284, 0.0 ], [ -96.797927, 32.781318, 0.0 ], [ -96.797848, 32.781057, 0.0 ] ] ] } },
{ "type": "Feature", "properties": { "dcad_account": "00000101698000000", "address": "1712 COMMERCE ST", "property_name": "MARRIOTT RESIDENCE INN & AC HOTELS", "owner": "SUPREME BRIGHT DALLAS II LLC", "group": "vacant", "where": "Downtown", "acres": 0.126, "land_value": 475000, "improvement_value": 0, "land_psf": 86.84, "improvement_to_land": 0.0, "deed_date": "03/30/2015", "feet_to_klyde_warren": 3413.0, "street_view": "https://www.google.com/maps/@?api=1&map_action=pano&viewpoint=32.780246,-96.796369" }, "geometry": { "type": "Polygon", "coordinates": [ [ [ -96.796328, 32.780402, 0.0 ], [ -96.796245, 32.780123, 0.0 ], [ -96.796411, 32.780087, 0.0 ], [ -96.796491, 32.780368, 0.0 ], [ -96.796328, 32.780402, 0.0 ] ] ] } },
{ "type": "Feature", "properties": { "dcad_account": "00000101062000000", "address": "1513 COMMERCE ST", "property_name": "NEIMAN MARCUS PARKING", "owner": "1530 MAIN LP", "group": "parking", "where": "Downtown", "acres": 0.113, "land_value": 475000, "improvement_value": 0, "land_psf": 96.52, "improvement_to_land": 0.0, "deed_date": "03/11/2015", "feet_to_klyde_warren": 3118.0, "street_view": "https://www.google.com/maps/@?api=1&map_action=pano&viewpoint=32.780354,-96.798114" }, "geometry": { "type": "Polygon", "coordinates": [ [ [ -96.798153, 32.780205, 0.0 ], [ -96.798231, 32.780472, 0.0 ], [ -96.798197, 32.780479, 0.0 ], [ -96.798076, 32.780505, 0.0 ], [ -96.797998, 32.780236, 0.0 ], [ -96.798153, 32.780205, 0.0 ] ] ] } },
{ "type": "Feature", "properties": { "dcad_account": "00000101065000000", "address": "1517 COMMERCE ST", "property_name": "NEIMAN MARCUS PARKING", "owner": "1530 MAIN LP", "group": "parking", "where": "Downtown", "acres": 0.115, "land_value": 475000, "improvement_value": 0, "land_psf": 94.57, "improvement_to_land": 0.0, "deed_date": "03/11/2015", "feet_to_klyde_warren": 3128.0, "street_view": "https://www.google.com/maps/@?api=1&map_action=pano&viewpoint=32.780387,-96.797958" }, "geometry": { "type": "Polygon", "coordinates": [ [ [ -96.797998, 32.780236, 0.0 ], [ -96.798076, 32.780505, 0.0 ], [ -96.798035, 32.780513, 0.0 ], [ -96.797918, 32.780538, 0.0 ], [ -96.79784, 32.780269, 0.0 ], [ -96.797998, 32.780236, 0.0 ] ] ] } },
{ "type": "Feature", "properties": { "dcad_account": "00000101971000000", "address": "1908 ELM ST", "property_name": "LAND", "owner": "JARVIS BARNEY W JR TR &", "group": "vacant", "where": "Downtown", "acres": 0.122, "land_value": 475000, "improvement_value": 0, "land_psf": 89.17, "improvement_to_land": 0.0, "deed_date": "12/11/2000", "feet_to_klyde_warren": 3099.0, "street_view": "https://www.google.com/maps/@?api=1&map_action=pano&viewpoint=32.781967,-96.795450" }, "geometry": { "type": "Polygon", "coordinates": [ [ [ -96.795492, 32.781814, 0.0 ], [ -96.795574, 32.782084, 0.0 ], [ -96.795407, 32.78212, 0.0 ], [ -96.795327, 32.78185, 0.0 ], [ -96.795492, 32.781814, 0.0 ] ] ] } },
{ "type": "Feature", "properties": { "dcad_account": "00000101068000000", "address": "1523 COMMERCE ST", "property_name": "NEIMAN MARCUS PARKING", "owner": "1530 MAIN LP", "group": "parking", "where": "Downtown", "acres": 0.116, "land_value": 475000, "improvement_value": 0, "land_psf": 93.75, "improvement_to_land": 0.0, "deed_date": "03/11/2015", "feet_to_klyde_warren": 3139.0, "street_view": "https://www.google.com/maps/@?api=1&map_action=pano&viewpoint=32.780421,-96.797799" }, "geometry": { "type": "Polygon", "coordinates": [ [ [ -96.79784, 32.780269, 0.0 ], [ -96.797918, 32.780538, 0.0 ], [ -96.797872, 32.780547, 0.0 ], [ -96.797793, 32.780564, 0.0 ], [ -96.79776, 32.780571, 0.0 ], [ -96.797679, 32.780304, 0.0 ], [ -96.79784, 32.780269, 0.0 ] ] ] } },
{ "type": "Feature", "properties": { "dcad_account": "00000102661000000", "address": "2021 CADIZ ST", "property_name": "RUIBALS PLANTS OF TEXAS", "owner": "RUIBAL FARMS LP", "group": "building", "where": "Downtown", "acres": 0.155, "land_value": 472500, "improvement_value": 10000, "land_psf": 70.0, "improvement_to_land": 0.02, "deed_date": "01/29/2010", "feet_to_klyde_warren": 4887.0, "street_view": "https://www.google.com/maps/@?api=1&map_action=pano&viewpoint=32.778936,-96.790797" }, "geometry": { "type": "Polygon", "coordinates": [ [ [ -96.790784, 32.779096, 0.0 ], [ -96.790613, 32.778896, 0.0 ], [ -96.79081, 32.778775, 0.0 ], [ -96.790982, 32.778976, 0.0 ], [ -96.790784, 32.779096, 0.0 ] ] ] } },
{ "type": "Feature", "properties": { "dcad_account": "00000102824000000", "address": "2202 ELM ST", "property_name": "108 N PEARL EXPY", "owner": "42 DOWNTOWN DALLAS LP", "group": "building", "where": "Downtown", "acres": 0.122, "land_value": 468830, "improvement_value": 1000, "land_psf": 87.9, "improvement_to_land": 0.0, "deed_date": "02/18/2020", "feet_to_klyde_warren": 3609.0, "street_view": "https://www.google.com/maps/@?api=1&map_action=pano&viewpoint=32.782634,-96.792313" }, "geometry": { "type": "Polygon", "coordinates": [ [ [ -96.792421, 32.78251, 0.0 ], [ -96.792425, 32.78256, 0.0 ], [ -96.792423, 32.782609, 0.0 ], [ -96.792414, 32.782658, 0.0 ], [ -96.792398, 32.782706, 0.0 ], [ -96.792395, 32.782712, 0.0 ], [ -96.792381, 32.782745, 0.0 ], [ -96.792367, 32.782776, 0.0 ], [ -96.792337, 32.782783, 0.0 ], [ -96.792258, 32.7828, 0.0 ], [ -96.792186, 32.782559, 0.0 ], [ -96.792421, 32.78251, 0.0 ] ] ] } },
{ "type": "Feature", "properties": { "dcad_account": "00000101083000000", "address": "1616 MAIN ST", "property_name": "NEIMAN MARCUS", "owner": "DALLAS FOUNDATION", "group": "vacant", "where": "Downtown", "acres": 0.115, "land_value": 462500, "improvement_value": 0, "land_psf": 92.56, "improvement_to_land": 0.0, "deed_date": "01/05/2011", "feet_to_klyde_warren": 3064.0, "street_view": "https://www.google.com/maps/@?api=1&map_action=pano&viewpoint=32.780747,-96.797596" }, "geometry": { "type": "Polygon", "coordinates": [ [ [ -96.797636, 32.780596, 0.0 ], [ -96.797714, 32.780863, 0.0 ], [ -96.797635, 32.78088, 0.0 ], [ -96.797557, 32.780897, 0.0 ], [ -96.797477, 32.78063, 0.0 ], [ -96.797556, 32.780613, 0.0 ], [ -96.797636, 32.780596, 0.0 ] ] ] } },
{ "type": "Feature", "properties": { "dcad_account": "00000102049000000", "address": "515 S ST PAUL ST", "property_name": "PARKING", "owner": "EVERGREEN DALLAS HOSPITALITY LP", "group": "parking", "where": "Downtown", "acres": 0.193, "land_value": 461100, "improvement_value": 0, "land_psf": 54.8, "improvement_to_land": 0.0, "deed_date": "06/26/2024", "feet_to_klyde_warren": 4493.0, "street_view": "https://www.google.com/maps/@?api=1&map_action=pano&viewpoint=32.777574,-96.794602" }, "geometry": { "type": "Polygon", "coordinates": [ [ [ -96.794602, 32.777818, 0.0 ], [ -96.794448, 32.777366, 0.0 ], [ -96.794603, 32.777332, 0.0 ], [ -96.794757, 32.777782, 0.0 ], [ -96.794602, 32.777818, 0.0 ] ] ] } },
{ "type": "Feature", "properties": { "dcad_account": "00000101836000000", "address": "1717 YOUNG ST", "property_name": "PARKING", "owner": "RP DOWNTOWN PARKING PPTIES LP", "group": "parking", "where": "Downtown", "acres": 0.151, "land_value": 458450, "improvement_value": 0, "land_psf": 69.74, "improvement_to_land": 0.0, "deed_date": "12/13/2011", "feet_to_klyde_warren": 4077.0, "street_view": "https://www.google.com/maps/@?api=1&map_action=pano&viewpoint=32.778467,-96.795544" }, "geometry": { "type": "Polygon", "coordinates": [ [ [ -96.795542, 32.778674, 0.0 ], [ -96.795409, 32.77829, 0.0 ], [ -96.795404, 32.778276, 0.0 ], [ -96.795542, 32.778245, 0.0 ], [ -96.795679, 32.778643, 0.0 ], [ -96.795542, 32.778674, 0.0 ] ] ] } },
{ "type": "Feature", "properties": { "dcad_account": "00000101947000000", "address": "1932 ELM ST", "property_name": "LAND", "owner": "OLYMBEC USA LLC", "group": "vacant", "where": "Downtown", "acres": 0.105, "land_value": 457500, "improvement_value": 0, "land_psf": 99.62, "improvement_to_land": 0.0, "deed_date": "07/23/2014", "feet_to_klyde_warren": 3253.0, "street_view": "https://www.google.com/maps/@?api=1&map_action=pano&viewpoint=32.782183,-96.794445" }, "geometry": { "type": "Polygon", "coordinates": [ [ [ -96.79448, 32.782047, 0.0 ], [ -96.794557, 32.782303, 0.0 ], [ -96.794412, 32.782334, 0.0 ], [ -96.794334, 32.782063, 0.0 ], [ -96.794452, 32.782038, 0.0 ], [ -96.794475, 32.782033, 0.0 ], [ -96.79448, 32.782047, 0.0 ] ] ] } },
{ "type": "Feature", "properties": { "dcad_account": "00000102514000000", "address": "2008 COMMERCE ST", "property_name": "63% UNOCCUPIED", "owner": "2008 COMMERCE LLC", "group": "building", "where": "Downtown", "acres": 0.115, "land_value": 454410, "improvement_value": 55590, "land_psf": 90.33, "improvement_to_land": 0.12, "deed_date": "12/12/2017", "feet_to_klyde_warren": 3819.0, "street_view": "https://www.google.com/maps/@?api=1&map_action=pano&viewpoint=32.780809,-96.793491" }, "geometry": { "type": "Polygon", "coordinates": [ [ [ -96.793372, 32.780692, 0.0 ], [ -96.793541, 32.780656, 0.0 ], [ -96.793549, 32.780683, 0.0 ], [ -96.793538, 32.780685, 0.0 ], [ -96.793609, 32.780925, 0.0 ], [ -96.793451, 32.780958, 0.0 ], [ -96.793372, 32.780692, 0.0 ] ] ] } },
{ "type": "Feature", "properties": { "dcad_account": "00013000280210000", "address": "616 S HARWOOD ST", "property_name": "BLACKBIRD LOFTS", "owner": "PUDDINGSTONE PARK LLC", "group": "building", "where": "Downtown", "acres": 0.129, "land_value": 453560, "improvement_value": 190960, "land_psf": 80.63, "improvement_to_land": 0.42, "deed_date": "12/28/2010", "feet_to_klyde_warren": 4884.0, "street_view": "https://www.google.com/maps/@?api=1&map_action=pano&viewpoint=32.778465,-96.791493" }, "geometry": { "type": "Polygon", "coordinates": [ [ [ -96.791729, 32.778386, 0.0 ], [ -96.791721, 32.778392, 0.0 ], [ -96.791694, 32.778416, 0.0 ], [ -96.791494, 32.778588, 0.0 ], [ -96.791381, 32.778493, 0.0 ], [ -96.791317, 32.778438, 0.0 ], [ -96.791381, 32.778384, 0.0 ], [ -96.791438, 32.778335, 0.0 ], [ -96.791496, 32.778384, 0.0 ], [ -96.791542, 32.778422, 0.0 ], [ -96.791611, 32.778365, 0.0 ], [ -96.791633, 32.778366, 0.0 ], [ -96.791634, 32.778366, 0.0 ], [ -96.791662, 32.778342, 0.0 ], [ -96.79165, 32.778332, 0.0 ], [ -96.791604, 32.778294, 0.0 ], [ -96.791611, 32.778288, 0.0 ], [ -96.791688, 32.778352, 0.0 ], [ -96.791729, 32.778386, 0.0 ] ] ] } },
{ "type": "Feature", "properties": { "dcad_account": "00000197545000000", "address": "4125 FAIRMOUNT ST", "property_name": "FLAMINGO LIQUOR STORE", "owner": "WALIZADA MOHAMMAD S &", "group": "building", "where": "North of Woodall Rodgers", "acres": 0.122, "land_value": 450250, "improvement_value": 74450, "land_psf": 85.0, "improvement_to_land": 0.16, "deed_date": "12/03/2002", "feet_to_klyde_warren": 7962.0, "street_view": "https://www.google.com/maps/@?api=1&map_action=pano&viewpoint=32.807853,-96.816860" }, "geometry": { "type": "Polygon", "coordinates": [ [ [ -96.816805, 32.807999, 0.0 ], [ -96.816681, 32.807898, 0.0 ], [ -96.816915, 32.807707, 0.0 ], [ -96.817039, 32.807808, 0.0 ], [ -96.816805, 32.807999, 0.0 ] ] ] } },
{ "type": "Feature", "properties": { "dcad_account": "00000149536000000", "address": "2824 SHELBY AVE", "property_name": "US POST OFFICE PAVED PARKING", "owner": "U S POSTAL SERVICE", "group": "vacant", "where": "North of Woodall Rodgers", "acres": 0.138, "land_value": 450000, "improvement_value": 0, "land_psf": 75.05, "improvement_to_land": 0.0, "deed_date": "", "feet_to_klyde_warren": 7070.0, "street_view": "https://www.google.com/maps/@?api=1&map_action=pano&viewpoint=32.808324,-96.810765" }, "geometry": { "type": "Polygon", "coordinates": [ [ [ -96.810566, 32.808257, 0.0 ], [ -96.810683, 32.808162, 0.0 ], [ -96.810965, 32.80839, 0.0 ], [ -96.810848, 32.808486, 0.0 ], [ -96.810836, 32.808476, 0.0 ], [ -96.810566, 32.808257, 0.0 ] ] ] } },
{ "type": "Feature", "properties": { "dcad_account": "00000149584000000", "address": "2630 SHELBY AVE", "property_name": "", "owner": "OAK LAWN PARTNERS LP", "group": "building", "where": "North of Woodall Rodgers", "acres": 0.144, "land_value": 450000, "improvement_value": 208950, "land_psf": 71.84, "improvement_to_land": 0.46, "deed_date": "11/18/2019", "feet_to_klyde_warren": 6826.0, "street_view": "https://www.google.com/maps/@?api=1&map_action=pano&viewpoint=32.806511,-96.812940" }, "geometry": { "type": "Polygon", "coordinates": [ [ [ -96.813138, 32.806577, 0.0 ], [ -96.813017, 32.806676, 0.0 ], [ -96.812741, 32.806444, 0.0 ], [ -96.812863, 32.806342, 0.0 ], [ -96.813138, 32.806577, 0.0 ] ] ] } },
{ "type": "Feature", "properties": { "dcad_account": "00000101200000000", "address": "817 BROWDER ST", "property_name": "ALLRIGHT PARKING", "owner": "CANTON CADIZ PHASE 1 LLC", "group": "parking", "where": "Downtown", "acres": 0.25, "land_value": 448000, "improvement_value": 0, "land_psf": 41.06, "improvement_to_land": 0.0, "deed_date": "12/02/2016", "feet_to_klyde_warren": 5367.0, "street_view": "https://www.google.com/maps/@?api=1&map_action=pano&viewpoint=32.774470,-96.795707" }, "geometry": { "type": "Polygon", "coordinates": [ [ [ -96.795672, 32.774657, 0.0 ], [ -96.795656, 32.774671, 0.0 ], [ -96.79547, 32.774514, 0.0 ], [ -96.795773, 32.77425, 0.0 ], [ -96.795962, 32.774411, 0.0 ], [ -96.795946, 32.774425, 0.0 ], [ -96.795672, 32.774657, 0.0 ] ] ] } },
{ "type": "Feature", "properties": { "dcad_account": "00000107725000000", "address": "611 S HOUSTON ST", "property_name": "VACANT", "owner": "HUNT REUNION HOLDINGS INC", "group": "parking", "where": "Downtown", "acres": 0.504, "land_value": 438260, "improvement_value": 0, "land_psf": 19.96, "improvement_to_land": 0.0, "deed_date": "12/30/1997", "feet_to_klyde_warren": 5018.0, "street_view": "https://www.google.com/maps/@?api=1&map_action=pano&viewpoint=32.774666,-96.806897" }, "geometry": { "type": "Polygon", "coordinates": [ [ [ -96.806654, 32.77444, 0.0 ], [ -96.806812, 32.774407, 0.0 ], [ -96.80697, 32.774374, 0.0 ], [ -96.807286, 32.774308, 0.0 ], [ -96.807329, 32.774438, 0.0 ], [ -96.806803, 32.774892, 0.0 ], [ -96.806654, 32.77444, 0.0 ] ] ] } },
{ "type": "Feature", "properties": { "dcad_account": "00000197542000000", "address": "2510 KNIGHT ST", "property_name": "PARKING", "owner": "4122 MAPLE LLC", "group": "vacant", "where": "North of Woodall Rodgers", "acres": 0.119, "land_value": 436000, "improvement_value": 0, "land_psf": 83.78, "improvement_to_land": 0.0, "deed_date": "01/29/2016", "feet_to_klyde_warren": 7907.0, "street_view": "https://www.google.com/maps/@?api=1&map_action=pano&viewpoint=32.807658,-96.816972" }, "geometry": { "type": "Polygon", "coordinates": [ [ [ -96.816795, 32.807608, 0.0 ], [ -96.816913, 32.807513, 0.0 ], [ -96.817155, 32.807712, 0.0 ], [ -96.817039, 32.807808, 0.0 ], [ -96.816915, 32.807707, 0.0 ], [ -96.816795, 32.807608, 0.0 ] ] ] } },
{ "type": "Feature", "properties": { "dcad_account": "00000149161000000", "address": "2901 REAGAN ST", "property_name": "DUP", "owner": "WEISFELD HERSCHEL ALAN", "group": "building", "where": "North of Woodall Rodgers", "acres": 0.167, "land_value": 435000, "improvement_value": 97600, "land_psf": 59.96, "improvement_to_land": 0.22, "deed_date": "06/29/1993", "feet_to_klyde_warren": 7590.0, "street_view": "https://www.google.com/maps/@?api=1&map_action=pano&viewpoint=32.809463,-96.811935" }, "geometry": { "type": "Polygon", "coordinates": [ [ [ -96.812047, 32.809649, 0.0 ], [ -96.811706, 32.809372, 0.0 ], [ -96.811823, 32.809277, 0.0 ], [ -96.812164, 32.809553, 0.0 ], [ -96.812047, 32.809649, 0.0 ] ] ] } },
{ "type": "Feature", "properties": { "dcad_account": "00000157225000000", "address": "2914 DOUGLAS AVE", "property_name": "", "owner": "MARTINEZ CLAUDIO", "group": "building", "where": "North of Woodall Rodgers", "acres": 0.127, "land_value": 429380, "improvement_value": 121110, "land_psf": 77.83, "improvement_to_land": 0.28, "deed_date": "09/10/1999", "feet_to_klyde_warren": 8565.0, "street_view": "https://www.google.com/maps/@?api=1&map_action=pano&viewpoint=32.811410,-96.814274" }, "geometry": { "type": "Polygon", "coordinates": [ [ [ -96.814085, 32.811347, 0.0 ], [ -96.814191, 32.81125, 0.0 ], [ -96.814463, 32.811473, 0.0 ], [ -96.814348, 32.811563, 0.0 ], [ -96.814085, 32.811347, 0.0 ] ] ] } },
{ "type": "Feature", "properties": { "dcad_account": "00000102874500000", "address": "2101 COMMERCE ST", "property_name": "", "owner": "2 condo or unit accounts", "group": "parking", "where": "Downtown", "acres": 0.105, "land_value": 427500, "improvement_value": 0, "land_psf": 93.65, "improvement_to_land": 0.0, "deed_date": "", "feet_to_klyde_warren": 3914.0, "street_view": "https://www.google.com/maps/@?api=1&map_action=pano&viewpoint=32.781601,-96.792076" }, "geometry": { "type": "Polygon", "coordinates": [ [ [ -96.792035, 32.781476, 0.0 ], [ -96.792121, 32.781458, 0.0 ], [ -96.792188, 32.781697, 0.0 ], [ -96.792101, 32.781716, 0.0 ], [ -96.792026, 32.781732, 0.0 ], [ -96.792022, 32.781718, 0.0 ], [ -96.791964, 32.781505, 0.0 ], [ -96.791961, 32.781492, 0.0 ], [ -96.792035, 32.781476, 0.0 ] ] ] } },
{ "type": "Feature", "properties": { "dcad_account": "00000102880000000", "address": "2106 MAIN ST", "property_name": "(UNOCC/NO FINISH OUT) ALTUS GROUP INC", "owner": "42 DOWNTOWN DALLAS LP", "group": "building", "where": "Downtown", "acres": 0.11, "land_value": 427500, "improvement_value": 122500, "land_psf": 89.55, "improvement_to_land": 0.29, "deed_date": "02/18/2020", "feet_to_klyde_warren": 3864.0, "street_view": "https://www.google.com/maps/@?api=1&map_action=pano&viewpoint=32.781946,-96.791912" }, "geometry": { "type": "Polygon", "coordinates": [ [ [ -96.791941, 32.782059, 0.0 ], [ -96.791859, 32.782077, 0.0 ], [ -96.791797, 32.781851, 0.0 ], [ -96.791793, 32.781837, 0.0 ], [ -96.791962, 32.781801, 0.0 ], [ -96.792027, 32.782041, 0.0 ], [ -96.791941, 32.782059, 0.0 ] ] ] } },
{ "type": "Feature", "properties": { "dcad_account": "00000102886000000", "address": "2114 MAIN ST", "property_name": "PARKING", "owner": "W&K REAL ESTATE LIMITED", "group": "parking", "where": "Downtown", "acres": 0.1, "land_value": 427030, "improvement_value": 0, "land_psf": 98.0, "improvement_to_land": 0.0, "deed_date": "03/11/2022", "feet_to_klyde_warren": 3937.0, "street_view": "https://www.google.com/maps/@?api=1&map_action=pano&viewpoint=32.782024,-96.791512" }, "geometry": { "type": "Polygon", "coordinates": [ [ [ -96.791556, 32.781887, 0.0 ], [ -96.791622, 32.782127, 0.0 ], [ -96.791468, 32.78216, 0.0 ], [ -96.791403, 32.78192, 0.0 ], [ -96.791532, 32.781892, 0.0 ], [ -96.791556, 32.781887, 0.0 ] ] ] } },
{ "type": "Feature", "properties": { "dcad_account": "00000102649000000", "address": "608 S HARWOOD ST", "property_name": "MAJOR DEFFERED MAINT***", "owner": "PUDDINGSTONE PARK LLC", "group": "building", "where": "Downtown", "acres": 0.119, "land_value": 425000, "improvement_value": 1000, "land_psf": 81.95, "improvement_to_land": 0.0, "deed_date": "03/21/2012", "feet_to_klyde_warren": 4831.0, "street_view": "https://www.google.com/maps/@?api=1&map_action=pano&viewpoint=32.778538,-96.791667" }, "geometry": { "type": "Polygon", "coordinates": [ [ [ -96.791694, 32.778416, 0.0 ], [ -96.791721, 32.778392, 0.0 ], [ -96.791729, 32.778386, 0.0 ], [ -96.791836, 32.778487, 0.0 ], [ -96.791619, 32.77869, 0.0 ], [ -96.791494, 32.778588, 0.0 ], [ -96.791694, 32.778416, 0.0 ] ] ] } },
{ "type": "Feature", "properties": { "dcad_account": "00000100648000100", "address": "1302 ELM ST", "property_name": "VACANT PARKING", "owner": "HEADINGTON REALTY & CAPITAL LLC", "group": "parking", "where": "Downtown", "acres": 0.102, "land_value": 422850, "improvement_value": 0, "land_psf": 94.92, "improvement_to_land": 0.0, "deed_date": "06/20/2018", "feet_to_klyde_warren": 2687.0, "street_view": "https://www.google.com/maps/@?api=1&map_action=pano&viewpoint=32.780896,-96.800509" }, "geometry": { "type": "Polygon", "coordinates": [ [ [ -96.80054, 32.780748, 0.0 ], [ -96.800618, 32.781015, 0.0 ], [ -96.800557, 32.781029, 0.0 ], [ -96.800478, 32.781045, 0.0 ], [ -96.8004, 32.780778, 0.0 ], [ -96.800478, 32.780762, 0.0 ], [ -96.80054, 32.780748, 0.0 ] ] ] } },
{ "type": "Feature", "properties": { "dcad_account": "00000149035000000", "address": "4010 CEDAR SPRINGS RD", "property_name": "PAVED PARKING FOR RETAIL", "owner": "BEKSAF LIMITED", "group": "parking", "where": "North of Woodall Rodgers", "acres": 0.155, "land_value": 420000, "improvement_value": 0, "land_psf": 62.24, "improvement_to_land": 0.0, "deed_date": "12/10/1999", "feet_to_klyde_warren": 8182.0, "street_view": "https://www.google.com/maps/@?api=1&map_action=pano&viewpoint=32.811437,-96.811263" }, "geometry": { "type": "Polygon", "coordinates": [ [ [ -96.811044, 32.811522, 0.0 ], [ -96.811365, 32.81126, 0.0 ], [ -96.811483, 32.811352, 0.0 ], [ -96.811162, 32.811614, 0.0 ], [ -96.811044, 32.811522, 0.0 ] ] ] } },
{ "type": "Feature", "properties": { "dcad_account": "00000148735000000", "address": "3109 REAGAN ST", "property_name": "PAVED PARKING FOR RETAIL", "owner": "CEDAR SPRINGS LLC", "group": "parking", "where": "North of Woodall Rodgers", "acres": 0.166, "land_value": 418880, "improvement_value": 0, "land_psf": 57.77, "improvement_to_land": 0.0, "deed_date": "03/28/1995", "feet_to_klyde_warren": 7714.0, "street_view": "https://www.google.com/maps/@?api=1&map_action=pano&viewpoint=32.810621,-96.809849" }, "geometry": { "type": "Polygon", "coordinates": [ [ [ -96.809857, 32.810724, 0.0 ], [ -96.809741, 32.810628, 0.0 ], [ -96.809628, 32.810533, 0.0 ], [ -96.809747, 32.810436, 0.0 ], [ -96.809975, 32.810629, 0.0 ], [ -96.809994, 32.810613, 0.0 ], [ -96.810082, 32.81069, 0.0 ], [ -96.809982, 32.810771, 0.0 ], [ -96.80995, 32.810798, 0.0 ], [ -96.809857, 32.810724, 0.0 ] ] ] } },
{ "type": "Feature", "properties": { "dcad_account": "00000102766000000", "address": "2200 PACIFIC AVE", "property_name": "PARKING", "owner": "OCONNORPACIFIC AVE", "group": "parking", "where": "Downtown", "acres": 0.11, "land_value": 418160, "improvement_value": 0, "land_psf": 87.25, "improvement_to_land": 0.0, "deed_date": "09/16/2025", "feet_to_klyde_warren": 3404.0, "street_view": "https://www.google.com/maps/@?api=1&map_action=pano&viewpoint=32.783444,-96.792285" }, "geometry": { "type": "Polygon", "coordinates": [ [ [ -96.792351, 32.783333, 0.0 ], [ -96.792394, 32.783515, 0.0 ], [ -96.792387, 32.783537, 0.0 ], [ -96.792353, 32.783588, 0.0 ], [ -96.792242, 32.783616, 0.0 ], [ -96.792172, 32.783372, 0.0 ], [ -96.792351, 32.783333, 0.0 ] ] ] } },
{ "type": "Feature", "properties": { "dcad_account": "00000103144200000", "address": "2200 MAIN ST", "property_name": "VACANT LAND", "owner": "GHOST SIGN DEVELOPMENT LLC", "group": "vacant", "where": "Downtown", "acres": 0.1, "land_value": 413820, "improvement_value": 0, "land_psf": 94.95, "improvement_to_land": 0.0, "deed_date": "03/08/2018", "feet_to_klyde_warren": 4054.0, "street_view": "https://www.google.com/maps/@?api=1&map_action=pano&viewpoint=32.782173,-96.790804" }, "geometry": { "type": "Polygon", "coordinates": [ [ [ -96.790692, 32.78207, 0.0 ], [ -96.790772, 32.782055, 0.0 ], [ -96.79085, 32.782039, 0.0 ], [ -96.790914, 32.782275, 0.0 ], [ -96.790836, 32.782291, 0.0 ], [ -96.790759, 32.782307, 0.0 ], [ -96.790692, 32.78207, 0.0 ] ] ] } },
{ "type": "Feature", "properties": { "dcad_account": "00000166474000000", "address": "4302 HARTFORD ST", "property_name": "", "owner": "DOMINGUEZ JUAN JAVIER", "group": "building", "where": "North of Woodall Rodgers", "acres": 0.122, "land_value": 412500, "improvement_value": 103590, "land_psf": 77.61, "improvement_to_land": 0.25, "deed_date": "01/24/2024", "feet_to_klyde_warren": 8699.0, "street_view": "https://www.google.com/maps/@?api=1&map_action=pano&viewpoint=32.811459,-96.814880" }, "geometry": { "type": "Polygon", "coordinates": [ [ [ -96.81493, 32.811316, 0.0 ], [ -96.815059, 32.811418, 0.0 ], [ -96.814832, 32.811603, 0.0 ], [ -96.8147, 32.811499, 0.0 ], [ -96.81493, 32.811316, 0.0 ] ] ] } },
{ "type": "Feature", "properties": { "dcad_account": "00000157297000000", "address": "2731 KNIGHT ST", "property_name": "", "owner": "MCCLAIN CAROLYN", "group": "building", "where": "North of Woodall Rodgers", "acres": 0.12, "land_value": 412500, "improvement_value": 62770, "land_psf": 78.67, "improvement_to_land": 0.15, "deed_date": "10/23/1981", "feet_to_klyde_warren": 8215.0, "street_view": "https://www.google.com/maps/@?api=1&map_action=pano&viewpoint=32.809981,-96.814866" }, "geometry": { "type": "Polygon", "coordinates": [ [ [ -96.81468, 32.809921, 0.0 ], [ -96.814795, 32.80983, 0.0 ], [ -96.815051, 32.81004, 0.0 ], [ -96.814936, 32.810129, 0.0 ], [ -96.81468, 32.809921, 0.0 ] ] ] } },
{ "type": "Feature", "properties": { "dcad_account": "00000166468000000", "address": "2911 DOUGLAS AVE", "property_name": "", "owner": "SAINZ JOSE SACRAMENTO", "group": "vacant", "where": "North of Woodall Rodgers", "acres": 0.138, "land_value": 408750, "improvement_value": 0, "land_psf": 68.08, "improvement_to_land": 0.0, "deed_date": "12/07/2010", "feet_to_klyde_warren": 8721.0, "street_view": "https://www.google.com/maps/@?api=1&map_action=pano&viewpoint=32.811655,-96.814768" }, "geometry": { "type": "Polygon", "coordinates": [ [ [ -96.8147, 32.811499, 0.0 ], [ -96.814832, 32.811603, 0.0 ], [ -96.814963, 32.811707, 0.0 ], [ -96.814836, 32.811809, 0.0 ], [ -96.814705, 32.811707, 0.0 ], [ -96.81457, 32.811602, 0.0 ], [ -96.814699, 32.811499, 0.0 ], [ -96.8147, 32.811499, 0.0 ] ] ] } },
{ "type": "Feature", "properties": { "dcad_account": "00000197548000000", "address": "4121 FAIRMOUNT ST", "property_name": "LAND ONLY", "owner": "RUBY RS LLC", "group": "vacant", "where": "North of Woodall Rodgers", "acres": 0.118, "land_value": 408000, "improvement_value": 0, "land_psf": 79.45, "improvement_to_land": 0.0, "deed_date": "10/01/2018", "feet_to_klyde_warren": 7911.0, "street_view": "https://www.google.com/maps/@?api=1&map_action=pano&viewpoint=32.807753,-96.816738" }, "geometry": { "type": "Polygon", "coordinates": [ [ [ -96.816561, 32.807799, 0.0 ], [ -96.816794, 32.807608, 0.0 ], [ -96.816795, 32.807608, 0.0 ], [ -96.816915, 32.807707, 0.0 ], [ -96.816681, 32.807898, 0.0 ], [ -96.816561, 32.807799, 0.0 ] ] ] } },
{ "type": "Feature", "properties": { "dcad_account": "00000138232000000", "address": "3714 FAIRMOUNT ST", "property_name": "3714  FAIRMOUNT ST", "owner": "OAK LAWN MELROSE LLC", "group": "building", "where": "North of Woodall Rodgers", "acres": 0.11, "land_value": 405450, "improvement_value": 2000, "land_psf": 84.46, "improvement_to_land": 0.0, "deed_date": "07/25/2014", "feet_to_klyde_warren": 6346.0, "street_view": "https://www.google.com/maps/@?api=1&map_action=pano&viewpoint=32.804672,-96.813124" }, "geometry": { "type": "Polygon", "coordinates": [ [ [ -96.813081, 32.804621, 0.0 ], [ -96.813202, 32.804522, 0.0 ], [ -96.813305, 32.80461, 0.0 ], [ -96.813119, 32.804764, 0.0 ], [ -96.813059, 32.804813, 0.0 ], [ -96.812954, 32.804724, 0.0 ], [ -96.813081, 32.804621, 0.0 ] ] ] } },
{ "type": "Feature", "properties": { "dcad_account": "00000101827000000", "address": "1706 WOOD ST", "property_name": "PARKING", "owner": "BELCLAIRE REALTY LTD", "group": "parking", "where": "Downtown", "acres": 0.135, "land_value": 403910, "improvement_value": 0, "land_psf": 68.54, "improvement_to_land": 0.0, "deed_date": "05/22/2024", "feet_to_klyde_warren": 3876.0, "street_view": "https://www.google.com/maps/@?api=1&map_action=pano&viewpoint=32.778959,-96.796071" }, "geometry": { "type": "Polygon", "coordinates": [ [ [ -96.796197, 32.779024, 0.0 ], [ -96.796004, 32.779064, 0.0 ], [ -96.795915, 32.778812, 0.0 ], [ -96.79611, 32.77877, 0.0 ], [ -96.796152, 32.778893, 0.0 ], [ -96.796197, 32.779024, 0.0 ] ] ] } },
{ "type": "Feature", "properties": { "dcad_account": "00000138787000000", "address": "3601 DICKASON AVE", "property_name": "", "owner": "CLARK RICHARD M", "group": "building", "where": "North of Woodall Rodgers", "acres": 0.111, "land_value": 400270, "improvement_value": 82590, "land_psf": 82.5, "improvement_to_land": 0.21, "deed_date": "02/24/1987", "feet_to_klyde_warren": 6209.0, "street_view": "https://www.google.com/maps/@?api=1&map_action=pano&viewpoint=32.806772,-96.807884" }, "geometry": { "type": "Polygon", "coordinates": [ [ [ -96.80771, 32.806861, 0.0 ], [ -96.807917, 32.806683, 0.0 ], [ -96.807895, 32.806665, 0.0 ], [ -96.808021, 32.806565, 0.0 ], [ -96.808108, 32.806644, 0.0 ], [ -96.80778, 32.806917, 0.0 ], [ -96.80771, 32.806861, 0.0 ] ] ] } },
{ "type": "Feature", "properties": { "dcad_account": "00000149296000000", "address": "2701 THROCKMORTON ST", "property_name": "", "owner": "CALVIN COLLEEN Y", "group": "building", "where": "North of Woodall Rodgers", "acres": 0.12, "land_value": 399300, "improvement_value": 152340, "land_psf": 76.56, "improvement_to_land": 0.38, "deed_date": "08/17/2010", "feet_to_klyde_warren": 7745.0, "street_view": "https://www.google.com/maps/@?api=1&map_action=pano&viewpoint=32.808492,-96.814806" }, "geometry": { "type": "Polygon", "coordinates": [ [ [ -96.814893, 32.808656, 0.0 ], [ -96.81462, 32.808413, 0.0 ], [ -96.814717, 32.808336, 0.0 ], [ -96.814999, 32.808571, 0.0 ], [ -96.814893, 32.808656, 0.0 ] ] ] } },
{ "type": "Feature", "properties": { "dcad_account": "00000102829000000", "address": "2206 ELM ST", "property_name": "VACANT LAND", "owner": "42 EADO LP", "group": "parking", "where": "Downtown", "acres": 0.103, "land_value": 393750, "improvement_value": 0, "land_psf": 87.44, "improvement_to_land": 0.0, "deed_date": "02/13/2019", "feet_to_klyde_warren": 3628.0, "street_view": "https://www.google.com/maps/@?api=1&map_action=pano&viewpoint=32.782697,-96.792143" }, "geometry": { "type": "Polygon", "coordinates": [ [ [ -96.792179, 32.782816, 0.0 ], [ -96.7921, 32.782833, 0.0 ], [ -96.792028, 32.782593, 0.0 ], [ -96.792107, 32.782576, 0.0 ], [ -96.792186, 32.782559, 0.0 ], [ -96.792258, 32.7828, 0.0 ], [ -96.792179, 32.782816, 0.0 ] ] ] } },
{ "type": "Feature", "properties": { "dcad_account": "00000102820000000", "address": "2107 MAIN ST", "property_name": "SOUTHWESTERN BLUEPRINT", "owner": "42 DOWNTOWN DALLAS LP", "group": "building", "where": "Downtown", "acres": 0.103, "land_value": 393750, "improvement_value": 53060, "land_psf": 87.5, "improvement_to_land": 0.14, "deed_date": "02/18/2020", "feet_to_klyde_warren": 3734.0, "street_view": "https://www.google.com/maps/@?api=1&map_action=pano&viewpoint=32.782421,-96.791972" }, "geometry": { "type": "Polygon", "coordinates": [ [ [ -96.792012, 32.78254, 0.0 ], [ -96.791934, 32.782556, 0.0 ], [ -96.791929, 32.782557, 0.0 ], [ -96.791858, 32.782317, 0.0 ], [ -96.791862, 32.782317, 0.0 ], [ -96.791941, 32.7823, 0.0 ], [ -96.792016, 32.782284, 0.0 ], [ -96.792087, 32.782524, 0.0 ], [ -96.792012, 32.78254, 0.0 ] ] ] } },
{ "type": "Feature", "properties": { "dcad_account": "00000102841000000", "address": "2216 ELM ST", "property_name": "PARKING LOT", "owner": "42 EADO LP", "group": "parking", "where": "Downtown", "acres": 0.103, "land_value": 393750, "improvement_value": 0, "land_psf": 87.5, "improvement_to_land": 0.0, "deed_date": "04/27/2016", "feet_to_klyde_warren": 3691.0, "street_view": "https://www.google.com/maps/@?api=1&map_action=pano&viewpoint=32.782780,-96.791749" }, "geometry": { "type": "Polygon", "coordinates": [ [ [ -96.791784, 32.7829, 0.0 ], [ -96.791705, 32.782917, 0.0 ], [ -96.791634, 32.782677, 0.0 ], [ -96.791713, 32.78266, 0.0 ], [ -96.791792, 32.782643, 0.0 ], [ -96.791863, 32.782883, 0.0 ], [ -96.791784, 32.7829, 0.0 ] ] ] } },
{ "type": "Feature", "properties": { "dcad_account": "00000149740000000", "address": "3910 MAPLE AVE", "property_name": "PARKING LOT", "owner": "OLD PARKLAND EAST 2 LP", "group": "parking", "where": "North of Woodall Rodgers", "acres": 0.105, "land_value": 382370, "improvement_value": 0, "land_psf": 83.98, "improvement_to_land": 0.0, "deed_date": "10/16/2025", "feet_to_klyde_warren": 6982.0, "street_view": "https://www.google.com/maps/@?api=1&map_action=pano&viewpoint=32.805510,-96.815219" }, "geometry": { "type": "Polygon", "coordinates": [ [ [ -96.815194, 32.805642, 0.0 ], [ -96.815062, 32.805529, 0.0 ], [ -96.815244, 32.805378, 0.0 ], [ -96.815376, 32.805491, 0.0 ], [ -96.815234, 32.805609, 0.0 ], [ -96.815194, 32.805642, 0.0 ] ] ] } },
{ "type": "Feature", "properties": { "dcad_account": "00000107782600000", "address": "855 S GRIFFIN ST", "property_name": "UNBUILDABLE PARCEL", "owner": "CCH LAMAR PARTNERS I LP", "group": "parking", "where": "Downtown", "acres": 0.326, "land_value": 367980, "improvement_value": 0, "land_psf": 25.88, "improvement_to_land": 0.0, "deed_date": "02/28/2008", "feet_to_klyde_warren": 5505.0, "street_view": "https://www.google.com/maps/@?api=1&map_action=pano&viewpoint=32.773021,-96.801204" }, "geometry": { "type": "Polygon", "coordinates": [ [ [ -96.801583, 32.773069, 0.0 ], [ -96.801416, 32.773106, 0.0 ], [ -96.801348, 32.773118, 0.0 ], [ -96.80128, 32.773124, 0.0 ], [ -96.801212, 32.773125, 0.0 ], [ -96.801143, 32.77312, 0.0 ], [ -96.801076, 32.773109, 0.0 ], [ -96.80101, 32.773093, 0.0 ], [ -96.800947, 32.773071, 0.0 ], [ -96.800886, 32.773044, 0.0 ], [ -96.800794, 32.772998, 0.0 ], [ -96.800698, 32.772958, 0.0 ], [ -96.800599, 32.772923, 0.0 ], [ -96.800521, 32.772899, 0.0 ], [ -96.800645, 32.772919, 0.0 ], [ -96.80077, 32.772934, 0.0 ], [ -96.800896, 32.772943, 0.0 ], [ -96.801023, 32.772947, 0.0 ], [ -96.801149, 32.772945, 0.0 ], [ -96.801275, 32.772938, 0.0 ], [ -96.801401, 32.772926, 0.0 ], [ -96.801534, 32.772907, 0.0 ], [ -96.801583, 32.773069, 0.0 ] ] ] } },
{ "type": "Feature", "properties": { "dcad_account": "00000108922300200", "address": "703 SPORTS ST", "property_name": "PARKING", "owner": "HUNT REUNION HOLDINGS INC", "group": "parking", "where": "Downtown", "acres": 0.104, "land_value": 363120, "improvement_value": 0, "land_psf": 79.96, "improvement_to_land": 0.0, "deed_date": "12/30/1997", "feet_to_klyde_warren": 6025.0, "street_view": "https://www.google.com/maps/@?api=1&map_action=pano&viewpoint=32.772538,-96.809485" }, "geometry": { "type": "Polygon", "coordinates": [ [ [ -96.809818, 32.772467, 0.0 ], [ -96.809829, 32.772525, 0.0 ], [ -96.809144, 32.772611, 0.0 ], [ -96.809142, 32.772552, 0.0 ], [ -96.809818, 32.772467, 0.0 ] ] ] } },
{ "type": "Feature", "properties": { "dcad_account": "00000101197000000", "address": "801 BROWDER ST", "property_name": "P STAR PARKING", "owner": "CANTON CADIZ PHASE 1 LLC", "group": "parking", "where": "Downtown", "acres": 0.187, "land_value": 363000, "improvement_value": 0, "land_psf": 44.55, "improvement_to_land": 0.0, "deed_date": "12/02/2016", "feet_to_klyde_warren": 5203.0, "street_view": "https://www.google.com/maps/@?api=1&map_action=pano&viewpoint=32.774818,-96.796151" }, "geometry": { "type": "Polygon", "coordinates": [ [ [ -96.795921, 32.774895, 0.0 ], [ -96.795936, 32.774881, 0.0 ], [ -96.796225, 32.774635, 0.0 ], [ -96.796365, 32.774755, 0.0 ], [ -96.796063, 32.775014, 0.0 ], [ -96.795921, 32.774895, 0.0 ] ] ] } },
{ "type": "Feature", "properties": { "dcad_account": "00000166384000000", "address": "4342 CONGRESS AVE", "property_name": "4342  CONGRESS AVE", "owner": "NGUYEN TRUMAN & MAI TRAN", "group": "building", "where": "North of Woodall Rodgers", "acres": 0.192, "land_value": 346500, "improvement_value": 45560, "land_psf": 41.52, "improvement_to_land": 0.13, "deed_date": "09/27/2010", "feet_to_klyde_warren": 9094.0, "street_view": "https://www.google.com/maps/@?api=1&map_action=pano&viewpoint=32.811732,-96.816837" }, "geometry": { "type": "Polygon", "coordinates": [ [ [ -96.816958, 32.811532, 0.0 ], [ -96.81709, 32.811635, 0.0 ], [ -96.817074, 32.811648, 0.0 ], [ -96.81675, 32.811906, 0.0 ], [ -96.816733, 32.811919, 0.0 ], [ -96.816599, 32.811817, 0.0 ], [ -96.816958, 32.811532, 0.0 ] ] ] } },
{ "type": "Feature", "properties": { "dcad_account": "00006300070000100", "address": "300 N HOUSTON ST", "property_name": "PAVED PARKING", "owner": "CORDOVAN VENTURERS", "group": "parking", "where": "Downtown", "acres": 0.117, "land_value": 340000, "improvement_value": 0, "land_psf": 66.84, "improvement_to_land": 0.0, "deed_date": "10/01/2007", "feet_to_klyde_warren": 3155.0, "street_view": "https://www.google.com/maps/@?api=1&map_action=pano&viewpoint=32.781574,-96.809621" }, "geometry": { "type": "Polygon", "coordinates": [ [ [ -96.809543, 32.781204, 0.0 ], [ -96.809659, 32.781601, 0.0 ], [ -96.809761, 32.781948, 0.0 ], [ -96.80971, 32.781979, 0.0 ], [ -96.809583, 32.781547, 0.0 ], [ -96.809486, 32.781216, 0.0 ], [ -96.809543, 32.781204, 0.0 ] ] ] } },
{ "type": "Feature", "properties": { "dcad_account": "00000138367000000", "address": "3601 BROWN ST", "property_name": "", "owner": "PATTERSON GRAHAM & 100", "group": "building", "where": "North of Woodall Rodgers", "acres": 0.104, "land_value": 338300, "improvement_value": 138830, "land_psf": 74.92, "improvement_to_land": 0.41, "deed_date": "06/17/2026", "feet_to_klyde_warren": 5863.0, "street_view": "https://www.google.com/maps/@?api=1&map_action=pano&viewpoint=32.804504,-96.810655" }, "geometry": { "type": "Polygon", "coordinates": [ [ [ -96.810614, 32.804639, 0.0 ], [ -96.810495, 32.804537, 0.0 ], [ -96.810697, 32.804369, 0.0 ], [ -96.810815, 32.804471, 0.0 ], [ -96.810614, 32.804639, 0.0 ] ] ] } },
{ "type": "Feature", "properties": { "dcad_account": "00000102082000000", "address": "1808 CANTON ST", "property_name": "(9,690 SQFT ECU) 1808  CANTON ST", "owner": "CANTON CADIZ PHASE I LLC", "group": "building", "where": "Downtown", "acres": 0.152, "land_value": 336500, "improvement_value": 69520, "land_psf": 50.72, "improvement_to_land": 0.21, "deed_date": "11/05/2018", "feet_to_klyde_warren": 4894.0, "street_view": "https://www.google.com/maps/@?api=1&map_action=pano&viewpoint=32.776998,-96.793377" }, "geometry": { "type": "Polygon", "coordinates": [ [ [ -96.793475, 32.777176, 0.0 ], [ -96.793167, 32.776918, 0.0 ], [ -96.79318, 32.776908, 0.0 ], [ -96.793279, 32.77682, 0.0 ], [ -96.793588, 32.777077, 0.0 ], [ -96.793475, 32.777176, 0.0 ] ] ] } },
{ "type": "Feature", "properties": { "dcad_account": "00000102109000000", "address": "1811 CADIZ ST", "property_name": "PARKING AREA", "owner": "CANTON CADIZ PHASE I LLC", "group": "parking", "where": "Downtown", "acres": 0.154, "land_value": 332100, "improvement_value": 0, "land_psf": 49.44, "improvement_to_land": 0.0, "deed_date": "11/05/2018", "feet_to_klyde_warren": 5018.0, "street_view": "https://www.google.com/maps/@?api=1&map_action=pano&viewpoint=32.776825,-96.792967" }, "geometry": { "type": "Polygon", "coordinates": [ [ [ -96.792869, 32.776645, 0.0 ], [ -96.79318, 32.776908, 0.0 ], [ -96.793167, 32.776918, 0.0 ], [ -96.793066, 32.777003, 0.0 ], [ -96.79306, 32.776998, 0.0 ], [ -96.792753, 32.776742, 0.0 ], [ -96.792869, 32.776645, 0.0 ] ] ] } },
{ "type": "Feature", "properties": { "dcad_account": "00000101191000000", "address": "807 BROWDER ST", "property_name": "ALLRIGHT PARKING", "owner": "CANTON CADIZ PHASE 1 LLC", "group": "parking", "where": "Downtown", "acres": 0.181, "land_value": 331760, "improvement_value": 0, "land_psf": 42.17, "improvement_to_land": 0.0, "deed_date": "12/02/2016", "feet_to_klyde_warren": 5260.0, "street_view": "https://www.google.com/maps/@?api=1&map_action=pano&viewpoint=32.774709,-96.796006" }, "geometry": { "type": "Polygon", "coordinates": [ [ [ -96.795789, 32.774783, 0.0 ], [ -96.796057, 32.774548, 0.0 ], [ -96.79604, 32.774534, 0.0 ], [ -96.796072, 32.774505, 0.0 ], [ -96.796089, 32.77452, 0.0 ], [ -96.796225, 32.774635, 0.0 ], [ -96.795936, 32.774881, 0.0 ], [ -96.795921, 32.774895, 0.0 ], [ -96.795789, 32.774783, 0.0 ] ] ] } },
{ "type": "Feature", "properties": { "dcad_account": "001224000O07A0100", "address": "3811 RAWLINS ST", "property_name": "VACANT LAND", "owner": "3811 RAWLINS LLC", "group": "vacant", "where": "North of Woodall Rodgers", "acres": 0.125, "land_value": 327180, "improvement_value": 0, "land_psf": 60.08, "improvement_to_land": 0.0, "deed_date": "07/10/2009", "feet_to_klyde_warren": 7721.0, "street_view": "https://www.google.com/maps/@?api=1&map_action=pano&viewpoint=32.811265,-96.807350" }, "geometry": { "type": "Polygon", "coordinates": [ [ [ -96.80726, 32.811385, 0.0 ], [ -96.80717, 32.811304, 0.0 ], [ -96.807407, 32.811115, 0.0 ], [ -96.807531, 32.811226, 0.0 ], [ -96.807329, 32.811386, 0.0 ], [ -96.80726, 32.811385, 0.0 ] ] ] } },
{ "type": "Feature", "properties": { "dcad_account": "00000101821000000", "address": "404 S ERVAY ST", "property_name": "PARKING", "owner": "RP DOWNTOWN PARKING PPTIES LP", "group": "parking", "where": "Downtown", "acres": 0.109, "land_value": 325000, "improvement_value": 0, "land_psf": 68.65, "improvement_to_land": 0.0, "deed_date": "01/30/2018", "feet_to_klyde_warren": 3898.0, "street_view": "https://www.google.com/maps/@?api=1&map_action=pano&viewpoint=32.778797,-96.796291" }, "geometry": { "type": "Polygon", "coordinates": [ [ [ -96.796168, 32.778889, 0.0 ], [ -96.796152, 32.778893, 0.0 ], [ -96.79611, 32.77877, 0.0 ], [ -96.796429, 32.778699, 0.0 ], [ -96.796471, 32.778823, 0.0 ], [ -96.796168, 32.778889, 0.0 ] ] ] } },
{ "type": "Feature", "properties": { "dcad_account": "00008350000030000", "address": "809 BROWDER ST", "property_name": "ALLRIGHT PARKING", "owner": "CANTON CADIZ PHASE 1 LLC", "group": "parking", "where": "Downtown", "acres": 0.171, "land_value": 308400, "improvement_value": 0, "land_psf": 41.42, "improvement_to_land": 0.0, "deed_date": "12/02/2016", "feet_to_klyde_warren": 5313.0, "street_view": "https://www.google.com/maps/@?api=1&map_action=pano&viewpoint=32.774603,-96.795866" }, "geometry": { "type": "Polygon", "coordinates": [ [ [ -96.795656, 32.774671, 0.0 ], [ -96.795672, 32.774657, 0.0 ], [ -96.795946, 32.774425, 0.0 ], [ -96.795962, 32.774411, 0.0 ], [ -96.796072, 32.774505, 0.0 ], [ -96.79604, 32.774534, 0.0 ], [ -96.796057, 32.774548, 0.0 ], [ -96.795789, 32.774783, 0.0 ], [ -96.795656, 32.774671, 0.0 ] ] ] } },
{ "type": "Feature", "properties": { "dcad_account": "00000103543000000", "address": "496 S GOOD LATIMER EXPY", "property_name": "LAND ONLY", "owner": "B & G WAREHOUSE SERVICES INC", "group": "vacant", "where": "Downtown", "acres": 0.15, "land_value": 305690, "improvement_value": 0, "land_psf": 46.76, "improvement_to_land": 0.0, "deed_date": "10/09/2008", "feet_to_klyde_warren": 5515.0, "street_view": "https://www.google.com/maps/@?api=1&map_action=pano&viewpoint=32.780966,-96.785643" }, "geometry": { "type": "Polygon", "coordinates": [ [ [ -96.785808, 32.781079, 0.0 ], [ -96.785807, 32.781109, 0.0 ], [ -96.785808, 32.781123, 0.0 ], [ -96.785792, 32.781117, 0.0 ], [ -96.785717, 32.781092, 0.0 ], [ -96.785577, 32.781044, 0.0 ], [ -96.785474, 32.781009, 0.0 ], [ -96.785436, 32.780996, 0.0 ], [ -96.785741, 32.780817, 0.0 ], [ -96.785758, 32.780808, 0.0 ], [ -96.785762, 32.780821, 0.0 ], [ -96.785768, 32.780839, 0.0 ], [ -96.785771, 32.780849, 0.0 ], [ -96.785784, 32.780894, 0.0 ], [ -96.785793, 32.780939, 0.0 ], [ -96.785795, 32.780948, 0.0 ], [ -96.785801, 32.780984, 0.0 ], [ -96.785805, 32.78103, 0.0 ], [ -96.785808, 32.781076, 0.0 ], [ -96.785808, 32.781079, 0.0 ] ] ] } },
{ "type": "Feature", "properties": { "dcad_account": "00000101206000000", "address": "1404 CANTON ST", "property_name": "P STAR PARKING", "owner": "CANTON CADIZ PHASE 1 LLC", "group": "parking", "where": "Downtown", "acres": 0.169, "land_value": 302680, "improvement_value": 0, "land_psf": 41.2, "improvement_to_land": 0.0, "deed_date": "12/02/2016", "feet_to_klyde_warren": 5262.0, "street_view": "https://www.google.com/maps/@?api=1&map_action=pano&viewpoint=32.774554,-96.796457" }, "geometry": { "type": "Polygon", "coordinates": [ [ [ -96.796528, 32.774369, 0.0 ], [ -96.796663, 32.774496, 0.0 ], [ -96.796392, 32.774729, 0.0 ], [ -96.796253, 32.774612, 0.0 ], [ -96.796528, 32.774369, 0.0 ] ] ] } },
{ "type": "Feature", "properties": { "dcad_account": "00000102277000000", "address": "1913 CADIZ ST", "property_name": "POTTERY SALES", "owner": "AMIGOS POTTERY INC", "group": "building", "where": "Downtown", "acres": 0.136, "land_value": 292600, "improvement_value": 1000, "land_psf": 49.49, "improvement_to_land": 0.0, "deed_date": "09/04/2009", "feet_to_klyde_warren": 4973.0, "street_view": "https://www.google.com/maps/@?api=1&map_action=pano&viewpoint=32.777616,-96.792033" }, "geometry": { "type": "Polygon", "coordinates": [ [ [ -96.791823, 32.777538, 0.0 ], [ -96.791937, 32.77744, 0.0 ], [ -96.791954, 32.777454, 0.0 ], [ -96.792244, 32.777694, 0.0 ], [ -96.792065, 32.777739, 0.0 ], [ -96.791823, 32.777538, 0.0 ] ] ] } },
{ "type": "Feature", "properties": { "dcad_account": "00000102106000000", "address": "1809 CADIZ ST", "property_name": "PARKING", "owner": "CANTON CADIZ PHASE I LLC", "group": "parking", "where": "Downtown", "acres": 0.136, "land_value": 292050, "improvement_value": 0, "land_psf": 49.29, "improvement_to_land": 0.0, "deed_date": "11/05/2018", "feet_to_klyde_warren": 5026.0, "street_view": "https://www.google.com/maps/@?api=1&map_action=pano&viewpoint=32.776733,-96.793074" }, "geometry": { "type": "Polygon", "coordinates": [ [ [ -96.79297, 32.776559, 0.0 ], [ -96.793279, 32.77682, 0.0 ], [ -96.79318, 32.776908, 0.0 ], [ -96.792869, 32.776645, 0.0 ], [ -96.79297, 32.776559, 0.0 ] ] ] } },
{ "type": "Feature", "properties": { "dcad_account": "00000102064000000", "address": "1800 YOUNG ST", "property_name": "PARKING", "owner": "EVERGREEN DALLAS HOSPITALITY LP", "group": "parking", "where": "Downtown", "acres": 0.115, "land_value": 265000, "improvement_value": 0, "land_psf": 52.86, "improvement_to_land": 0.0, "deed_date": "06/26/2024", "feet_to_klyde_warren": 4346.0, "street_view": "https://www.google.com/maps/@?api=1&map_action=pano&viewpoint=32.778069,-96.794771" }, "geometry": { "type": "Polygon", "coordinates": [ [ [ -96.794895, 32.778185, 0.0 ], [ -96.794738, 32.778218, 0.0 ], [ -96.794647, 32.777952, 0.0 ], [ -96.794804, 32.777918, 0.0 ], [ -96.794895, 32.778185, 0.0 ] ] ] } },
{ "type": "Feature", "properties": { "dcad_account": "00000101203000000", "address": "808 S AKARD ST", "property_name": "P STAR PARKING", "owner": "CANTON CADIZ PHASE 1 LLC", "group": "parking", "where": "Downtown", "acres": 0.142, "land_value": 247160, "improvement_value": 0, "land_psf": 39.95, "improvement_to_land": 0.0, "deed_date": "12/02/2016", "feet_to_klyde_warren": 5317.0, "street_view": "https://www.google.com/maps/@?api=1&map_action=pano&viewpoint=32.774441,-96.796333" }, "geometry": { "type": "Polygon", "coordinates": [ [ [ -96.796421, 32.774268, 0.0 ], [ -96.796528, 32.774369, 0.0 ], [ -96.796253, 32.774612, 0.0 ], [ -96.796136, 32.774513, 0.0 ], [ -96.796421, 32.774268, 0.0 ] ] ] } },
{ "type": "Feature", "properties": { "dcad_account": "00000137724100200", "address": "3303 HARRY HINES BLVD", "property_name": "COORS WATERFALL BILLBOARD", "owner": "CLEAR CHANNEL OUTDOOR INC", "group": "vacant", "where": "North of Woodall Rodgers", "acres": 0.114, "land_value": 244770, "improvement_value": 0, "land_psf": 49.4, "improvement_to_land": 0.0, "deed_date": "08/02/2007", "feet_to_klyde_warren": 4457.0, "street_view": "https://www.google.com/maps/@?api=1&map_action=pano&viewpoint=32.796777,-96.814094" }, "geometry": { "type": "Polygon", "coordinates": [ [ [ -96.81413, 32.797007, 0.0 ], [ -96.814078, 32.796872, 0.0 ], [ -96.814029, 32.796737, 0.0 ], [ -96.813972, 32.796571, 0.0 ], [ -96.814066, 32.796549, 0.0 ], [ -96.814111, 32.796683, 0.0 ], [ -96.81416, 32.796817, 0.0 ], [ -96.814223, 32.79698, 0.0 ], [ -96.81413, 32.797007, 0.0 ] ] ] } },
{ "type": "Feature", "properties": { "dcad_account": "00000149101000000", "address": "3918 DICKASON AVE", "property_name": "RESTRICTED PARKING", "owner": "CEDAR SPRINGS IV LLC", "group": "parking", "where": "North of Woodall Rodgers", "acres": 0.184, "land_value": 241200, "improvement_value": 0, "land_psf": 30.08, "improvement_to_land": 0.0, "deed_date": "03/20/2020", "feet_to_klyde_warren": 7577.0, "street_view": "https://www.google.com/maps/@?api=1&map_action=pano&viewpoint=32.809790,-96.810828" }, "geometry": { "type": "Polygon", "coordinates": [ [ [ -96.810911, 32.80961, 0.0 ], [ -96.811059, 32.809718, 0.0 ], [ -96.810741, 32.809974, 0.0 ], [ -96.810597, 32.809862, 0.0 ], [ -96.810911, 32.80961, 0.0 ] ] ] } },
{ "type": "Feature", "properties": { "dcad_account": "00000102257000000", "address": "601 S HARWOOD ST", "property_name": "PARKING", "owner": "AMIGOS POTTERY INC", "group": "vacant", "where": "Downtown", "acres": 0.109, "land_value": 222210, "improvement_value": 0, "land_psf": 46.69, "improvement_to_land": 0.0, "deed_date": "12/31/2012", "feet_to_klyde_warren": 4825.0, "street_view": "https://www.google.com/maps/@?api=1&map_action=pano&viewpoint=32.778188,-96.792085" }, "geometry": { "type": "Polygon", "coordinates": [ [ [ -96.792073, 32.778061, 0.0 ], [ -96.792238, 32.778198, 0.0 ], [ -96.792254, 32.778211, 0.0 ], [ -96.792114, 32.778329, 0.0 ], [ -96.791931, 32.778178, 0.0 ], [ -96.792073, 32.778061, 0.0 ] ] ] } },
{ "type": "Feature", "properties": { "dcad_account": "CONDO00C6260CONDO", "address": "3500 ROUTH ST", "property_name": "", "owner": "", "group": "building", "where": "North of Woodall Rodgers", "acres": 0.383, "land_value": 217720, "improvement_value": 4580, "land_psf": 13.04, "improvement_to_land": 0.02, "deed_date": "", "feet_to_klyde_warren": 5339.0, "street_view": "https://www.google.com/maps/@?api=1&map_action=pano&viewpoint=32.803366,-96.809794" }, "geometry": { "type": "Polygon", "coordinates": [ [ [ -96.809591, 32.803539, 0.0 ], [ -96.809474, 32.803438, 0.0 ], [ -96.809853, 32.803119, 0.0 ], [ -96.80997, 32.803219, 0.0 ], [ -96.810085, 32.803318, 0.0 ], [ -96.809972, 32.803413, 0.0 ], [ -96.809875, 32.803495, 0.0 ], [ -96.809786, 32.80357, 0.0 ], [ -96.809706, 32.803637, 0.0 ], [ -96.809591, 32.803539, 0.0 ] ] ] } },
{ "type": "Feature", "properties": { "dcad_account": "00000102070000000", "address": "700 N ST PAUL ST", "property_name": "PARKING", "owner": "SMITH JOHN SCOTT", "group": "vacant", "where": "Downtown", "acres": 0.117, "land_value": 130000, "improvement_value": 0, "land_psf": 25.4, "improvement_to_land": 0.0, "deed_date": "11/12/1991", "feet_to_klyde_warren": 4741.0, "street_view": "https://www.google.com/maps/@?api=1&map_action=pano&viewpoint=32.777203,-96.794013" }, "geometry": { "type": "Polygon", "coordinates": [ [ [ -96.793821, 32.777139, 0.0 ], [ -96.793931, 32.777044, 0.0 ], [ -96.794209, 32.777267, 0.0 ], [ -96.794023, 32.77731, 0.0 ], [ -96.793821, 32.777139, 0.0 ] ] ] } },
{ "type": "Feature", "properties": { "dcad_account": "000977000A01C0000", "address": "3700 MCKINNEY AVE", "property_name": "VACANT (OPEN SPACE EASEMENT)", "owner": "BLACKBURN CENTRAL", "group": "vacant", "where": "North of Woodall Rodgers", "acres": 0.102, "land_value": 10000, "improvement_value": 0, "land_psf": 2.25, "improvement_to_land": 0.0, "deed_date": "07/21/2005", "feet_to_klyde_warren": 6621.0, "street_view": "https://www.google.com/maps/@?api=1&map_action=pano&viewpoint=32.808475,-96.795809" }, "geometry": { "type": "Polygon", "coordinates": [ [ [ -96.79556, 32.808369, 0.0 ], [ -96.795606, 32.808375, 0.0 ], [ -96.795652, 32.808382, 0.0 ], [ -96.795653, 32.808382, 0.0 ], [ -96.795698, 32.808392, 0.0 ], [ -96.795743, 32.808403, 0.0 ], [ -96.795787, 32.808416, 0.0 ], [ -96.795831, 32.808431, 0.0 ], [ -96.795873, 32.808447, 0.0 ], [ -96.795915, 32.808465, 0.0 ], [ -96.795956, 32.808485, 0.0 ], [ -96.795995, 32.808507, 0.0 ], [ -96.79593, 32.80856, 0.0 ], [ -96.795907, 32.808579, 0.0 ], [ -96.795803, 32.808578, 0.0 ], [ -96.79556, 32.808369, 0.0 ] ] ] } },
{ "type": "Feature", "properties": { "dcad_account": "000403000301A0000", "address": "2100 VICTORY AVE", "property_name": "VICTORY PARK", "owner": "ANLAND NORTH COMMERCIAL LP", "group": "vacant", "where": "North of Woodall Rodgers", "acres": 0.702, "land_value": 10000, "improvement_value": 0, "land_psf": 0.33, "improvement_to_land": 0.0, "deed_date": "02/06/2002", "feet_to_klyde_warren": 2165.0, "street_view": "https://www.google.com/maps/@?api=1&map_action=pano&viewpoint=32.785707,-96.809652" }, "geometry": { "type": "Polygon", "coordinates": [ [ [ -96.809437, 32.786186, 0.0 ], [ -96.809431, 32.786186, 0.0 ], [ -96.809423, 32.786186, 0.0 ], [ -96.809414, 32.786184, 0.0 ], [ -96.809407, 32.78618, 0.0 ], [ -96.8094, 32.786176, 0.0 ], [ -96.809394, 32.786171, 0.0 ], [ -96.80939, 32.786165, 0.0 ], [ -96.809386, 32.786159, 0.0 ], [ -96.809384, 32.786152, 0.0 ], [ -96.809383, 32.786145, 0.0 ], [ -96.809384, 32.786138, 0.0 ], [ -96.809524, 32.785489, 0.0 ], [ -96.809528, 32.78548, 0.0 ], [ -96.809534, 32.785472, 0.0 ], [ -96.809541, 32.785465, 0.0 ], [ -96.80955, 32.785459, 0.0 ], [ -96.80956, 32.785454, 0.0 ], [ -96.80957, 32.785451, 0.0 ], [ -96.809692, 32.785425, 0.0 ], [ -96.809699, 32.785423, 0.0 ], [ -96.809707, 32.785423, 0.0 ], [ -96.809715, 32.785424, 0.0 ], [ -96.809722, 32.785426, 0.0 ], [ -96.809729, 32.785429, 0.0 ], [ -96.809735, 32.785433, 0.0 ], [ -96.809741, 32.785437, 0.0 ], [ -96.809745, 32.785442, 0.0 ], [ -96.809749, 32.785448, 0.0 ], [ -96.809751, 32.785454, 0.0 ], [ -96.809892, 32.785924, 0.0 ], [ -96.809859, 32.78598, 0.0 ], [ -96.809838, 32.786151, 0.0 ], [ -96.809437, 32.786186, 0.0 ] ] ] } },
{ "type": "Feature", "properties": { "dcad_account": "00ROCKISLANDRT970", "address": "1900 OAK LAWN AVE", "property_name": "RAILROAD", "owner": "DART & FT WORTH TRANSP AUTH", "group": "vacant", "where": "North of Woodall Rodgers", "acres": 0.326, "land_value": 7965, "improvement_value": 0, "land_psf": 0.56, "improvement_to_land": 0.0, "deed_date": "12/29/1999", "feet_to_klyde_warren": 2929.0, "street_view": "https://www.google.com/maps/@?api=1&map_action=pano&viewpoint=32.783654,-96.810855" }, "geometry": { "type": "Polygon", "coordinates": [ [ [ -96.810816, 32.783266, 0.0 ], [ -96.811032, 32.784042, 0.0 ], [ -96.811052, 32.784114, 0.0 ], [ -96.810926, 32.784142, 0.0 ], [ -96.810905, 32.784067, 0.0 ], [ -96.810649, 32.783172, 0.0 ], [ -96.810703, 32.783189, 0.0 ], [ -96.810756, 32.783209, 0.0 ], [ -96.810806, 32.783232, 0.0 ], [ -96.810816, 32.783266, 0.0 ] ] ] } },
{ "type": "Feature", "properties": { "dcad_account": "00000113530000000", "address": "2712 STATE ST", "property_name": "SHARED PARK BETWEEN TOWNHOMES/CONDOS", "owner": "BELVEDERE CONDOMINIUMS AT", "group": "vacant", "where": "North of Woodall Rodgers", "acres": 0.158, "land_value": 6900, "improvement_value": 0, "land_psf": 1.0, "improvement_to_land": 0.0, "deed_date": "04/14/2003", "feet_to_klyde_warren": 1993.0, "street_view": "https://www.google.com/maps/@?api=1&map_action=pano&viewpoint=32.796112,-96.798914" }, "geometry": { "type": "Polygon", "coordinates": [ [ [ -96.798817, 32.795936, 0.0 ], [ -96.799088, 32.796173, 0.0 ], [ -96.799156, 32.796233, 0.0 ], [ -96.799049, 32.796321, 0.0 ], [ -96.798981, 32.796261, 0.0 ], [ -96.798932, 32.796219, 0.0 ], [ -96.798883, 32.796176, 0.0 ], [ -96.798834, 32.796133, 0.0 ], [ -96.798785, 32.796091, 0.0 ], [ -96.798709, 32.796024, 0.0 ], [ -96.798817, 32.795936, 0.0 ] ] ] } },
{ "type": "Feature", "properties": { "dcad_account": "00094800030010000", "address": "2510 CEDAR SPRINGS RD", "property_name": "DRIVE & ACCESS AGREED JUDGMENT", "owner": "CRESCENT REAL ESTATE", "group": "vacant", "where": "North of Woodall Rodgers", "acres": 0.2, "land_value": 1000, "improvement_value": 0, "land_psf": 0.11, "improvement_to_land": 0.0, "deed_date": "10/07/1997", "feet_to_klyde_warren": 1127.0, "street_view": "https://www.google.com/maps/@?api=1&map_action=pano&viewpoint=32.792547,-96.804374" }, "geometry": { "type": "Polygon", "coordinates": [ [ [ -96.80436, 32.792958, 0.0 ], [ -96.804321, 32.791937, 0.0 ], [ -96.804378, 32.791943, 0.0 ], [ -96.804535, 32.791962, 0.0 ], [ -96.804529, 32.791989, 0.0 ], [ -96.804526, 32.791998, 0.0 ], [ -96.804521, 32.792007, 0.0 ], [ -96.804515, 32.792015, 0.0 ], [ -96.804387, 32.792142, 0.0 ], [ -96.804421, 32.792952, 0.0 ], [ -96.80436, 32.792958, 0.0 ] ] ] } },
{ "type": "Feature", "properties": { "dcad_account": "000995000A0000A00", "address": "2800 PARK BRIDGE CT", "property_name": "", "owner": "TURTLE CREEK CIR HOA", "group": "vacant", "where": "North of Woodall Rodgers", "acres": 0.799, "land_value": 100, "improvement_value": 0, "land_psf": 0.0, "improvement_to_land": 0.0, "deed_date": "11/12/1998", "feet_to_klyde_warren": 4494.0, "street_view": "https://www.google.com/maps/@?api=1&map_action=pano&viewpoint=32.802176,-96.806565" }, "geometry": { "type": "Polygon", "coordinates": [ [ [ -96.80612, 32.802409, 0.0 ], [ -96.806138, 32.802413, 0.0 ], [ -96.806156, 32.802418, 0.0 ], [ -96.806169, 32.802421, 0.0 ], [ -96.806183, 32.802422, 0.0 ], [ -96.806197, 32.802421, 0.0 ], [ -96.80621, 32.802418, 0.0 ], [ -96.806223, 32.802413, 0.0 ], [ -96.806235, 32.802407, 0.0 ], [ -96.806246, 32.8024, 0.0 ], [ -96.806289, 32.802367, 0.0 ], [ -96.806303, 32.802356, 0.0 ], [ -96.806318, 32.802346, 0.0 ], [ -96.806353, 32.802322, 0.0 ], [ -96.806365, 32.802312, 0.0 ], [ -96.806415, 32.802265, 0.0 ], [ -96.806461, 32.802214, 0.0 ], [ -96.806479, 32.802196, 0.0 ], [ -96.806517, 32.80215, 0.0 ], [ -96.806552, 32.802102, 0.0 ], [ -96.806583, 32.802052, 0.0 ], [ -96.806619, 32.801998, 0.0 ], [ -96.806657, 32.80196, 0.0 ], [ -96.806701, 32.801927, 0.0 ], [ -96.80675, 32.8019, 0.0 ], [ -96.806804, 32.801879, 0.0 ], [ -96.80686, 32.801865, 0.0 ], [ -96.806918, 32.801857, 0.0 ], [ -96.806977, 32.801857, 0.0 ], [ -96.807035, 32.801864, 0.0 ], [ -96.807092, 32.801878, 0.0 ], [ -96.807111, 32.801885, 0.0 ], [ -96.807299, 32.801945, 0.0 ], [ -96.807312, 32.801948, 0.0 ], [ -96.807325, 32.801949, 0.0 ], [ -96.807338, 32.801948, 0.0 ], [ -96.807351, 32.801945, 0.0 ], [ -96.807363, 32.801941, 0.0 ], [ -96.807472, 32.801878, 0.0 ], [ -96.807541, 32.801837, 0.0 ], [ -96.807552, 32.801831, 0.0 ], [ -96.807562, 32.801823, 0.0 ], [ -96.807571, 32.801815, 0.0 ], [ -96.807578, 32.801805, 0.0 ], [ -96.807579, 32.801797, 0.0 ], [ -96.80758, 32.801789, 0.0 ], [ -96.807579, 32.801781, 0.0 ], [ -96.807583, 32.80176, 0.0 ], [ -96.80759, 32.80174, 0.0 ], [ -96.807601, 32.801721, 0.0 ], [ -96.807615, 32.801703, 0.0 ], [ -96.807632, 32.801688, 0.0 ], [ -96.807652, 32.801675, 0.0 ], [ -96.807677, 32.801663, 0.0 ], [ -96.807703, 32.801656, 0.0 ], [ -96.807731, 32.801652, 0.0 ], [ -96.80776, 32.801653, 0.0 ], [ -96.807788, 32.801657, 0.0 ], [ -96.807814, 32.801666, 0.0 ], [ -96.807838, 32.801679, 0.0 ], [ -96.807857, 32.801692, 0.0 ], [ -96.807871, 32.801711, 0.0 ], [ -96.807882, 32.801732, 0.0 ], [ -96.807888, 32.801753, 0.0 ], [ -96.80789, 32.801776, 0.0 ], [ -96.807888, 32.801798, 0.0 ], [ -96.807881, 32.801819, 0.0 ], [ -96.80787, 32.80184, 0.0 ], [ -96.807856, 32.801859, 0.0 ], [ -96.807838, 32.801875, 0.0 ], [ -96.807814, 32.801887, 0.0 ], [ -96.807788, 32.801895, 0.0 ], [ -96.807761, 32.8019, 0.0 ], [ -96.807733, 32.8019, 0.0 ], [ -96.807705, 32.801897, 0.0 ], [ -96.807693, 32.801895, 0.0 ], [ -96.807681, 32.801895, 0.0 ], [ -96.807668, 32.801896, 0.0 ], [ -96.807657, 32.801899, 0.0 ], [ -96.807645, 32.801904, 0.0 ], [ -96.807635, 32.80191, 0.0 ], [ -96.80758, 32.801944, 0.0 ], [ -96.807571, 32.801932, 0.0 ], [ -96.807498, 32.801972, 0.0 ], [ -96.807506, 32.801984, 0.0 ], [ -96.8075, 32.801989, 0.0 ], [ -96.807495, 32.801994, 0.0 ], [ -96.807491, 32.802, 0.0 ], [ -96.807488, 32.802007, 0.0 ], [ -96.807487, 32.802013, 0.0 ], [ -96.807487, 32.80202, 0.0 ], [ -96.807488, 32.802027, 0.0 ], [ -96.80749, 32.802033, 0.0 ], [ -96.807494, 32.802039, 0.0 ], [ -96.807328, 32.802074, 0.0 ], [ -96.807268, 32.802077, 0.0 ], [ -96.807158, 32.802084, 0.0 ], [ -96.807078, 32.801976, 0.0 ], [ -96.807033, 32.801966, 0.0 ], [ -96.806986, 32.801961, 0.0 ], [ -96.806938, 32.801961, 0.0 ], [ -96.806891, 32.801967, 0.0 ], [ -96.806845, 32.801977, 0.0 ], [ -96.806802, 32.801993, 0.0 ], [ -96.806768, 32.802013, 0.0 ], [ -96.806737, 32.802036, 0.0 ], [ -96.80671, 32.802062, 0.0 ], [ -96.806686, 32.802091, 0.0 ], [ -96.806648, 32.802155, 0.0 ], [ -96.806605, 32.802216, 0.0 ], [ -96.806561, 32.802278, 0.0 ], [ -96.806511, 32.802337, 0.0 ], [ -96.806449, 32.802388, 0.0 ], [ -96.806383, 32.802434, 0.0 ], [ -96.806354, 32.80245, 0.0 ], [ -96.806314, 32.802471, 0.0 ], [ -96.806294, 32.802485, 0.0 ], [ -96.806277, 32.802502, 0.0 ], [ -96.806263, 32.802521, 0.0 ], [ -96.806255, 32.80254, 0.0 ], [ -96.80625, 32.802559, 0.0 ], [ -96.806242, 32.802581, 0.0 ], [ -96.80623, 32.802601, 0.0 ], [ -96.806224, 32.802604, 0.0 ], [ -96.806226, 32.802606, 0.0 ], [ -96.806211, 32.802623, 0.0 ], [ -96.806193, 32.802637, 0.0 ], [ -96.806172, 32.802649, 0.0 ], [ -96.80615, 32.802658, 0.0 ], [ -96.806126, 32.802665, 0.0 ], [ -96.806101, 32.802668, 0.0 ], [ -96.806076, 32.802667, 0.0 ], [ -96.80606, 32.802665, 0.0 ], [ -96.806052, 32.802664, 0.0 ], [ -96.806025, 32.802657, 0.0 ], [ -96.806, 32.802646, 0.0 ], [ -96.805978, 32.802631, 0.0 ], [ -96.805959, 32.802613, 0.0 ], [ -96.80595, 32.802603, 0.0 ], [ -96.805943, 32.802591, 0.0 ], [ -96.805934, 32.80257, 0.0 ], [ -96.80593, 32.802547, 0.0 ], [ -96.80593, 32.802524, 0.0 ], [ -96.805936, 32.802502, 0.0 ], [ -96.805945, 32.802481, 0.0 ], [ -96.805959, 32.802461, 0.0 ], [ -96.805977, 32.802444, 0.0 ], [ -96.805998, 32.802429, 0.0 ], [ -96.806022, 32.802418, 0.0 ], [ -96.806048, 32.802411, 0.0 ], [ -96.806074, 32.802407, 0.0 ], [ -96.806101, 32.802407, 0.0 ], [ -96.80612, 32.802409, 0.0 ] ], [ [ -96.806033, 32.802549, 0.0 ], [ -96.806035, 32.802556, 0.0 ], [ -96.806039, 32.802564, 0.0 ], [ -96.806043, 32.80257, 0.0 ], [ -96.806049, 32.802576, 0.0 ], [ -96.806056, 32.802582, 0.0 ], [ -96.806064, 32.802586, 0.0 ], [ -96.806072, 32.802589, 0.0 ], [ -96.806081, 32.802591, 0.0 ], [ -96.806091, 32.802591, 0.0 ], [ -96.806102, 32.80259, 0.0 ], [ -96.806112, 32.802586, 0.0 ], [ -96.806122, 32.802582, 0.0 ], [ -96.806131, 32.802576, 0.0 ], [ -96.806138, 32.802569, 0.0 ], [ -96.806144, 32.802561, 0.0 ], [ -96.806148, 32.802552, 0.0 ], [ -96.80615, 32.802542, 0.0 ], [ -96.806149, 32.802534, 0.0 ], [ -96.806146, 32.802526, 0.0 ], [ -96.806142, 32.802518, 0.0 ], [ -96.806136, 32.802511, 0.0 ], [ -96.806129, 32.802505, 0.0 ], [ -96.806121, 32.8025, 0.0 ], [ -96.806112, 32.802496, 0.0 ], [ -96.806103, 32.802493, 0.0 ], [ -96.806093, 32.802492, 0.0 ], [ -96.806084, 32.802492, 0.0 ], [ -96.806075, 32.802493, 0.0 ], [ -96.806067, 32.802494, 0.0 ], [ -96.806059, 32.802498, 0.0 ], [ -96.806052, 32.802502, 0.0 ], [ -96.806046, 32.802507, 0.0 ], [ -96.80604, 32.802513, 0.0 ], [ -96.806037, 32.802519, 0.0 ], [ -96.806034, 32.802526, 0.0 ], [ -96.806033, 32.802534, 0.0 ], [ -96.806033, 32.802541, 0.0 ], [ -96.806033, 32.802549, 0.0 ] ] ] } },
{ "type": "Feature", "properties": { "dcad_account": "001030000A0000000", "address": "3500 DICKASON AVE", "property_name": "", "owner": "SALE STREET HOMEOWNERS AS", "group": "building", "where": "North of Woodall Rodgers", "acres": 0.248, "land_value": 100, "improvement_value": 0, "land_psf": 0.01, "improvement_to_land": 0.0, "deed_date": "12/11/1980", "feet_to_klyde_warren": 5834.0, "street_view": "https://www.google.com/maps/@?api=1&map_action=pano&viewpoint=32.806100,-96.806926" }, "geometry": { "type": "Polygon", "coordinates": [ [ [ -96.806845, 32.805961, 0.0 ], [ -96.806889, 32.806, 0.0 ], [ -96.806933, 32.806039, 0.0 ], [ -96.806978, 32.806078, 0.0 ], [ -96.807022, 32.806116, 0.0 ], [ -96.806999, 32.806136, 0.0 ], [ -96.807054, 32.806184, 0.0 ], [ -96.807098, 32.806222, 0.0 ], [ -96.807143, 32.806261, 0.0 ], [ -96.807187, 32.8063, 0.0 ], [ -96.807336, 32.806178, 0.0 ], [ -96.807313, 32.806158, 0.0 ], [ -96.807359, 32.806121, 0.0 ], [ -96.807405, 32.806084, 0.0 ], [ -96.80745, 32.806046, 0.0 ], [ -96.807496, 32.806009, 0.0 ], [ -96.807402, 32.805927, 0.0 ], [ -96.807433, 32.805901, 0.0 ], [ -96.807586, 32.806039, 0.0 ], [ -96.807173, 32.806383, 0.0 ], [ -96.806736, 32.806002, 0.0 ], [ -96.806983, 32.80579, 0.0 ], [ -96.806989, 32.805796, 0.0 ], [ -96.807015, 32.805819, 0.0 ], [ -96.806845, 32.805961, 0.0 ] ] ] } },
{ "type": "Feature", "properties": { "dcad_account": "000574000L0230000", "address": "2835 THOMAS AVE", "property_name": "", "owner": "THOMAS COURT RES ASSN INC", "group": "vacant", "where": "North of Woodall Rodgers", "acres": 0.136, "land_value": 100, "improvement_value": 0, "land_psf": 0.02, "improvement_to_land": 0.0, "deed_date": "06/11/1999", "feet_to_klyde_warren": 2227.0, "street_view": "https://www.google.com/maps/@?api=1&map_action=pano&viewpoint=32.796470,-96.797899" }, "geometry": { "type": "Polygon", "coordinates": [ [ [ -96.797828, 32.796518, 0.0 ], [ -96.79776, 32.796459, 0.0 ], [ -96.797747, 32.796448, 0.0 ], [ -96.797669, 32.796518, 0.0 ], [ -96.797665, 32.796522, 0.0 ], [ -96.797499, 32.796384, 0.0 ], [ -96.797512, 32.796373, 0.0 ], [ -96.797522, 32.796365, 0.0 ], [ -96.797531, 32.796357, 0.0 ], [ -96.797532, 32.796357, 0.0 ], [ -96.797542, 32.796348, 0.0 ], [ -96.797694, 32.79648, 0.0 ], [ -96.797741, 32.796442, 0.0 ], [ -96.797754, 32.796431, 0.0 ], [ -96.797803, 32.79639, 0.0 ], [ -96.797871, 32.796334, 0.0 ], [ -96.798004, 32.796451, 0.0 ], [ -96.798058, 32.796497, 0.0 ], [ -96.797928, 32.796604, 0.0 ], [ -96.797876, 32.796559, 0.0 ], [ -96.797828, 32.796518, 0.0 ] ] ] } },
{ "type": "Feature", "properties": { "dcad_account": "000582000P0000000", "address": "3239 HUGO PL", "property_name": "", "owner": "SIENA HOMES LLC", "group": "vacant", "where": "North of Woodall Rodgers", "acres": 0.115, "land_value": 100, "improvement_value": 0, "land_psf": 0.02, "improvement_to_land": 0.0, "deed_date": "06/01/2012", "feet_to_klyde_warren": 3779.0, "street_view": "https://www.google.com/maps/@?api=1&map_action=pano&viewpoint=32.800581,-96.795829" }, "geometry": { "type": "Polygon", "coordinates": [ [ [ -96.796088, 32.800328, 0.0 ], [ -96.796133, 32.800367, 0.0 ], [ -96.796061, 32.800427, 0.0 ], [ -96.79601, 32.800469, 0.0 ], [ -96.795959, 32.800512, 0.0 ], [ -96.795908, 32.800554, 0.0 ], [ -96.795843, 32.800608, 0.0 ], [ -96.795778, 32.800662, 0.0 ], [ -96.795727, 32.800704, 0.0 ], [ -96.795676, 32.800746, 0.0 ], [ -96.795624, 32.800789, 0.0 ], [ -96.795552, 32.800848, 0.0 ], [ -96.795507, 32.800809, 0.0 ], [ -96.796088, 32.800328, 0.0 ] ] ] } },
{ "type": "Feature", "properties": { "dcad_account": "00098300010000A00", "address": "3201 HASKELL AVE", "property_name": "", "owner": "BLVD BLDRS/VALENCIA LP", "group": "vacant", "where": "North of Woodall Rodgers", "acres": 0.371, "land_value": 100, "improvement_value": 0, "land_psf": 0.01, "improvement_to_land": 0.0, "deed_date": "03/17/2005", "feet_to_klyde_warren": 7076.0, "street_view": "https://www.google.com/maps/@?api=1&map_action=pano&viewpoint=32.810292,-96.796812" }, "geometry": { "type": "Polygon", "coordinates": [ [ [ -96.796917, 32.810482, 0.0 ], [ -96.796863, 32.810526, 0.0 ], [ -96.796816, 32.810564, 0.0 ], [ -96.796774, 32.810599, 0.0 ], [ -96.796763, 32.81059, 0.0 ], [ -96.796933, 32.810436, 0.0 ], [ -96.796876, 32.810391, 0.0 ], [ -96.796828, 32.810354, 0.0 ], [ -96.796771, 32.810309, 0.0 ], [ -96.796602, 32.810463, 0.0 ], [ -96.796583, 32.810448, 0.0 ], [ -96.796628, 32.810411, 0.0 ], [ -96.796686, 32.810363, 0.0 ], [ -96.796755, 32.810307, 0.0 ], [ -96.796641, 32.810208, 0.0 ], [ -96.796633, 32.810201, 0.0 ], [ -96.796608, 32.810138, 0.0 ], [ -96.796615, 32.810112, 0.0 ], [ -96.796617, 32.810104, 0.0 ], [ -96.796482, 32.809987, 0.0 ], [ -96.796665, 32.809836, 0.0 ], [ -96.796683, 32.809852, 0.0 ], [ -96.796693, 32.809852, 0.0 ], [ -96.79677, 32.809912, 0.0 ], [ -96.796599, 32.810067, 0.0 ], [ -96.796676, 32.810127, 0.0 ], [ -96.796723, 32.810164, 0.0 ], [ -96.796771, 32.810202, 0.0 ], [ -96.796819, 32.810239, 0.0 ], [ -96.796866, 32.810277, 0.0 ], [ -96.796914, 32.810314, 0.0 ], [ -96.796962, 32.810352, 0.0 ], [ -96.797009, 32.810389, 0.0 ], [ -96.797057, 32.810427, 0.0 ], [ -96.797112, 32.81047, 0.0 ], [ -96.797144, 32.810469, 0.0 ], [ -96.797299, 32.810328, 0.0 ], [ -96.797481, 32.810471, 0.0 ], [ -96.797481, 32.810502, 0.0 ], [ -96.797481, 32.810508, 0.0 ], [ -96.797467, 32.81052, 0.0 ], [ -96.797342, 32.810412, 0.0 ], [ -96.797287, 32.810457, 0.0 ], [ -96.79724, 32.810496, 0.0 ], [ -96.797193, 32.810534, 0.0 ], [ -96.797147, 32.810572, 0.0 ], [ -96.79709, 32.810619, 0.0 ], [ -96.797215, 32.810727, 0.0 ], [ -96.797191, 32.810747, 0.0 ], [ -96.797067, 32.810638, 0.0 ], [ -96.797057, 32.81063, 0.0 ], [ -96.797014, 32.810566, 0.0 ], [ -96.796917, 32.810482, 0.0 ] ] ] } },
{ "type": "Feature", "properties": { "dcad_account": "00151300B10350000", "address": "3300 BLACKBURN ST", "property_name": "", "owner": "PORTOBELLO LTD", "group": "vacant", "where": "North of Woodall Rodgers", "acres": 0.521, "land_value": 100, "improvement_value": 0, "land_psf": 0.0, "improvement_to_land": 0.0, "deed_date": "09/12/1995", "feet_to_klyde_warren": 7349.0, "street_view": "https://www.google.com/maps/@?api=1&map_action=pano&viewpoint=32.811003,-96.797702" }, "geometry": { "type": "Polygon", "coordinates": [ [ [ -96.797363, 32.811138, 0.0 ], [ -96.797362, 32.811138, 0.0 ], [ -96.797359, 32.811142, 0.0 ], [ -96.797355, 32.811146, 0.0 ], [ -96.797353, 32.81115, 0.0 ], [ -96.797352, 32.811152, 0.0 ], [ -96.797313, 32.811223, 0.0 ], [ -96.797264, 32.811204, 0.0 ], [ -96.797303, 32.811133, 0.0 ], [ -96.797304, 32.811131, 0.0 ], [ -96.79731, 32.811122, 0.0 ], [ -96.797318, 32.811112, 0.0 ], [ -96.797328, 32.811103, 0.0 ], [ -96.797355, 32.811082, 0.0 ], [ -96.797402, 32.811044, 0.0 ], [ -96.797449, 32.811006, 0.0 ], [ -96.797496, 32.810968, 0.0 ], [ -96.797541, 32.810931, 0.0 ], [ -96.797542, 32.81093, 0.0 ], [ -96.797544, 32.810928, 0.0 ], [ -96.797545, 32.810926, 0.0 ], [ -96.797545, 32.810924, 0.0 ], [ -96.797545, 32.810922, 0.0 ], [ -96.797545, 32.81092, 0.0 ], [ -96.797544, 32.810918, 0.0 ], [ -96.797543, 32.810916, 0.0 ], [ -96.797541, 32.810915, 0.0 ], [ -96.797391, 32.810783, 0.0 ], [ -96.79743, 32.810751, 0.0 ], [ -96.79758, 32.810884, 0.0 ], [ -96.797582, 32.810885, 0.0 ], [ -96.797583, 32.810886, 0.0 ], [ -96.797585, 32.810886, 0.0 ], [ -96.797587, 32.810887, 0.0 ], [ -96.797589, 32.810887, 0.0 ], [ -96.797592, 32.810887, 0.0 ], [ -96.797594, 32.810887, 0.0 ], [ -96.797596, 32.810886, 0.0 ], [ -96.797598, 32.810885, 0.0 ], [ -96.7976, 32.810884, 0.0 ], [ -96.797645, 32.810847, 0.0 ], [ -96.797692, 32.810809, 0.0 ], [ -96.797739, 32.810771, 0.0 ], [ -96.797786, 32.810733, 0.0 ], [ -96.797834, 32.810776, 0.0 ], [ -96.797805, 32.8108, 0.0 ], [ -96.797798, 32.810806, 0.0 ], [ -96.797793, 32.810813, 0.0 ], [ -96.797789, 32.810821, 0.0 ], [ -96.797786, 32.810829, 0.0 ], [ -96.797785, 32.810837, 0.0 ], [ -96.797786, 32.810845, 0.0 ], [ -96.797788, 32.810854, 0.0 ], [ -96.797791, 32.810861, 0.0 ], [ -96.797796, 32.810868, 0.0 ], [ -96.797803, 32.810875, 0.0 ], [ -96.797825, 32.810894, 0.0 ], [ -96.797885, 32.810947, 0.0 ], [ -96.797921, 32.810979, 0.0 ], [ -96.797945, 32.810998, 0.0 ], [ -96.797946, 32.810999, 0.0 ], [ -96.797967, 32.811013, 0.0 ], [ -96.797968, 32.811013, 0.0 ], [ -96.797992, 32.811028, 0.0 ], [ -96.798015, 32.811045, 0.0 ], [ -96.79806, 32.811085, 0.0 ], [ -96.798111, 32.81113, 0.0 ], [ -96.798114, 32.811132, 0.0 ], [ -96.798117, 32.811134, 0.0 ], [ -96.79812, 32.811135, 0.0 ], [ -96.798124, 32.811136, 0.0 ], [ -96.798128, 32.811136, 0.0 ], [ -96.798131, 32.811136, 0.0 ], [ -96.798135, 32.811135, 0.0 ], [ -96.798138, 32.811134, 0.0 ], [ -96.798142, 32.811133, 0.0 ], [ -96.798144, 32.811131, 0.0 ], [ -96.798279, 32.811022, 0.0 ], [ -96.798328, 32.811064, 0.0 ], [ -96.79812, 32.811232, 0.0 ], [ -96.798109, 32.811241, 0.0 ], [ -96.798097, 32.811248, 0.0 ], [ -96.798085, 32.811254, 0.0 ], [ -96.798073, 32.811258, 0.0 ], [ -96.798056, 32.811263, 0.0 ], [ -96.798039, 32.811265, 0.0 ], [ -96.798022, 32.811266, 0.0 ], [ -96.798, 32.811263, 0.0 ], [ -96.797978, 32.811258, 0.0 ], [ -96.797958, 32.811251, 0.0 ], [ -96.797899, 32.811228, 0.0 ], [ -96.79783, 32.811201, 0.0 ], [ -96.79776, 32.811174, 0.0 ], [ -96.797682, 32.811143, 0.0 ], [ -96.797603, 32.811113, 0.0 ], [ -96.797524, 32.811082, 0.0 ], [ -96.797471, 32.811061, 0.0 ], [ -96.797469, 32.81106, 0.0 ], [ -96.797466, 32.81106, 0.0 ], [ -96.797464, 32.81106, 0.0 ], [ -96.797462, 32.81106, 0.0 ], [ -96.79746, 32.811061, 0.0 ], [ -96.797458, 32.811061, 0.0 ], [ -96.797456, 32.811062, 0.0 ], [ -96.797455, 32.811064, 0.0 ], [ -96.797366, 32.811136, 0.0 ], [ -96.797363, 32.811138, 0.0 ] ] ] } },
{ "type": "Feature", "properties": { "dcad_account": "00151300B20000A00", "address": "23 BLACKBURN ST", "property_name": "", "owner": "CENTEX HOMES", "group": "vacant", "where": "North of Woodall Rodgers", "acres": 0.506, "land_value": 100, "improvement_value": 0, "land_psf": 0.0, "improvement_to_land": 0.0, "deed_date": "03/16/2001", "feet_to_klyde_warren": 7511.0, "street_view": "https://www.google.com/maps/@?api=1&map_action=pano&viewpoint=32.811730,-96.798565" }, "geometry": { "type": "Polygon", "coordinates": [ [ [ -96.798347, 32.812013, 0.0 ], [ -96.798345, 32.812007, 0.0 ], [ -96.798345, 32.812006, 0.0 ], [ -96.798323, 32.812007, 0.0 ], [ -96.798301, 32.812005, 0.0 ], [ -96.79828, 32.812002, 0.0 ], [ -96.79826, 32.811995, 0.0 ], [ -96.798176, 32.811963, 0.0 ], [ -96.798072, 32.811922, 0.0 ], [ -96.797991, 32.812071, 0.0 ], [ -96.797961, 32.812059, 0.0 ], [ -96.798047, 32.811902, 0.0 ], [ -96.797957, 32.811867, 0.0 ], [ -96.797868, 32.811832, 0.0 ], [ -96.797763, 32.811791, 0.0 ], [ -96.797677, 32.811948, 0.0 ], [ -96.797647, 32.811937, 0.0 ], [ -96.797715, 32.811812, 0.0 ], [ -96.797707, 32.811809, 0.0 ], [ -96.797774, 32.811686, 0.0 ], [ -96.797978, 32.811769, 0.0 ], [ -96.79817, 32.811846, 0.0 ], [ -96.798152, 32.811879, 0.0 ], [ -96.798327, 32.811947, 0.0 ], [ -96.798335, 32.811946, 0.0 ], [ -96.798339, 32.81194, 0.0 ], [ -96.798347, 32.811938, 0.0 ], [ -96.798355, 32.811934, 0.0 ], [ -96.798363, 32.81193, 0.0 ], [ -96.798369, 32.811925, 0.0 ], [ -96.798375, 32.811919, 0.0 ], [ -96.798379, 32.811912, 0.0 ], [ -96.798396, 32.811882, 0.0 ], [ -96.798443, 32.811795, 0.0 ], [ -96.798482, 32.811724, 0.0 ], [ -96.798509, 32.811675, 0.0 ], [ -96.798505, 32.811649, 0.0 ], [ -96.798354, 32.81159, 0.0 ], [ -96.798346, 32.811606, 0.0 ], [ -96.798324, 32.811597, 0.0 ], [ -96.798244, 32.811566, 0.0 ], [ -96.79862, 32.811252, 0.0 ], [ -96.798718, 32.811344, 0.0 ], [ -96.798683, 32.811342, 0.0 ], [ -96.798497, 32.811498, 0.0 ], [ -96.798586, 32.811574, 0.0 ], [ -96.798636, 32.811616, 0.0 ], [ -96.798711, 32.81168, 0.0 ], [ -96.798758, 32.81172, 0.0 ], [ -96.798761, 32.811723, 0.0 ], [ -96.79875, 32.811735, 0.0 ], [ -96.798844, 32.811814, 0.0 ], [ -96.798832, 32.811825, 0.0 ], [ -96.798733, 32.811741, 0.0 ], [ -96.798683, 32.811699, 0.0 ], [ -96.798613, 32.811766, 0.0 ], [ -96.798574, 32.811737, 0.0 ], [ -96.798555, 32.811771, 0.0 ], [ -96.79854, 32.811786, 0.0 ], [ -96.798529, 32.811807, 0.0 ], [ -96.798534, 32.811811, 0.0 ], [ -96.798493, 32.811884, 0.0 ], [ -96.798469, 32.81193, 0.0 ], [ -96.79846, 32.811943, 0.0 ], [ -96.79845, 32.811956, 0.0 ], [ -96.798435, 32.81197, 0.0 ], [ -96.798418, 32.811982, 0.0 ], [ -96.798399, 32.811992, 0.0 ], [ -96.798406, 32.811997, 0.0 ], [ -96.798412, 32.812001, 0.0 ], [ -96.798382, 32.812029, 0.0 ], [ -96.798465, 32.812191, 0.0 ], [ -96.798442, 32.812213, 0.0 ], [ -96.798365, 32.812062, 0.0 ], [ -96.798347, 32.812013, 0.0 ] ] ] } },
{ "type": "Feature", "properties": { "dcad_account": "000927000A0000A00", "address": "2900 MAGNOLIA HILL CT", "property_name": "", "owner": "MAGNOLIA HILL CO LC THE", "group": "vacant", "where": "North of Woodall Rodgers", "acres": 0.741, "land_value": 100, "improvement_value": 0, "land_psf": 0.0, "improvement_to_land": 0.0, "deed_date": "08/25/1995", "feet_to_klyde_warren": 2489.0, "street_view": "https://www.google.com/maps/@?api=1&map_action=pano&viewpoint=32.793086,-96.810279" }, "geometry": { "type": "Polygon", "coordinates": [ [ [ -96.810813, 32.793739, 0.0 ], [ -96.810814, 32.793696, 0.0 ], [ -96.810805, 32.793682, 0.0 ], [ -96.810799, 32.793668, 0.0 ], [ -96.810795, 32.793653, 0.0 ], [ -96.810795, 32.793637, 0.0 ], [ -96.810718, 32.793636, 0.0 ], [ -96.810636, 32.793634, 0.0 ], [ -96.810638, 32.793579, 0.0 ], [ -96.810569, 32.793578, 0.0 ], [ -96.810542, 32.793554, 0.0 ], [ -96.810656, 32.79346, 0.0 ], [ -96.810538, 32.793357, 0.0 ], [ -96.810038, 32.792917, 0.0 ], [ -96.809588, 32.79252, 0.0 ], [ -96.80964, 32.792479, 0.0 ], [ -96.810849, 32.793543, 0.0 ], [ -96.811103, 32.793338, 0.0 ], [ -96.811206, 32.793254, 0.0 ], [ -96.811238, 32.793282, 0.0 ], [ -96.811236, 32.793351, 0.0 ], [ -96.811301, 32.793352, 0.0 ], [ -96.8113, 32.793421, 0.0 ], [ -96.811365, 32.793422, 0.0 ], [ -96.811363, 32.793487, 0.0 ], [ -96.811381, 32.793489, 0.0 ], [ -96.811398, 32.793492, 0.0 ], [ -96.811414, 32.793498, 0.0 ], [ -96.811429, 32.793506, 0.0 ], [ -96.81148, 32.793507, 0.0 ], [ -96.811478, 32.793589, 0.0 ], [ -96.811477, 32.793642, 0.0 ], [ -96.811476, 32.793657, 0.0 ], [ -96.811458, 32.793672, 0.0 ], [ -96.81144, 32.793686, 0.0 ], [ -96.811422, 32.793686, 0.0 ], [ -96.811359, 32.793685, 0.0 ], [ -96.811241, 32.793683, 0.0 ], [ -96.811242, 32.793648, 0.0 ], [ -96.811244, 32.79358, 0.0 ], [ -96.811244, 32.793575, 0.0 ], [ -96.811242, 32.793571, 0.0 ], [ -96.811241, 32.793567, 0.0 ], [ -96.811238, 32.793563, 0.0 ], [ -96.811235, 32.79356, 0.0 ], [ -96.811231, 32.793557, 0.0 ], [ -96.811227, 32.793555, 0.0 ], [ -96.811222, 32.793553, 0.0 ], [ -96.811217, 32.793552, 0.0 ], [ -96.811212, 32.793552, 0.0 ], [ -96.81111, 32.79355, 0.0 ], [ -96.8111, 32.79355, 0.0 ], [ -96.81109, 32.793552, 0.0 ], [ -96.81108, 32.793555, 0.0 ], [ -96.811072, 32.79356, 0.0 ], [ -96.811064, 32.793565, 0.0 ], [ -96.81103, 32.793592, 0.0 ], [ -96.811029, 32.793645, 0.0 ], [ -96.811027, 32.793698, 0.0 ], [ -96.811027, 32.793713, 0.0 ], [ -96.811009, 32.793727, 0.0 ], [ -96.810991, 32.793742, 0.0 ], [ -96.810973, 32.793742, 0.0 ], [ -96.81091, 32.793741, 0.0 ], [ -96.810813, 32.793739, 0.0 ] ], [ [ -96.811084, 32.793473, 0.0 ], [ -96.811101, 32.793473, 0.0 ], [ -96.811173, 32.793414, 0.0 ], [ -96.811174, 32.7934, 0.0 ], [ -96.811142, 32.793373, 0.0 ], [ -96.811053, 32.793445, 0.0 ], [ -96.811084, 32.793473, 0.0 ] ] ] } }
]
}
