{"type":"FeatureCollection","features":[{"type":"Feature","geometry":{"type":"Point","coordinates":[-102.884393,30.901956]},"properties":{"project":"TABS2026026959","name":"PECOS COUNTY DATA CENTER","facility":"Building C","address":"6000 TX-18","city":"Fort Stockton","county":"Pecos","owner":"AMAZON DATA SERVICES, INC","owner_group":"Amazon","design_firm":"M. ARTHUR GENSLER & ASSOCIATES, INC.","sqft":189060,"scope":"New data center building","funds":"This project is privately funded, on private land for private use.","cost":300000000.0,"work":"New Construction","status":"Project Registered","registered":"2026-08-04","start":"2026-08-01","end":"2026-12-01","matched":"data center","url":"https://www.tdlr.texas.gov/TABS/Search/Project/TABS2026026959","geo":"address","geo_precision":"Street"}},{"type":"Feature","geometry":{"type":"Point","coordinates":[-102.884393,30.901956]},"properties":{"project":"TABS2026026955","name":"PECOS COUNTY DATA CENTER","facility":"Building B","address":"6000 TX-18","city":"Fort Stockton","county":"Pecos","owner":"AMAZON DATA SERVICES, INC","owner_group":"Amazon","design_firm":"M. ARTHUR GENSLER & ASSOCIATES, INC.","sqft":189060,"scope":"New data center building","funds":"This project is privately funded, on private land for private use.","cost":300000000.0,"work":"New Construction","status":"Project Registered","registered":"2026-08-04","start":"2026-08-01","end":"2026-12-01","matched":"data center","url":"https://www.tdlr.texas.gov/TABS/Search/Project/TABS2026026955","geo":"address","geo_precision":"Street"}},{"type":"Feature","geometry":{"type":"Point","coordinates":[-102.884393,30.901956]},"properties":{"project":"TABS2026026954","name":"PECOS COUNTY DATA CENTER","facility":"Building A","address":"6000 TX-18","city":"Fort Stockton","county":"Pecos","owner":"AMAZON DATA SERVICES, INC","owner_group":"Amazon","design_firm":"M. ARTHUR GENSLER & ASSOCIATES, INC.","sqft":189060,"scope":"New data center building.","funds":"This project is privately funded, on private land for private use.","cost":300000000.0,"work":"New Construction","status":"Project Registered","registered":"2026-08-04","start":"2026-08-01","end":"2026-12-01","matched":"data center","url":"https://www.tdlr.texas.gov/TABS/Search/Project/TABS2026026954","geo":"address","geo_precision":"Street"}},{"type":"Feature","geometry":{"type":"Point","coordinates":[-101.185421,34.068734]},"properties":{"project":"TABS2026025594","name":"CONFIDENTIAL DATA CENTER","facility":"BUILDING A","address":"1752 County Road 241","city":"Floydada","county":"Floyd","owner":"AMAZON DATA SERVICES, INC","owner_group":"Amazon","design_firm":"M. ARTHUR GENSLER & ASSOCIATES, INC.","sqft":189060,"scope":"New data center building","funds":"This project is privately funded, on private land for private use.","cost":300000000.0,"work":"New Construction","status":"Project Registered","registered":"2026-07-20","start":"2026-08-01","end":"2027-04-01","matched":"data center","url":"https://www.tdlr.texas.gov/TABS/Search/Project/TABS2026025594","geo":"address","geo_precision":"Address Range"}},{"type":"Feature","geometry":{"type":"Point","coordinates":[-96.837228,33.085698]},"properties":{"project":"TABS2026025086","name":"NTT Data Innovation Center","facility":"One Legacy West","address":"7950 Legacy Dr., Suite 12","city":"Plano","county":"Collin","owner":"Gaedeke Holdings XI LTD","owner_group":"Gaedeke Holdings Xi Ltd","design_firm":"Corgan","sqft":6000,"scope":"Interior Renovation","funds":"This project is privately funded, on private land for private use.","cost":750000.0,"work":"Renovation/Alteration","status":"Review Complete","registered":"2026-07-13","start":"2026-07-15","end":"2026-11-10","matched":"data center","url":"https://www.tdlr.texas.gov/TABS/Search/Project/TABS2026025086","geo":"address","geo_precision":"Point Address"}},{"type":"Feature","geometry":{"type":"Point","coordinates":[-96.291862,33.018968]},"properties":{"project":"TABS2026023619","name":"BT Gateway Data Center","facility":"BT Gateway Data Center","address":"4989 COUNTY ROAD 2656, ROYSE CITY TX 75189","city":"Royse City","county":"Hunt","owner":"BT Gateway Data Center LLC","owner_group":"Bt Gateway Data Center Llc","design_firm":null,"sqft":100000,"scope":"Construction of a new data center.","funds":"This project is privately funded, on private land for private use.","cost":384000000.0,"work":"New Construction","status":"Project Registered","registered":"2026-06-23","start":"2026-08-01","end":"2027-02-12","matched":"data center","url":"https://www.tdlr.texas.gov/TABS/Search/Project/TABS2026023619","geo":"address","geo_precision":"Address Range"}},{"type":"Feature","geometry":{"type":"Point","coordinates":[-95.365684,29.75356]},"properties":{"project":"TABS2026021950","name":"1301 FANNIN LEVEL 9 DATA CENTER RENO","facility":"NETRALITY","address":"1301 FANNIN LEVEL 9 SUITE 900","city":"Houston","county":"Harris","owner":"1301 Fannin Owner LP","owner_group":"1301 Fannin Owner Lp","design_firm":"HUITT-ZOLLARS","sqft":1020,"scope":"RELOCATION OF CORRIDOR WALL AND ADDITION OF TEMPORARY INTERIOR WALL AT DATA CENTER FOR RELOCATION OF DATA MACHINERY. PARTIAL RENO OF PIPING ABOVE PLENUM TO TIE-IN TO NEW MACHINERY.","funds":"This project is privately funded, on private land for private use.","cost":1768623.0,"work":"Renovation/Alteration","status":"Project Registered","registered":"2026-06-03","start":"2026-06-05","end":"2026-08-01","matched":"data center","url":"https://www.tdlr.texas.gov/TABS/Search/Project/TABS2026021950","geo":"address","geo_precision":"Point Address"}},{"type":"Feature","geometry":{"type":"Point","coordinates":[-97.293437,31.070454]},"properties":{"project":"TABS2026019473","name":"Prime Data Center AUS-01","facility":"Prime Data Center AUS01 and AUS02","address":"1395 Bob White Road","city":"Lockhart","county":"Caldwell","owner":"Lockhart Property, LLC","owner_group":"Lockhart Property, Llc","design_firm":"Gensler","sqft":760000,"scope":"Two new 380,000 sf shell buildings for future use as data centers.  TOTAL SQ FT = 760,000","funds":"This project is privately funded, on private land for private use.","cost":400000000.0,"work":"New Construction","status":"Project Registered","registered":"2026-05-05","start":"2026-06-01","end":"2027-09-30","matched":"data center","url":"https://www.tdlr.texas.gov/TABS/Search/Project/TABS2026019473","geo":"address","geo_precision":"Address Range"}},{"type":"Feature","geometry":{"type":"Point","coordinates":[-97.035272,31.000808]},"properties":{"project":"TABS2026017746","name":"FREEBIRD DATA CENTER PHASE 1","facility":"DC01","address":"COUNTY ROAD 133","city":"Burlington","county":"Milam","owner":"Milam County Data Center LLC","owner_group":"Milam County Data Center Llc","design_firm":"Corgan Architects Inc","sqft":548950,"scope":"New construction of a single-story 548,950sf data center comprising 4 data halls, supporting infrastructure, a loading dock and administrative office areas.","funds":"This project is privately funded, on private land for private use.","cost":470000000.0,"work":"New Construction","status":"Project Registered","registered":"2026-04-15","start":"2025-10-20","end":"2026-10-15","matched":"data center","url":"https://www.tdlr.texas.gov/TABS/Search/Project/TABS2026017746","geo":"address","geo_precision":"Street"}},{"type":"Feature","geometry":{"type":"Point","coordinates":[-96.799253,32.787716]},"properties":{"project":"TABS2026017705","name":"Stream Data Centers","facility":"Trammell Crow Center","address":"2001 Ross Ave Suite 500","city":"Dallas","county":"Dallas","owner":"ROF V Ross Investment LLC","owner_group":"Rof V Ross Investment Llc","design_firm":"Entos Design","sqft":3761,"scope":"Tenant Improvement","funds":"This project is privately funded, on private land for private use.","cost":120000.0,"work":"Renovation/Alteration","status":"Project Registered","registered":"2026-04-15","start":"2026-04-15","end":"2026-06-30","matched":"data center","url":"https://www.tdlr.texas.gov/TABS/Search/Project/TABS2026017705","geo":"address","geo_precision":"Point Address"}},{"type":"Feature","geometry":{"type":"Point","coordinates":[-97.749928,27.737532]},"properties":{"project":"TABS2026017642","name":"Hutto Data Center Building - 3","facility":"Hutto Data Center Building - 3","address":"3300 COUNTY RD 132 Building 3","city":"Hutto","county":"Williamson","owner":"Hutto Data Center 3 LLC","owner_group":"Hutto Data Center 3 Llc","design_firm":"HKS Inc.","sqft":503000,"scope":"INTERIOR CONSTRUCTION OF ONE EXISTING 2-STORY DATA CENTER (503,000 SF total) . THE FIT OUT CONSISTS OF TWO (2) DATA HALLS, MEP ROOMS AND FACILITY SUPPORT AREAS INCLUDING: PARTITIONS, FINISHES, MEP AND FIRE SUPPRESSION SYSTEMS.","funds":"This project is privately funded, on private land for private use.","cost":900000.0,"work":"Renovation/Alteration","status":"Review Complete","registered":"2026-04-14","start":"2026-05-11","end":"2027-08-24","matched":"data center","url":"https://www.tdlr.texas.gov/TABS/Search/Project/TABS2026017642","geo":"address","geo_precision":"Address Range"}},{"type":"Feature","geometry":{"type":"Point","coordinates":[-96.975779,32.89595]},"properties":{"project":"TABS2026017012","name":"QTS Data Centers Floor 06 Interior Improvements","facility":"Interlink II","address":"6363 North State Highway 161 Suite 600","city":"Irving","county":"Dallas","owner":"Piedmont Las Colinas Corporate Center II LP","owner_group":"Piedmont Las Colinas Corporate Center Ii Lp","design_firm":"Entos Design","sqft":23043,"scope":"Tenant Improvement","funds":"This project is privately funded, on private land for private use.","cost":2700000.0,"work":"Renovation/Alteration","status":"Inspection Complete","registered":"2026-04-07","start":"2026-03-31","end":"2026-07-31","matched":"data center","url":"https://www.tdlr.texas.gov/TABS/Search/Project/TABS2026017012","geo":"address","geo_precision":"Point Address"}},{"type":"Feature","geometry":{"type":"Point","coordinates":[-97.246158,32.849717]},"properties":{"project":"TABS2026014340","name":"Wuliger Way Data Center","facility":"Data Center","address":"6401 Wuliger Way","city":"North Richland Hills","county":"Tarrant","owner":"6409 wuliger way LLC","owner_group":"6409 Wuliger Way Llc","design_firm":null,"sqft":12000,"scope":"site + building","funds":"This project is privately funded, on private land for private use.","cost":3600000.0,"work":"New Construction","status":"Review Complete","registered":"2026-03-06","start":"2026-05-01","end":"2026-07-31","matched":"data center","url":"https://www.tdlr.texas.gov/TABS/Search/Project/TABS2026014340","geo":"address","geo_precision":"Point Address"}},{"type":"Feature","geometry":{"type":"Point","coordinates":[-97.934601,29.888981]},"properties":{"project":"TABS2026011010","name":"JC Kellam 7th Floor Data Center","facility":"J.C. Kellam Administration Building","address":"601 University Dr.","city":"San Marcos","county":"Hays","owner":"Texas State University","owner_group":"Texas State University","design_firm":"Chesney Morales Partners","sqft":1979,"scope":"includes, but not limited to: Raised access panel repairs, new wall partition, new ceiling lights and acoustical ceiling tile, new hvac system, and new enclosed electrical room. 1,979 S.F.","funds":"This project involves public funds, public land, or is a Federally funded roadway project.","cost":320000.0,"work":"Renovation/Alteration","status":"Review Complete","registered":"2026-01-27","start":"2026-03-16","end":"2027-09-16","matched":"data center","url":"https://www.tdlr.texas.gov/TABS/Search/Project/TABS2026011010","geo":"address","geo_precision":"Address Range"}},{"type":"Feature","geometry":{"type":"Point","coordinates":[-98.886442,29.428454]},"properties":{"project":"TABS2026008231","name":"Microsoft SAT82 Data Center","facility":"SAT82","address":"3580 FM 471 N","city":"Castroville","county":"Medina","owner":"Microsoft","owner_group":"Microsoft","design_firm":null,"sqft":195670,"scope":"The project consists of a new construction 1-story, 5 Colo data center, including a Tier II IDF network and Tier II AZNG network.","funds":"This project is privately funded, on private land for private use.","cost":400000000.0,"work":"New Construction","status":"Project Registered","registered":"2025-12-17","start":"2026-08-13","end":"2028-07-24","matched":"data center","url":"https://www.tdlr.texas.gov/TABS/Search/Project/TABS2026008231","geo":"address","geo_precision":"Point Address"}},{"type":"Feature","geometry":{"type":"Point","coordinates":[-97.360462,31.124665]},"properties":{"project":"TABS2026008019","name":"Temple Data Center","facility":"TTX03","address":"2230 Eberhardt Rd","city":"Temple","county":"Bell","owner":"Polmer LLC","owner_group":"Polmer Llc","design_firm":null,"sqft":145000,"scope":"145,177SF Single Story Data Center Building","funds":"This project is privately funded, on private land for private use.","cost":197000000.0,"work":"New Construction","status":"Project Registered","registered":"2025-12-15","start":"2025-12-15","end":"2026-09-30","matched":"data center","url":"https://www.tdlr.texas.gov/TABS/Search/Project/TABS2026008019","geo":"address","geo_precision":"Address Range"}},{"type":"Feature","geometry":{"type":"Point","coordinates":[-96.975779,32.89595]},"properties":{"project":"TABS2026007903","name":"QTS Data Centers Floor 7 Interior Improvements","facility":"Interlink II","address":"6363 North State Highway 161 Suite 700","city":"Irving","county":"Dallas","owner":"Piedmont Las Colinas Corporate Center II LP","owner_group":"Piedmont Las Colinas Corporate Center Ii Lp","design_firm":"Entos Design","sqft":23043,"scope":"Tenant Improvement","funds":"This project is privately funded, on private land for private use.","cost":2500000.0,"work":"Renovation/Alteration","status":"Review Complete","registered":"2025-12-12","start":"2025-12-12","end":"2026-05-31","matched":"data center","url":"https://www.tdlr.texas.gov/TABS/Search/Project/TABS2026007903","geo":"address","geo_precision":"Point Address"}},{"type":"Feature","geometry":{"type":"Point","coordinates":[-98.499131,29.555597]},"properties":{"project":"TABS2026007451","name":"Data Center THM2A","facility":"Data Center 2","address":"10357 Loop Road","city":"Haskell","county":"Haskell","owner":"Homebound Group LLC","owner_group":"Homebound Group Llc","design_firm":"HDR Engineering, Inc.","sqft":350000,"scope":"Design and construction of a new one-story Data Center, located at the THM campus. The project includes roads and site improvements.","funds":"This project is privately funded, on private land for private use.","cost":350000000.0,"work":"New Construction","status":"Project Registered","registered":"2025-12-08","start":"2025-12-01","end":"2028-03-15","matched":"data center","url":"https://www.tdlr.texas.gov/TABS/Search/Project/TABS2026007451","geo":"address","geo_precision":"Address Range"}},{"type":"Feature","geometry":{"type":"Point","coordinates":[-97.057418,32.449933]},"properties":{"project":"TABS2026007415","name":"Sharka Data Center - Building 5","facility":"Sharka Data Center - Building 5","address":"3411 Railport Parkway","city":"Midlothian","county":"Ellis","owner":"Sharka LLC","owner_group":"Sharka LLC","design_firm":null,"sqft":288000,"scope":"New one-story Data Center: core, shell and interior finish-out with site improvements.","funds":"This project is privately funded, on private land for private use.","cost":491727252.0,"work":"New Construction","status":"Project Registered","registered":"2025-12-08","start":"2026-01-28","end":"2027-02-24","matched":"data center","url":"https://www.tdlr.texas.gov/TABS/Search/Project/TABS2026007415","geo":"address","geo_precision":"Address Range"}},{"type":"Feature","geometry":{"type":"Point","coordinates":[-98.700563,29.482938]},"properties":{"project":"TABS2026006358","name":"Vantage Data Centers TX21 Tenant Fit-out","facility":"VDC TX21","address":"5207 ROGERS ROAD","city":"San Antonio","county":"Bexar","owner":"VANTAGE DATA CENTERS TX2 LLC","owner_group":"Vantage","design_firm":"Corgan","sqft":162785,"scope":"Tenant Fit Out - 162,785 SF","funds":"This project is privately funded, on private land for private use.","cost":135000000.0,"work":"Renovation/Alteration","status":"Project Registered","registered":"2025-11-19","start":"2025-12-01","end":"2026-06-02","matched":"data center","url":"https://www.tdlr.texas.gov/TABS/Search/Project/TABS2026006358","geo":"address","geo_precision":"Address Range"}},{"type":"Feature","geometry":{"type":"Point","coordinates":[-97.09658,32.680365]},"properties":{"project":"TABS2026005677","name":"GM Financial Data Center Power Upgrades","facility":"AOC-I","address":"4001 Embarcadero Drive","city":"Arlington","county":"Tarrant","owner":"CFT NV Developments, LLC","owner_group":"Cft Nv Developments, Llc","design_firm":"HFA-AE","sqft":1190,"scope":"Demolition of existing smoking pavilion. New relocated smoking pavilion, New diesel tank and generator enclosure. New electrical room inside the building","funds":"This project is privately funded, on private land for private use.","cost":1600000.0,"work":"Additions to Existing Building","status":"Inspection Complete","registered":"2025-11-12","start":"2025-12-14","end":"2026-04-15","matched":"data center","url":"https://www.tdlr.texas.gov/TABS/Search/Project/TABS2026005677","geo":"address","geo_precision":"Point Address"}},{"type":"Feature","geometry":{"type":"Point","coordinates":[-95.459106,30.066711]},"properties":{"project":"TABS2026004413","name":"TRG Datacenters Phase 3","facility":"TRG Datacenters","address":"2626 Spring Cypress Rd","city":"Spring","county":"Harris","owner":"Technical Realty Group of Texas, LLC","owner_group":"Technical Realty Group Of Texas, Llc","design_firm":"Trey Lucas Architecture","sqft":38729,"scope":"Construction of new 38,729 sf building","funds":"This project is privately funded, on private land for private use.","cost":6645330.0,"work":"New Construction","status":"Review Complete","registered":"2025-10-28","start":"2025-10-31","end":"2026-12-31","matched":"data center","url":"https://www.tdlr.texas.gov/TABS/Search/Project/TABS2026004413","geo":"address","geo_precision":"Point Address"}},{"type":"Feature","geometry":{"type":"Point","coordinates":[-100.056492,34.381433]},"properties":{"project":"TABS2026003980","name":"Childress Data Center Campus Upgrades","facility":"Childress Operations Building","address":"620 FM 1033","city":"Childress","county":"Childress","owner":"IE US Development Holdings 3 Inc","owner_group":"Ie Us Development Holdings 3 Inc","design_firm":"Burns & McDonnell Engineering Company Inc.","sqft":29000,"scope":"29,000 SF office building","funds":"This project is privately funded, on private land for private use.","cost":15000000.0,"work":"New Construction","status":"Review Complete","registered":"2025-10-22","start":"2025-10-27","end":"2026-10-01","matched":"data center","url":"https://www.tdlr.texas.gov/TABS/Search/Project/TABS2026003980","geo":"address","geo_precision":"Address Range"}},{"type":"Feature","geometry":{"type":"Point","coordinates":[-95.393445,29.710554]},"properties":{"project":"TABS2026003740","name":"HH BT Data Center","facility":"Harris Health Ben Taub Hospital","address":"1504 Taub Loop","city":"Houston","county":"Harris","owner":"Harris County Hospital District","owner_group":"Harris County Hospital District","design_firm":"AUTOARCH Architects","sqft":3500,"scope":"Renovation and reconfiguration of the existing Data Center and adjacent Supply Storage Rooms on the 2nd floor, along with the conversion of six rooms into additional IDR closets on three separate floors throughout the hospital.","funds":"This project involves public funds, public land, or is a Federally funded roadway project.","cost":2971000.0,"work":"Renovation/Alteration","status":"Review Complete","registered":"2025-10-20","start":"2026-04-01","end":"2027-04-01","matched":"data center","url":"https://www.tdlr.texas.gov/TABS/Search/Project/TABS2026003740","geo":"address","geo_precision":"Point Address"}},{"type":"Feature","geometry":{"type":"Point","coordinates":[-98.700563,29.482938]},"properties":{"project":"TABS2026003003","name":"Vantage Data Centers TX22","facility":"TX22","address":"5207 Rogers Road","city":"San Antonio","county":"Bexar","owner":"Retained Vantage Data Centers Development","owner_group":"Vantage","design_firm":"Corgan","sqft":214526,"scope":"New 2-story Data Center for Data Processing","funds":"This project is privately funded, on private land for private use.","cost":272150000.0,"work":"New Construction","status":"Project Registered","registered":"2025-10-09","start":"2025-10-22","end":"2027-06-15","matched":"data center","url":"https://www.tdlr.texas.gov/TABS/Search/Project/TABS2026003003","geo":"address","geo_precision":"Address Range"}},{"type":"Feature","geometry":{"type":"Point","coordinates":[-96.704874,32.587763]},"properties":{"project":"TABS2026001400","name":"Stream Data Centers - DFWC1","facility":"SDC DFWC1","address":"930 N Sunrise Rd","city":"Wilmer","county":"Dallas","owner":"SDC DFWC, LP","owner_group":"Sdc Dfwc, Lp","design_firm":"Gensler Architecture, Design and Planning P.C.","sqft":360750,"scope":"The project includes a new 2 story 48 MW 360,750 sq ft data center building, substation and campus entrance.","funds":"This project is privately funded, on private land for private use.","cost":300000000.0,"work":"New Construction","status":"Review Complete","registered":"2025-09-21","start":"2026-04-01","end":"2027-10-27","matched":"data center","url":"https://www.tdlr.texas.gov/TABS/Search/Project/TABS2026001400","geo":"address","geo_precision":"Street"}},{"type":"Feature","geometry":{"type":"Point","coordinates":[-98.80174,29.42001]},"properties":{"project":"TABS2026001234","name":"VANTAGE DATA CENTER (TX12)","facility":"TX12","address":"17420 Omicron Dr","city":"San Antonio","county":"Bexar","owner":"VANTAGE DATA CENTERS TX1 LLC","owner_group":"Vantage","design_firm":"Jacobs","sqft":432800,"scope":"TX12 is a new vantage data center at TX1 campus consisting of 2-story building with up to 96MW of critical IT capacity. LEVEL 1: 216,400 GSF / LEVEL 2: 216,400 GSF / TOTAL 432,800 GSF","funds":"This project is privately funded, on private land for private use.","cost":276878327.0,"work":"New Construction","status":"Review Complete","registered":"2025-09-18","start":"2025-10-14","end":"2027-08-31","matched":"data center","url":"https://www.tdlr.texas.gov/TABS/Search/Project/TABS2026001234","geo":"address","geo_precision":"Street"}},{"type":"Feature","geometry":{"type":"Point","coordinates":[-96.865667,32.806827]},"properties":{"project":"TABS2025024081","name":"Datacenter Office Remodel Phase I","facility":"Datacenter","address":"4939 Reading St","city":"Dallas","county":"Dallas","owner":"Rack Asset Realty, LLC","owner_group":"Rack Asset Realty, Llc","design_firm":"BWG Architecture","sqft":20000,"scope":"Remodel offices and datacenter area to prepare for new datacenter","funds":"This project is privately funded, on private land for private use.","cost":1400000.0,"work":"Renovation/Alteration","status":"Review Complete","registered":"2025-07-22","start":"2025-09-01","end":"2026-09-01","matched":"data center","url":"https://www.tdlr.texas.gov/TABS/Search/Project/TABS2025024081","geo":"address","geo_precision":"Point Address"}},{"type":"Feature","geometry":{"type":"Point","coordinates":[-98.201865,26.218748]},"properties":{"project":"TABS2025023900","name":"T-Mobile McAllen Data Center Ph2","facility":"T-Mobile McAllen Data Center","address":"1400 E. Upas Ave","city":"Mcallen","county":"Hidalgo","owner":"T-Mobile","owner_group":"T-Mobile","design_firm":"FS&L Architects","sqft":14800,"scope":"Remodel of an existing telecom equipment space to house new 5G cabinets in a 14,800 sq ft building.  Replacement of the existing roof system.  Adding a canopy over the existing loading dock.","funds":"This project is privately funded, on private land for private use.","cost":9500000.0,"work":"Renovation/Alteration","status":"Review Complete","registered":"2025-07-18","start":"2025-08-01","end":"2026-08-01","matched":"data center","url":"https://www.tdlr.texas.gov/TABS/Search/Project/TABS2025023900","geo":"address","geo_precision":"Point Address"}},{"type":"Feature","geometry":{"type":"Point","coordinates":[-106.504249,31.77024]},"properties":{"project":"TABS2025021913","name":"Education Building - Data Center","facility":"College of Education Building","address":"500 W University Avenue","city":"El Paso","county":"El Paso","owner":"The University of Texas at El Paso","owner_group":"The University Of Texas At El Paso","design_firm":"Mijares-Mora Architects, Inc.","sqft":4568,"scope":"This project involves improvements to the existing education building first floor to accommodate a data center and it's associated systems/equipment.","funds":"This project is privately funded, on private land for private use.","cost":3000000.0,"work":"Renovation/Alteration","status":"Review Complete","registered":"2025-06-24","start":"2025-07-31","end":"2026-07-31","matched":"data center","url":"https://www.tdlr.texas.gov/TABS/Search/Project/TABS2025021913","geo":"address","geo_precision":"Point Address"}},{"type":"Feature","geometry":{"type":"Point","coordinates":[-96.918115,32.817593]},"properties":{"project":"TABS2025020774","name":"DFW Data Center Interior Fit-out","facility":"Edged - DFW Data Center","address":"505 N. Wildwood Dr.","city":"Irving","county":"Dallas","owner":"Edged Dallas LLC","owner_group":"Edged Dallas Llc","design_firm":"MG2","sqft":32700,"scope":"32,700 sq ft Interior fit-out","funds":"This project is privately funded, on private land for private use.","cost":3100000.0,"work":"Renovation/Alteration","status":"Review Complete","registered":"2025-06-08","start":"2025-06-08","end":"2026-12-15","matched":"data center","url":"https://www.tdlr.texas.gov/TABS/Search/Project/TABS2025020774","geo":"address","geo_precision":"Point Address"}},{"type":"Feature","geometry":{"type":"Point","coordinates":[-98.499131,29.555597]},"properties":{"project":"TABS2025019833","name":"Data Center THM1A","facility":"Data Center 1","address":"10357 Loop Road","city":"Haskell","county":"Haskell","owner":"Homebound Group LLC","owner_group":"Homebound Group Llc","design_firm":"HDR Engineering Inc.","sqft":280000,"scope":"Design and construction of a new one-story Data Center, located at the THM campus. The project includes roads and site improvements.","funds":"This project is privately funded, on private land for private use.","cost":350000000.0,"work":"New Construction","status":"Project Registered","registered":"2025-05-27","start":"2025-06-18","end":"2027-04-16","matched":"data center","url":"https://www.tdlr.texas.gov/TABS/Search/Project/TABS2025019833","geo":"address","geo_precision":"Address Range"}},{"type":"Feature","geometry":{"type":"Point","coordinates":[-96.353855,30.619727]},"properties":{"project":"TABS2025019718","name":"TAMU West Campus Data Center - 2B","facility":"TAMU West Campus Data Center","address":"474 Agronomy Road","city":"College Station","county":"Brazos","owner":"Texas A&M University","owner_group":"Texas A&M University","design_firm":"Gensler","sqft":6505,"scope":"Interior buildout of existing shell space within existing data center building and associated utilities","funds":"This project involves public funds, public land, or is a Federally funded roadway project.","cost":2500000.0,"work":"Renovation/Alteration","status":"Review Complete","registered":"2025-05-23","start":"2025-06-13","end":"2025-12-31","matched":"data center","url":"https://www.tdlr.texas.gov/TABS/Search/Project/TABS2025019718","geo":"address","geo_precision":"Point Address"}},{"type":"Feature","geometry":{"type":"Point","coordinates":[-97.360182,31.125096]},"properties":{"project":"TABS2025015318","name":"5MW Temple Data Center","facility":"5MW Data Center","address":"2313 Eberhardt Road","city":"Temple","county":"Bell","owner":"Oppidan","owner_group":"Oppidan","design_firm":"Salas O'Brien","sqft":61554,"scope":"A new 61,5191 MW data center including construction of new exterior and interior partitions, ceilings, finishes, mechanical, electrical, plumbing, and fire protection. Also, includes site work, data hall #1, admin. area, and tilt-wall panels.","funds":"This project is privately funded, on private land for private use.","cost":31000000.0,"work":"New Construction","status":"Review Complete","registered":"2025-03-28","start":"2025-07-14","end":"2026-10-16","matched":"data center","url":"https://www.tdlr.texas.gov/TABS/Search/Project/TABS2025015318","geo":"address","geo_precision":"Address Range"}},{"type":"Feature","geometry":{"type":"Point","coordinates":[-98.940451,29.34898]},"properties":{"project":"TABS2025012765","name":"SAT89/90 Data Center","facility":"SAT89/90 Data Center","address":"2995 US HWY 90 W","city":"Castroville","county":"Medina","owner":"Microsoft Corporation","owner_group":"Microsoft","design_firm":"WSP USA","sqft":489400,"scope":"Construction of two single-story data center buildings each containing five colos, plus associated campus site construction. Approximately 489,400 square feet gross building area.","funds":"This project is privately funded, on private land for private use.","cost":765000000.0,"work":"New Construction","status":"Review Complete","registered":"2025-02-25","start":"2025-06-01","end":"2027-07-31","matched":"data center","url":"https://www.tdlr.texas.gov/TABS/Search/Project/TABS2025012765","geo":"address","geo_precision":"Address Range"}},{"type":"Feature","geometry":{"type":"Point","coordinates":[-97.706802,30.416381]},"properties":{"project":"TABS2025012206","name":"TWC MOPAC DATA CENTER","facility":"TWC MOPAC BUILDING","address":"12312 N MOPAC EXPRESSWAY","city":"Austin","county":"Travis","owner":"TEXAS WORKFORCE COMMISSION","owner_group":"Texas Workforce Commission","design_firm":"CLK Architects & Associates","sqft":700,"scope":"RENOVATE THREE EXISTING OFFICES TO CREATE ONE LARGE DATA ROOM.","funds":"This project involves public funds, public land, or is a Federally funded roadway project.","cost":479000.0,"work":"Renovation/Alteration","status":"Project Closed","registered":"2025-02-18","start":"2025-05-01","end":"2026-01-13","matched":"data center","url":"https://www.tdlr.texas.gov/TABS/Search/Project/TABS2025012206","geo":"address","geo_precision":"Point Address"}},{"type":"Feature","geometry":{"type":"Point","coordinates":[-95.371408,29.755293]},"properties":{"project":"TABS2025012139","name":"Chevron L8 Data Center Revision","facility":"HOU150","address":"1500 Smith Street","city":"Houston","county":"Harris","owner":"Chevron USA","owner_group":"Chevron Usa","design_firm":"Jacobs Engineering Group","sqft":4500,"scope":"Isolate Network Lab, deboxing, and storage area from data center. Arch, Elec, Mech, and Fire Pump Scope included.","funds":"This project is privately funded, on private land for private use.","cost":750000.0,"work":"Renovation/Alteration","status":"Review Complete","registered":"2025-02-18","start":"2025-04-01","end":"2025-08-31","matched":"data center","url":"https://www.tdlr.texas.gov/TABS/Search/Project/TABS2025012139","geo":"address","geo_precision":"Address Range"}},{"type":"Feature","geometry":{"type":"Point","coordinates":[-97.368102,31.128277]},"properties":{"project":"TABS2025007641","name":"TTX Data Center","facility":"Guard House","address":"3101 Industrial Boulevard","city":"Temple","county":"Bell","owner":"Polmer, LLC","owner_group":"Polmer, Llc","design_firm":"Merriman Pitt / Anderson, Inc.","sqft":312,"scope":"Construction of a new pre-cast concrete guardhouse with slab-on-grade foundation.","funds":"This project is privately funded, on private land for private use.","cost":500000.0,"work":"Additions to Existing Building","status":"Project Closed","registered":"2024-12-13","start":"2025-01-02","end":"2025-03-31","matched":"data center","url":"https://www.tdlr.texas.gov/TABS/Search/Project/TABS2025007641","geo":"address","geo_precision":"Point Address"}},{"type":"Feature","geometry":{"type":"Point","coordinates":[-103.09504,31.713323]},"properties":{"project":"TABS2025001763","name":"Black Pearl Data Center","facility":"Black Pearl Data Center","address":"11786 Co Rd 209, Wink, TX","city":"Wink","county":"Winkler","owner":"MASSEY, SAM G & KILA R","owner_group":"Massey, Sam G & Kila R","design_firm":null,"sqft":19579,"scope":"Project Consists of Ground up Construction of a 19,579SF one story Pre-engineered metal building. The use will comprise of group B space where specific use will be Business & Group F-1, S-1 Shop space used for the repair & maintenance of equipment","funds":"This project is privately funded, on private land for private use.","cost":7000000.0,"work":"New Construction","status":"Inspection Complete","registered":"2024-09-25","start":"2024-08-07","end":"2024-12-31","matched":"data center","url":"https://www.tdlr.texas.gov/TABS/Search/Project/TABS2025001763","geo":"address","geo_precision":"Street"}},{"type":"Feature","geometry":{"type":"Point","coordinates":[-100.483136,31.462505]},"properties":{"project":"TABS2025001695","name":"San Angelo ISD Data Center Relocation, Electrical Repairs, Building Demolition, and Asbestos Abatem","facility":"Alta Loma Elementary School","address":"1700 N Garfield St.","city":"San Angelo","county":"Tom Green","owner":"San Angelo Independent School District","owner_group":"San Angelo Independent School District","design_firm":"Parkhill (Jeff Reed) mm","sqft":19900,"scope":"Project 1: Alta Loma Data Relocation Project - Interior renovation to an existing building (Library) approx. 3,300 sq. ft.","funds":"This project involves public funds, public land, or is a Federally funded roadway project.","cost":2000000.0,"work":"Renovation/Alteration","status":"Project Closed","registered":"2024-09-24","start":"2024-11-01","end":"2025-06-01","matched":"data center","url":"https://www.tdlr.texas.gov/TABS/Search/Project/TABS2025001695","geo":"address","geo_precision":"Point Address"}},{"type":"Feature","geometry":{"type":"Point","coordinates":[-98.643791,29.444995]},"properties":{"project":"TABS2024025975","name":"EX West Green Data Center","facility":"Ex West New MMR's","address":"1050 Democracy","city":"San Antonio","county":"Bexar","owner":"COPT San Antonio II, LP","owner_group":"Copt San Antonio Ii, Lp","design_firm":"Page","sqft":3200,"scope":"The addition of two 800 sf Meet Me Room (MMR) Buildings to the existing EX West Green Data Center project. The scope includes support MEP work and equipment as well as site modifications. Total new square footage- 1600 sf","funds":"This project is privately funded, on private land for private use.","cost":15000000.0,"work":"New Construction","status":"Review Complete","registered":"2024-08-21","start":"2024-12-16","end":"2025-11-14","matched":"data center","url":"https://www.tdlr.texas.gov/TABS/Search/Project/TABS2024025975","geo":"address","geo_precision":"Point Address"}},{"type":"Feature","geometry":{"type":"Point","coordinates":[-95.481722,30.430739]},"properties":{"project":"TABS2024025831","name":"Willis Data Center","facility":"Comcast","address":"606 TX-75","city":"Willis","county":"Montgomery","owner":"Comcast of Houston, LLC","owner_group":"Comcast Of Houston, Llc","design_firm":"HDA","sqft":5200,"scope":"New construction of 5,200sf data center with the following interior spaces: Power room, headend room, technician control room, restroom and vestibule. Building will not have public access","funds":"This project is privately funded, on private land for private use.","cost":7500000.0,"work":"New Construction","status":"Inspection Complete","registered":"2024-08-20","start":"2024-11-01","end":"2025-12-15","matched":"data center","url":"https://www.tdlr.texas.gov/TABS/Search/Project/TABS2024025831","geo":"address","geo_precision":"Point Address"}},{"type":"Feature","geometry":{"type":"Point","coordinates":[-106.28983,31.67831]},"properties":{"project":"TABS2024025587","name":"Oppidan 5MW Data Center","facility":"Oppidan 5MW Data Center","address":"9879 North Loop Drive","city":"El Paso","county":"El Paso","owner":"Oppidan","owner_group":"Oppidan","design_firm":null,"sqft":61554,"scope":"Ground up construction of a 61,554sf 5MW data center on a green field site in El Paso.","funds":"This project is privately funded, on private land for private use.","cost":27173000.0,"work":"New Construction","status":"Inspection Complete","registered":"2024-08-15","start":"2025-01-06","end":"2026-01-07","matched":"data center","url":"https://www.tdlr.texas.gov/TABS/Search/Project/TABS2024025587","geo":"address","geo_precision":"Address Range"}},{"type":"Feature","geometry":{"type":"Point","coordinates":[-95.041516,29.395954]},"properties":{"project":"TABS2024025422","name":"Data Center Showroom Building","facility":"Data Center Showroom Building","address":"4995A FM 1764","city":"La Marque","county":"Galveston","owner":"FM1764, LLC","owner_group":"Fm1764, Llc","design_firm":"RTR Design","sqft":3120,"scope":"New 3,120 S.F. single-story PEMB building construction for new retail, office and warehouse space","funds":"This project is privately funded, on private land for private use.","cost":358800.0,"work":"New Construction","status":"Inspection Complete","registered":"2024-08-13","start":"2024-10-01","end":"2025-10-01","matched":"data center","url":"https://www.tdlr.texas.gov/TABS/Search/Project/TABS2024025422","geo":"address","geo_precision":"Address Range"}},{"type":"Feature","geometry":{"type":"Point","coordinates":[-100.056492,34.381433]},"properties":{"project":"TABS2024024946","name":"Iris - Childress Data Center","facility":"Office Building","address":"620 FM 1033","city":"Childress","county":"Childress","owner":"IE US Development Holdings 3 Inc.","owner_group":"Ie Us Development Holdings 3 Inc.","design_firm":"MBA Energy & Industrial","sqft":14964,"scope":"Ground up construction of 14,964 SF one story pre-engineered metal building. The use will comprise of Group B occupancy for office, professional or service-type transactions, including storage of records and accounts.","funds":"This project is privately funded, on private land for private use.","cost":3863400.0,"work":"New Construction","status":"Inspection Complete","registered":"2024-08-07","start":"2024-10-01","end":"2025-04-30","matched":"data center","url":"https://www.tdlr.texas.gov/TABS/Search/Project/TABS2024024946","geo":"address","geo_precision":"Address Range"}},{"type":"Feature","geometry":{"type":"Point","coordinates":[-98.881861,29.431251]},"properties":{"project":"TABS2024023976","name":"SAT82 Data Center","facility":"SAT82 Data Center","address":"18844 FM 1957 Castroville","city":"Castroville","county":"Medina","owner":"Microsoft Corporation","owner_group":"Microsoft","design_firm":"WSP USA, Inc.","sqft":244676,"scope":"Construction of one story building with 5 colos for a Data Center. Approximate 244,676 square foot of gross building area","funds":"This project is privately funded, on private land for private use.","cost":482600000.0,"work":"New Construction","status":"Review Complete","registered":"2024-07-25","start":"2026-04-11","end":"2028-02-08","matched":"data center","url":"https://www.tdlr.texas.gov/TABS/Search/Project/TABS2024023976","geo":"address","geo_precision":"Address Range"}},{"type":"Feature","geometry":{"type":"Point","coordinates":[-97.070294,32.83208]},"properties":{"project":"TABS2024019689","name":"Centersquare Data Hall Buildout","facility":"DFW1","address":"1490 FAA Blvd.","city":"Fort Worth","county":"Tarrant","owner":"Menlo Equities","owner_group":"Menlo Equities","design_firm":"CDC Group LLC","sqft":21240,"scope":"Power and cooling infrastructure additions to accommodate additional data center IT equipment.","funds":"This project is privately funded, on private land for private use.","cost":4500000.0,"work":"Renovation/Alteration","status":"Project Registered","registered":"2024-05-30","start":"2024-06-10","end":"2024-09-15","matched":"data center","url":"https://www.tdlr.texas.gov/TABS/Search/Project/TABS2024019689","geo":"address","geo_precision":"Street"}},{"type":"Feature","geometry":{"type":"Point","coordinates":[-96.754784,32.714596]},"properties":{"project":"TABS2024017263","name":"Danik Data Center","facility":"Danik Data Center","address":"7745 S Central Expressway","city":"Dallas","county":"Dallas","owner":"Mahesh Patel","owner_group":"Mahesh Patel","design_firm":null,"sqft":953,"scope":"THREE NEW DATA CENTER MODULAR BUILDINGS ON SUBKECT","funds":"This project is privately funded, on private land for private use.","cost":200000.0,"work":"New Construction","status":"Project Closed","registered":"2024-04-29","start":"2024-05-15","end":"2025-12-20","matched":"data center","url":"https://www.tdlr.texas.gov/TABS/Search/Project/TABS2024017263","geo":"address","geo_precision":"Address Range"}},{"type":"Feature","geometry":{"type":"Point","coordinates":[-97.252473,32.979607]},"properties":{"project":"TABS2024016762","name":"TierPoint DFW Data Center Expansion","facility":"TierPoint DFW Data Center","address":"13701 Independence Pkwy","city":"Fort Worth","county":"Tarrant","owner":"TierPoint, LLC","owner_group":"Tierpoint, Llc","design_firm":"Merriman Anderson Architects","sqft":203218,"scope":"Conversion of unoccupied office space to a high density data hall.","funds":"This project is privately funded, on private land for private use.","cost":2000000.0,"work":"Renovation/Alteration","status":"Project Closed","registered":"2024-04-22","start":"2024-05-01","end":"2025-05-01","matched":"data center","url":"https://www.tdlr.texas.gov/TABS/Search/Project/TABS2024016762","geo":"address","geo_precision":"Point Address"}},{"type":"Feature","geometry":{"type":"Point","coordinates":[-96.275729,30.552281]},"properties":{"project":"TABS2024016087","name":"Rellis Campus Data and Research Center - Tenant Improvement","facility":"Rellis Campus Data and Research Center","address":"State Highway 21 and Rellis Parkway","city":"College Station","county":"Brazos","owner":"Rellis Campus Data and Research Center","owner_group":"Rellis Campus Data And Research Center","design_firm":"Powers Brown","sqft":45875,"scope":"New tenant buildout for a data center with office and classroom spaces","funds":"This project is privately funded, on private land for private use.","cost":5000000.0,"work":"Renovation/Alteration","status":"Review Complete","registered":"2024-04-12","start":"2024-10-07","end":"2026-05-08","matched":"data center","url":"https://www.tdlr.texas.gov/TABS/Search/Project/TABS2024016087","geo":"address","geo_precision":"Street"}},{"type":"Feature","geometry":{"type":"Point","coordinates":[-96.97978,32.896023]},"properties":{"project":"TABS2024014529","name":"QTS Data Center","facility":"QTS DFW1-DC6","address":"6300 Longhorn Drive","city":"Irving","county":"Dallas","owner":"QTS Data Centers","owner_group":"QTS","design_firm":"HDR Architecture, Inc","sqft":210755,"scope":"The project consists of a two (2) story 210,755 square foot partially built-out core and shell with phased data center and associated administrative spaces, equipment yards, mechanical & electrical equipment, and site improvements.","funds":"This project is privately funded, on private land for private use.","cost":152000000.0,"work":"New Construction","status":"Review Complete","registered":"2024-03-24","start":"2024-08-01","end":"2025-11-30","matched":"data center","url":"https://www.tdlr.texas.gov/TABS/Search/Project/TABS2024014529","geo":"address","geo_precision":"Point Address"}},{"type":"Feature","geometry":{"type":"Point","coordinates":[-97.062162,32.44658]},"properties":{"project":"TABS2024013301","name":"Sharka Data Center - Building 4","facility":"Sharka Data Center","address":"3441 Railport Parkway","city":"Midlothian","county":"Ellis","owner":"Sharka LLC c/o Corporation Services Co.","owner_group":"Sharka LLC","design_firm":"HDR Engineering, Inc.","sqft":170600,"scope":"1-story Data Center with associated central utility buildings.","funds":"This project is privately funded, on private land for private use.","cost":350000000.0,"work":"New Construction","status":"Project Closed","registered":"2024-03-07","start":"2024-04-01","end":"2025-12-31","matched":"data center","url":"https://www.tdlr.texas.gov/TABS/Search/Project/TABS2024013301","geo":"address","geo_precision":"Point Address"}},{"type":"Feature","geometry":{"type":"Point","coordinates":[-96.683544,33.094921]},"properties":{"project":"TABS2024011014","name":"Evoque Data Center Pavement Repair","facility":"Evoque Data Center","address":"900 Guardians Way","city":"Allen","county":"Collin","owner":"900 Guardians Way LLC, a Delaware limited liability company","owner_group":"900 Guardians Way Llc, A Delaware Limited Liability Company","design_firm":"RLG Consulting Engineers","sqft":15000,"scope":"Pavement repair for existing drive and fire lane.","funds":"This project is privately funded, on private land for private use.","cost":450000.0,"work":"Renovation/Alteration","status":"Project Closed","registered":"2024-02-07","start":"2024-03-07","end":"2024-04-12","matched":"data center","url":"https://www.tdlr.texas.gov/TABS/Search/Project/TABS2024011014","geo":"address","geo_precision":"Point Address"}},{"type":"Feature","geometry":{"type":"Point","coordinates":[-93.939262,29.868881]},"properties":{"project":"TABS2024010377","name":"New Data Center Project","facility":"Port of Port Arthur Navigation District","address":"501 Houston Ave.","city":"Port Arthur","county":"Jefferson","owner":"Port of Port Arthur Navigation District","owner_group":"Port Of Port Arthur Navigation District","design_firm":null,"sqft":1860,"scope":"Buildout new rooms and install new electrical and hvac.","funds":"This project involves public funds, public land, or is a Federally funded roadway project.","cost":400000.0,"work":"Renovation/Alteration","status":"Project Registered","registered":"2024-01-30","start":"2024-02-01","end":"2027-09-03","matched":"data center","url":"https://www.tdlr.texas.gov/TABS/Search/Project/TABS2024010377","geo":"address","geo_precision":"Point Address"}},{"type":"Feature","geometry":{"type":"Point","coordinates":[-96.879833,32.837386]},"properties":{"project":"TABS2024009618","name":"PRIME DATA CENTER","facility":"DFW01-02","address":"1455 Round Table Dr","city":"Dallas","county":"Dallas","owner":"1515 Roundtable Dr Property, LLC","owner_group":"1515 Roundtable Dr Property, Llc","design_firm":"AO Architects","sqft":96796,"scope":"Three-story 96,796 sf data center building constructed in phases. The initial phase will consist of an unoccupied core and shell with site enhancements. The core package and shell will be designed to support the full build out.","funds":"This project is privately funded, on private land for private use.","cost":22000000.0,"work":"New Construction","status":"Inspection Complete","registered":"2024-01-19","start":"2024-08-05","end":"2024-09-05","matched":"data center","url":"https://www.tdlr.texas.gov/TABS/Search/Project/TABS2024009618","geo":"address","geo_precision":"Address Range"}},{"type":"Feature","geometry":{"type":"Point","coordinates":[-98.786962,29.41388]},"properties":{"project":"TABS2024007561","name":"Data Center Building TX11","facility":"TX11","address":"14720 Omicron Dr.","city":"San Antonio","county":"Bexar","owner":"VANTAGE DATA CENTERS TX1 LLC","owner_group":"Vantage","design_firm":"Sheehan Nagle Hartray Architects (SNHA)","sqft":242667,"scope":"TX11 is a 2 story data center building with a total of 32MW capacity. The building includes four 8MW data halls, support spaces, office areas, shipping & receiving and storage areas.  Total gross building area is 242,667 sq ft.","funds":"This project is privately funded, on private land for private use.","cost":95823731.0,"work":"New Construction","status":"Inspection Complete","registered":"2023-12-15","start":"2023-12-15","end":"2026-09-01","matched":"data center","url":"https://www.tdlr.texas.gov/TABS/Search/Project/TABS2024007561","geo":"address","geo_precision":"Address Range"}},{"type":"Feature","geometry":{"type":"Point","coordinates":[-98.700563,29.482938]},"properties":{"project":"TABS2024005974","name":"Vantage Data Centers TX21 Core and Shell +16MW Fit-Out","facility":"VDC TX21","address":"5207 Rogers Road","city":"San Antonio","county":"Bexar","owner":"Vantage Data Centers","owner_group":"Vantage","design_firm":"Corgan","sqft":360000,"scope":"3-story Data Center, This phase has 2 levels of shell for future data halls and 1 level of data center space with service yards and various support spaces.","funds":"This project is privately funded, on private land for private use.","cost":157000000.0,"work":"New Construction","status":"Review Complete","registered":"2023-11-22","start":"2023-12-11","end":"2025-06-01","matched":"data center","url":"https://www.tdlr.texas.gov/TABS/Search/Project/TABS2024005974","geo":"address","geo_precision":"Address Range"}},{"type":"Feature","geometry":{"type":"Point","coordinates":[-96.275729,30.552281]},"properties":{"project":"TABS2024004718","name":"Rellis Campus Data and Research Center","facility":"Rellis Campus Data and Research Center","address":"State Highway 21 and Rellis Parkway","city":"College Station","county":"Brazos","owner":"THE TEXAS A&M UNIVERSITY SYSTEM","owner_group":"The Texas A&M University System","design_firm":"Powers Brown","sqft":45875,"scope":"Two story tiltwall shell building. Interior build out to be permitted separately.","funds":"This project is privately funded, on private land for private use.","cost":10000000.0,"work":"New Construction","status":"Project Registered","registered":"2023-11-03","start":"2024-01-01","end":"2024-12-31","matched":"data center","url":"https://www.tdlr.texas.gov/TABS/Search/Project/TABS2024004718","geo":"address","geo_precision":"Street"}},{"type":"Feature","geometry":{"type":"Point","coordinates":[-95.299342,32.352121]},"properties":{"project":"TABS2024002539","name":"06-23 Smith County IT Data Center Improvements","facility":"Smith County Annex","address":"200 E. Ferguson St., Suite 213","city":"Tyler","county":"Smith","owner":"Smith County","owner_group":"Smith County","design_firm":"Fitzpatrick Architects","sqft":1500,"scope":"Exterior work consists of removal and replacement of generator(s), pad, and enclosure. Interior work consists of renovating existing office space into a new, larger data center.","funds":"This project involves public funds, public land, or is a Federally funded roadway project.","cost":2000000.0,"work":"Renovation/Alteration","status":"Project Registered","registered":"2023-10-05","start":"2023-11-01","end":"2024-12-20","matched":"data center","url":"https://www.tdlr.texas.gov/TABS/Search/Project/TABS2024002539","geo":"address","geo_precision":"Point Address"}},{"type":"Feature","geometry":{"type":"Point","coordinates":[-95.755096,29.807977]},"properties":{"project":"TABS2024001910","name":"Fugro Data Center","facility":"Skybox","address":"22000 Franz Road","city":"Katy","county":"Harris","owner":"SMBC Leasing & Finance Inc c/o Element Critical","owner_group":"Smbc Leasing & Finance Inc C/O Element Critical","design_firm":null,"sqft":2350,"scope":"Renovation/alteration work to an existing lease space","funds":"This project is privately funded, on private land for private use.","cost":295799.0,"work":"Renovation/Alteration","status":"Project Closed","registered":"2023-09-27","start":"2023-10-23","end":"2024-01-22","matched":"data center","url":"https://www.tdlr.texas.gov/TABS/Search/Project/TABS2024001910","geo":"address","geo_precision":"Point Address"}},{"type":"Feature","geometry":{"type":"Point","coordinates":[-98.643791,29.444995]},"properties":{"project":"TABS2024000855","name":"EX West Green Data Center","facility":"EX West Green Data Center","address":"1050 Democracy","city":"San Antonio","county":"Bexar","owner":"COPT San Antonio II, L.P.","owner_group":"Copt San Antonio Ii, L.P.","design_firm":"Page","sqft":1600,"scope":"The addition of two, 800 sf Meet Me Room (MMR) buildings to the existing site of the EX West Green Data Center Project. The scope includes supporting MEP work and equipment, as well as related site modifications.","funds":"This project is privately funded, on private land for private use.","cost":7400000.0,"work":"New Construction","status":"Project Closed","registered":"2023-09-13","start":"2023-10-02","end":"2024-03-29","matched":"data center","url":"https://www.tdlr.texas.gov/TABS/Search/Project/TABS2024000855","geo":"address","geo_precision":"Point Address"}},{"type":"Feature","geometry":{"type":"Point","coordinates":[-96.918115,32.817593]},"properties":{"project":"TABS2023026611","name":"Edged DFW Data Center","facility":"Edged DFW Data Center","address":"505 N Wildwood Drive","city":"Irving","county":"Dallas","owner":"Edged Dallas LLC","owner_group":"Edged Dallas Llc","design_firm":"Burns and McDonnell","sqft":162543,"scope":"The scope of development involves modifications to an existing warehouse. The project aims to incorporate data processing halls, along with accompanying office facilities and essential electrical and mechanical components.","funds":"This project is privately funded, on private land for private use.","cost":35000000.0,"work":"Renovation/Alteration","status":"Project Registered","registered":"2023-08-23","start":"2023-08-23","end":"2024-11-01","matched":"data center","url":"https://www.tdlr.texas.gov/TABS/Search/Project/TABS2023026611","geo":"address","geo_precision":"Point Address"}},{"type":"Feature","geometry":{"type":"Point","coordinates":[-95.395767,29.938509]},"properties":{"project":"TABS2023023159","name":"Kroozin at SH-249 (data center)","facility":"Kroozin Data Center","address":"14151 Tomball Pkwy Suite 100 9950 Westpark Dr. STE 426","city":"Houston","county":"Harris","owner":"Altaf Makanojiya","owner_group":"Altaf Makanojiya","design_firm":null,"sqft":1950,"scope":"1,950 SF Data center","funds":"This project involves public funds, public land, or is a Federally funded roadway project.","cost":150000.0,"work":"New Construction","status":"Project Registered","registered":"2023-07-10","start":"2023-09-01","end":"2023-10-01","matched":"data center","url":"https://www.tdlr.texas.gov/TABS/Search/Project/TABS2023023159","geo":"address","geo_precision":"Address Range"}},{"type":"Feature","geometry":{"type":"Point","coordinates":[-96.65802,32.9824]},"properties":{"project":"TABS2023022537","name":"Data Center TX3 - Tenant Improvements","facility":"NTT TX3 - Data Center","address":"2080 Lookout Drive","city":"Garland","county":"Dallas","owner":"NTT Global","owner_group":"Ntt Global","design_firm":"Page Southerland Page","sqft":139500,"scope":"Existing building fit out for new tenant, consisting of additional office space and adding equipment to data vaults.","funds":"This project is privately funded, on private land for private use.","cost":25000000.0,"work":"Additions to Existing Building","status":"Project Closed","registered":"2023-06-28","start":"2023-12-01","end":"2024-12-31","matched":"data center","url":"https://www.tdlr.texas.gov/TABS/Search/Project/TABS2023022537","geo":"address","geo_precision":"Address Range"}},{"type":"Feature","geometry":{"type":"Point","coordinates":[-96.659932,32.982401]},"properties":{"project":"TABS2023022536","name":"Data Center TX2 - Tenant Improvements","facility":"NTT TX2 - Data Center","address":"2108 Lookout Drive","city":"Garland","county":"Dallas","owner":"Michael Wooddell","owner_group":"Michael Wooddell","design_firm":"Page Southerland Page","sqft":139500,"scope":"Existing building fit out for new tenant, consisting of additional office space and adding equipment to data vaults","funds":"This project is privately funded, on private land for private use.","cost":25000000.0,"work":"Additions to Existing Building","status":"Project Closed","registered":"2023-06-28","start":"2024-08-01","end":"2025-07-31","matched":"data center","url":"https://www.tdlr.texas.gov/TABS/Search/Project/TABS2023022536","geo":"address","geo_precision":"Address Range"}},{"type":"Feature","geometry":{"type":"Point","coordinates":[-98.59861,29.406643]},"properties":{"project":"TABS2023021880","name":"American Tower Data Center","facility":"American Tower Data Center - Highway 90","address":"5436 New Highway 90 West","city":"San Antonio","county":"Bexar","owner":"American Towers, LP","owner_group":"American Towers, Lp","design_firm":null,"sqft":7255,"scope":"Construction of an electronic data storage center on a vacant lot adjacent to existing cellular communications facility. Day-to-day operations of the storage center will be separate (but related) to the cellular communications facility.","funds":"This project is privately funded, on private land for private use.","cost":15000000.0,"work":"New Construction","status":"Review Complete","registered":"2023-06-21","start":"2024-09-01","end":"2024-12-31","matched":"data center","url":"https://www.tdlr.texas.gov/TABS/Search/Project/TABS2023021880","geo":"address","geo_precision":"Point Address"}},{"type":"Feature","geometry":{"type":"Point","coordinates":[-96.79429,32.787314]},"properties":{"project":"TABS2023000556","name":"Phase 2 Data Center Finish Out","facility":"Digital Realty","address":"2323 Bryan St","city":"Dallas","county":"Dallas","owner":"Digital Bryan Street PS","owner_group":"Digital Bryan Street Ps","design_firm":"Corgan Associates","sqft":26727,"scope":"Renovation of levels 6 & 7 to Data Hall space.  Renovation of levels 8 & 9 UPS & Mechanical to support the data halls.","funds":"This project is privately funded, on private land for private use.","cost":18000000.0,"work":"Renovation/Alteration","status":"Project Registered","registered":"2022-09-09","start":"2023-01-01","end":"2024-01-31","matched":"data center","url":"https://www.tdlr.texas.gov/TABS/Search/Project/TABS2023000556","geo":"address","geo_precision":"Point Address"}},{"type":"Feature","geometry":{"type":"Point","coordinates":[-97.623052,30.482391]},"properties":{"project":"TABS2022026608","name":"Skybox-Austin 1-Data Center Upfit","facility":"Building 1","address":"600 New Meister Lane","city":"Pflugerville","county":"Travis","owner":"Austin Data Center 1 LLC","owner_group":"Austin Data Center 1 Llc","design_firm":"Corgan Associates","sqft":57432,"scope":"Interior improvmnts to bldg as a Data Center, 4 Data Halls will be up-fit & their supporting MEP rooms/equipment. Equipment yard will host back-up generators, air cooled chillers & Power Distribution Centers containers. Will be finished white boxes.","funds":"This project is privately funded, on private land for private use.","cost":28500000.0,"work":"Additions to Existing Building","status":"Project Closed","registered":"2022-08-19","start":"2022-10-01","end":"2024-10-01","matched":"data center","url":"https://www.tdlr.texas.gov/TABS/Search/Project/TABS2022026608","geo":"address","geo_precision":"Point Address"}},{"type":"Feature","geometry":{"type":"Point","coordinates":[-97.368102,31.128277]},"properties":{"project":"TABS2022021892","name":"Temple Data Center NCB","facility":"Temple Data Center NCB","address":"3101 Industrial Blvd","city":"Temple","county":"Bell","owner":"Polmer LLC","owner_group":"Polmer Llc","design_firm":"Cushing Terrell","sqft":40000,"scope":"New Project Consisting of Pre-Engineered Metal Building for Construction Administrative Service.","funds":"This project is privately funded, on private land for private use.","cost":300000.0,"work":"New Construction","status":"Project Closed","registered":"2022-06-20","start":"2022-08-01","end":"2023-07-15","matched":"data center","url":"https://www.tdlr.texas.gov/TABS/Search/Project/TABS2022021892","geo":"address","geo_precision":"Point Address"}},{"type":"Feature","geometry":{"type":"Point","coordinates":[-98.232154,26.19939]},"properties":{"project":"TABS2022015724","name":"McAllen Data Center","facility":"MDC Data Center","address":"422 11th street","city":"Mcallen","county":"Hidalgo","owner":"MDC Data Center","owner_group":"Mdc Data Center","design_firm":null,"sqft":4432,"scope":"Minor interior demolition and renovation to an existing data center building","funds":"This project is privately funded, on private land for private use.","cost":200000.0,"work":"Renovation/Alteration","status":"Project Registered","registered":"2022-04-04","start":"2022-05-01","end":"2022-07-01","matched":"data center","url":"https://www.tdlr.texas.gov/TABS/Search/Project/TABS2022015724","geo":"address","geo_precision":"Point Address"}},{"type":"Feature","geometry":{"type":"Point","coordinates":[-98.075944,29.726005]},"properties":{"project":"TABS2022014592","name":"SSFCU 306 Data Center","facility":"SSFCU 306 Data Center","address":"190 Creekside Crossing Suite 1101","city":"New Braunfels","county":"Comal","owner":"SSFCU","owner_group":"Ssfcu","design_firm":"Luna Middleman Architects","sqft":4558,"scope":"Second floor interior finish out of an existing fully sprinkled new shell building","funds":"This project is privately funded, on private land for private use.","cost":1000000.0,"work":"Renovation/Alteration","status":"Project Closed","registered":"2022-03-22","start":"2022-05-01","end":"2023-06-15","matched":"data center","url":"https://www.tdlr.texas.gov/TABS/Search/Project/TABS2022014592","geo":"address","geo_precision":"Point Address"}},{"type":"Feature","geometry":{"type":"Point","coordinates":[-98.486868,29.429345]},"properties":{"project":"TABS2022012277","name":"H5 Data Center - Colo 4 Buildout","facility":"H5 Data Center","address":"323 Broadway","city":"San Antonio","county":"Bexar","owner":"H5 Data Center","owner_group":"H5 Data Center","design_firm":null,"sqft":1410,"scope":"Interior colocation (server) room fit out and associated equipment","funds":"This project is privately funded, on private land for private use.","cost":300000.0,"work":"Renovation/Alteration","status":"Review Complete","registered":"2022-02-22","start":"2022-03-28","end":"2022-05-31","matched":"data center","url":"https://www.tdlr.texas.gov/TABS/Search/Project/TABS2022012277","geo":"address","geo_precision":"Point Address"}},{"type":"Feature","geometry":{"type":"Point","coordinates":[-95.365684,29.75356]},"properties":{"project":"TABS2022010588","name":"Netrality Data Centers Level 9 & Level 13.5","facility":"Netrality Data Centers Houston - Colocation & Interconnection","address":"1301 Fannin St STE 100","city":"Houston","county":"Harris","owner":"Netrality Data Center Houston - Colocation & Interconnection","owner_group":"Netrality Data Center Houston - Colocation & Interconnection","design_firm":"Planning Design Research","sqft":61000,"scope":"Interior Design Renovation / Alteration","funds":"This project is privately funded, on private land for private use.","cost":11000000.0,"work":"Renovation/Alteration","status":"Project Closed","registered":"2022-01-31","start":"2022-03-01","end":"2022-11-01","matched":"data center","url":"https://www.tdlr.texas.gov/TABS/Search/Project/TABS2022010588","geo":"address","geo_precision":"Point Address"}},{"type":"Feature","geometry":{"type":"Point","coordinates":[-95.459106,30.066711]},"properties":{"project":"TABS2022008436","name":"TRG Datacenters Phase II Expansion","facility":"TRG Datacenters","address":"2626 Spring Cypress Road","city":"Spring","county":"Harris","owner":"Technical Realty Group of Texas, LLC","owner_group":"Technical Realty Group Of Texas, Llc","design_firm":"Trey Lucas Architecture","sqft":25017,"scope":"Expanding an existing Data Center with new data center along with offices and ancillary spaces.","funds":"This project is privately funded, on private land for private use.","cost":3700000.0,"work":"Additions to Existing Building","status":"Inspection Complete","registered":"2022-01-03","start":"2022-01-01","end":"2022-03-31","matched":"data center","url":"https://www.tdlr.texas.gov/TABS/Search/Project/TABS2022008436","geo":"address","geo_precision":"Point Address"}},{"type":"Feature","geometry":{"type":"Point","coordinates":[-98.523697,29.516758]},"properties":{"project":"TABS2022007979","name":"#21244 - New Data Center","facility":"Pape-Dawson Consulting Engineers Corporate Building","address":"2000 NW Loop 410","city":"Castle Hills","county":"Bexar","owner":"Pape Dawson Consulting Engineers","owner_group":"Pape Dawson Consulting Engineers","design_firm":"RVK Architecture, Inc.","sqft":1200,"scope":"Interior Renovation, Finish-Out, Site Development and Mechanical Yard.","funds":"This project is privately funded, on private land for private use.","cost":1900000.0,"work":"Renovation/Alteration","status":"Project Closed","registered":"2021-12-21","start":"2022-02-01","end":"2022-11-18","matched":"data center","url":"https://www.tdlr.texas.gov/TABS/Search/Project/TABS2022007979","geo":"address","geo_precision":"Point Address"}},{"type":"Feature","geometry":{"type":"Point","coordinates":[-97.297303,31.055962]},"properties":{"project":"TABS2022007939","name":"Temple Data Center","facility":"Temple Data Center","address":"2810 Bob White Road","city":"Unknown","county":"Bell","owner":"Temple Green Data LLC","owner_group":"Temple Green Data Llc","design_firm":"Burns and McDonnell","sqft":133274,"scope":"Development includes three interconnected Powered Shells primarily intended to store miners equipment equipped with immersion cooling system.","funds":"This project is privately funded, on private land for private use.","cost":70000000.0,"work":"New Construction","status":"Project Closed","registered":"2021-12-21","start":"2021-10-11","end":"2023-03-01","matched":"data center","url":"https://www.tdlr.texas.gov/TABS/Search/Project/TABS2022007939","geo":"address","geo_precision":"Point Address"}},{"type":"Feature","geometry":{"type":"Point","coordinates":[-100.86692,33.780398]},"properties":{"project":"TABS2022006398","name":"DPN Data Center","facility":"DPN Data Center Facility","address":"984 County Road 112 Suite A","city":"Afton","county":"Dickens","owner":"GALAXY DIGITAL LLC","owner_group":"Galaxy Digital Llc","design_firm":"WCA Design Studio, LLC","sqft":129000,"scope":"New 126000 SF Computer Data Center with a 2500 SF Office and 150 SF Guard Shack","funds":"This project is privately funded, on private land for private use.","cost":7000000.0,"work":"New Construction","status":"Inspection Complete","registered":"2021-12-01","start":"2021-12-06","end":"2022-03-31","matched":"data center","url":"https://www.tdlr.texas.gov/TABS/Search/Project/TABS2022006398","geo":"address","geo_precision":"Point Address"}},{"type":"Feature","geometry":{"type":"Point","coordinates":[-97.210207,33.214783]},"properties":{"project":"TABS2022005463","name":"Core Scientific Denton Data Center North Parcel Guard Station","facility":"Core Scientific Denton Data Center North Parcel Guard Station","address":"8161 Jim Christal Rd","city":"Denton","county":"Denton","owner":"CITY OF DENTON","owner_group":"City Of Denton","design_firm":"MJDII Architects, Inc.","sqft":150,"scope":"New Guard Station to control access to new multi-building data center site.","funds":"This project is privately funded, on private land for private use.","cost":50000.0,"work":"New Construction","status":"Review Complete","registered":"2021-11-16","start":"2021-11-22","end":"2023-12-31","matched":"data center","url":"https://www.tdlr.texas.gov/TABS/Search/Project/TABS2022005463","geo":"address","geo_precision":"Point Address"}},{"type":"Feature","geometry":{"type":"Point","coordinates":[-97.210207,33.214783]},"properties":{"project":"TABS2022005461","name":"Core Scientific Denton Data Center North Parcel Tech Building","facility":"Core Scientific Denton Data Center North Parcel Tech Building","address":"8161 Jim Christal Rd","city":"Denton","county":"Denton","owner":"CITY OF DENTON","owner_group":"City Of Denton","design_firm":"MJDII Architects, Inc.","sqft":8000,"scope":"New ground-up Tech Building to support surrounding data server buildings.  This Tech Building contains office space, warehouse space, restrooms, etc.","funds":"This project is privately funded, on private land for private use.","cost":1000000.0,"work":"New Construction","status":"Review Complete","registered":"2021-11-16","start":"2021-11-22","end":"2023-12-31","matched":"data center","url":"https://www.tdlr.texas.gov/TABS/Search/Project/TABS2022005461","geo":"address","geo_precision":"Point Address"}},{"type":"Feature","geometry":{"type":"Point","coordinates":[-95.485008,30.179841]},"properties":{"project":"TABS2022003527","name":"Woodlands Data Center C118","facility":"The Woodlands Enterprises","address":"4000 Technology Forest Blvd","city":"The Woodlands","county":"Montgomery","owner":"The Woodlands Enterprises LLC","owner_group":"The Woodlands Enterprises Llc","design_firm":"HLW International","sqft":8600,"scope":"interior build-out of existing shell space into data center","funds":"This project is privately funded, on private land for private use.","cost":8967629.0,"work":"Renovation/Alteration","status":"Project Closed","registered":"2021-10-20","start":"2021-11-15","end":"2022-10-31","matched":"data center","url":"https://www.tdlr.texas.gov/TABS/Search/Project/TABS2022003527","geo":"address","geo_precision":"Point Address"}},{"type":"Feature","geometry":{"type":"Point","coordinates":[-97.210207,33.214783]},"properties":{"project":"TABS2022003102","name":"Core Scientific Denton Data Center South Parcel Guard Station","facility":"Core Scientific Denton Data Center South Parcel Guard Station","address":"8161 Jim Christal Rd","city":"Denton","county":"Denton","owner":"CITY OF DENTON","owner_group":"City Of Denton","design_firm":"MJDII Architects, Inc.","sqft":150,"scope":"New Guard Station to control access to new multi-building data center site.","funds":"This project is privately funded, on private land for private use.","cost":50000.0,"work":"New Construction","status":"Review Complete","registered":"2021-10-14","start":"2021-10-18","end":"2023-12-31","matched":"data center","url":"https://www.tdlr.texas.gov/TABS/Search/Project/TABS2022003102","geo":"address","geo_precision":"Point Address"}},{"type":"Feature","geometry":{"type":"Point","coordinates":[-97.210207,33.214783]},"properties":{"project":"TABS2022003099","name":"Core Scientific Denton Data Center South Parcel Tech Building","facility":"Core Scientific Denton Data Center South Parcel Tech Building","address":"8161 Jim Christal Rd","city":"Denton","county":"Denton","owner":"CITY OF DENTON","owner_group":"City Of Denton","design_firm":"MJDII Architects, Inc.","sqft":8000,"scope":"New ground-up Tech building to support surrounding buildings housing data servers.  This tech building contains office space, warehouse space, restrooms, etc.","funds":"This project is privately funded, on private land for private use.","cost":1000000.0,"work":"New Construction","status":"Review Complete","registered":"2021-10-14","start":"2021-10-18","end":"2023-12-31","matched":"data center","url":"https://www.tdlr.texas.gov/TABS/Search/Project/TABS2022003099","geo":"address","geo_precision":"Point Address"}},{"type":"Feature","geometry":{"type":"Point","coordinates":[-96.82273,32.960053]},"properties":{"project":"TABS2022000947","name":"BCS Data Center Operations Expansion","facility":"Millennium Tower","address":"15455 Dallas Parkway, Suite 1300 & 1350","city":"Addison","county":"Dallas","owner":"Gadeke Group","owner_group":"Gadeke Group","design_firm":"Interprise","sqft":9594,"scope":"Renovation/ Alteration","funds":"This project is privately funded, on private land for private use.","cost":645206.0,"work":"Renovation/Alteration","status":"Project Closed","registered":"2021-09-15","start":"2021-09-20","end":"2022-01-28","matched":"data center","url":"https://www.tdlr.texas.gov/TABS/Search/Project/TABS2022000947","geo":"address","geo_precision":"Point Address"}},{"type":"Feature","geometry":{"type":"Point","coordinates":[-96.824281,32.943406]},"properties":{"project":"TABS2021021927","name":"Compass Datacenter","facility":"Fourteen555","address":"14555 North Dallas Parkway Suite 146","city":"Dallas","county":"Dallas","owner":"Cawley Partners","owner_group":"Cawley Partners","design_firm":"Schwabauer Design","sqft":3252,"scope":"Interior Finish out","funds":"This project is privately funded, on private land for private use.","cost":300000.0,"work":"Renovation/Alteration","status":"Review Complete","registered":"2021-08-12","start":"2021-08-16","end":"2021-10-29","matched":"data center","url":"https://www.tdlr.texas.gov/TABS/Search/Project/TABS2021021927","geo":"address","geo_precision":"Point Address"}},{"type":"Feature","geometry":{"type":"Point","coordinates":[-97.088334,32.760296]},"properties":{"project":"TABS2021019574","name":"Arlington Data Center","facility":"Arlington Data Center","address":"1411 wet n wild way","city":"Arlington","county":"Tarrant","owner":"D.R. Horton, Inc","owner_group":"D.R. Horton, Inc","design_firm":"NO 10 DESIGN GROUP","sqft":15767,"scope":"new construction for new data center","funds":"This project is privately funded, on private land for private use.","cost":15000000.0,"work":"New Construction","status":"Project Closed","registered":"2021-07-12","start":"2021-09-01","end":"2022-11-18","matched":"data center","url":"https://www.tdlr.texas.gov/TABS/Search/Project/TABS2021019574","geo":"address","geo_precision":"Address Range"}},{"type":"Feature","geometry":{"type":"Point","coordinates":[-97.320884,32.652016]},"properties":{"project":"TABS2021018723","name":"Alcon Data Center TI","facility":"Alcon Data Center","address":"6549 South Freeway","city":"Fort Worth","county":"Tarrant","owner":"Alcon Vision","owner_group":"Alcon Vision","design_firm":"BOKA Powell","sqft":1200,"scope":"Subdivide existing data center technical floor with wire mesh partition. Add doors and walls to subdivide adjoining office spaces.","funds":"This project is privately funded, on private land for private use.","cost":325000.0,"work":"Renovation/Alteration","status":"Project Closed","registered":"2021-06-29","start":"2021-08-01","end":"2021-12-31","matched":"data center","url":"https://www.tdlr.texas.gov/TABS/Search/Project/TABS2021018723","geo":"address","geo_precision":"Address Range"}},{"type":"Feature","geometry":{"type":"Point","coordinates":[-97.830693,30.580818]},"properties":{"project":"TABS2021016220","name":"PEC Control and Data Center","facility":"Pedernales Electric Cooperative Control and Data Center","address":"8796 183A Toll Road","city":"Leander","county":"Williamson","owner":"Pedernales Electric Cooperative","owner_group":"Pedernales Electric Cooperative","design_firm":"Corgan Associates","sqft":22900,"scope":"A 24-hour control and data center and generator yard","funds":"This project is privately funded, on private land for private use.","cost":22000000.0,"work":"New Construction","status":"Project Closed","registered":"2021-05-24","start":"2021-08-01","end":"2022-12-31","matched":"data center","url":"https://www.tdlr.texas.gov/TABS/Search/Project/TABS2021016220","geo":"address","geo_precision":"Point Address"}},{"type":"Feature","geometry":{"type":"Point","coordinates":[-98.495933,29.423754]},"properties":{"project":"TABS2021015470","name":"School of Data Science and National Security Collaboration Center","facility":"School of Data Science and National Security Collaboration Center","address":"506 Dolorosa Street","city":"San Antonio","county":"Bexar","owner":"University of Texas at San Antonio","owner_group":"University Of Texas At San Antonio","design_firm":"Jacobs, Inc.","sqft":165000,"scope":"New academic building of offices, lab and research space, a collaborative entry zone with access to elevator, stairs, restrooms, a large multi-purpose room and other building services. It will be six stories in height with various design strategies","funds":"This project involves public funds, public land, or is a Federally funded roadway project.","cost":64000000.0,"work":"New Construction","status":"Project Closed","registered":"2021-05-12","start":"2021-04-23","end":"2022-07-31","matched":"data center","url":"https://www.tdlr.texas.gov/TABS/Search/Project/TABS2021015470","geo":"address","geo_precision":"Point Address"}},{"type":"Feature","geometry":{"type":"Point","coordinates":[-98.643791,29.444995]},"properties":{"project":"TABS2021008977","name":"EX West Green Data Center Phase 2","facility":"EX West Green Data Center","address":"1050 Democracy","city":"San Antonio","county":"Bexar","owner":"COPT San Antonio II, LP","owner_group":"Copt San Antonio Ii, Lp","design_firm":"Page","sqft":88980,"scope":"Phase 2 of project on 28.05 acre greenfield site.  Includes small one story Ops Office Building, storage containers, modular data center containers (MDCs; equipment) with supporting elec and mech equipment, exterior yards, and covered walkways.","funds":"This project is privately funded, on private land for private use.","cost":279988945.0,"work":"New Construction","status":"Project Closed","registered":"2021-02-08","start":"2021-01-31","end":"2023-03-27","matched":"data center","url":"https://www.tdlr.texas.gov/TABS/Search/Project/TABS2021008977","geo":"address","geo_precision":"Point Address"}},{"type":"Feature","geometry":{"type":"Point","coordinates":[-97.259345,32.983779]},"properties":{"project":"TABS2021001306","name":"FTW4 Data Center","facility":"4500 Like Way","address":"4500 Like Way","city":"Fort Worth","county":"Tarrant","owner":"Winner, LLC","owner_group":"Winner, Llc","design_firm":"Sheehan Nagle Hartray Architects","sqft":277513,"scope":"Underground and Site Utilities","funds":"This project is privately funded, on private land for private use.","cost":6000000.0,"work":"New Construction","status":"Review Complete","registered":"2020-09-23","start":"2020-11-07","end":"2022-09-26","matched":"data center","url":"https://www.tdlr.texas.gov/TABS/Search/Project/TABS2021001306","geo":"address","geo_precision":"Point Address"}},{"type":"Feature","geometry":{"type":"Point","coordinates":[-96.65741,33.138672]},"properties":{"project":"TABS2020019742","name":"Compass Datacenters DFW I-II, LLC","facility":"DFW I-II","address":"820 Allen Commerce Parkway","city":"Allen","county":"Collin","owner":"Compass Datacenters","owner_group":"Compass Datacenters","design_firm":"KFM Engineering and Design","sqft":1503933,"scope":"Datacenter","funds":"This project is privately funded, on private land for private use.","cost":1000000.0,"work":"New Construction","status":"Project Closed","registered":"2020-06-29","start":"2020-08-01","end":"2021-08-02","matched":"data center","url":"https://www.tdlr.texas.gov/TABS/Search/Project/TABS2020019742","geo":"address","geo_precision":"Point Address"}},{"type":"Feature","geometry":{"type":"Point","coordinates":[-96.804292,32.53873]},"properties":{"project":"TABS2020019741","name":"Compass Datacenters DFW III-I, LLC","facility":"DFW III-I","address":"300 Houston School Road","city":"Red Oak","county":"Ellis","owner":"Compass Datacenters","owner_group":"Compass Datacenters","design_firm":"KFM Engineering and Design","sqft":980849,"scope":"Datacenter","funds":"This project is privately funded, on private land for private use.","cost":5000000.0,"work":"New Construction","status":"Project Closed","registered":"2020-06-29","start":"2019-11-14","end":"2020-06-10","matched":"data center","url":"https://www.tdlr.texas.gov/TABS/Search/Project/TABS2020019741","geo":"address","geo_precision":"Point Address"}},{"type":"Feature","geometry":{"type":"Point","coordinates":[-96.82273,32.960053]},"properties":{"project":"TABS2020019011","name":"BCS Data Center Operations","facility":"Millennium Tower","address":"15455 Dallas Parkway Suite 1300","city":"Addison","county":"Dallas","owner":"Gadeke Group","owner_group":"Gadeke Group","design_firm":"Interprise","sqft":8149,"scope":"Renovation/Alteration","funds":"This project is privately funded, on private land for private use.","cost":310361.0,"work":"Renovation/Alteration","status":"Project Closed","registered":"2020-06-15","start":"2020-06-15","end":"2020-08-31","matched":"data center","url":"https://www.tdlr.texas.gov/TABS/Search/Project/TABS2020019011","geo":"address","geo_precision":"Point Address"}},{"type":"Feature","geometry":{"type":"Point","coordinates":[-96.931525,32.992145]},"properties":{"project":"TABS2020017176","name":"CyrusOne Carrollton Data Center-Floater Yard 03","facility":"CyrusOne Carrollton","address":"1649 West Frankford Rd","city":"Carrollton","county":"Denton","owner":"CyrusOne","owner_group":"CyrusOne","design_firm":"Corgan Associates","sqft":21188,"scope":"Partial alteration/renovation to existing service yard","funds":"This project is privately funded, on private land for private use.","cost":25000000.0,"work":"Renovation/Alteration","status":"Project Closed","registered":"2020-05-12","start":"2020-06-01","end":"2020-12-01","matched":"data center","url":"https://www.tdlr.texas.gov/TABS/Search/Project/TABS2020017176","geo":"address","geo_precision":"Point Address"}},{"type":"Feature","geometry":{"type":"Point","coordinates":[-98.486868,29.429345]},"properties":{"project":"TABS2020016824","name":"H5 Data Center Renovations","facility":"H5 Data Center","address":"323 Broadway St","city":"San Antonio","county":"Bexar","owner":"H5 Data Center","owner_group":"H5 Data Center","design_firm":"Evolve","sqft":8245,"scope":"Interior alteration to include new server area, supporting electrical rooms and interior generator room","funds":"This project is privately funded, on private land for private use.","cost":1000000.0,"work":"Renovation/Alteration","status":"Project Closed","registered":"2020-05-05","start":"2020-06-01","end":"2020-12-01","matched":"data center","url":"https://www.tdlr.texas.gov/TABS/Search/Project/TABS2020016824","geo":"address","geo_precision":"Point Address"}},{"type":"Feature","geometry":{"type":"Point","coordinates":[-102.213761,31.931239]},"properties":{"project":"TABS2020011720","name":"BBT Midland Data Center","facility":"BBT","address":"2909 Wright Drive","city":"Midland","county":"Midland","owner":"Big Bend Telephone Company","owner_group":"Big Bend Telephone Company","design_firm":"Ridgeline Design Architects","sqft":5200,"scope":"Refit of existing buildings to be UPS electrical room and Data Center. Building of interconnection between two existing buildings.","funds":"This project is privately funded, on private land for private use.","cost":1100000.0,"work":"Renovation/Alteration","status":"Review Complete","registered":"2020-02-17","start":"2020-04-06","end":"2020-08-31","matched":"data center","url":"https://www.tdlr.texas.gov/TABS/Search/Project/TABS2020011720","geo":"address","geo_precision":"Point Address"}},{"type":"Feature","geometry":{"type":"Point","coordinates":[-96.931525,32.992145]},"properties":{"project":"TABS2020009827","name":"Cyrusone Carrollton Data Center-DH1 AHU Build-Out","facility":"Cyrusone Carrollton","address":"1649 West Frankford Rd","city":"Carrollton","county":"Denton","owner":"CyrusOne","owner_group":"CyrusOne","design_firm":"Corgan Associates","sqft":35000,"scope":"Partial renovation to existing service yard","funds":"This project is privately funded, on private land for private use.","cost":1000000.0,"work":"Renovation/Alteration","status":"Project Closed","registered":"2020-01-23","start":"2020-03-01","end":"2020-06-01","matched":"data center","url":"https://www.tdlr.texas.gov/TABS/Search/Project/TABS2020009827","geo":"address","geo_precision":"Point Address"}},{"type":"Feature","geometry":{"type":"Point","coordinates":[-97.014841,32.924501]},"properties":{"project":"TABS2020008466","name":"FHLB - DATA CENTER/LEASE CONVERSION","facility":"FEDERAL HOME LOAN BANK","address":"8500 FREEPORT PARKWAY SOUTH","city":"Irving","county":"Dallas","owner":"FEDERAL HOME LOAN BANK","owner_group":"Federal Home Loan Bank","design_firm":"MJDII ARCHITECTS, INC.","sqft":2937,"scope":"RENOVATION OF EXISTING SPACE","funds":"This project is privately funded, on private land for private use.","cost":340000.0,"work":"Renovation/Alteration","status":"Project Closed","registered":"2020-01-06","start":"2020-01-15","end":"2020-04-15","matched":"data center","url":"https://www.tdlr.texas.gov/TABS/Search/Project/TABS2020008466","geo":"address","geo_precision":"Point Address"}},{"type":"Feature","geometry":{"type":"Point","coordinates":[-97.062162,32.44658]},"properties":{"project":"TABS2020008045","name":"Sharka Data Center Building 2 Spoke","facility":"Sharka Data Center","address":"3441 Railport Rarkway","city":"Midlothian","county":"Ellis","owner":"Sharka LLC c/o Corporation Services Co; Stephen Barber","owner_group":"Sharka LLC","design_firm":"HDR","sqft":3113,"scope":"Fit-up of a shelled space on Level 1 that includes: breakroom, storage room, small conference room, 2 small phone rooms, 2 restrooms, a mother's room and an office work space.","funds":"This project is privately funded, on private land for private use.","cost":850000.0,"work":"Renovation/Alteration","status":"Project Closed","registered":"2019-12-21","start":"2020-01-01","end":"2020-08-01","matched":"data center","url":"https://www.tdlr.texas.gov/TABS/Search/Project/TABS2020008045","geo":"address","geo_precision":"Point Address"}},{"type":"Feature","geometry":{"type":"Point","coordinates":[-95.398682,29.58728]},"properties":{"project":"TABS2020003703","name":"Lonza Biologics, Inc - Data Center (Build-Out) - PL2","facility":"Lonza Biologics, Inc","address":"14905 Kirby Dr., Suite 200","city":"Houston","county":"Harris","owner":"David Teer","owner_group":"David Teer","design_firm":"Browne McGregor Architects, Inc.","sqft":648,"scope":"Portions of existing closed off spaces (Storage and IDF Room) will be re-configured to accommodate a designated data center room, and two new paths (one being egress designated) to newly permitted office space on the second floor of PL2. The scope of","funds":"This project is privately funded, on private land for private use.","cost":150000.0,"work":"Renovation/Alteration","status":"Project Closed","registered":"2019-10-22","start":"2019-11-04","end":"2020-01-15","matched":"data center","url":"https://www.tdlr.texas.gov/TABS/Search/Project/TABS2020003703","geo":"address","geo_precision":"Point Address"}},{"type":"Feature","geometry":{"type":"Point","coordinates":[-95.398682,29.58728]},"properties":{"project":"TABS2020003701","name":"Lonza Biologics, Inc - Data Center (Build-Out) - PL1","facility":"Lonza Biologics, Inc","address":"14905 Kirby Dr., Suite 100","city":"Houston","county":"Harris","owner":"David Teer","owner_group":"David Teer","design_firm":"Browne McGregor Architects, Inc.","sqft":160,"scope":"A portion of an existing mechanical mezzanine room in an existing building will be built-out to accommodate a data center for servers. This roughly 160 square foot room will require new 1-hr. fire rated walls up against existing walls. An interior 1","funds":"This project is privately funded, on private land for private use.","cost":300000.0,"work":"Renovation/Alteration","status":"Project Closed","registered":"2019-10-22","start":"2019-11-04","end":"2020-01-15","matched":"data center","url":"https://www.tdlr.texas.gov/TABS/Search/Project/TABS2020003701","geo":"address","geo_precision":"Point Address"}},{"type":"Feature","geometry":{"type":"Point","coordinates":[-95.668919,29.7861]},"properties":{"project":"TABS2020001812","name":"FSCU - Data Center","facility":"First Service Credit Union Main Building","address":"16430 Park Ten Place","city":"Houston","county":"Harris","owner":"First Service Credit Union","owner_group":"First Service Credit Union","design_firm":"Abel Design Group","sqft":3171,"scope":"Consolidate existing data/ server/electrical room. MEP; Convert portion to tenant space; some walls + doors.","funds":"This project is privately funded, on private land for private use.","cost":75000.0,"work":"Renovation/Alteration","status":"Project Closed","registered":"2019-09-26","start":"2019-10-01","end":"2019-12-16","matched":"data center","url":"https://www.tdlr.texas.gov/TABS/Search/Project/TABS2020001812","geo":"address","geo_precision":"Point Address"}},{"type":"Feature","geometry":{"type":"Point","coordinates":[-95.437159,30.098757]},"properties":{"project":"TABS2020000787","name":"Spear Street Capital Data Center Decomissioning 10000 Energy Drive","facility":"1000 Energy Drive","address":"10000 Energy Drive","city":"Spring","county":"Harris","owner":"Spear Street Capital","owner_group":"Spear Street Capital","design_firm":"Gensler","sqft":28000,"scope":"Decomissioning and demolition of existing data center on level 02.  Restoration of the space to \"white box\" core & shell, ready for future tenant build out.","funds":"This project is privately funded, on private land for private use.","cost":100000.0,"work":"Renovation/Alteration","status":"Project Closed","registered":"2019-09-12","start":"2019-09-30","end":"2020-02-29","matched":"data center","url":"https://www.tdlr.texas.gov/TABS/Search/Project/TABS2020000787","geo":"address","geo_precision":"Point Address"}},{"type":"Feature","geometry":{"type":"Point","coordinates":[-96.952784,32.756965]},"properties":{"project":"TABS2019019675","name":"INMAR Data Center Addition","facility":"Grand lakes Distribution Center","address":"3845  Gifford Steet","city":"Grand Prairie","county":"Dallas","owner":"Grand Lakes Industrial LLC / Cindy Jokerst","owner_group":"Grand Lakes Industrial Llc / Cindy Jokerst","design_firm":"DP-NXA Consultants, LLC","sqft":3163,"scope":"Add interior walls to enclose area for Control room, server room, storage area.  HVAC and Power added to support rooms and equipment.","funds":"This project is privately funded, on private land for private use.","cost":243000.0,"work":"Renovation/Alteration","status":"Project Closed","registered":"2019-08-30","start":"2019-09-09","end":"2019-11-29","matched":"data center","url":"https://www.tdlr.texas.gov/TABS/Search/Project/TABS2019019675","geo":"address","geo_precision":"Point Address"}},{"type":"Feature","geometry":{"type":"Point","coordinates":[-96.929784,32.85941]},"properties":{"project":"TABS2019018997","name":"Evoque Data Center Solutions","facility":"Riverside Commons Building 2","address":"5030 Riverside Drive Suite 250","city":"Irving","county":"Dallas","owner":"BSREP Riverside, LLC","owner_group":"Bsrep Riverside, Llc","design_firm":"Interprise Design","sqft":8640,"scope":"Interior Finish-out of Existing Office Space","funds":"This project is privately funded, on private land for private use.","cost":360000.0,"work":"Renovation/Alteration","status":"Project Closed","registered":"2019-08-22","start":"2019-08-15","end":"2019-11-15","matched":"data center","url":"https://www.tdlr.texas.gov/TABS/Search/Project/TABS2019018997","geo":"address","geo_precision":"Point Address"}},{"type":"Feature","geometry":{"type":"Point","coordinates":[-97.062162,32.44658]},"properties":{"project":"TABS2019018578","name":"Sharka Data Center Building 1 Spoke","facility":"Sharka Data Center","address":"3441 Railport Parkway","city":"Midlothian","county":"Ellis","owner":"Sharka LLC c/o Corporation Services Co.; Barry King","owner_group":"Sharka LLC","design_firm":"HDR","sqft":3113,"scope":"Fit-up of a shelled space on Level 1 that includes: small microkitchen and nook, microkitchen storage room, small conference room, 2 phone roos, 2 restrooms, a mother's room, and an office work space.","funds":"This project is privately funded, on private land for private use.","cost":850000.0,"work":"Renovation/Alteration","status":"Project Closed","registered":"2019-08-16","start":"2019-08-01","end":"2020-03-01","matched":"data center","url":"https://www.tdlr.texas.gov/TABS/Search/Project/TABS2019018578","geo":"address","geo_precision":"Point Address"}},{"type":"Feature","geometry":{"type":"Point","coordinates":[-96.79429,32.787314]},"properties":{"project":"TABS2019017721","name":"10th Floor Renovation To Colocation Data Center","facility":"Digital Realty","address":"2323 Bryan Street, Ste 1000","city":"Dallas","county":"Dallas","owner":"Digital Realty","owner_group":"Digital Realty","design_firm":"Page","sqft":1000,"scope":"Remodel 10th floor of an existing multi-story building into a data hall and associated spaces.","funds":"This project is privately funded, on private land for private use.","cost":6000000.0,"work":"Renovation/Alteration","status":"Project Closed","registered":"2019-08-05","start":"2019-08-15","end":"2020-07-30","matched":"data center","url":"https://www.tdlr.texas.gov/TABS/Search/Project/TABS2019017721","geo":"address","geo_precision":"Point Address"}},{"type":"Feature","geometry":{"type":"Point","coordinates":[-97.147205,32.767168]},"properties":{"project":"TABS2019016507","name":"3rd Floor VA Data Center","facility":"Brookhollow I","address":"2301 Lamar Blvd. Suite 395","city":"Arlington","county":"Tarrant","owner":"H.W. Kaufman Group","owner_group":"H.W. Kaufman Group","design_firm":"Entos Design","sqft":536,"scope":"Renovation of existing interior space.","funds":"This project is privately funded, on private land for private use.","cost":200000.0,"work":"Renovation/Alteration","status":"Project Closed","registered":"2019-07-19","start":"2019-08-15","end":"2019-10-15","matched":"data center","url":"https://www.tdlr.texas.gov/TABS/Search/Project/TABS2019016507","geo":"address","geo_precision":"Point Address"}},{"type":"Feature","geometry":{"type":"Point","coordinates":[-96.931525,32.992145]},"properties":{"project":"TABS2019013659","name":"Cyrusone Carrollton Data Center-DH6 Load Adder","facility":"Cyrusone Carrollton","address":"1649 West Frankford Rd","city":"Carrollton","county":"Denton","owner":"Cyrusone (Danny Cowser)","owner_group":"CyrusOne","design_firm":"Corgan Associates","sqft":300,"scope":"Partial renovation to the existing service yard and one UPS room renovation","funds":"This project is privately funded, on private land for private use.","cost":765000.0,"work":"Renovation/Alteration","status":"Project Closed","registered":"2019-06-11","start":"2019-07-01","end":"2019-10-01","matched":"data center","url":"https://www.tdlr.texas.gov/TABS/Search/Project/TABS2019013659","geo":"address","geo_precision":"Point Address"}},{"type":"Feature","geometry":{"type":"Point","coordinates":[-97.062162,32.44658]},"properties":{"project":"TABS2019012848","name":"MDN Sharka Data Center - Building 3","facility":"Sharka Data Center","address":"3441 Railport Parkway","city":"Midlothian","county":"Ellis","owner":"Sharka LLC c/o Corporation Services Co","owner_group":"Sharka LLC","design_firm":"HDR","sqft":288000,"scope":"New one-story Data Center (approx. 288K sf). Data Center will include Core, Shell and interior FO. Foundations and Pads for remainder of the central utly plant will be installed with this project.","funds":"This project is privately funded, on private land for private use.","cost":300000000.0,"work":"New Construction","status":"Project Closed","registered":"2019-05-30","start":"2019-07-01","end":"2027-03-31","matched":"data center","url":"https://www.tdlr.texas.gov/TABS/Search/Project/TABS2019012848","geo":"address","geo_precision":"Point Address"}},{"type":"Feature","geometry":{"type":"Point","coordinates":[-97.062162,32.44658]},"properties":{"project":"TABS2019008945","name":"Sharka Data Center - Phase 2","facility":"Sharka Data Center","address":"3441 Railport Parkway","city":"Midlothian","county":"Ellis","owner":"Sharka LLC c/o Corporation Services Co","owner_group":"Sharka LLC","design_firm":"HDR","sqft":300000,"scope":"2-story Data Center (approx. 281,792 s/f) with associated central utility buildings.","funds":"This project is privately funded, on private land for private use.","cost":300000000.0,"work":"New Construction","status":"Project Closed","registered":"2019-04-09","start":"2019-04-09","end":"2020-10-01","matched":"data center","url":"https://www.tdlr.texas.gov/TABS/Search/Project/TABS2019008945","geo":"address","geo_precision":"Point Address"}},{"type":"Feature","geometry":{"type":"Point","coordinates":[-97.213884,32.777105]},"properties":{"project":"TABS2019004243","name":"Shared Data Center Capacity Enhancement","facility":"UT System Arlington Regional Data Center","address":"200 East Loop 820","city":"Fort Worth","county":"Tarrant","owner":"The University of Texas, Board of Regents c/o Dayle Pettus","owner_group":"The University Of Texas, Board Of Regents C/O Dayle Pettus","design_firm":"Page Southerland Page, Inc","sqft":25600,"scope":"Mostly mechanical upgrades to provide redundant chiller water and chiller capacity to provide","funds":"This project is privately funded, on private land for private use.","cost":3500000.0,"work":"Renovation/Alteration","status":"Review Complete","registered":"2019-02-06","start":"2019-04-01","end":"2020-04-01","matched":"data center","url":"https://www.tdlr.texas.gov/TABS/Search/Project/TABS2019004243","geo":"address","geo_precision":"Point Address"}},{"type":"Feature","geometry":{"type":"Point","coordinates":[-98.607035,29.584092]},"properties":{"project":"TABS2019003857","name":"Valero HQ Stabilization and Data Center Construction","facility":"Valero Energy Building A","address":"One Valero Way","city":"San Antonio","county":"Bexar","owner":"Valero Energy","owner_group":"Valero Energy","design_firm":"RVK","sqft":25416,"scope":"Remodel of second floor","funds":"This project is privately funded, on private land for private use.","cost":600000.0,"work":"Renovation/Alteration","status":"Project Closed","registered":"2019-01-31","start":"2019-08-01","end":"2020-05-01","matched":"data center","url":"https://www.tdlr.texas.gov/TABS/Search/Project/TABS2019003857","geo":"address","geo_precision":"Street"}},{"type":"Feature","geometry":{"type":"Point","coordinates":[-96.931525,32.992145]},"properties":{"project":"TABS2019000114","name":"Cyrusone Carrollton Data Center - Floater Yard 02","facility":"Cyrusone Carrollton","address":"1649 West Frankford Rd","city":"Carrollton","county":"Dallas","owner":"Cyrusone / Danny Cowser","owner_group":"CyrusOne","design_firm":"Corgan Associates Inc","sqft":5200,"scope":"Partial alteration/renovation to the existing service yard","funds":"This project is privately funded, on private land for private use.","cost":4000000.0,"work":"Renovation/Alteration","status":"Project Closed","registered":"2018-12-04","start":"2019-01-01","end":"2019-07-31","matched":"data center","url":"https://www.tdlr.texas.gov/TABS/Search/Project/TABS2019000114","geo":"address","geo_precision":"Point Address"}},{"type":"Feature","geometry":{"type":"Point","coordinates":[-96.70108,32.985514]},"properties":{"project":"EABPRJB9805926","name":"RICHARDSON DATA CENTER","facility":"RICHARDSON DATA CENTER","address":"EAST LOOKOUT DRIVE","city":"Richardson","county":"Collin","owner":"KDC REAL ESTATE DEVELOPMENT & INVESTMENT","owner_group":"Kdc Real Estate Development & Investment","design_firm":"ALLIANCE ARCHITECTS INC.","sqft":null,"scope":"130,000 sf data center shell building....elevator, 2nd stair and interior finish-out will be future scope, build","funds":"This project is privately funded, on private land for private use.","cost":12000000.0,"work":"New Construction","status":"Project Closed","registered":"2018-11-27","start":"2018-12-01","end":"2019-10-01","matched":"data center","url":"https://www.tdlr.texas.gov/TABS/Search/Project/EABPRJB9805926","geo":"address","geo_precision":"Street"}},{"type":"Feature","geometry":{"type":"Point","coordinates":[-96.819411,32.800764]},"properties":{"project":"EABPRJB9804282","name":"COLOGIX DAL3 (EQUINIX DATA CENTER)","facility":"EQUINIX DATA CENTER","address":"1950 N STEMMONS FRWY","city":"Dallas","county":"Dallas","owner":"COLOGIX INC.","owner_group":"Cologix Inc.","design_firm":"PAGE","sqft":null,"scope":"Renovation; partial second floor for data hall, mezzanine for mechanical and electrical equipment, generator equ","funds":"This project is privately funded, on private land for private use.","cost":25000000.0,"work":"Renovation/Alteration","status":"Inspection Complete","registered":"2018-11-01","start":"2019-01-01","end":"2019-07-01","matched":"data center","url":"https://www.tdlr.texas.gov/TABS/Search/Project/EABPRJB9804282","geo":"address","geo_precision":"Point Address"}},{"type":"Feature","geometry":{"type":"Point","coordinates":[-96.830041,32.968606]},"properties":{"project":"EABPRJB8825011","name":"COMPASS DATACENTER","facility":"FOURTEEN555 NDP","address":"14555 NDP Suite 125","city":"Addison","county":"Dallas","owner":"CAWLEY PARTNERS","owner_group":"Cawley Partners","design_firm":"SCHWABAUER DESIGN","sqft":null,"scope":"Tenant finish-out to 1st generation shell space in existing building","funds":"This project is privately funded, on private land for private use.","cost":468000.0,"work":"New Construction","status":"Project Closed","registered":"2018-08-30","start":"2018-09-01","end":"2018-11-01","matched":"data center","url":"https://www.tdlr.texas.gov/TABS/Search/Project/EABPRJB8825011","geo":"address","geo_precision":"Geography"}},{"type":"Feature","geometry":{"type":"Point","coordinates":[-97.062162,32.44658]},"properties":{"project":"EABPRJB8824712","name":"SHARKA DATA CENTER","facility":"SHARKA DATA CENTER","address":"3441 RAILPORT PARKWAY","city":"Midlothian","county":"Ellis","owner":"SHARKA LLC C/O CORPORATION SERVICES CO.","owner_group":"Sharka LLC","design_firm":"HDR","sqft":null,"scope":"2-story Data Center (approx. 281,792 sf) with associatedcentral utility buildings.","funds":"This project is privately funded, on private land for private use.","cost":300000000.0,"work":"New Construction","status":"Project Closed","registered":"2018-08-28","start":"2018-10-01","end":"2020-03-01","matched":"data center","url":"https://www.tdlr.texas.gov/TABS/Search/Project/EABPRJB8824712","geo":"address","geo_precision":"Point Address"}},{"type":"Feature","geometry":{"type":"Point","coordinates":[-97.683815,30.340491]},"properties":{"project":"EABPRJB8822788","name":"DELL PC-1 DATA CENTER REMODEL","facility":"PARK CENTER 1","address":"1404 PARK CENTER DRIVE","city":"Austin","county":"Travis","owner":"PARK CENTER 1","owner_group":"Park Center 1","design_firm":"CTA ARCHITECT AND ENGINEERS","sqft":null,"scope":"Additional equipment and containment with associated MEPwork. New chase walls added","funds":"This project is privately funded, on private land for private use.","cost":2500000.0,"work":"Renovation/Alteration","status":"Project Closed","registered":"2018-07-31","start":"2018-08-01","end":"2018-11-01","matched":"data center","url":"https://www.tdlr.texas.gov/TABS/Search/Project/EABPRJB8822788","geo":"address","geo_precision":"Point Address"}},{"type":"Feature","geometry":{"type":"Point","coordinates":[-98.643791,29.444995]},"properties":{"project":"EABPRJB8820869","name":"EX WEST GREEN DATA CENTER","facility":"EX WEST GREEN DATA CENTER","address":"1050 DEMOCRACY","city":"San Antonio","county":"Bexar","owner":"COPT SAN ANTONIO II L.P.","owner_group":"Copt San Antonio Ii L.P.","design_firm":"PAGE","sqft":null,"scope":"New 6,781 SF Data Center administration building on a 28.05 acre greenfield site. The majority of the facility i","funds":"This project is privately funded, on private land for private use.","cost":22500000.0,"work":"New Construction","status":"Project Closed","registered":"2018-07-05","start":"2018-08-01","end":"2019-04-01","matched":"data center","url":"https://www.tdlr.texas.gov/TABS/Search/Project/EABPRJB8820869","geo":"address","geo_precision":"Point Address"}},{"type":"Feature","geometry":{"type":"Point","coordinates":[-98.088902,29.705933]},"properties":{"project":"EABPRJB8819506","name":"COMAL ISD DATA CENTER RELOCATION","facility":"COMAL ISD SUPPORT SERVICES BUILDING","address":"1404 I-35 NORTH","city":"New Braunfels","county":"Comal","owner":"COMAL INDEPENDENT SCHOOL DISTRICT","owner_group":"Comal Independent School District","design_firm":"LPA INC.","sqft":null,"scope":"Relocation of existing server room within same building.Scope within new space includes interior finish out, ne","funds":"This project involves public funds, public land, or is a Federally funded roadway project.","cost":1400000.0,"work":"Renovation/Alteration","status":"Review Complete","registered":"2018-06-14","start":"2018-07-01","end":"2018-12-01","matched":"data center","url":"https://www.tdlr.texas.gov/TABS/Search/Project/EABPRJB8819506","geo":"address","geo_precision":"Point Address"}},{"type":"Feature","geometry":{"type":"Point","coordinates":[-96.665099,32.98865]},"properties":{"project":"EABPRJB8816773","name":"EDGECORE DATA CENTERS - COLD SHELL","facility":"BUILDING 1 - COLD SHELL","address":"3051 RESEARCH DRIVE (NEC Shiloh Rd and Research)","city":"Richardson","county":"Dallas","owner":"Lit Industrial Limited Partnership C/O Clarion Partners","owner_group":"Lit Industrial Limited Partnership C/O Clarion Partners","design_firm":"DLR GROUP INC. OF TEXAS","sqft":null,"scope":"EdgeCore Dallas, Building 1 Cold Shell is the first phase of a data center campus in Richardson, Texas.  This po","funds":"This project is privately funded, on private land for private use.","cost":32000000.0,"work":"New Construction","status":"Project Closed","registered":"2018-05-09","start":"2018-05-01","end":"2019-03-01","matched":"data center","url":"https://www.tdlr.texas.gov/TABS/Search/Project/EABPRJB8816773","geo":"address","geo_precision":"Cross Street"}},{"type":"Feature","geometry":{"type":"Point","coordinates":[-96.931525,32.992145]},"properties":{"project":"EABPRJB8812604","name":"CYRUSONE CARROLLTON DATA CENTER-FLOATER","facility":"CYRUSONE CARROLLTON","address":"1649 WEST FRANKFORD RD","city":"Carrollton","county":"Dallas","owner":"CYRUSONE","owner_group":"CyrusOne","design_firm":"CORGAN ASSOCIATES INC","sqft":null,"scope":"Partial Alteration/renovation to the existing service yard","funds":"This project is privately funded, on private land for private use.","cost":2000000.0,"work":"Renovation/Alteration","status":"Project Closed","registered":"2018-03-15","start":"2018-05-01","end":"2018-08-01","matched":"data center","url":"https://www.tdlr.texas.gov/TABS/Search/Project/EABPRJB8812604","geo":"address","geo_precision":"Point Address"}},{"type":"Feature","geometry":{"type":"Point","coordinates":[-94.676279,31.653131]},"properties":{"project":"EABPRJB8812271","name":"ELLIOTT ELECTRIC DATA CENTER","facility":"ELLIOTT ELECTRIC DATA CENTER","address":"2400 N. STALLINGS","city":"Nacogdoches","county":"Nacogdoches","owner":"ELLIOTT ELECTRIC","owner_group":"Elliott Electric","design_firm":"BURRIS ARCHITECTURE","sqft":10000,"scope":"New Building","funds":"This project is privately funded, on private land for private use.","cost":2700000.0,"work":"New Construction","status":"Project Closed","registered":"2018-03-10","start":"2018-03-01","end":"2019-03-01","matched":"data center","url":"https://www.tdlr.texas.gov/TABS/Search/Project/EABPRJB8812271","geo":"address","geo_precision":"Point Address"}},{"type":"Feature","geometry":{"type":"Point","coordinates":[-96.857905,32.809602]},"properties":{"project":"EABPRJB8808155","name":"DALLAS DATA CENTER","facility":"EXXON MOBIL DALLAS DATA CENTER","address":"2993 IRVING BOULEVARD","city":"Dallas","county":"Dallas","owner":"CHERYL ROSS","owner_group":"Cheryl Ross","design_firm":"GENSLER","sqft":null,"scope":"Upgrade MEP systems indicated on drawings.","funds":"This project is privately funded, on private land for private use.","cost":12500000.0,"work":"Renovation/Alteration","status":"Review Complete","registered":"2018-01-10","start":"2018-02-01","end":"2018-11-01","matched":"data center","url":"https://www.tdlr.texas.gov/TABS/Search/Project/EABPRJB8808155","geo":"address","geo_precision":"Point Address"}},{"type":"Feature","geometry":{"type":"Point","coordinates":[-96.873685,32.821794]},"properties":{"project":"EABPRJB8806780","name":"EMPIRE CENTER DATA CENTER D2 D3","facility":"EMPIRE CENTREAL DATA CENTER","address":"1100 EMPIRE CENTRAL PLACE","city":"Dallas","county":"Dallas","owner":"ZAYO","owner_group":"Zayo","design_firm":"HKS INC.","sqft":null,"scope":"renovation of existing office and data hall space to newdata hall space","funds":"This project is privately funded, on private land for private use.","cost":150000.0,"work":"Renovation/Alteration","status":"Project Registered","registered":"2017-12-14","start":"2017-12-01","end":"2018-03-01","matched":"data center","url":"https://www.tdlr.texas.gov/TABS/Search/Project/EABPRJB8806780","geo":"address","geo_precision":"Point Address"}},{"type":"Feature","geometry":{"type":"Point","coordinates":[-96.931525,32.992145]},"properties":{"project":"EABPRJB8803933","name":"CYRUSONE CARROLLTON DATA CENTER DH-2","facility":"CYRUSONE CARROLLTON","address":"1649 WEST FRANKFORD ROAD","city":"Carrollton","county":"Dallas","owner":"CYRUSONE","owner_group":"CyrusOne","design_firm":"CORGAN ASSOCIATES","sqft":null,"scope":"Partial alteration/renovation to the existing one storywarehouse and service yards","funds":"This project is privately funded, on private land for private use.","cost":8481592.0,"work":"Renovation/Alteration","status":"Project Closed","registered":"2017-10-31","start":"2017-10-01","end":"2018-02-01","matched":"data center","url":"https://www.tdlr.texas.gov/TABS/Search/Project/EABPRJB8803933","geo":"address","geo_precision":"Point Address"}},{"type":"Feature","geometry":{"type":"Point","coordinates":[-96.873685,32.821794]},"properties":{"project":"EABPRJB8800877","name":"EMPIRE CENTRAL DATA CENTER","facility":"EMPIRE CENTRAL DATA CENTER","address":"1100 EMPIRE CENTRAL PLACE","city":"Dallas","county":"Dallas","owner":"ZAYO","owner_group":"Zayo","design_firm":"HKS INC.","sqft":null,"scope":"Renovation of existing office space (approx. 6,500sf) toinclude a new lab, two offices, storage area, and empty","funds":"This project is privately funded, on private land for private use.","cost":125000.0,"work":"Renovation/Alteration","status":"Project Closed","registered":"2017-09-15","start":"2017-10-01","end":"2018-12-11","matched":"data center","url":"https://www.tdlr.texas.gov/TABS/Search/Project/EABPRJB8800877","geo":"address","geo_precision":"Point Address"}},{"type":"Feature","geometry":{"type":"Point","coordinates":[-95.372656,29.753174]},"properties":{"project":"EABPRJB7804118","name":"KBR LEVEL 26 DATA CENTER DECOMMISSIONING","facility":"KBR TOWER","address":"601 JEFFERSON","city":"Houston","county":"Harris","owner":"BROOKFIELD PROPERTIES","owner_group":"Brookfield Properties","design_firm":"ENGLISH + ASSOCIATES ARCHITECTS INC.","sqft":null,"scope":"Tenant improvement of existing floor area.","funds":"This project is privately funded, on private land for private use.","cost":1045000.0,"work":"Renovation/Alteration","status":"Project Closed","registered":"2016-11-04","start":"2016-12-01","end":"2017-02-01","matched":"data center","url":"https://www.tdlr.texas.gov/TABS/Search/Project/EABPRJB7804118","geo":"address","geo_precision":"Point Address"}},{"type":"Feature","geometry":{"type":"Point","coordinates":[-95.513302,29.845589]},"properties":{"project":"EABPRJB6822676","name":"DCG DATA CENTER UPDATE CAMERA SYSTEM","facility":"M.D. ANDERSON CANCER CENTER","address":"5610 GUHN ROAD","city":"Houston","county":"Harris","owner":"M.D. ANDERSON CANCER CENTER","owner_group":"M.D. Anderson Cancer Center","design_firm":"COURTNEY HARPER + PARTNERS","sqft":null,"scope":"Renovating of existing space that includes architecturaland electrical.","funds":"This project is privately funded, on private land for private use.","cost":95000.0,"work":"Renovation/Alteration","status":"Project Closed","registered":"2016-08-15","start":"2016-10-01","end":"2017-05-01","matched":"data center","url":"https://www.tdlr.texas.gov/TABS/Search/Project/EABPRJB6822676","geo":"address","geo_precision":"Point Address"}},{"type":"Feature","geometry":{"type":"Point","coordinates":[-98.572392,29.586754]},"properties":{"project":"EABPRJB6822756","name":"SC-III DATA CENTER","facility":"SWBC","address":"4500 LOCKHILL SELMA","city":"San Antonio","county":"Bexar","owner":"SOUTHWEST BUSINESS CORPORATION","owner_group":"Southwest Business Corporation","design_firm":"LK DESIGN GROUP INC.","sqft":null,"scope":"Interior finishout","funds":"This project is privately funded, on private land for private use.","cost":3000000.0,"work":"Renovation/Alteration","status":"Project Closed","registered":"2016-08-15","start":"2016-09-01","end":"2016-12-01","matched":"data center","url":"https://www.tdlr.texas.gov/TABS/Search/Project/EABPRJB6822756","geo":"address","geo_precision":"Point Address"}},{"type":"Feature","geometry":{"type":"Point","coordinates":[-97.244896,33.006719]},"properties":{"project":"EABPRJB6822297","name":"CITI SOUTHWEST DATA CENTER KIOSK MODS","facility":"CITI SOUTHWEST DATA CENTER","address":"931 LITSEY ROAD","city":"Roanoke","county":"Denton","owner":"CITIBANK","owner_group":"Citibank","design_firm":"JACOBS","sqft":null,"scope":"Add Mantrap and replace turnstile in existing secured entry kiosk","funds":"This project is privately funded, on private land for private use.","cost":800000.0,"work":"Renovation/Alteration","status":"Project Closed","registered":"2016-08-09","start":"2016-09-01","end":"2017-03-01","matched":"data center","url":"https://www.tdlr.texas.gov/TABS/Search/Project/EABPRJB6822297","geo":"address","geo_precision":"Point Address"}},{"type":"Feature","geometry":{"type":"Point","coordinates":[-96.983142,32.897028]},"properties":{"project":"EABPRJB6820694","name":"QTS DFW-DATA CENTER 2","facility":"QTS DFW - BUILDING 2","address":"6431 LONGHORN DRIVE","city":"Irving","county":"Dallas","owner":"QTS DATA CENTERS","owner_group":"QTS","design_firm":"CORGAN ASSOCIATES","sqft":null,"scope":"The project includes demolition and renovation of an existing portion of the building, as well as a one story ad","funds":"This project is privately funded, on private land for private use.","cost":20000000.0,"work":"Renovation/Alteration","status":"Project Closed","registered":"2016-07-15","start":"2016-10-01","end":"2017-07-01","matched":"data center","url":"https://www.tdlr.texas.gov/TABS/Search/Project/EABPRJB6820694","geo":"address","geo_precision":"Point Address"}},{"type":"Feature","geometry":{"type":"Point","coordinates":[-97.697403,30.342481]},"properties":{"project":"EABPRJB6818759","name":"VCHNGE DATA CENTER RENOVATION","facility":"NA","address":"8025 N. IH 35","city":"Austin","county":"Travis","owner":"SMBC LEASING AND FINANCE INC VXCHANGE AUSTIN DATA CNTR C/O ELEMENT CRITICAL","owner_group":"Smbc Leasing And Finance Inc Vxchange Austin Data Cntr C/O Element Critical","design_firm":"GENSLER","sqft":null,"scope":"interior renovation of existing space to be data centerand associated mecahnical and electrical support spaces.","funds":"This project is privately funded, on private land for private use.","cost":3000000.0,"work":"Renovation/Alteration","status":"Project Closed","registered":"2016-06-16","start":"2016-08-01","end":"2017-06-01","matched":"data center","url":"https://www.tdlr.texas.gov/TABS/Search/Project/EABPRJB6818759","geo":"address","geo_precision":"Point Address"}},{"type":"Feature","geometry":{"type":"Point","coordinates":[-95.531377,29.936673]},"properties":{"project":"EABPRJB6817101","name":"FIBERNET DATA CENTER","facility":"FAIRBANKS 8","address":"7220 NORTH SAM HOUSTON PARKWAY SUITE 500","city":"Houston","county":"Harris","owner":"DCT INDUSTRIAL","owner_group":"Dct Industrial","design_firm":null,"sqft":null,"scope":"TENANT REMODEL IN EXISTING SHELL BUILDING","funds":"This project is privately funded, on private land for private use.","cost":925000.0,"work":"Renovation/Alteration","status":"Project Closed","registered":"2016-05-23","start":"2016-05-01","end":"2016-09-01","matched":"data center","url":"https://www.tdlr.texas.gov/TABS/Search/Project/EABPRJB6817101","geo":"address","geo_precision":"Point Address"}},{"type":"Feature","geometry":{"type":"Point","coordinates":[-97.669922,30.34432]},"properties":{"project":"EABPRJB6815017","name":"SHC DATA CENTER REVISIONS","facility":"SHC/CPL LABORATORY BUILDING","address":"9200 WALL STREET Data Center and Support  Space","city":"Austin","county":"Travis","owner":"SHC/CPL LABORATORIES","owner_group":"Shc/Cpl Laboratories","design_firm":"RL VICKERS ARCHITECT LLC","sqft":null,"scope":"Revisions to existing Data Center and support spaces forFire Protection, Network Communications, Electrical Ser","funds":"This project is privately funded, on private land for private use.","cost":891000.0,"work":"Renovation/Alteration","status":"Project Closed","registered":"2016-04-25","start":"2016-05-01","end":"2016-08-01","matched":"data center","url":"https://www.tdlr.texas.gov/TABS/Search/Project/EABPRJB6815017","geo":"address","geo_precision":"Point Address"}},{"type":"Feature","geometry":{"type":"Point","coordinates":[-94.964086,29.789799]},"properties":{"project":"EABPRJB6814671","name":"GCCISD | NEW DATA CENTER","facility":"NEW DATA CENTER","address":"NORTH MAIN ST & ARCHER RD","city":"Baytown","county":"Harris","owner":"GOOSE CREEK CISD","owner_group":"Goose Creek Cisd","design_firm":"HUCKABEE & ASSOCIATES INC","sqft":null,"scope":"A New Data Center for Goose Creek CISD.","funds":"This project involves public funds, public land, or is a Federally funded roadway project.","cost":11125000.0,"work":"New Construction","status":"Project Closed","registered":"2016-04-19","start":"2016-06-01","end":"2017-05-01","matched":"data center","url":"https://www.tdlr.texas.gov/TABS/Search/Project/EABPRJB6814671","geo":"address","geo_precision":"Cross Street"}},{"type":"Feature","geometry":{"type":"Point","coordinates":[-95.459106,30.066711]},"properties":{"project":"EABPRJB6812931","name":"TRG DATACENTER","facility":"SPRING CYPRESS DATACENTER","address":"2626 SPRING CYPRESS ROAD","city":"Spring","county":"Harris","owner":"TECHNICAL REALTY GROUP OF TEXAS LLC","owner_group":"Technical Realty Group Of Texas Llc","design_firm":"TREY LUCAS ARCHITECTURE","sqft":null,"scope":"New datacenter.","funds":"This project is privately funded, on private land for private use.","cost":2000000.0,"work":"New Construction","status":"Project Closed","registered":"2016-03-24","start":"2016-02-01","end":"2017-02-28","matched":"data center","url":"https://www.tdlr.texas.gov/TABS/Search/Project/EABPRJB6812931","geo":"address","geo_precision":"Point Address"}},{"type":"Feature","geometry":{"type":"Point","coordinates":[-97.615519,30.177465]},"properties":{"project":"EABPRJB6812686","name":"DEL VALLE ISD DATA CENTER EXPANSION","facility":"DEL VALLE ISD ADMINISTRATION BUILDING","address":"5301 ROSS ROAD","city":"Del Valle","county":"Travis","owner":"DEL VALLE INDEPENDENT SCHOOL DISTRICT","owner_group":"Del Valle Independent School District","design_firm":"FUSE ARCHITECTURE STUDIO","sqft":null,"scope":"2400 SF addition to existing administration building fordata center and new office space.  Renovate 3600 SF of","funds":"This project involves public funds, public land, or is a Federally funded roadway project.","cost":1000000.0,"work":"Additions to Existing Building","status":"Project Closed","registered":"2016-03-22","start":"2016-06-01","end":"2017-01-01","matched":"data center","url":"https://www.tdlr.texas.gov/TABS/Search/Project/EABPRJB6812686","geo":"address","geo_precision":"Point Address"}},{"type":"Feature","geometry":{"type":"Point","coordinates":[-95.616819,33.133561]},"properties":{"project":"EABPRJB6812288","name":"CITY NTIONAL BANK DATA CENTER","facility":"CITY NATIONAL BANK DATA CENTER","address":"1039 MAIN STREET","city":"Sulphur Springs","county":"Hopkins","owner":"CITY NATIONAL BANK","owner_group":"City National Bank","design_firm":"DYNAMIC ENGINEERING CONSULTANTS","sqft":null,"scope":"Stucco exterior all sides, new interior walls, finish work including MEP.","funds":"This project is privately funded, on private land for private use.","cost":750000.0,"work":"Renovation/Alteration","status":"Project Closed","registered":"2016-03-15","start":"2016-03-01","end":"2016-10-01","matched":"data center","url":"https://www.tdlr.texas.gov/TABS/Search/Project/EABPRJB6812288","geo":"address","geo_precision":"Point Address"}},{"type":"Feature","geometry":{"type":"Point","coordinates":[-97.050738,32.825294]},"properties":{"project":"EABPRJB6811562","name":"HDQ2 DATA CENTER RENOVATION","facility":"AMERICAN AIRLINES HEADQUARTERS 2","address":"4255 AMON CARTER BLVD.","city":"Fort Worth","county":"Tarrant","owner":"AMERICAN AIRLINES HEADQUARTERS 2","owner_group":"American Airlines Headquarters 2","design_firm":"CORGAN ASSOCIATES","sqft":null,"scope":"Existing data center space being converted into office space.","funds":"This project is privately funded, on private land for private use.","cost":1887900.0,"work":"Renovation/Alteration","status":"Project Closed","registered":"2016-03-07","start":"2016-04-01","end":"2016-06-01","matched":"data center","url":"https://www.tdlr.texas.gov/TABS/Search/Project/EABPRJB6811562","geo":"address","geo_precision":"Point Address"}},{"type":"Feature","geometry":{"type":"Point","coordinates":[-96.878272,32.838088]},"properties":{"project":"EABPRJB6811202","name":"CARRIER-1 DATA CENTER EXPANSION","facility":"CARRIER-1 ROUND TABLE","address":"1515 ROUND TABLE DR.","city":"Dallas","county":"Dallas","owner":"DALLAS INFRASTRUCTURE SERVICES LLC","owner_group":"Dallas Infrastructure Services Llc","design_firm":"CDWARCH","sqft":null,"scope":"Convert approximately 9,000 square feet of existing warehouse space to data center.","funds":"This project is privately funded, on private land for private use.","cost":947000.0,"work":"Renovation/Alteration","status":"Project Closed","registered":"2016-03-02","start":"2016-03-01","end":"2016-08-01","matched":"data center","url":"https://www.tdlr.texas.gov/TABS/Search/Project/EABPRJB6811202","geo":"address","geo_precision":"Point Address"}},{"type":"Feature","geometry":{"type":"Point","coordinates":[-97.735465,30.401355]},"properties":{"project":"EABPRJB6809164","name":"FORECPOINT- DATA CENTER","facility":"QUARRY OAK ATRIUM","address":"10900 STONELAKE BLVD. Suite 130","city":"Austin","county":"Travis","owner":"LINCOLN PROPERTY COMPANY","owner_group":"Lincoln Property Company","design_firm":"STG DESIGN","sqft":null,"scope":"This project includes the renovation of a space for a data center.","funds":"This project is privately funded, on private land for private use.","cost":2100000.0,"work":"Renovation/Alteration","status":"Project Closed","registered":"2016-02-01","start":"2016-03-01","end":"2017-05-01","matched":"data center","url":"https://www.tdlr.texas.gov/TABS/Search/Project/EABPRJB6809164","geo":"address","geo_precision":"Point Address"}},{"type":"Feature","geometry":{"type":"Point","coordinates":[-106.577921,31.874147]},"properties":{"project":"EABPRJB6806840","name":"NEW DATA CENTER","facility":"HELEN OF TROY","address":"1 HELEN OF TROY PLAZA","city":"El Paso","county":"El Paso","owner":"HELEN OF TROY LP.","owner_group":"Helen Of Troy Lp.","design_firm":"FOKUS ON ARCHITECTURE INC.","sqft":null,"scope":"INTERIOR RENOVATION FOR A NEW 950 SF DATA ROOM FOR THE HELEN OF TROY FACILITY","funds":"This project is privately funded, on private land for private use.","cost":250000.0,"work":"Renovation/Alteration","status":"Project Closed","registered":"2015-12-18","start":"2016-01-01","end":"2016-03-01","matched":"data center","url":"https://www.tdlr.texas.gov/TABS/Search/Project/EABPRJB6806840","geo":"address","geo_precision":"Point Address"}},{"type":"Feature","geometry":{"type":"Point","coordinates":[-98.591547,29.550429]},"properties":{"project":"EABPRJB6806743","name":"WELLMED CALL CENTER & DATARAPS DEPART","facility":"THE OAKS 3","address":"12459 NETWORK BLVD. Level 2","city":"San Antonio","county":"Bexar","owner":"BUILDING THREE OAKS LLC","owner_group":"Building Three Oaks Llc","design_firm":"DAWLEY GROUP, THE","sqft":null,"scope":"New tenant finish out in an existing building","funds":"This project is privately funded, on private land for private use.","cost":1150000.0,"work":"New Construction","status":"Project Closed","registered":"2015-12-17","start":"2016-01-01","end":"2016-03-01","matched":"data center","url":"https://www.tdlr.texas.gov/TABS/Search/Project/EABPRJB6806743","geo":"address","geo_precision":"Point Address"}},{"type":"Feature","geometry":{"type":"Point","coordinates":[-95.100105,29.59163]},"properties":{"project":"EABPRJB6806352","name":"BAB BUILDING DATA CENTER MODIFICATIONS","facility":"THE BOEING COMPANY BAB BUILDING","address":"3700 BAY AREA BOULEVARD","city":"Pasadena","county":"Harris","owner":"BOEING COMPANY, THE","owner_group":"Boeing Company, The","design_firm":"MOLINA WALKER ARCHITECTS INC.","sqft":null,"scope":"Adding three training labs to the Date Center Room, includes new partitions, doors, and modifying power, data, l","funds":"This project is privately funded, on private land for private use.","cost":50000.0,"work":"Renovation/Alteration","status":"Project Closed","registered":"2015-12-11","start":"2016-01-01","end":"2016-04-01","matched":"data center","url":"https://www.tdlr.texas.gov/TABS/Search/Project/EABPRJB6806352","geo":"address","geo_precision":"Point Address"}},{"type":"Feature","geometry":{"type":"Point","coordinates":[-101.838348,35.209438]},"properties":{"project":"EABPRJB6804327","name":"BLUE BOX DATA CENTER","facility":"BLUE BOX","address":"418 SOUTH TYLER","city":"Amarillo","county":"Potter","owner":"AMARILLO NATIONAL BANK","owner_group":"Amarillo National Bank","design_firm":null,"sqft":null,"scope":"Interior renovation to an existing storage facility to add a data center.","funds":"This project is privately funded, on private land for private use.","cost":300000.0,"work":"Renovation/Alteration","status":"Project Closed","registered":"2015-11-06","start":"2015-12-01","end":"2016-06-01","matched":"data center","url":"https://www.tdlr.texas.gov/TABS/Search/Project/EABPRJB6804327","geo":"address","geo_precision":"Point Address"}},{"type":"Feature","geometry":{"type":"Point","coordinates":[-97.725545,30.326576]},"properties":{"project":"EABPRJB6800807","name":"DPS DATA CENTER","facility":"DPS HEADQUARTERS BUILDING A","address":"5805 N. LAMAR BLVD","city":"Austin","county":"Travis","owner":"DPS","owner_group":"Dps","design_firm":"STUDIO D CONSULTING + DESIGN LLC","sqft":null,"scope":"Renovation to existing data center.","funds":"This project involves public funds, public land, or is a Federally funded roadway project.","cost":1800000.0,"work":"Renovation/Alteration","status":"Review Complete","registered":"2015-09-15","start":"2015-10-01","end":"2017-06-01","matched":"data center","url":"https://www.tdlr.texas.gov/TABS/Search/Project/EABPRJB6800807","geo":"address","geo_precision":"Point Address"}},{"type":"Feature","geometry":{"type":"Point","coordinates":[-96.6647,33.027479]},"properties":{"project":"EABPRJB5822665","name":"VIAWEST SHILOH DATA CENTER","facility":"VIAWEST SHILOH DATA CENTER","address":"PLANO PKWY & SHILOH ROAD","city":"Plano","county":"Collin","owner":"VIAWEST INC","owner_group":"Viawest Inc","design_firm":"CORGAN ASSOCIATES","sqft":null,"scope":"New construction of a 101,324 GSF tilt-up concrete one-story data center and one-story office with a mezzanine,","funds":"This project is privately funded, on private land for private use.","cost":20000000.0,"work":"New Construction","status":"Inspection Complete","registered":"2015-08-26","start":"2015-11-01","end":"2016-07-01","matched":"data center","url":"https://www.tdlr.texas.gov/TABS/Search/Project/EABPRJB5822665","geo":"address","geo_precision":"Street"}},{"type":"Feature","geometry":{"type":"Point","coordinates":[-99.237093,30.075761]},"properties":{"project":"EABPRJB5817452","name":"HILL COUNTRY TELEPHONE COOP-DATA CENTER","facility":"DATA CENTER","address":"220 CAROLYN STREET","city":"Ingram","county":"Kerr","owner":"HILL COUNTRY TELEPHONE COOPERATIVE","owner_group":"Hill Country Telephone Cooperative","design_firm":"PETER LEWIS ARCHITECT + ASSOCIATES","sqft":null,"scope":"New fiber optic distribution building","funds":"This project is privately funded, on private land for private use.","cost":1730070.0,"work":"New Construction","status":"Project Closed","registered":"2015-06-08","start":"2015-06-01","end":"2015-10-01","matched":"data center","url":"https://www.tdlr.texas.gov/TABS/Search/Project/EABPRJB5817452","geo":"address","geo_precision":"Point Address"}},{"type":"Feature","geometry":{"type":"Point","coordinates":[-95.583976,29.922658]},"properties":{"project":"EABPRJB5815819","name":"CFISD ISC DATA CENTER REMODEL","facility":"INSTRUCTIONAL SUPPORT CENTER","address":"10300 JONES ROAD","city":"Houston","county":"Harris","owner":"CYPRESS FAIRBANKS ISD","owner_group":"Cypress Fairbanks Isd","design_firm":"EVOLVE CONSULTING GROUP","sqft":null,"scope":"Renovation of existing data center in existing structure. Buildout includes electrical, HVAC, fire protection al","funds":"This project involves public funds, public land, or is a Federally funded roadway project.","cost":875000.0,"work":"Renovation/Alteration","status":"Project Closed","registered":"2015-05-13","start":"2015-05-01","end":"2015-12-01","matched":"data center","url":"https://www.tdlr.texas.gov/TABS/Search/Project/EABPRJB5815819","geo":"address","geo_precision":"Point Address"}},{"type":"Feature","geometry":{"type":"Point","coordinates":[-95.760588,29.79302]},"properties":{"project":"EABPRJB5813034","name":"DNV GL DATA CENTER EXPANSION","facility":"DNV","address":"1400 RAVELLO","city":"Katy","county":"Harris","owner":"RT KATY LLC","owner_group":"Rt Katy Llc","design_firm":null,"sqft":null,"scope":"Expansion of existing Data Center Pod in existing  structure.","funds":"This project is privately funded, on private land for private use.","cost":200000.0,"work":"Renovation/Alteration","status":"Project Closed","registered":"2015-04-02","start":"2015-04-01","end":"2015-10-01","matched":"data center","url":"https://www.tdlr.texas.gov/TABS/Search/Project/EABPRJB5813034","geo":"address","geo_precision":"Point Address"}},{"type":"Feature","geometry":{"type":"Point","coordinates":[-98.100978,30.198237]},"properties":{"project":"EABPRJB5812983","name":"DRIPPING SPRINGS ISD | HS DATA CENTER AD","facility":"DRIPPING SPRINGS HIGH SCHOOL DATA CENTER","address":"940 HIGHWAY 290 WEST","city":"Dripping Springs","county":"Hays","owner":"DRIPPING SPRINGS ISD","owner_group":"Dripping Springs Isd","design_firm":"HUCKABEE & ASSOCIATES INC","sqft":null,"scope":"Data Center addition to Dripping Springs High School.","funds":"This project involves public funds, public land, or is a Federally funded roadway project.","cost":750000.0,"work":"Additions to Existing Building","status":"Project Closed","registered":"2015-04-01","start":"2015-06-01","end":"2016-07-01","matched":"data center","url":"https://www.tdlr.texas.gov/TABS/Search/Project/EABPRJB5812983","geo":"address","geo_precision":"Point Address"}},{"type":"Feature","geometry":{"type":"Point","coordinates":[-97.050738,32.825294]},"properties":{"project":"EABPRJB5811854","name":"PARTS 360 DATA CENTER RENOVATION","facility":"AMERICAN AIRLINES HEADQUARTERS 2","address":"4255 AMON CARTER BLVD.","city":"Fort Worth","county":"Tarrant","owner":"AMERICAN AIRLINES GROUP","owner_group":"American Airlines Group","design_firm":"CORGAN ASSOCIATES","sqft":null,"scope":"Existing data center space being converted into office space.","funds":"This project is privately funded, on private land for private use.","cost":1887900.0,"work":"Renovation/Alteration","status":"Project Closed","registered":"2015-03-16","start":"2015-04-01","end":"2015-06-01","matched":"data center","url":"https://www.tdlr.texas.gov/TABS/Search/Project/EABPRJB5811854","geo":"address","geo_precision":"Point Address"}},{"type":"Feature","geometry":{"type":"Point","coordinates":[-95.407875,29.948096]},"properties":{"project":"EABPRJB5811193","name":"SWIFT ENERGY DATA CENTER RELOCATION","facility":"5 GREENSPOINT PLAZA","address":"17001 NORTHCHASE Suite 1639","city":"Houston","county":"Harris","owner":"GREENSPOINT PLAZA LTD PARTNERS","owner_group":"Greenspoint Plaza Ltd Partners","design_firm":"EVOLVE CONSULTING GROUP","sqft":null,"scope":"Build out of data center suite including new UPS and CRAC units","funds":"This project is privately funded, on private land for private use.","cost":475000.0,"work":"Renovation/Alteration","status":"Project Closed","registered":"2015-03-05","start":"2015-03-01","end":"2015-12-01","matched":"data center","url":"https://www.tdlr.texas.gov/TABS/Search/Project/EABPRJB5811193","geo":"address","geo_precision":"Point Address"}},{"type":"Feature","geometry":{"type":"Point","coordinates":[-97.322479,32.707849]},"properties":{"project":"EABPRJB5809410","name":"RENOVATION FOR MEDSTAR DATA CENTER","facility":"MEDSTAR BACKUP DATA CENTER","address":"2944 GROVE STREET","city":"Fort Worth","county":"Tarrant","owner":"MEDSTAR","owner_group":"Medstar","design_firm":"QUORUM ARCHITECTS INC.","sqft":null,"scope":"Revise interior wall layout, add raised access floor, enclose existing metal building with masonry walls and con","funds":"This project is privately funded, on private land for private use.","cost":1100000.0,"work":"Renovation/Alteration","status":"Project Closed","registered":"2015-02-05","start":"2015-02-01","end":"2015-08-01","matched":"data center","url":"https://www.tdlr.texas.gov/TABS/Search/Project/EABPRJB5809410","geo":"address","geo_precision":"Point Address"}},{"type":"Feature","geometry":{"type":"Point","coordinates":[-97.069598,32.910755]},"properties":{"project":"EABPRJB5809350","name":"ALTERNATE DATA CENTER","facility":"BUILDING F","address":"2200F WEST AIRFIELD DRIVE","city":"Dfw Airport","county":"Dallas","owner":"WTA INC","owner_group":"Wta Inc","design_firm":"WTA INC.","sqft":null,"scope":"Remodel approx. 8600 SF of existing structure on VZN campus for use as Alternate Data Center for DFW IT. SOW inc","funds":"This project is privately funded, on private land for private use.","cost":2600000.0,"work":"Renovation/Alteration","status":"Project Closed","registered":"2015-02-04","start":"2015-03-01","end":"2015-08-01","matched":"data center","url":"https://www.tdlr.texas.gov/TABS/Search/Project/EABPRJB5809350","geo":"address","geo_precision":"Point Address"}},{"type":"Feature","geometry":{"type":"Point","coordinates":[-96.780521,32.835149]},"properties":{"project":"EABPRJB5806036","name":"SMU DATA CENTER GENERATOR","facility":"SMU DATA CENTER GENERATOR","address":"5555 N. CENTRAL EXPRESSWAY","city":"Dallas","county":"Dallas","owner":"SOUTHERN METHODIST UNIVERSITY","owner_group":"Southern Methodist University","design_firm":"RTKL","sqft":null,"scope":"Emergency generator infrastructure and brick wall enclosure","funds":"This project is privately funded, on private land for private use.","cost":2800000.0,"work":"New Construction","status":"Project Closed","registered":"2014-12-05","start":"2015-01-01","end":"2015-07-01","matched":"data center","url":"https://www.tdlr.texas.gov/TABS/Search/Project/EABPRJB5806036","geo":"address","geo_precision":"Point Address"}},{"type":"Feature","geometry":{"type":"Point","coordinates":[-102.372592,31.8511]},"properties":{"project":"EABPRJB5804628","name":"ECTOR COUNTY ISD DATA CENTER REMODEL","facility":"ECTOR COUNTY ISD DATA CENTER","address":"806 N LEE AVE.","city":"Odessa","county":"Ector","owner":"ECTOR COUNTY INDEPENDENT SCHOOL DISTRICT","owner_group":"Ector County Independent School District","design_firm":"GSC ARCHITECTS","sqft":null,"scope":"Renovations to an existing data center to enlarge the server room.","funds":"This project involves public funds, public land, or is a Federally funded roadway project.","cost":2500000.0,"work":"Renovation/Alteration","status":"Inspection Complete","registered":"2014-11-11","start":"2014-11-01","end":"2015-09-01","matched":"data center","url":"https://www.tdlr.texas.gov/TABS/Search/Project/EABPRJB5804628","geo":"address","geo_precision":"Point Address"}},{"type":"Feature","geometry":{"type":"Point","coordinates":[-96.819411,32.800764]},"properties":{"project":"EABPRJB5802044","name":"ZCOLO - DATA CENTER RENOVATION","facility":"INFOMART","address":"1950 STEMMONS FRWY STE 4006","city":"Dallas","county":"Dallas","owner":"DCI TECHNOLOGY","owner_group":"Dci Technology","design_firm":"PAGE","sqft":null,"scope":"WORK WILL INCLUDE DEMO OF EXISTING ELEMENTS TO ALLOW FORNEW INTERIOR FINISH OUT.UTILITY SCOPE TO INCLUDE NEW HV","funds":"This project is privately funded, on private land for private use.","cost":1900000.0,"work":"Renovation/Alteration","status":"Project Closed","registered":"2014-10-02","start":"2014-10-01","end":"2015-03-01","matched":"data center","url":"https://www.tdlr.texas.gov/TABS/Search/Project/EABPRJB5802044","geo":"address","geo_precision":"Point Address"}},{"type":"Feature","geometry":{"type":"Point","coordinates":[-96.822589,32.965202]},"properties":{"project":"EABPRJB5800364","name":"DATA CENTER INC.","facility":"THE MADISON","address":"15851 N. DALLAS PARKWAY SUITE 360","city":"Addison","county":"Dallas","owner":"GRANITE PROPERTIES","owner_group":"Granite Properties","design_firm":"STAFFELBACH INC.","sqft":null,"scope":"TENANT FINISH OUT","funds":"This project is privately funded, on private land for private use.","cost":55000.0,"work":"Renovation/Alteration","status":"Project Closed","registered":"2014-09-08","start":"2014-09-01","end":"2014-11-01","matched":"data center","url":"https://www.tdlr.texas.gov/TABS/Search/Project/EABPRJB5800364","geo":"address","geo_precision":"Point Address"}},{"type":"Feature","geometry":{"type":"Point","coordinates":[-97.044828,32.757944]},"properties":{"project":"EABPRJB5800272","name":"WIRELINE NETWORK DATA CENTER BUILDOUT","facility":"VERIZON (AAPNTX)","address":"903 113TH STREET","city":"Arlington","county":"Tarrant","owner":"WTA INC.","owner_group":"Wta Inc.","design_firm":"WTA INC.","sqft":null,"scope":"Buildout data center space, install new UPS and accessories, install redundant generator","funds":"This project is privately funded, on private land for private use.","cost":1450000.0,"work":"Renovation/Alteration","status":"Project Closed","registered":"2014-09-05","start":"2014-09-01","end":"2014-12-01","matched":"data center","url":"https://www.tdlr.texas.gov/TABS/Search/Project/EABPRJB5800272","geo":"address","geo_precision":"Point Address"}},{"type":"Feature","geometry":{"type":"Point","coordinates":[-98.494614,29.425171]},"properties":{"project":"EABPRJB4821777","name":"APACHE DATA CENTER","facility":"EILAN","address":"17802 IH-10W","city":"San Antonio","county":"Bexar","owner":"LSREF2 WINDMILL REO LLC","owner_group":"Lsref2 Windmill Reo Llc","design_firm":null,"sqft":null,"scope":"Existing demised space - tenant finish out","funds":"This project is privately funded, on private land for private use.","cost":2000000.0,"work":"Renovation/Alteration","status":"Project Closed","registered":"2014-08-28","start":"2014-09-01","end":"2014-10-01","matched":"data center","url":"https://www.tdlr.texas.gov/TABS/Search/Project/EABPRJB4821777","geo":"address","geo_precision":"Geography"}},{"type":"Feature","geometry":{"type":"Point","coordinates":[-101.835702,35.208896]},"properties":{"project":"EABPRJB4819467","name":"ANB DATA CENTER- 2014 RENOVATIONS","facility":"ANB PLAZA ONE","address":"410 S. TAYLOR","city":"Amarillo","county":"Potter","owner":"J I WILLIAMS AIA","owner_group":"J I Williams Aia","design_firm":"DEKKER/PERICH/SABATINI","sqft":null,"scope":"Update and improve layout of existing data center.","funds":"This project is privately funded, on private land for private use.","cost":250000.0,"work":"Renovation/Alteration","status":"Project Closed","registered":"2014-07-23","start":"2014-08-01","end":"2015-02-01","matched":"data center","url":"https://www.tdlr.texas.gov/TABS/Search/Project/EABPRJB4819467","geo":"address","geo_precision":"Point Address"}},{"type":"Feature","geometry":{"type":"Point","coordinates":[-106.37167,31.772336]},"properties":{"project":"EABPRJB4819032","name":"EPCC DATA CONTROL CENTER RENOVATIONS","facility":"EPCC ADMINISTRATIVE SERVICES CENTER","address":"9050 VISCOUNT BLVD. BUILDING A","city":"El Paso","county":"El Paso","owner":"EL PASO COMMUNITY COLLEGE","owner_group":"El Paso Community College","design_firm":"MIJARES-MORA ARCHITECTS INC.","sqft":null,"scope":"Interior renovation of an existing building to be used as office space for the El Paso Community College.","funds":"This project is privately funded, on private land for private use.","cost":800000.0,"work":"Renovation/Alteration","status":"Project Closed","registered":"2014-07-16","start":"2014-08-01","end":"2014-12-01","matched":"data center","url":"https://www.tdlr.texas.gov/TABS/Search/Project/EABPRJB4819032","geo":"address","geo_precision":"Point Address"}},{"type":"Feature","geometry":{"type":"Point","coordinates":[-97.367952,32.704748]},"properties":{"project":"EABPRJB4815098","name":"TCU WORTH HILLS DATA CENTER","facility":"TCU WORTH HILLS DATA CENTER","address":"3504 POND DRIVE","city":"Fort Worth","county":"Tarrant","owner":"TEXAS CHRISTIAN UNIVERSITY","owner_group":"Texas Christian University","design_firm":"RTKL ASSOCIATES","sqft":null,"scope":"RENOVATE EXISTING BUILDING FOR DATA CENTER USE","funds":"This project involves public funds, public land, or is a Federally funded roadway project.","cost":6200000.0,"work":"Renovation/Alteration","status":"Project Closed","registered":"2014-05-14","start":"2014-06-01","end":"2015-02-01","matched":"data center","url":"https://www.tdlr.texas.gov/TABS/Search/Project/EABPRJB4815098","geo":"address","geo_precision":"Point Address"}},{"type":"Feature","geometry":{"type":"Point","coordinates":[-95.683068,30.790324]},"properties":{"project":"EABPRJB4814643","name":"GHC 9-1-1 DATA CENTER","facility":"GHC 9-1-1 DATA CENTER","address":"2280 SH 75 NORTH","city":"Huntsville","county":"Walker","owner":"GHC 9-1-1","owner_group":"Ghc 9-1-1","design_firm":"PGAL","sqft":null,"scope":"New data center and related site work","funds":"This project involves public funds, public land, or is a Federally funded roadway project.","cost":4500000.0,"work":"New Construction","status":"Project Closed","registered":"2014-05-06","start":"2014-05-01","end":"2015-02-01","matched":"data center","url":"https://www.tdlr.texas.gov/TABS/Search/Project/EABPRJB4814643","geo":"address","geo_precision":"Point Address"}},{"type":"Feature","geometry":{"type":"Point","coordinates":[-98.494614,29.425171]},"properties":{"project":"EABPRJB4813061","name":"VALERO HQ DATA CENTER CRAHU REPLACEMENT","facility":"VALERO ENERGY CORPORATION","address":"ONE VALERO WAY","city":"San Antonio","county":"Bexar","owner":"VALERO ENERGY CORPORATION","owner_group":"Valero Energy Corporation","design_firm":"RVK ARCHITECTS INC.","sqft":null,"scope":"Replacement of data center HVAC and associated wall relocation.","funds":"This project is privately funded, on private land for private use.","cost":1700000.0,"work":"Renovation/Alteration","status":"Project Closed","registered":"2014-04-15","start":"2014-04-01","end":"2014-08-01","matched":"data center","url":"https://www.tdlr.texas.gov/TABS/Search/Project/EABPRJB4813061","geo":"address","geo_precision":"Geography"}},{"type":"Feature","geometry":{"type":"Point","coordinates":[-98.282526,29.599034]},"properties":{"project":"EABPRJB4810337","name":"TESORO DATA CENTER REMODEL","facility":"TESORO DATA CENTER","address":"5730 TRI COUNTY PARKWAY","city":"Schertz","county":"Guadalupe","owner":"TITAN TRI-COUNTY 1 & 2 LTD. PARTNERSHIP","owner_group":"Titan Tri-County 1 & 2 Ltd. Partnership","design_firm":"RVK ARCHITECTS INC.","sqft":null,"scope":"Remodeling of existing room into two separate rooms.","funds":"This project is privately funded, on private land for private use.","cost":368000.0,"work":"Renovation/Alteration","status":"Project Closed","registered":"2014-03-04","start":"2014-03-01","end":"2014-05-01","matched":"data center","url":"https://www.tdlr.texas.gov/TABS/Search/Project/EABPRJB4810337","geo":"address","geo_precision":"Point Address"}},{"type":"Feature","geometry":{"type":"Point","coordinates":[-98.577928,29.540544]},"properties":{"project":"EABPRJB4808885","name":"USAA B-SERVICE DATA CENTER EXPANSION","facility":"USAA B-SERVICE DATA CENTER","address":"9800 FREDERICKSBURG ROAD San Antonio","city":"San Antonio","county":"Bexar","owner":"STANTEC","owner_group":"Stantec","design_firm":"SHW GROUP","sqft":null,"scope":"Add +/- 3,000 sq. ft. from adjacent office space to increase exiting 14,300 sq. ft. data center. Expansion consi","funds":"This project is privately funded, on private land for private use.","cost":1115000.0,"work":"Renovation/Alteration","status":"Project Closed","registered":"2014-02-07","start":"2014-01-01","end":"2014-08-01","matched":"data center","url":"https://www.tdlr.texas.gov/TABS/Search/Project/EABPRJB4808885","geo":"address","geo_precision":"Point Address"}},{"type":"Feature","geometry":{"type":"Point","coordinates":[-97.790209,30.262866]},"properties":{"project":"EABPRJB4808833","name":"AN4 DATA CENTER RENOVATION","facility":"INTEL CORPORATION","address":"1300 SOUTH MO PAC EXPRESSWAY","city":"Austin","county":"Travis","owner":"INTEL AN4","owner_group":"Intel An4","design_firm":"PBK","sqft":null,"scope":"INTERIOR FINISH OUT OF EXISTING SPACE TO ACCOMODATE A DATA CENTER AND SUPPORT SPACES. WILL INCLUDE INSTALLATION","funds":"This project is privately funded, on private land for private use.","cost":4000000.0,"work":"Renovation/Alteration","status":"Project Closed","registered":"2014-02-06","start":"2014-03-01","end":"2014-08-01","matched":"data center","url":"https://www.tdlr.texas.gov/TABS/Search/Project/EABPRJB4808833","geo":"address","geo_precision":"Point Address"}},{"type":"Feature","geometry":{"type":"Point","coordinates":[-95.365684,29.75356]},"properties":{"project":"EABPRJB4804986","name":"COH- DATA CENTER-PHASE II","facility":"1301 FANNIN","address":"1301 FANNIN","city":"Houston","county":"Harris","owner":"GRIFFIN PARTNERS","owner_group":"Griffin Partners","design_firm":"MORRIS ARCHITECTS","sqft":null,"scope":"Electrical and HVAC work for data rack installation","funds":"This project involves public funds, public land, or is a Federally funded roadway project.","cost":800000.0,"work":"Renovation/Alteration","status":"Project Closed","registered":"2013-11-25","start":"2014-01-01","end":"2014-04-01","matched":"data center","url":"https://www.tdlr.texas.gov/TABS/Search/Project/EABPRJB4804986","geo":"address","geo_precision":"Point Address"}},{"type":"Feature","geometry":{"type":"Point","coordinates":[-95.365684,29.75356]},"properties":{"project":"EABPRJB4804966","name":"COH- DATA CENTER","facility":"1301 FANNIN","address":"1301 FANNIN","city":"Houston","county":"Harris","owner":"GRIFFIN PARTNERS","owner_group":"Griffin Partners","design_firm":"MORRIS ARCHITECTS","sqft":null,"scope":"Addition of electrical and HVAC system in preparation for installation of data center racks.","funds":"This project involves public funds, public land, or is a Federally funded roadway project.","cost":800000.0,"work":"Renovation/Alteration","status":"Project Closed","registered":"2013-11-25","start":"2014-01-01","end":"2014-04-01","matched":"data center","url":"https://www.tdlr.texas.gov/TABS/Search/Project/EABPRJB4804966","geo":"address","geo_precision":"Point Address"}},{"type":"Feature","geometry":{"type":"Point","coordinates":[-97.318206,32.658337]},"properties":{"project":"EABPRJB4803214","name":"DATA CENTERS UPS UPGRADE","facility":"WEST DATA CENTER/BLDG B EAST DATA CENTER","address":"6201 SOUTH FREEWAY","city":"Fort Worth","county":"Tarrant","owner":"ALCON LABS","owner_group":"Alcon Labs","design_firm":"JACOBS","sqft":null,"scope":"UPS Upgrade to the existing East and West Data Centers","funds":"This project is privately funded, on private land for private use.","cost":1400000.0,"work":"Renovation/Alteration","status":"Project Closed","registered":"2013-10-25","start":"2013-11-01","end":"2014-02-01","matched":"data center","url":"https://www.tdlr.texas.gov/TABS/Search/Project/EABPRJB4803214","geo":"address","geo_precision":"Point Address"}},{"type":"Feature","geometry":{"type":"Point","coordinates":[-97.252473,32.979607]},"properties":{"project":"EABPRJB3816521","name":"AIG - FORT WORTH DATA CENTER","facility":"AIG DATA CENTER II","address":"13701 INDEPENDENCE PARKWAY","city":"Fort Worth","county":"Tarrant","owner":"EASTGREEN INC.","owner_group":"Eastgreen Inc.","design_firm":"GENSLER","sqft":null,"scope":"Interior office renovation 53,267 SF.","funds":"This project is privately funded, on private land for private use.","cost":2500000.0,"work":"Renovation/Alteration","status":"Project Closed","registered":"2013-07-02","start":"2013-07-01","end":"2013-11-01","matched":"data center","url":"https://www.tdlr.texas.gov/TABS/Search/Project/EABPRJB3816521","geo":"address","geo_precision":"Point Address"}},{"type":"Feature","geometry":{"type":"Point","coordinates":[-98.599937,29.55522]},"properties":{"project":"EABPRJB3813376","name":"KCI DATA CENTER UPGRADE","facility":"KCI","address":"6103 FARINON DRIVE","city":"San Antonio","county":"Bexar","owner":"J & L FARINON LLC.","owner_group":"J & L Farinon Llc.","design_firm":"PACIFIC DESIGN GROUP","sqft":null,"scope":"UPGRADE EXISTING DATA CENTER.   RV315","funds":"This project is privately funded, on private land for private use.","cost":250000.0,"work":"Renovation/Alteration","status":"Project Closed","registered":"2013-05-09","start":"2013-06-01","end":"2013-09-01","matched":"data center","url":"https://www.tdlr.texas.gov/TABS/Search/Project/EABPRJB3813376","geo":"address","geo_precision":"Point Address"}},{"type":"Feature","geometry":{"type":"Point","coordinates":[-97.70627,30.20017]},"properties":{"project":"EABPRJB3810342","name":"ONRAMP DATA CENTER","facility":"ONRAMP DATA CENTER","address":"7000 BURLESON Building B, Suite 400","city":"Austin","county":"Travis","owner":"REALTY ASSOCIATES FUND IX LP, THE","owner_group":"Realty Associates Fund Ix Lp, The","design_firm":"PAGE SOUTHERLAND PAGE","sqft":null,"scope":"Tenant fit-up of existing office/warehouose","funds":"This project is privately funded, on private land for private use.","cost":4000000.0,"work":"Renovation/Alteration","status":"Project Closed","registered":"2013-03-19","start":"2013-05-01","end":"2014-01-01","matched":"data center","url":"https://www.tdlr.texas.gov/TABS/Search/Project/EABPRJB3810342","geo":"address","geo_precision":"Point Address"}},{"type":"Feature","geometry":{"type":"Point","coordinates":[-96.941573,32.863485]},"properties":{"project":"EABPRJB3807871","name":"290 EJC DATA CENTER","facility":"290 EAST JOHN CARPENTER","address":"290 EAST JOHN CARPENTER FRWY","city":"Irving","county":"Dallas","owner":"FAIRWAY JC SERVICES","owner_group":"Fairway Jc Services","design_firm":"STAFFELBACH","sqft":null,"scope":"Addition of ne 2,110 sf Data Center to be located on 5thfloor of Decor Tower","funds":"This project is privately funded, on private land for private use.","cost":850000.0,"work":"Additions to Existing Building","status":"Project Closed","registered":"2013-02-04","start":"2013-02-01","end":"2013-06-01","matched":"data center","url":"https://www.tdlr.texas.gov/TABS/Search/Project/EABPRJB3807871","geo":"address","geo_precision":"Point Address"}},{"type":"Feature","geometry":{"type":"Point","coordinates":[-96.931525,32.992145]},"properties":{"project":"EABPRJB3806607","name":"CYRUSONE CARROLLTON DATA CENTER PHASE II","facility":"CYRUSONE CARROLLTON DATA CENTER","address":"1649 WEST FRANKFORD ROAD","city":"Carrollton","county":"Dallas","owner":"CYRUSONE","owner_group":"CyrusOne","design_firm":"CORGAN ASSOCIATES","sqft":null,"scope":"Partial alteration/renovation to existing one-story warehouse","funds":"This project is privately funded, on private land for private use.","cost":9595456.0,"work":"Renovation/Alteration","status":"Project Closed","registered":"2013-01-11","start":"2013-02-01","end":"2013-12-01","matched":"data center","url":"https://www.tdlr.texas.gov/TABS/Search/Project/EABPRJB3806607","geo":"address","geo_precision":"Point Address"}},{"type":"Feature","geometry":{"type":"Point","coordinates":[-97.252473,32.979607]},"properties":{"project":"EABPRJB3803318","name":"AIG FT. WORTH DATA CENTER - PARKING LOT","facility":"AIG DATA CENTER III","address":"13701 INDEPENDENCE PARKWAY","city":"Fort Worth","county":"Tarrant","owner":"EASTGREEN INC.","owner_group":"Eastgreen Inc.","design_firm":"GENSLER","sqft":null,"scope":"Parking lot expansion on an adjacent lot owned by AIG, increase  parking spaces to 448.","funds":"This project is privately funded, on private land for private use.","cost":1250000.0,"work":"Renovation/Alteration","status":"Project Closed","registered":"2012-11-05","start":"2013-01-01","end":"2013-08-01","matched":"data center","url":"https://www.tdlr.texas.gov/TABS/Search/Project/EABPRJB3803318","geo":"address","geo_precision":"Point Address"}},{"type":"Feature","geometry":{"type":"Point","coordinates":[-95.624509,30.0866]},"properties":{"project":"EABPRJB3801952","name":"DATA CENTER RENOVATION","facility":"TOMBALL REGIONAL MEDICAL CENTER","address":"605 HOLDERRIETH BLVD.","city":"Tomball","county":"Harris","owner":"COMMUNITY HEALTH SYSTEMS PSC","owner_group":"Community Health Systems Psc","design_firm":"THOMAS MILLER & PARTNERS PLLC","sqft":null,"scope":"Expanding computer room.  Removing portion of walls forexpansion and providing a new ramp to access the elevate","funds":"This project is privately funded, on private land for private use.","cost":375000.0,"work":"Renovation/Alteration","status":"Project Closed","registered":"2012-10-10","start":"2012-10-01","end":"2012-11-01","matched":"data center","url":"https://www.tdlr.texas.gov/TABS/Search/Project/EABPRJB3801952","geo":"address","geo_precision":"Point Address"}},{"type":"Feature","geometry":{"type":"Point","coordinates":[-96.809445,33.064996]},"properties":{"project":"EABPRJB3801789","name":"T5@DALLAS WHOLESALE DATA CENTER PHASE I","facility":"T5@DALLAS WHOLESALE DATA CENTER","address":"6653 PINECREST DRIVE","city":"Dallas","county":"Dallas","owner":"T5 PARTNERS LLC","owner_group":"T5 Partners Llc","design_firm":"CORGAN ASSOCIATES INC","sqft":null,"scope":"The project is a partial interior fit out of an existingbuilding.","funds":"This project is privately funded, on private land for private use.","cost":900000.0,"work":"Renovation/Alteration","status":"Project Closed","registered":"2012-10-09","start":"2012-10-01","end":"2012-11-01","matched":"data center","url":"https://www.tdlr.texas.gov/TABS/Search/Project/EABPRJB3801789","geo":"address","geo_precision":"Point Address"}},{"type":"Feature","geometry":{"type":"Point","coordinates":[-96.809445,33.064996]},"properties":{"project":"EABPRJB3801857","name":"T5@DALLAS WHOLESALE DATA CENTER PHASE II","facility":"T5@DALLAS WHOLESALE DATA CENTER","address":"6653 PINECREST DRIVE","city":"Dallas","county":"Dallas","owner":"T5 PARTNERS LLC","owner_group":"T5 Partners Llc","design_firm":"CORGAN ASSOCIATES INC","sqft":null,"scope":"The project is a partial interior fit out of an existingbuilding","funds":"This project is privately funded, on private land for private use.","cost":2500000.0,"work":"Renovation/Alteration","status":"Project Closed","registered":"2012-10-09","start":"2012-10-01","end":"2013-02-01","matched":"data center","url":"https://www.tdlr.texas.gov/TABS/Search/Project/EABPRJB3801857","geo":"address","geo_precision":"Point Address"}},{"type":"Feature","geometry":{"type":"Point","coordinates":[-98.551407,29.267548]},"properties":{"project":"EABPRJB2818928","name":"SACU DATA CENTER - TOYOTA BRANCH","facility":"SACU DATA CENTER - TOYOTA BRANCH","address":"15611 APPLEWHITE ROAD","city":"San Antonio","county":"Bexar","owner":"SAN ANTONIO CREDIT UNION","owner_group":"San Antonio Credit Union","design_firm":"RVK ARCHITECTS INC.","sqft":null,"scope":"Data Center Finish-out, 1,196 sq. ft.","funds":"This project is privately funded, on private land for private use.","cost":450000.0,"work":"Renovation/Alteration","status":"Project Closed","registered":"2012-08-30","start":"2012-10-01","end":"2013-01-01","matched":"data center","url":"https://www.tdlr.texas.gov/TABS/Search/Project/EABPRJB2818928","geo":"address","geo_precision":"Point Address"}},{"type":"Feature","geometry":{"type":"Point","coordinates":[-95.415888,29.944474]},"properties":{"project":"EABPRJB2818848","name":"DATACENTER PARK HOUSTON GUARDHOSE","facility":"DATACENTER PARK HOUSTON","address":"12211 NORTH FWY","city":"Houston","county":"Harris","owner":"DIGITAL GREENSPOINT","owner_group":"Digital Greenspoint","design_firm":"INTERGRATED DESIGN GROUP INC.","sqft":null,"scope":"New Building and associated site work.","funds":"This project is privately funded, on private land for private use.","cost":85000.0,"work":"New Construction","status":"Project Closed","registered":"2012-08-29","start":"2012-09-01","end":"2012-10-01","matched":"data center","url":"https://www.tdlr.texas.gov/TABS/Search/Project/EABPRJB2818848","geo":"address","geo_precision":"Address Range"}},{"type":"Feature","geometry":{"type":"Point","coordinates":[-97.252473,32.979607]},"properties":{"project":"EABPRJB2818148","name":"AIG\u2013FT. WORTH DATA CENTER\u2013OFFICE DENSIFI","facility":"AIG DATA CENTER II","address":"13701 INDEPENDENCE PARKWAY","city":"Fort Worth","county":"Tarrant","owner":"EASTGREEN INC","owner_group":"Eastgreen Inc","design_firm":"GENSLER - HOUSTON","sqft":null,"scope":"Interior fit out of existing space. Demoed existing light fixtures, doors, and chain link divider. Added new wal","funds":"This project is privately funded, on private land for private use.","cost":1200000.0,"work":"Renovation/Alteration","status":"Project Closed","registered":"2012-08-15","start":"2012-09-01","end":"2012-12-01","matched":"data center","url":"https://www.tdlr.texas.gov/TABS/Search/Project/EABPRJB2818148","geo":"address","geo_precision":"Point Address"}},{"type":"Feature","geometry":{"type":"Point","coordinates":[-96.793452,32.768152]},"properties":{"project":"EABPRJB2817236","name":"IBM BELLEVIEW DALLAS DATA CENTER","facility":"IBM DATA CENTER","address":"1000 BELLEVIEW","city":"Dallas","county":"Dallas","owner":"IBM","owner_group":"Ibm","design_firm":"ALLIANCE ARCHITECTS INC.","sqft":null,"scope":"The scope of work includes renovating 5,550 SF of officespace within an existing office space on the third floo","funds":"This project is privately funded, on private land for private use.","cost":1350000.0,"work":"Renovation/Alteration","status":"Project Closed","registered":"2012-07-31","start":"2012-08-01","end":"2012-11-01","matched":"data center","url":"https://www.tdlr.texas.gov/TABS/Search/Project/EABPRJB2817236","geo":"address","geo_precision":"Point Address"}},{"type":"Feature","geometry":{"type":"Point","coordinates":[-96.793452,32.768152]},"properties":{"project":"EABPRJB2817237","name":"IBM BELLEVIEW DALLAS DATA CENTER, 4TH","facility":"IBM DATA CENTER","address":"1000 BELLEVIEW","city":"Dallas","county":"Dallas","owner":"IBM","owner_group":"Ibm","design_firm":"ALLIANCE ARCHITECTS INC.","sqft":null,"scope":"Scope of work involves renovating approx. 26,415 SF office space on the 4th floor.","funds":"This project is privately funded, on private land for private use.","cost":1055000.0,"work":"Renovation/Alteration","status":"Project Closed","registered":"2012-07-31","start":"2012-08-01","end":"2013-02-01","matched":"data center","url":"https://www.tdlr.texas.gov/TABS/Search/Project/EABPRJB2817237","geo":"address","geo_precision":"Point Address"}},{"type":"Feature","geometry":{"type":"Point","coordinates":[-96.698247,33.019917]},"properties":{"project":"EABPRJB2000319","name":"TECHNOLOGY SERVICES DATA CENTER PHASE 1","facility":"MUNICIPAL CENTER ANNEX","address":"1117 E 15TH ST","city":"Plano","county":"Collin","owner":"CITY OF PLANO","owner_group":"City Of Plano","design_firm":"ALLIANCE ARCHITECTS INC","sqft":null,"scope":"INTERIOR & EXTERIOR RENOVATION OF 8,000 SF OF EXISTINGSPACE WITHIN 17,000 SF BLDG  PF175  RV445","funds":"This project involves public funds, public land, or is a Federally funded roadway project.","cost":4800000.0,"work":"Renovation/Alteration","status":"Project Closed","registered":"2012-07-11","start":"2012-07-01","end":"2014-05-01","matched":"data center","url":"https://www.tdlr.texas.gov/TABS/Search/Project/EABPRJB2000319","geo":"address","geo_precision":"Point Address"}},{"type":"Feature","geometry":{"type":"Point","coordinates":[-96.932282,32.994022]},"properties":{"project":"EABPRJB2815675","name":"CYRUSONE CARROLLTON DATA CENTER OFFICE","facility":"CYRUSONE CARROLLTON DATA CENTER","address":"1649 FRANKFORD ROAD WEST","city":"Carrollton","county":"Dallas","owner":"CYRUSONE","owner_group":"CyrusOne","design_firm":"CORGAN ASSOCIATES INC","sqft":null,"scope":"Interior Renovation of Existing Building","funds":"This project is privately funded, on private land for private use.","cost":1500000.0,"work":"Renovation/Alteration","status":"Project Closed","registered":"2012-06-29","start":"2012-07-01","end":"2013-09-30","matched":"data center","url":"https://www.tdlr.texas.gov/TABS/Search/Project/EABPRJB2815675","geo":"address","geo_precision":"Address Range"}},{"type":"Feature","geometry":{"type":"Point","coordinates":[-95.215893,29.662954]},"properties":{"project":"EABPRJB2814884","name":"TOTAL - DATA CENTER EXPANSION LVL 1","facility":"TOTAL","address":"1201 LOUSIANA AVENUE Suite 1800","city":"Houston","county":"Harris","owner":"BROOKFIELD OFFICE PROPERTIES","owner_group":"Brookfield Office Properties","design_firm":"GENSLER","sqft":null,"scope":"PROVIDE NW RM ON 1ST FL STE120 TO HOUSE NEW HEAT EXCHGERPUMPS & STRGE TNK TO PROVIDE COOLING WATER TO NW SGI","funds":"This project is privately funded, on private land for private use.","cost":900000.0,"work":"Renovation/Alteration","status":"Project Closed","registered":"2012-06-18","start":"2012-07-01","end":"2012-09-01","matched":"data center","url":"https://www.tdlr.texas.gov/TABS/Search/Project/EABPRJB2814884","geo":"address","geo_precision":"Point Address"}},{"type":"Feature","geometry":{"type":"Point","coordinates":[-95.389963,29.684951]},"properties":{"project":"EABPRJB2814650","name":"HCHD-HOLLY HALL-LEVEL2-DATA CENTER","facility":"HARRIS COUNTY HOSPITAL DISTRICT","address":"2550 HOLLY HALL STREET, LEVEL","city":"Houston","county":"Harris","owner":"HARRIS COUNTY HOSPITAL DISTRICT","owner_group":"Harris County Hospital District","design_firm":"WILSON ARCHITECTURAL GROUP","sqft":null,"scope":"3,500 sf build out of a data center with support facilities.","funds":"This project involves public funds, public land, or is a Federally funded roadway project.","cost":3000000.0,"work":"Renovation/Alteration","status":"Project Closed","registered":"2012-06-13","start":"2012-11-01","end":"2013-08-01","matched":"data center","url":"https://www.tdlr.texas.gov/TABS/Search/Project/EABPRJB2814650","geo":"address","geo_precision":"Point Address"}},{"type":"Feature","geometry":{"type":"Point","coordinates":[-97.113849,32.732414]},"properties":{"project":"EABPRJB2814444","name":"NEDDERMAN HALL DATA CENTER RMS 114 & 115","facility":"NEDDERMAN HALL","address":"416 S. YATES ST.","city":"Arlington","county":"Tarrant","owner":"UNIVERSITY OF TEXAS AT ARLINGTON","owner_group":"University Of Texas At Arlington","design_firm":"UNIVERSITY OF TEXA AT ARLINGTON","sqft":null,"scope":"Renovating an existing computer room with a new raised floor, ceiling, wall finish and HVAC system.","funds":"This project involves public funds, public land, or is a Federally funded roadway project.","cost":173000.0,"work":"Renovation/Alteration","status":"Project Closed","registered":"2012-06-11","start":"2012-05-01","end":"2012-08-01","matched":"data center","url":"https://www.tdlr.texas.gov/TABS/Search/Project/EABPRJB2814444","geo":"address","geo_precision":"Point Address"}},{"type":"Feature","geometry":{"type":"Point","coordinates":[-96.98304,32.991509]},"properties":{"project":"EABPRJB2811729","name":"NATIONSTAR-DATA CENTER EXPANSION","facility":"OFFICE CENTER NORTH","address":"350 HIGHLAND DRIVE","city":"Lewisville","county":"Denton","owner":"LEWISVILLE PEAK LP","owner_group":"Lewisville Peak Lp","design_firm":"STAFFELBACH INC.","sqft":null,"scope":"DATA CENTER EXPANSION","funds":"This project is privately funded, on private land for private use.","cost":780000.0,"work":"Renovation/Alteration","status":"Project Closed","registered":"2012-04-23","start":"2012-05-01","end":"2012-06-01","matched":"data center","url":"https://www.tdlr.texas.gov/TABS/Search/Project/EABPRJB2811729","geo":"address","geo_precision":"Point Address"}},{"type":"Feature","geometry":{"type":"Point","coordinates":[-97.662732,30.506605]},"properties":{"project":"EABPRJB2811609","name":"DELLRR56 MOBILE DATA CENTER","facility":"DELL RR56","address":"2300 GREEB","city":"Round Rock","county":"Williamson","owner":"DELL INC.","owner_group":"Dell Inc.","design_firm":"CTA ARCHIECTS ENGINEERS","sqft":null,"scope":"Exterior concrete slab.","funds":"This project is privately funded, on private land for private use.","cost":300000.0,"work":"Renovation/Alteration","status":"Project Closed","registered":"2012-04-20","start":"2012-05-01","end":"2012-08-01","matched":"data center","url":"https://www.tdlr.texas.gov/TABS/Search/Project/EABPRJB2811609","geo":"address","geo_precision":"Street"}},{"type":"Feature","geometry":{"type":"Point","coordinates":[-96.786391,32.797041]},"properties":{"project":"EABPRJB2810521","name":"DATA CENTER RENOVATION","facility":"ROSS AVENUE","address":"3700 ROSS AVENUE","city":"Dallas","county":"Dallas","owner":"DALLAS INDEPENDENT SCHOOL DISTRICT","owner_group":"Dallas Independent School District","design_firm":"BICK GROUP","sqft":null,"scope":"renovation of mechanical, electrical and some wall demo.Includes one (1) new 20 ton AC","funds":"This project involves public funds, public land, or is a Federally funded roadway project.","cost":1400000.0,"work":"Renovation/Alteration","status":"Project Closed","registered":"2012-04-03","start":"2012-04-01","end":"2013-01-15","matched":"data center","url":"https://www.tdlr.texas.gov/TABS/Search/Project/EABPRJB2810521","geo":"address","geo_precision":"Point Address"}},{"type":"Feature","geometry":{"type":"Point","coordinates":[-96.686122,32.810301]},"properties":{"project":"EABPRJB2810538","name":"BUCKNER DATA CENTER RENOVATION","facility":"BUCKNER","address":"2909 N. BUCKNER BLVD.","city":"Dallas","county":"Dallas","owner":"DALLAS INDEPENDENT SCHOOL DISTRICT","owner_group":"Dallas Independent School District","design_firm":"BICK GROUP INC.","sqft":null,"scope":"Project involves replacement of existing mechanical andelectrical equipment. also includes three (3) new four t","funds":"This project involves public funds, public land, or is a Federally funded roadway project.","cost":850000.0,"work":"Renovation/Alteration","status":"Project Closed","registered":"2012-04-03","start":"2012-04-01","end":"2014-05-31","matched":"data center","url":"https://www.tdlr.texas.gov/TABS/Search/Project/EABPRJB2810538","geo":"address","geo_precision":"Point Address"}},{"type":"Feature","geometry":{"type":"Point","coordinates":[-95.487227,30.178484]},"properties":{"project":"EABPRJB2809452","name":"STREAM HOUSTON PRIVATE DATA CENTER I","facility":"STREAM HOUSTON PRIVATE DATA CENTER I","address":"4001 TECHNOLOGY FOREST BLVD.,","city":"The Woodlands","county":"Montgomery","owner":"IP STREAM HOUSTON LLC","owner_group":"Ip Stream Houston Llc","design_firm":"CORGAN ASSOCIATES INC.","sqft":null,"scope":"75000 square foot Commercial Data Center","funds":"This project is privately funded, on private land for private use.","cost":35000000.0,"work":"New Construction","status":"Inspection Complete","registered":"2012-03-14","start":"2012-05-01","end":"2013-02-01","matched":"data center","url":"https://www.tdlr.texas.gov/TABS/Search/Project/EABPRJB2809452","geo":"address","geo_precision":"Point Address"}},{"type":"Feature","geometry":{"type":"Point","coordinates":[-94.457354,32.243943]},"properties":{"project":"EABPRJB2809440","name":"DATA CENTER - GENERATOR #2","facility":"MAIN ST. ANNEX","address":"125 N. WASHINGTON ST.","city":"Dallas","county":"Dallas","owner":"BAYLOR HEALTHCARE","owner_group":"Baylor Healthcare","design_firm":"HDR ARCHITECTURE","sqft":null,"scope":"Add 2nd emergency generator, add internal windows at Network Operation Center on the second floor.","funds":"This project is privately funded, on private land for private use.","cost":1000000.0,"work":"Renovation/Alteration","status":"Project Closed","registered":"2012-03-13","start":"2012-04-01","end":"2012-10-01","matched":"data center","url":"https://www.tdlr.texas.gov/TABS/Search/Project/EABPRJB2809440","geo":"address","geo_precision":"Point Address"}},{"type":"Feature","geometry":{"type":"Point","coordinates":[-96.766822,32.912011]},"properties":{"project":"EABPRJB2809012","name":"DATA CENTER EXPANSION - SUITE 330","facility":"FPMC PHASE III MOB","address":"11970 N. CENTRAL EXPRESSWAY","city":"Dallas","county":"Dallas","owner":"JHEVASSE MITCHELL","owner_group":"Jhevasse Mitchell","design_firm":"ASCENSION GROUP ARCHITECTS","sqft":null,"scope":"TENANT FINISH OUT ON THIRD FLOOR OF A SHELL BUILDING","funds":"This project is privately funded, on private land for private use.","cost":163540.0,"work":"Renovation/Alteration","status":"Project Closed","registered":"2012-03-06","start":"2012-03-01","end":"2012-05-01","matched":"data center","url":"https://www.tdlr.texas.gov/TABS/Search/Project/EABPRJB2809012","geo":"address","geo_precision":"Point Address"}},{"type":"Feature","geometry":{"type":"Point","coordinates":[-96.931525,32.992145]},"properties":{"project":"EABPRJB2807725","name":"CYRUSONE CARROLLTON DATA CENTER","facility":"CYRUSONE CARROLLTON DATA CENTER","address":"1649 WEST FRANKFORD RD.","city":"Carrollton","county":"Dallas","owner":"CYRUSONE","owner_group":"CyrusOne","design_firm":null,"sqft":null,"scope":"Partial alteration/renovation to existing one-story warehouse at 1649 West Frankford Road, Carrollton, Tx.","funds":"This project is privately funded, on private land for private use.","cost":22800000.0,"work":"Renovation/Alteration","status":"Project Closed","registered":"2012-02-10","start":"2012-02-01","end":"2012-07-24","matched":"data center","url":"https://www.tdlr.texas.gov/TABS/Search/Project/EABPRJB2807725","geo":"address","geo_precision":"Point Address"}},{"type":"Feature","geometry":{"type":"Point","coordinates":[-96.778508,32.836673]},"properties":{"project":"EABPRJB2807214","name":"SMU DATA CENTER","facility":"SMU DATA CENTER","address":"HWY 75 & MOCKINGBIRD LANE","city":"Dallas","county":"Dallas","owner":"SOUTHERN METHODIST UNIVERSITY","owner_group":"Southern Methodist University","design_firm":"RTKL ASSOCIATES","sqft":null,"scope":"Proposed 20,500 sq. ft. data center to be built on triangular site at the southwest corner of Highway 75 and Moc","funds":"This project is privately funded, on private land for private use.","cost":12500000.0,"work":"New Construction","status":"Project Closed","registered":"2012-02-01","start":"2012-03-01","end":"2013-01-01","matched":"data center","url":"https://www.tdlr.texas.gov/TABS/Search/Project/EABPRJB2807214","geo":"address","geo_precision":"Cross Street"}},{"type":"Feature","geometry":{"type":"Point","coordinates":[-95.41601,29.942677]},"properties":{"project":"EABPRJB2000126","name":"DATA CENTER BUILD-OUT","facility":"GREENSPOINT TECHNOLOGY CENTER","address":"12167 NORTH FWY","city":"Houston","county":"Harris","owner":"DIGITAL REALTY TRUST","owner_group":"Digital Realty","design_firm":"ARCH TECH DESIGN  LLC","sqft":null,"scope":"MODIFICATION TO EXISTING PARTITIONS, NEW DOORS, REMOVEFL, INSTALL RAMS , NEW OFFICE,BREAK RM PF175 RV445","funds":"This project is privately funded, on private land for private use.","cost":1900000.0,"work":"Renovation/Alteration","status":"Project Closed","registered":"2012-01-26","start":"2012-01-01","end":"2012-05-01","matched":"data center","url":"https://www.tdlr.texas.gov/TABS/Search/Project/EABPRJB2000126","geo":"address","geo_precision":"Point Address"}},{"type":"Feature","geometry":{"type":"Point","coordinates":[-98.456951,29.521633]},"properties":{"project":"EABPRJB2806151","name":"NEISD DATA CENTER HVAC RENOVATION","facility":"NEISD","address":"8961 TESORO DR. Suite 300","city":"San Antonio","county":"Bexar","owner":"NORTH EAST INDEPENDENT SCHOOL DISTRICT","owner_group":"North East Independent School District","design_firm":"MEP ENGINEERING INC.","sqft":null,"scope":"Replace existing A/C units, add diesel generator and separate server/power/printing areas with new walls.","funds":"This project involves public funds, public land, or is a Federally funded roadway project.","cost":1100000.0,"work":"Renovation/Alteration","status":"Project Closed","registered":"2012-01-11","start":"2012-01-01","end":"2012-06-01","matched":"data center","url":"https://www.tdlr.texas.gov/TABS/Search/Project/EABPRJB2806151","geo":"address","geo_precision":"Point Address"}},{"type":"Feature","geometry":{"type":"Point","coordinates":[-95.69173,29.787285]},"properties":{"project":"EABPRJB2805938","name":"DATA CENTER EXPANSION","facility":"TEXAS CHILDREN'S HOSPITAL WEST CAMPUS","address":"18200 KATY FREEWAY","city":"Houston","county":"Harris","owner":"TEXAS CHILDREN'S HOSPITAL","owner_group":"Texas Children'S Hospital","design_firm":"PAGESOUTHERLANDPAGE LLP","sqft":null,"scope":"Expand existing data center into existing shell space. The build-out does not introduce any new stairs or elevat","funds":"This project is privately funded, on private land for private use.","cost":2000000.0,"work":"Renovation/Alteration","status":"Project Closed","registered":"2012-01-06","start":"2012-02-01","end":"2012-07-18","matched":"data center","url":"https://www.tdlr.texas.gov/TABS/Search/Project/EABPRJB2805938","geo":"address","geo_precision":"Point Address"}},{"type":"Feature","geometry":{"type":"Point","coordinates":[-97.796667,29.947182]},"properties":{"project":"EABPRJB2804550","name":"HAYS SECONDARY DATA CENTER","facility":"HAYS SECONDARY DATA CENTER","address":"110 N CAMINO REAL","city":"Kyle","county":"Hays","owner":"CLAYCOMB ASSOCIATES","owner_group":"Claycomb Associates","design_firm":"CLAYCOMB ASSOCIATES ARCHITECTS","sqft":null,"scope":"new one story masonry/ metal roof and panel building.","funds":"This project involves public funds, public land, or is a Federally funded roadway project.","cost":2000000.0,"work":"New Construction","status":"Project Closed","registered":"2011-12-07","start":"2012-01-01","end":"2012-08-01","matched":"data center","url":"https://www.tdlr.texas.gov/TABS/Search/Project/EABPRJB2804550","geo":"address","geo_precision":"Point Address"}},{"type":"Feature","geometry":{"type":"Point","coordinates":[-96.809445,33.064996]},"properties":{"project":"EABPRJB2804376","name":"T5@DALLAS WHOLESALE DATA CENTER","facility":"T5@DALLAS WHOLESALE DATA CENTER","address":"6653 PINECREST DRIVE","city":"Plano","county":"Collin","owner":"T5 PARTNERS LLC","owner_group":"T5 Partners Llc","design_firm":"CORGAN ASSOCIATES","sqft":null,"scope":"Interior finish out of an existing 150,000 sf facility with the addition of a 30,000 sf exterior equipment yard","funds":"This project is privately funded, on private land for private use.","cost":24000000.0,"work":"Renovation/Alteration","status":"Project Closed","registered":"2011-12-02","start":"2011-12-01","end":"2012-06-01","matched":"data center","url":"https://www.tdlr.texas.gov/TABS/Search/Project/EABPRJB2804376","geo":"address","geo_precision":"Point Address"}},{"type":"Feature","geometry":{"type":"Point","coordinates":[-96.819411,32.800764]},"properties":{"project":"EABPRJB2803066","name":"COLOGIX DATA CENTER","facility":"DALLAS INFOMART","address":"1950 N. STEMMONS FREEWAY","city":"Dallas","county":"Dallas","owner":"DCI TECHNOLOGY SERVICES LLC","owner_group":"Dci Technology Services Llc","design_firm":"TECHNOLOGY MANAGEMENT INC.","sqft":null,"scope":"Build a new Data Center on the 2nd floor with new elevator access.","funds":"This project is privately funded, on private land for private use.","cost":4000000.0,"work":"Renovation/Alteration","status":"Project Closed","registered":"2011-11-04","start":"2011-11-01","end":"2012-06-01","matched":"data center","url":"https://www.tdlr.texas.gov/TABS/Search/Project/EABPRJB2803066","geo":"address","geo_precision":"Point Address"}},{"type":"Feature","geometry":{"type":"Point","coordinates":[-95.365684,29.75356]},"properties":{"project":"EABPRJB2802738","name":"EXXONMOBILE - DATA CENTER ELECTRICAL","facility":"1301 FANNIN","address":"1301 FANNIN STREET Level 13.5","city":"Houston","county":"Harris","owner":"UCM / GP 1301 FANNIN LP","owner_group":"Ucm / Gp 1301 Fannin Lp","design_firm":"PDR CORP","sqft":null,"scope":"Interior renovation for electrical capacity upgrades within an existing mechanical room","funds":"This project is privately funded, on private land for private use.","cost":4000000.0,"work":"Renovation/Alteration","status":"Project Closed","registered":"2011-10-28","start":"2011-11-01","end":"2012-05-01","matched":"data center","url":"https://www.tdlr.texas.gov/TABS/Search/Project/EABPRJB2802738","geo":"address","geo_precision":"Point Address"}},{"type":"Feature","geometry":{"type":"Point","coordinates":[-97.040183,32.831777]},"properties":{"project":"EABPRJB2801929","name":"SAVVIS DL2 DATA CENTER EXPANSION","facility":"DL DATA CENTER","address":"14901 FAA BLVD","city":"Fort Worth","county":"Tarrant","owner":"SAVVIS","owner_group":"Savvis","design_firm":"CORGAN ASSOCIATES","sqft":null,"scope":"Fit out of an existing shell space for a data center that will include a mezzanine, rooftop equipment, and servi","funds":"This project is privately funded, on private land for private use.","cost":8000000.0,"work":"Renovation/Alteration","status":"Project Closed","registered":"2011-10-12","start":"2011-10-01","end":"2012-05-01","matched":"data center","url":"https://www.tdlr.texas.gov/TABS/Search/Project/EABPRJB2801929","geo":"address","geo_precision":"Point Address"}},{"type":"Feature","geometry":{"type":"Point","coordinates":[-96.809979,33.068858]},"properties":{"project":"EABPRJB2800842","name":"SMU PLANO RECOVERY DATA CENTER","facility":"BUILDING 1","address":"5236 TENNYSON PARKWAY","city":"Plano","county":"Collin","owner":"SMU","owner_group":"Smu","design_firm":"PGAL","sqft":null,"scope":"Renovation of an existing building lease space and turning into a data center for the university.","funds":"This project is privately funded, on private land for private use.","cost":1500000.0,"work":"Renovation/Alteration","status":"Project Closed","registered":"2011-09-20","start":"2011-10-01","end":"2011-12-01","matched":"data center","url":"https://www.tdlr.texas.gov/TABS/Search/Project/EABPRJB2800842","geo":"address","geo_precision":"Point Address"}},{"type":"Feature","geometry":{"type":"Point","coordinates":[-98.494614,29.425171]},"properties":{"project":"EABPRJB2800102","name":"UTSA RESEARCH DATA CENTER PACKAGE","facility":"UTSA MULTIDISCIPLINARY STUDIES BUILDING","address":"ONE UTSA CIRCLE","city":"San Antonio","county":"Bexar","owner":"UTSA","owner_group":"Utsa","design_firm":"CHESNEY MORALES","sqft":null,"scope":"Remodel for research data center, new office area, renovations to existing toilet rooms, and new faculty instruc","funds":"This project involves public funds, public land, or is a Federally funded roadway project.","cost":2700000.0,"work":"Renovation/Alteration","status":"Project Closed","registered":"2011-09-02","start":"2011-10-01","end":"2012-07-01","matched":"data center","url":"https://www.tdlr.texas.gov/TABS/Search/Project/EABPRJB2800102","geo":"address","geo_precision":"Geography"}},{"type":"Feature","geometry":{"type":"Point","coordinates":[-96.687396,32.999965]},"properties":{"project":"EABPRJB1816627","name":"WTX MODULAR DATA CENTER","facility":"WTX MODULAR DATA CENTER","address":"3510 WYNDHAM LANE","city":"Richardson","county":"Dallas","owner":"BRACEBRIDGE CORPORATION C/O BOA","owner_group":"Bracebridge Corporation C/O Boa","design_firm":"INTEGRATED DESIGN GROUP INC.","sqft":null,"scope":"New Building and site improvements.","funds":"This project is privately funded, on private land for private use.","cost":17000000.0,"work":"New Construction","status":"Project Closed","registered":"2011-08-11","start":"2011-08-01","end":"2012-05-01","matched":"data center","url":"https://www.tdlr.texas.gov/TABS/Search/Project/EABPRJB1816627","geo":"address","geo_precision":"Point Address"}},{"type":"Feature","geometry":{"type":"Point","coordinates":[-96.849967,32.973012]},"properties":{"project":"EABPRJB1815931","name":"DOLAN CARROLLTON DATA CENTER RENOVATION","facility":"3000 KELLWAY","address":"3000 KELLWAY DR. Suite 110","city":"Carrollton","county":"Dallas","owner":"3000 KELLWAY DRIVE GENERAL PARTNER HOLDG","owner_group":"3000 Kellway Drive General Partner Holdg","design_firm":"JEK ARCHITECTS & ENGINEERS INC.","sqft":null,"scope":"Renovate existing interior for new Electrical Room for UPS system and modify existing Data center floor space","funds":"This project is privately funded, on private land for private use.","cost":1190000.0,"work":"Renovation/Alteration","status":"Project Closed","registered":"2011-07-28","start":"2011-07-01","end":"2012-09-01","matched":"data center","url":"https://www.tdlr.texas.gov/TABS/Search/Project/EABPRJB1815931","geo":"address","geo_precision":"Point Address"}},{"type":"Feature","geometry":{"type":"Point","coordinates":[-97.940509,29.885479]},"properties":{"project":"EABPRJB1815124","name":"PARKING GARAGE/DATA CENTER","facility":"PARKING GARAGE/DATA CENTER","address":"UNIVERSITY DR. AT N. LBJ ST.","city":"San Marcos","county":"Hays","owner":"TEXAS STATE UNIVERSITY-SAN MARCOS","owner_group":"Texas State University-San Marcos","design_firm":"MORRIS ARCHITECTS","sqft":null,"scope":"New parking garage to serve the new Performing Arts Center. A Data Center is located on the  first level of the","funds":"This project involves public funds, public land, or is a Federally funded roadway project.","cost":12300000.0,"work":"New Construction","status":"Project Closed","registered":"2011-07-13","start":"2011-09-01","end":"2012-11-01","matched":"data center","url":"https://www.tdlr.texas.gov/TABS/Search/Project/EABPRJB1815124","geo":"address","geo_precision":"Cross Street"}},{"type":"Feature","geometry":{"type":"Point","coordinates":[-97.252473,32.979607]},"properties":{"project":"EABPRJB1813437","name":"AIG DATA CENTER","facility":"AIG DATA CENTER","address":"13701 INDEPENDENCE PKWY","city":"Fort Worth","county":"Tarrant","owner":"AIG/CBRE","owner_group":"Aig/Cbre","design_firm":"GENSLER","sqft":null,"scope":"Interior remodel of data center, storage room and staging area.","funds":"This project is privately funded, on private land for private use.","cost":2150000.0,"work":"Renovation/Alteration","status":"Project Closed","registered":"2011-06-10","start":"2011-07-01","end":"2011-09-01","matched":"data center","url":"https://www.tdlr.texas.gov/TABS/Search/Project/EABPRJB1813437","geo":"address","geo_precision":"Point Address"}},{"type":"Feature","geometry":{"type":"Point","coordinates":[-96.829603,33.070939]},"properties":{"project":"EABPRJB1813378","name":"INFOSYS - PLANO DATA CENTER","facility":"TENNYSON OFFICE CENTER","address":"6100 TENNYSON PARKWAY Suite 200","city":"Plano","county":"Collin","owner":"ADLER REALTY INVESTMENTS INC.","owner_group":"Adler Realty Investments Inc.","design_firm":"ARCHITERIORS PLLC","sqft":null,"scope":"Interior demolition and construction Data Center and exterior construction of emergency generator/chiller equipm","funds":"This project is privately funded, on private land for private use.","cost":1000000.0,"work":"Renovation/Alteration","status":"Project Closed","registered":"2011-06-09","start":"2011-07-01","end":"2011-11-01","matched":"data center","url":"https://www.tdlr.texas.gov/TABS/Search/Project/EABPRJB1813378","geo":"address","geo_precision":"Point Address"}},{"type":"Feature","geometry":{"type":"Point","coordinates":[-98.689241,29.47186]},"properties":{"project":"EABPRJB1813135","name":"LOWE'S DATA CENTER EXPANSION","facility":"LOWE'S","address":"10045 ROGERS RUN","city":"San Antonio","county":"Bexar","owner":"LOWE'S","owner_group":"Lowe'S","design_firm":"RVK ARCHITECTS","sqft":null,"scope":"Expansion to the existing data center.","funds":"This project is privately funded, on private land for private use.","cost":25200000.0,"work":"Additions to Existing Building","status":"Project Closed","registered":"2011-06-06","start":"2011-07-01","end":"2012-05-01","matched":"data center","url":"https://www.tdlr.texas.gov/TABS/Search/Project/EABPRJB1813135","geo":"address","geo_precision":"Point Address"}},{"type":"Feature","geometry":{"type":"Point","coordinates":[-98.494614,29.425171]},"properties":{"project":"EABPRJB1813171","name":"UTSA MS BLDG RESEARCH DATA CENTER","facility":"UTSA MS BLDG","address":"ONE UTSA CIRCLE","city":"San Antonio","county":"Bexar","owner":"UTSA","owner_group":"Utsa","design_firm":"CHESNEY MORALES","sqft":null,"scope":"Renovation of computer lab to computer data center, approximately 3,100 sq.ft.","funds":"This project involves public funds, public land, or is a Federally funded roadway project.","cost":2500000.0,"work":"Renovation/Alteration","status":"Project Closed","registered":"2011-06-06","start":"2011-07-01","end":"2012-01-01","matched":"data center","url":"https://www.tdlr.texas.gov/TABS/Search/Project/EABPRJB1813171","geo":"address","geo_precision":"Geography"}},{"type":"Feature","geometry":{"type":"Point","coordinates":[-96.766822,32.912011]},"properties":{"project":"EABPRJB1812777","name":"DATA CENTER - SUITE 340","facility":"FPMC PHASE III MOB","address":"11970 N. CENTRAL EXPRESSWAY","city":"Dallas","county":"Dallas","owner":"BRIAN A. JARRETT","owner_group":"Brian A. Jarrett","design_firm":"ASCENSION GROUP ARCHITECTS","sqft":null,"scope":"Tenant finish out for a data center on the third floor of shell building","funds":"This project is privately funded, on private land for private use.","cost":339100.0,"work":"Renovation/Alteration","status":"Project Closed","registered":"2011-05-27","start":"2011-06-01","end":"2011-08-01","matched":"data center","url":"https://www.tdlr.texas.gov/TABS/Search/Project/EABPRJB1812777","geo":"address","geo_precision":"Point Address"}},{"type":"Feature","geometry":{"type":"Point","coordinates":[-97.741164,30.26866]},"properties":{"project":"EABPRJB1811088","name":"BBVA DATA CENTER AUSTIN","facility":"AUSTIN CENTRE","address":"704 BRAZOS, STE. 410","city":"Austin","county":"Travis","owner":"T. STACY & ASSOCIATES","owner_group":"T. Stacy & Associates","design_firm":"KIRKSEY","sqft":null,"scope":"Interior build out of office space","funds":"This project is privately funded, on private land for private use.","cost":70000.0,"work":"Renovation/Alteration","status":"Project Closed","registered":"2011-04-26","start":"2011-05-01","end":"2011-08-01","matched":"data center","url":"https://www.tdlr.texas.gov/TABS/Search/Project/EABPRJB1811088","geo":"address","geo_precision":"Address Range"}},{"type":"Feature","geometry":{"type":"Point","coordinates":[-99.743605,32.375095]},"properties":{"project":"EABPRJB1810490","name":"ARMC DATA CENTER EXPANSION","facility":"ABILENE REGIONAL MEDICAL CENTER","address":"6250 US HIGHWAY 83-84","city":"Abilene","county":"Taylor","owner":"ABILENE REGIONAL MEDICAL CENTER","owner_group":"Abilene Regional Medical Center","design_firm":"ASCENSION GROUP ARCHITECTS","sqft":null,"scope":"600 sf of IT/Data center expansion","funds":"This project is privately funded, on private land for private use.","cost":250000.0,"work":"Renovation/Alteration","status":"Project Closed","registered":"2011-04-14","start":"2011-05-01","end":"2011-08-01","matched":"data center","url":"https://www.tdlr.texas.gov/TABS/Search/Project/EABPRJB1810490","geo":"address","geo_precision":"Point Address"}},{"type":"Feature","geometry":{"type":"Point","coordinates":[-97.75006,30.457491]},"properties":{"project":"EABPRJB1809776","name":"POLYCOM DATA CENTER","facility":"BUILDING C","address":"7700 W. PARMER LANE Bldg C","city":"Austin","county":"Travis","owner":"SPEER STREET CAPITAL C/O CUSHMAN WAKEFIE","owner_group":"Speer Street Capital C/O Cushman Wakefie","design_firm":"STUDIO 8 ARCHITECTS","sqft":null,"scope":"4.1.6 Renovation Alteration for Data Center and new corridor, total work is 5,000 sf.","funds":"This project is privately funded, on private land for private use.","cost":250000.0,"work":"Renovation/Alteration","status":"Project Closed","registered":"2011-03-31","start":"2011-04-01","end":"2011-08-01","matched":"data center","url":"https://www.tdlr.texas.gov/TABS/Search/Project/EABPRJB1809776","geo":"address","geo_precision":"Point Address"}},{"type":"Feature","geometry":{"type":"Point","coordinates":[-96.7734,32.786885]},"properties":{"project":"EABPRJB1808214","name":"BUMC-DATA CENTER IMPROVEMENTS","facility":"BUMC MAIN STREET ANNEX","address":"125 N. WASHINGTON","city":"Dallas","county":"Dallas","owner":"BAYLOR HEALTHCARE SYSTEM; JEFF COKER","owner_group":"Baylor Healthcare System; Jeff Coker","design_firm":"HDR ARCHITECTURE INC.","sqft":null,"scope":"Renovate existing Data Center.","funds":"This project is privately funded, on private land for private use.","cost":150000.0,"work":"Renovation/Alteration","status":"Project Closed","registered":"2011-03-04","start":"2011-04-01","end":"2012-07-09","matched":"data center","url":"https://www.tdlr.texas.gov/TABS/Search/Project/EABPRJB1808214","geo":"address","geo_precision":"Address Range"}},{"type":"Feature","geometry":{"type":"Point","coordinates":[-97.335033,32.755226]},"properties":{"project":"EABPRJB1807838","name":"MHMRTC DATA CENTER FINISH-OUT","facility":"TARRANT COUNTY PLAZA","address":"200 TAYLOR ST SECOND FLOOR","city":"Fort Worth","county":"Tarrant","owner":"TARRANT COUNTY","owner_group":"Tarrant County","design_firm":"JACOBS ENGINEERING GROUP","sqft":null,"scope":"RENOVATION OF 2,950 SF OF EXISTING SPACE TO PREPARE FORUSE AS DATA PROCESSING EQUIPMENT SUITE.","funds":"This project involves public funds, public land, or is a Federally funded roadway project.","cost":250000.0,"work":"Renovation/Alteration","status":"Project Closed","registered":"2011-02-24","start":"2011-04-01","end":"2011-09-01","matched":"data center","url":"https://www.tdlr.texas.gov/TABS/Search/Project/EABPRJB1807838","geo":"address","geo_precision":"Point Address"}},{"type":"Feature","geometry":{"type":"Point","coordinates":[-95.502426,29.751261]},"properties":{"project":"EABPRJB1807706","name":"PATRIOT BANK DATA CENTER BUILD OUT","facility":"PATRIOT BANK DATA CENTER","address":"7500 SAN FELIPE Suite 345","city":"Houston","county":"Harris","owner":"SAN VOSS PROPERTIES LP","owner_group":"San Voss Properties Lp","design_firm":"EVOLVE CONSULTING GROUP","sqft":null,"scope":"build out of existing 600 sf to become a data center","funds":"This project is privately funded, on private land for private use.","cost":239677.0,"work":"Renovation/Alteration","status":"Project Closed","registered":"2011-02-22","start":"2011-02-01","end":"2011-04-01","matched":"data center","url":"https://www.tdlr.texas.gov/TABS/Search/Project/EABPRJB1807706","geo":"address","geo_precision":"Point Address"}},{"type":"Feature","geometry":{"type":"Point","coordinates":[-95.417306,29.942515]},"properties":{"project":"EABPRJB1806826","name":"N. FREEWAY DATA CENTER","facility":"DIGITAL REALTY TRUST","address":"12031 N. FREEWAY","city":"Houston","county":"Harris","owner":"DIGITAL REALTY TRUST","owner_group":"Digital Realty","design_firm":"M. ARTHUR GENSLER","sqft":null,"scope":"Renovation of a former call center space into a data center.","funds":"This project is privately funded, on private land for private use.","cost":10000000.0,"work":"Renovation/Alteration","status":"Project Closed","registered":"2011-02-03","start":"2011-02-01","end":"2011-06-01","matched":"data center","url":"https://www.tdlr.texas.gov/TABS/Search/Project/EABPRJB1806826","geo":"address","geo_precision":"Point Address"}},{"type":"Feature","geometry":{"type":"Point","coordinates":[-98.380687,29.545741]},"properties":{"project":"EABPRJB1806350","name":"GTECH BACK UP DATA CENTER","facility":"CROSSWINDS","address":"11827 TECH COM RD. Bldg D, Ste 210","city":"San Antonio","county":"Bexar","owner":"WEINGARTEN REALTY","owner_group":"Weingarten Realty","design_firm":"KAMPFE DE STIJL","sqft":null,"scope":"4.1.6 Renovation Alteration of existing lease space","funds":"This project is privately funded, on private land for private use.","cost":700000.0,"work":"Renovation/Alteration","status":"Project Closed","registered":"2011-01-24","start":"2011-01-01","end":"2011-08-01","matched":"data center","url":"https://www.tdlr.texas.gov/TABS/Search/Project/EABPRJB1806350","geo":"address","geo_precision":"Point Address"}},{"type":"Feature","geometry":{"type":"Point","coordinates":[-97.400233,32.686665]},"properties":{"project":"EABPRJB1805256","name":"HCA FT WORTH RENOVATION-DATA CENTER","facility":"HCA FT WORTH DATA CENTER","address":"4160 INTERNATIONAL PLAZA","city":"Fort Worth","county":"Tarrant","owner":"HOLT LUNSFORD","owner_group":"Holt Lunsford","design_firm":"PME/PHILL MUDD ENGINEERING LLC","sqft":null,"scope":"Renovation and installation of new equipment for data center","funds":"This project is privately funded, on private land for private use.","cost":5000000.0,"work":"Renovation/Alteration","status":"Project Closed","registered":"2010-12-23","start":"2011-01-01","end":"2011-05-01","matched":"data center","url":"https://www.tdlr.texas.gov/TABS/Search/Project/EABPRJB1805256","geo":"address","geo_precision":"Address Range"}},{"type":"Feature","geometry":{"type":"Point","coordinates":[-96.873992,32.827262]},"properties":{"project":"EABPRJB1802973","name":"TELX FIRST FLOOR DATA CENTER","facility":"8435 STEMMONS","address":"8435 NORTH STEMMONS FREEWAY","city":"Dallas","county":"Dallas","owner":"TELX","owner_group":"Telx","design_firm":"CORGAN","sqft":null,"scope":"renovation of approximately 5,700 square feet of existing data floor space on first floor.","funds":"This project is privately funded, on private land for private use.","cost":1100000.0,"work":"Renovation/Alteration","status":"Project Closed","registered":"2010-11-03","start":"2010-11-01","end":"2011-03-01","matched":"data center","url":"https://www.tdlr.texas.gov/TABS/Search/Project/EABPRJB1802973","geo":"address","geo_precision":"Point Address"}},{"type":"Feature","geometry":{"type":"Point","coordinates":[-97.133385,31.554977]},"properties":{"project":"EABPRJB1802285","name":"WACO DATA CENTER","facility":"WACO DATA CENTER","address":"700 AUSTIN AVE","city":"Waco","county":"McLennan","owner":"PKCV WACO DATA PARTNERS LLC","owner_group":"Pkcv Waco Data Partners Llc","design_firm":"LAMSON & CONDON INC","sqft":null,"scope":"ist Floor renovations","funds":"This project is privately funded, on private land for private use.","cost":150000.0,"work":"Renovation/Alteration","status":"Project Closed","registered":"2010-10-20","start":"2010-11-01","end":"2011-01-01","matched":"data center","url":"https://www.tdlr.texas.gov/TABS/Search/Project/EABPRJB1802285","geo":"address","geo_precision":"Point Address"}},{"type":"Feature","geometry":{"type":"Point","coordinates":[-95.338674,29.736202]},"properties":{"project":"EABPRJB1801377","name":"4200 LEELAND DATA CENTER MODIFICATIONS","facility":"COH PUBLIC WORKS AND ENGINEERING BLDG","address":"4200 LEELAND STREET","city":"Houston","county":"Harris","owner":"COH PUBLIC WORKS AND ENGINEERING","owner_group":"Coh Public Works And Engineering","design_firm":"BRAVE/ARCHITECTURE","sqft":null,"scope":"The scope of work consists of the removal and addition of partitions, replacement of raised flooring and ceiling","funds":"This project involves public funds, public land, or is a Federally funded roadway project.","cost":200000.0,"work":"Renovation/Alteration","status":"Project Closed","registered":"2010-09-30","start":"2010-11-01","end":"2011-06-30","matched":"data center","url":"https://www.tdlr.texas.gov/TABS/Search/Project/EABPRJB1801377","geo":"address","geo_precision":"Point Address"}},{"type":"Feature","geometry":{"type":"Point","coordinates":[-95.540597,29.62155]},"properties":{"project":"EABPRJB0815770","name":"LANDMARK DATA CENTER","facility":"GLOBAL GEOPHYSICAL","address":"13927 S GESSNER","city":"Missouri City","county":"Fort Bend","owner":"GLOBAL GEOPHYSICAL","owner_group":"Global Geophysical","design_firm":"HOK","sqft":null,"scope":"Installation of Data Center and assoicated HVAC and electrical infrastructure","funds":"This project is privately funded, on private land for private use.","cost":620000.0,"work":"Renovation/Alteration","status":"Project Closed","registered":"2010-08-25","start":"2010-09-01","end":"2010-11-01","matched":"data center","url":"https://www.tdlr.texas.gov/TABS/Search/Project/EABPRJB0815770","geo":"address","geo_precision":"Point Address"}},{"type":"Feature","geometry":{"type":"Point","coordinates":[-96.680107,33.089679]},"properties":{"project":"EABPRJB0813156","name":"MICRON DATA CENTER","facility":"MICRON DATA CENTER","address":"805 CENTRAL EXPRESSWAY Suite 118","city":"Allen","county":"Collin","owner":"WERELDHAVE MANAGEMENT USA","owner_group":"Wereldhave Management Usa","design_firm":"STEPHENS MARKS ARCHITECTS","sqft":null,"scope":"2,000 square foot data center of tenant space","funds":"This project is privately funded, on private land for private use.","cost":100000.0,"work":"Renovation/Alteration","status":"Project Closed","registered":"2010-06-29","start":"2010-06-01","end":"2010-09-01","matched":"data center","url":"https://www.tdlr.texas.gov/TABS/Search/Project/EABPRJB0813156","geo":"address","geo_precision":"Point Address"}},{"type":"Feature","geometry":{"type":"Point","coordinates":[-98.653178,29.440829]},"properties":{"project":"EABPRJB0811484","name":"NISD RICHLAND HILLS DATA CENTER","facility":"607 RICHLAND HILLS DRIVE","address":"607 RICHLAND HILLS DR.","city":"San Antonio","county":"Bexar","owner":"NORTHSIDE INDEPENDENT SCHOOL DISTRICT","owner_group":"Northside Independent School District","design_firm":"ENERGY SYSTEMS ASSOCIATES","sqft":null,"scope":"Renovation of existing approximate 2600 SF Data Center to increase system redundancy and reliability. Single Dat","funds":"This project involves public funds, public land, or is a Federally funded roadway project.","cost":1215000.0,"work":"Renovation/Alteration","status":"Project Closed","registered":"2010-05-24","start":"2010-07-01","end":"2011-01-01","matched":"data center","url":"https://www.tdlr.texas.gov/TABS/Search/Project/EABPRJB0811484","geo":"address","geo_precision":"Point Address"}},{"type":"Feature","geometry":{"type":"Point","coordinates":[-96.796828,32.873458]},"properties":{"project":"EABPRJB0811418","name":"UTSW DATA CENTER","facility":"BASS CENTER","address":"6333 FORREST PARK LANE","city":"Dallas","county":"Dallas","owner":"UT SOUTHWESTERN","owner_group":"Ut Southwestern","design_firm":"CORGAN ASSOCIATES","sqft":null,"scope":"Renovation of existing data center","funds":"This project is privately funded, on private land for private use.","cost":10000000.0,"work":"Renovation/Alteration","status":"Project Closed","registered":"2010-05-21","start":"2010-04-01","end":"2010-09-01","matched":"data center","url":"https://www.tdlr.texas.gov/TABS/Search/Project/EABPRJB0811418","geo":"address","geo_precision":"Address Range"}},{"type":"Feature","geometry":{"type":"Point","coordinates":[-95.578569,29.993362]},"properties":{"project":"EABPRJB0810703","name":"LONE STAR COLLEGE DATA CENTER","facility":"CCA-11","address":"20515 SH 249","city":"Houston","county":"Harris","owner":"LONE STAR COLLEGE SYSTEM","owner_group":"Lone Star College System","design_firm":"EVOLVE CONSULTING GROUP","sqft":null,"scope":"Install new infrastructure equipment for new campus datacenter.","funds":"This project is privately funded, on private land for private use.","cost":500000.0,"work":"Renovation/Alteration","status":"Project Closed","registered":"2010-05-07","start":"2010-05-01","end":"2010-09-01","matched":"data center","url":"https://www.tdlr.texas.gov/TABS/Search/Project/EABPRJB0810703","geo":"address","geo_precision":"Point Address"}},{"type":"Feature","geometry":{"type":"Point","coordinates":[-96.965436,32.893973]},"properties":{"project":"EABPRJB0809253","name":"NOKIA SIEMENS NETWORKS DATA CENTER 1W","facility":"NOKIA SIEMENS NETWORKS","address":"6000 CONNECTION DRIVE","city":"Irving","county":"Dallas","owner":"DIVIDEND CAPITAL TOTAL REALTY TRUST","owner_group":"Dividend Capital Total Realty Trust","design_firm":"GENSLER","sqft":null,"scope":"Work includes renovation to tenants lease space on floor1 W, data center and associated office space.","funds":"This project is privately funded, on private land for private use.","cost":400000.0,"work":"Renovation/Alteration","status":"Project Closed","registered":"2010-04-07","start":"2010-06-01","end":"2010-08-01","matched":"data center","url":"https://www.tdlr.texas.gov/TABS/Search/Project/EABPRJB0809253","geo":"address","geo_precision":"Point Address"}},{"type":"Feature","geometry":{"type":"Point","coordinates":[-97.800375,30.34716]},"properties":{"project":"EABPRJB0808970","name":"FARM CRECIT BANK DATA CENTER RENOVATION","facility":"FARM CREDIT BANK","address":"4801 PLAZA ON THE LAKE DR","city":"Austin","county":"Travis","owner":"FARM CREDIT BANK OF TEXAS","owner_group":"Farm Credit Bank Of Texas","design_firm":"FATTER & EVANS ARCHITECTS","sqft":null,"scope":"partition wall and door addition to existing data room on 2nd floor of existing office building","funds":"This project is privately funded, on private land for private use.","cost":210000.0,"work":"Renovation/Alteration","status":"Project Closed","registered":"2010-03-31","start":"2010-04-01","end":"2010-08-01","matched":"data center","url":"https://www.tdlr.texas.gov/TABS/Search/Project/EABPRJB0808970","geo":"address","geo_precision":"Point Address"}},{"type":"Feature","geometry":{"type":"Point","coordinates":[-97.695008,30.21498]},"properties":{"project":"EABPRJB0808880","name":"DATA CENTER EXPANSION","facility":"METCENTER 8","address":"7401-1 EAST BEN WHITE BLVD","city":"Austin","county":"Travis","owner":"TRANSWESTERN","owner_group":"Transwestern","design_firm":"GENSLER","sqft":null,"scope":"Renovation of existing data center space.","funds":"This project is privately funded, on private land for private use.","cost":6599355.0,"work":"Renovation/Alteration","status":"Project Closed","registered":"2010-03-29","start":"2010-04-01","end":"2010-09-01","matched":"data center","url":"https://www.tdlr.texas.gov/TABS/Search/Project/EABPRJB0808880","geo":"address","geo_precision":"Point Address"}},{"type":"Feature","geometry":{"type":"Point","coordinates":[-95.553104,29.906012]},"properties":{"project":"EABPRJB0808661","name":"ENTERPRISE PRODUCTS PARTNERS-DATA CENTER","facility":"WEST POINTE CENTER","address":"9420 WEST SAM HOUSTON PKWY N","city":"Houston","county":"Harris","owner":"ROB JOHNSON","owner_group":"Rob Johnson","design_firm":"ZIEGLER COOPER ARCHITECTS","sqft":null,"scope":"New Interior Construction to Existing Tilt-Wall Construction.","funds":"This project is privately funded, on private land for private use.","cost":1206000.0,"work":"New Construction","status":"Project Closed","registered":"2010-03-24","start":"2010-05-01","end":"2010-12-01","matched":"data center","url":"https://www.tdlr.texas.gov/TABS/Search/Project/EABPRJB0808661","geo":"address","geo_precision":"Point Address"}},{"type":"Feature","geometry":{"type":"Point","coordinates":[-97.128701,32.59409]},"properties":{"project":"EABPRJB0808669","name":"MANSFIELD ISD DATA CENTER RENOVATIONS","facility":"DATA CENTER","address":"1522 NORTH WALNUT CREEK","city":"Mansfield","county":"Tarrant","owner":"MANSFIELD ISD","owner_group":"Mansfield Isd","design_firm":"HUCKABEE & ASSOCIATES INC.","sqft":null,"scope":"Data center renovations.","funds":"This project involves public funds, public land, or is a Federally funded roadway project.","cost":320000.0,"work":"Renovation/Alteration","status":"Project Closed","registered":"2010-03-24","start":"2010-05-01","end":"2011-03-31","matched":"data center","url":"https://www.tdlr.texas.gov/TABS/Search/Project/EABPRJB0808669","geo":"address","geo_precision":"Point Address"}},{"type":"Feature","geometry":{"type":"Point","coordinates":[-96.770719,32.923015]},"properties":{"project":"EABPRJB0808569","name":"UNITRIN SHADOW DATA CENTER","facility":"TOWERS AT PARK CENTRAL","address":"12790 MERIT DRIVE SUITE 101","city":"Dallas","county":"Dallas","owner":"PARMENTER REALTY PARTNERS","owner_group":"Parmenter Realty Partners","design_firm":"STAFFELBACH INC.","sqft":null,"scope":"INTERIOR FINISHOUT OF DATA CENTER AND SUPPORTING OFFICE.","funds":"This project is privately funded, on private land for private use.","cost":2000000.0,"work":"Renovation/Alteration","status":"Project Closed","registered":"2010-03-23","start":"2010-04-01","end":"2010-07-01","matched":"data center","url":"https://www.tdlr.texas.gov/TABS/Search/Project/EABPRJB0808569","geo":"address","geo_precision":"Point Address"}},{"type":"Feature","geometry":{"type":"Point","coordinates":[-97.718806,30.214166]},"properties":{"project":"EABPRJB0807292","name":"ADVANCED MICRO DEVICES/DATA CENTER B3","facility":"ADVANCED MICRO DEVICES/DATA CENTER B3","address":"5900 E BEN WHIE BLVD, BLDG B-3","city":"Austin","county":"Travis","owner":"ADVANCED MICRO DEVICES","owner_group":"Advanced Micro Devices","design_firm":"AO3 INC","sqft":null,"scope":"Renovation of existing space","funds":"This project is privately funded, on private land for private use.","cost":280000.0,"work":"Renovation/Alteration","status":"Project Closed","registered":"2010-02-23","start":"2010-02-01","end":"2010-06-01","matched":"data center","url":"https://www.tdlr.texas.gov/TABS/Search/Project/EABPRJB0807292","geo":"address","geo_precision":"Point Address"}},{"type":"Feature","geometry":{"type":"Point","coordinates":[-98.491025,29.429592]},"properties":{"project":"EABPRJB0806106","name":"GSA TIMPO DATA CENTER","facility":"BANK OF AMERICAN PLAZA","address":"300 CONVENT","city":"San Antonio","county":"Bexar","owner":"TALCOTT II ALAMO LIMITED PARTNERSHIP","owner_group":"Talcott Ii Alamo Limited Partnership","design_firm":"CARSON DESIGN ASSOCIATES","sqft":null,"scope":"renovation of 3rd floor existing office space into a computer server room and 1st floor garage level existing dr","funds":"This project is privately funded, on private land for private use.","cost":5000000.0,"work":"Renovation/Alteration","status":"Project Closed","registered":"2010-01-26","start":"2010-02-01","end":"2010-06-01","matched":"data center","url":"https://www.tdlr.texas.gov/TABS/Search/Project/EABPRJB0806106","geo":"address","geo_precision":"Point Address"}},{"type":"Feature","geometry":{"type":"Point","coordinates":[-96.853458,32.979968]},"properties":{"project":"EABPRJB0806043","name":"DLR MARSH LANE DATA CENTER-SUITE 120 GEN","facility":"DLR MARSH LANE DATA CENTER","address":"2440 MARSH LANE","city":"Carrollton","county":"Dallas","owner":"DIGITAL REALTY TRUST","owner_group":"Digital Realty","design_firm":"CORGAN ASSOCIATES INC.","sqft":null,"scope":"This project will add an additional redundant generatorto an operational data center.  This includes a foundati","funds":"This project is privately funded, on private land for private use.","cost":100000.0,"work":"Renovation/Alteration","status":"Project Closed","registered":"2010-01-25","start":"2010-01-01","end":"2010-04-01","matched":"data center","url":"https://www.tdlr.texas.gov/TABS/Search/Project/EABPRJB0806043","geo":"address","geo_precision":"Point Address"}},{"type":"Feature","geometry":{"type":"Point","coordinates":[-96.645521,32.774026]},"properties":{"project":"EABPRJB0805725","name":"HCL DATA CENTER RENOVATION","facility":"HCL DATA CENTER","address":"2947 EXECUTIVE BLVD.","city":"Mesquite","county":"Dallas","owner":"EFH CG HOLDINGS COMPANY LP","owner_group":"Efh Cg Holdings Company Lp","design_firm":"CORFT & ASSOCIATES PC","sqft":null,"scope":"Renovation of approximately 6000 SF of existing office space and conversion to computer room space.  Creation of","funds":"This project is privately funded, on private land for private use.","cost":350000.0,"work":"Renovation/Alteration","status":"Project Closed","registered":"2010-01-18","start":"2010-01-01","end":"2010-04-01","matched":"data center","url":"https://www.tdlr.texas.gov/TABS/Search/Project/EABPRJB0805725","geo":"address","geo_precision":"Point Address"}},{"type":"Feature","geometry":{"type":"Point","coordinates":[-97.299032,32.828929]},"properties":{"project":"EABPRJB0805296","name":"SAXON MORTGAGE DATA CENTER RENOVATION","facility":"MERCANTILE CENTER","address":"4718 MERCANTILE DRIVE","city":"Fort Worth","county":"Tarrant","owner":"MERCANTILE PARTNERS LP.","owner_group":"Mercantile Partners Lp.","design_firm":"FACILITY SUPPORT INC.","sqft":null,"scope":"MISC. PARTITION MDFCTNS,RELOCATE EXSTNG A/C, REWORK PWRDISTRIBUTION IN DATA CENTER.          RV250 IN350","funds":"This project is privately funded, on private land for private use.","cost":164000.0,"work":"Renovation/Alteration","status":"Project Closed","registered":"2010-01-12","start":"2010-02-01","end":"2010-08-01","matched":"data center","url":"https://www.tdlr.texas.gov/TABS/Search/Project/EABPRJB0805296","geo":"address","geo_precision":"Point Address"}},{"type":"Feature","geometry":{"type":"Point","coordinates":[-98.689702,29.471584]},"properties":{"project":"EABPRJB0804905","name":"LOWES DATA CENTER 10K EXPANSION","facility":"LOWES DATA CENTER","address":"3822 ROGERS RUN","city":"San Antonio","county":"Bexar","owner":"LOWE'S HOME CENTERS INC","owner_group":"Lowe'S Home Centers Inc","design_firm":"CARSON DESIGN ASSOCIATES","sqft":null,"scope":"Interior Finish-out in a new shell building.","funds":"This project is privately funded, on private land for private use.","cost":200000.0,"work":"Renovation/Alteration","status":"Project Closed","registered":"2009-12-22","start":"2010-01-01","end":"2010-04-01","matched":"data center","url":"https://www.tdlr.texas.gov/TABS/Search/Project/EABPRJB0804905","geo":"address","geo_precision":"Street"}},{"type":"Feature","geometry":{"type":"Point","coordinates":[-96.662385,33.136199]},"properties":{"project":"EABPRJB0802199","name":"CISCO SYSTEMS DATA CENTER","facility":"CISCO SYSTEMS DATA CENTER","address":"2260 CHELSEA BLVD.","city":"Allen","county":"Collin","owner":"CISCO SYSTEMS INC.","owner_group":"Cisco Systems Inc.","design_firm":"CORGAN ASSCOCIATES","sqft":null,"scope":"New construction of 162,000 sf data center.","funds":"This project is privately funded, on private land for private use.","cost":85000000.0,"work":"New Construction","status":"Project Closed","registered":"2009-10-21","start":"2009-10-01","end":"2010-08-01","matched":"data center","url":"https://www.tdlr.texas.gov/TABS/Search/Project/EABPRJB0802199","geo":"address","geo_precision":"Point Address"}},{"type":"Feature","geometry":{"type":"Point","coordinates":[-96.718655,33.020636]},"properties":{"project":"EABPRJB0800328","name":"DART SECONDARY DATA CENTER","facility":"PITTMAN ATRIUM TOWER","address":"1255 W.15TH STREET Suite 570","city":"Plano","county":"Collin","owner":"NORTH CENTRAL TOWER LP","owner_group":"North Central Tower Lp","design_firm":"CHR SOLUTIONS INC.","sqft":null,"scope":"Finish out existing data center into a smaller computerroom for use as a secndary data center.","funds":"This project is privately funded, on private land for private use.","cost":150000.0,"work":"Renovation/Alteration","status":"Project Closed","registered":"2009-09-09","start":"2009-09-01","end":"2010-01-01","matched":"data center","url":"https://www.tdlr.texas.gov/TABS/Search/Project/EABPRJB0800328","geo":"address","geo_precision":"Point Address"}},{"type":"Feature","geometry":{"type":"Point","coordinates":[-96.857905,32.809602]},"properties":{"project":"EABPRJA9816386","name":"DALLAS DATA CENTER EXPANSION","facility":"DALLAS DATA CENTER","address":"2993 IRVING BLVD. BUILDING B-3","city":"Dallas","county":"Dallas","owner":"EXXONMOBIL","owner_group":"Exxonmobil","design_firm":"PLANNING DESIGN RESEARCH CORPORATION","sqft":null,"scope":"Data Hall expansion within an existing building(approx.11,500sf)","funds":"This project is privately funded, on private land for private use.","cost":9500000.0,"work":"Renovation/Alteration","status":"Project Closed","registered":"2009-08-17","start":"2009-09-01","end":"2010-03-01","matched":"data center","url":"https://www.tdlr.texas.gov/TABS/Search/Project/EABPRJA9816386","geo":"address","geo_precision":"Point Address"}},{"type":"Feature","geometry":{"type":"Point","coordinates":[-96.798199,32.778137]},"properties":{"project":"EABPRJA9816262","name":"DATABANK - FIRST FLOOR DATA CENTER","facility":"DATABANK","address":"400 S AKARD ST","city":"Dallas","county":"Dallas","owner":"DALLAS EXCHANGE","owner_group":"Dallas Exchange","design_firm":"GOOD FULTON & FARRELL ARCHITECTS","sqft":null,"scope":"Interior finish out for a data center.","funds":"This project is privately funded, on private land for private use.","cost":100000.0,"work":"Renovation/Alteration","status":"Project Closed","registered":"2009-08-13","start":"2009-08-01","end":"2010-03-01","matched":"data center","url":"https://www.tdlr.texas.gov/TABS/Search/Project/EABPRJA9816262","geo":"address","geo_precision":"Point Address"}},{"type":"Feature","geometry":{"type":"Point","coordinates":[-95.545381,29.874458]},"properties":{"project":"EABPRJA9815580","name":"TW TELECOM DATA CENTER","facility":"EMPIRE CENTRAL BUILDING","address":"7060 EMPIRE CENTRAL","city":"Houston","county":"Harris","owner":"TW TELECOM","owner_group":"Tw Telecom","design_firm":"EVOLVE CONSULTING GROUP","sqft":null,"scope":"3,000 sf data center build out; 1,000 sf training room;MISC. RECEPTION, SECURITY AND OFFICE AREAS RV380","funds":"This project is privately funded, on private land for private use.","cost":1000000.0,"work":"Renovation/Alteration","status":"Project Closed","registered":"2009-07-29","start":"2009-08-01","end":"2010-02-01","matched":"data center","url":"https://www.tdlr.texas.gov/TABS/Search/Project/EABPRJA9815580","geo":"address","geo_precision":"Point Address"}},{"type":"Feature","geometry":{"type":"Point","coordinates":[-96.739917,33.006633]},"properties":{"project":"EABPRJA9814652","name":"DATA CENTER, PHASE II","facility":"BUILDING 'K'","address":"2300 W. PLANO PARKWAY","city":"Plano","county":"Collin","owner":"PEROT SYSTEMS","owner_group":"Perot Systems","design_firm":"PARSONS CORP.","sqft":null,"scope":"16,485sf addition of raised floor area to existing 2nd floor data center and build out associated mechanical, el","funds":"This project is privately funded, on private land for private use.","cost":22000000.0,"work":"Renovation/Alteration","status":"Project Closed","registered":"2009-07-07","start":"2009-08-01","end":"2010-01-01","matched":"data center","url":"https://www.tdlr.texas.gov/TABS/Search/Project/EABPRJA9814652","geo":"address","geo_precision":"Point Address"}},{"type":"Feature","geometry":{"type":"Point","coordinates":[-95.365684,29.75356]},"properties":{"project":"EABPRJA9814534","name":"EXXONMOBIL HOUSTON DATA CENTER EXPANSION","facility":"1301 FANNIN BUILDING","address":"1301 FANNIN SUITE 725","city":"Houston","county":"Harris","owner":"UCM/GP 1301 FANNIN L.P.","owner_group":"Ucm/Gp 1301 Fannin L.P.","design_firm":"PLANNIN DESIGN RESEARCH CORP","sqft":null,"scope":"tennant leasehold fitout for data and MEP equipment spaces.  No restrooms or building core are part of this proj","funds":"This project is privately funded, on private land for private use.","cost":5000000.0,"work":"Renovation/Alteration","status":"Project Closed","registered":"2009-07-06","start":"2009-07-01","end":"2010-01-01","matched":"data center","url":"https://www.tdlr.texas.gov/TABS/Search/Project/EABPRJA9814534","geo":"address","geo_precision":"Point Address"}},{"type":"Feature","geometry":{"type":"Point","coordinates":[-96.846841,33.021925]},"properties":{"project":"EABPRJA9814318","name":"REALPAGE DATA CENTER","facility":"4120 INTERNATIONAL PARKWAY","address":"4120 INTERNATIONAL PARKWAY 1st floor, Data Center","city":"Carrollton","county":"Dallas","owner":"BILLINGSLEY","owner_group":"Billingsley","design_firm":"ERIN STONE","sqft":null,"scope":"Remodel of Data Center","funds":"This project is privately funded, on private land for private use.","cost":104000.0,"work":"Renovation/Alteration","status":"Project Closed","registered":"2009-06-26","start":"2009-06-01","end":"2009-09-01","matched":"data center","url":"https://www.tdlr.texas.gov/TABS/Search/Project/EABPRJA9814318","geo":"address","geo_precision":"Point Address"}},{"type":"Feature","geometry":{"type":"Point","coordinates":[-96.767862,32.849283]},"properties":{"project":"EABPRJA9813954","name":"ATMOS DATA CENTER","facility":"ATMOS DATA CENTER","address":"4500 GREENVILLE AVE.","city":"Dallas","county":"Dallas","owner":"ATMOS ENERGY","owner_group":"Atmos Energy","design_firm":"CORGAN ASSOCIATES","sqft":null,"scope":"Renovation of existing data facility.","funds":"This project is privately funded, on private land for private use.","cost":7515802.0,"work":"Renovation/Alteration","status":"Project Closed","registered":"2009-06-18","start":"2009-06-01","end":"2009-12-01","matched":"data center","url":"https://www.tdlr.texas.gov/TABS/Search/Project/EABPRJA9813954","geo":"address","geo_precision":"Point Address"}},{"type":"Feature","geometry":{"type":"Point","coordinates":[-97.133385,31.554977]},"properties":{"project":"EABPRJA9812035","name":"WACO DATA CENTER","facility":"WACO DATA CENTER","address":"700 AUSTIN AVE","city":"Waco","county":"McLennan","owner":"FARSITE PROPERTIES","owner_group":"Farsite Properties","design_firm":"PAUL KITE COMPANY","sqft":null,"scope":"General office renovation","funds":"This project is privately funded, on private land for private use.","cost":750000.0,"work":"Renovation/Alteration","status":"Inspection Complete","registered":"2009-05-08","start":"2009-05-01","end":"2009-12-01","matched":"data center","url":"https://www.tdlr.texas.gov/TABS/Search/Project/EABPRJA9812035","geo":"address","geo_precision":"Point Address"}},{"type":"Feature","geometry":{"type":"Point","coordinates":[-96.853458,32.979968]},"properties":{"project":"EABPRJA9811432","name":"DLR MARSH LANE DATA CENTER STE. 140","facility":"DLR MARSH LANE DATA CENTER","address":"2440 MARSH LANE","city":"Carrollton","county":"Dallas","owner":"DIGITAL REALTY TRUST","owner_group":"Digital Realty","design_firm":"CORGAN ASSOCIATES","sqft":null,"scope":"Renovation of shell building space to date center.","funds":"This project is privately funded, on private land for private use.","cost":5000000.0,"work":"Renovation/Alteration","status":"Project Closed","registered":"2009-04-27","start":"2009-05-01","end":"2009-11-01","matched":"data center","url":"https://www.tdlr.texas.gov/TABS/Search/Project/EABPRJA9811432","geo":"address","geo_precision":"Point Address"}},{"type":"Feature","geometry":{"type":"Point","coordinates":[-97.726113,30.282772]},"properties":{"project":"EABPRJA9808867","name":"U. OF TEXAS DATA CENTER @ CRB","facility":"CENTRAL RECEIVING BUILDING AT U. TEXAS","address":"2200 COMAL STREET","city":"Austin","county":"Travis","owner":"UNIVERSITY OF TEXAS AT AUSTIN","owner_group":"University Of Texas At Austin","design_firm":"PAGE SOUTHERLAND PAGE","sqft":null,"scope":"Partial renovation of exisiting warehouse.VAR175  VAR175","funds":"This project is privately funded, on private land for private use.","cost":23000000.0,"work":"Renovation/Alteration","status":"Project Closed","registered":"2009-02-27","start":"2009-07-01","end":"2010-04-01","matched":"data center","url":"https://www.tdlr.texas.gov/TABS/Search/Project/EABPRJA9808867","geo":"address","geo_precision":"Point Address"}},{"type":"Feature","geometry":{"type":"Point","coordinates":[-98.68199,29.471795]},"properties":{"project":"EABPRJA9807587","name":"CAPITAL GROUP - DATA CENTER EXPANSION","facility":"CAPITAL GROUP - DATA CENTER EXPANSION","address":"3500 WISEMAN BLVD.","city":"San Antonio","county":"Bexar","owner":"CAPITAL GROUP COMPANIES INC., THE","owner_group":"Capital Group Companies Inc., The","design_firm":"REHLER VAUGHN & KOONE INC.","sqft":null,"scope":"Expansion of Data Center and Office Remodel","funds":"This project is privately funded, on private land for private use.","cost":4600000.0,"work":"Renovation/Alteration","status":"Project Closed","registered":"2009-02-02","start":"2009-04-01","end":"2011-12-31","matched":"data center","url":"https://www.tdlr.texas.gov/TABS/Search/Project/EABPRJA9807587","geo":"address","geo_precision":"Point Address"}},{"type":"Feature","geometry":{"type":"Point","coordinates":[-96.853458,32.979968]},"properties":{"project":"EABPRJA9806998","name":"CISCO DRT DATA CENTER","facility":"DLR SUITE 130","address":"2440 MARSH LANE","city":"Carrollton","county":"Dallas","owner":"DIGITAL REALTY TRUST","owner_group":"Digital Realty","design_firm":"CORGAN ASSOCIATES","sqft":null,"scope":"Renovation of non-accessible data equipment room and work room.","funds":"This project is privately funded, on private land for private use.","cost":145000.0,"work":"Renovation/Alteration","status":"Project Closed","registered":"2009-01-19","start":"2009-02-01","end":"2009-05-01","matched":"data center","url":"https://www.tdlr.texas.gov/TABS/Search/Project/EABPRJA9806998","geo":"address","geo_precision":"Point Address"}},{"type":"Feature","geometry":{"type":"Point","coordinates":[-96.853458,32.979968]},"properties":{"project":"EABPRJA9805942","name":"TDA CARROLLTON DATA CENTER OFFICES","facility":"DLR","address":"2440 MARSH LANE","city":"Carrollton","county":"Dallas","owner":"DIGITAL REALTY TRUST","owner_group":"Digital Realty","design_firm":"MPI ARCHITECTS","sqft":null,"scope":"Renovation to exist office and support spaces for the data center.","funds":"This project is privately funded, on private land for private use.","cost":120000.0,"work":"Renovation/Alteration","status":"Project Closed","registered":"2008-12-19","start":"2009-01-01","end":"2009-04-01","matched":"data center","url":"https://www.tdlr.texas.gov/TABS/Search/Project/EABPRJA9805942","geo":"address","geo_precision":"Point Address"}},{"type":"Feature","geometry":{"type":"Point","coordinates":[-96.840512,33.073357]},"properties":{"project":"EABPRJA9804907","name":"DATA CENTER INTERIOR RENOVATION","facility":"COMPUTING CENTER","address":"7701 LEGACY DRIVE","city":"Plano","county":"Collin","owner":"PEPSICO","owner_group":"Pepsico","design_firm":"NELSON","sqft":null,"scope":"Interior renovation.BI/ VAR175","funds":"This project is privately funded, on private land for private use.","cost":450000.0,"work":"Renovation/Alteration","status":"Project Closed","registered":"2008-12-01","start":"2008-12-01","end":"2009-04-01","matched":"data center","url":"https://www.tdlr.texas.gov/TABS/Search/Project/EABPRJA9804907","geo":"address","geo_precision":"Point Address"}},{"type":"Feature","geometry":{"type":"Point","coordinates":[-97.041883,32.88076]},"properties":{"project":"EABPRJA9804671","name":"A NEW DATA CENTER FOR DFW AIRPORT","facility":"VERIZON CENTRAL OFFICE","address":"2740 SOUTH SERVICE ROAD","city":"Dfw Airport","county":"Dallas","owner":"VERIZON TELECOMMUNICATIONS","owner_group":"Verizon","design_firm":"WTA INC. CONSULTING ENGINEERS","sqft":null,"scope":"Construct new Data Center on 3rd floor of existing telecommunications facility; including new standby generator","funds":"This project is privately funded, on private land for private use.","cost":8600000.0,"work":"Renovation/Alteration","status":"Project Closed","registered":"2008-11-24","start":"2009-01-01","end":"2009-08-01","matched":"data center","url":"https://www.tdlr.texas.gov/TABS/Search/Project/EABPRJA9804671","geo":"address","geo_precision":"Street"}},{"type":"Feature","geometry":{"type":"Point","coordinates":[-96.853458,32.979968]},"properties":{"project":"EABPRJA9804301","name":"DLR MARSH LANE DATA CENTER STE. 110","facility":"DLR MARSH LANE DATA CENTER","address":"2440 MARSH LANE","city":"Carrollton","county":"Dallas","owner":"DIGITAL REALTY TRUST","owner_group":"Digital Realty","design_firm":"CORGAN ASSOCIATES","sqft":null,"scope":"renovation of shell building space to data center.","funds":"This project is privately funded, on private land for private use.","cost":5000000.0,"work":"Renovation/Alteration","status":"Project Closed","registered":"2008-11-17","start":"2008-12-01","end":"2009-04-01","matched":"data center","url":"https://www.tdlr.texas.gov/TABS/Search/Project/EABPRJA9804301","geo":"address","geo_precision":"Point Address"}},{"type":"Feature","geometry":{"type":"Point","coordinates":[-96.819411,32.800764]},"properties":{"project":"EABPRJA9803739","name":"CBEYOND DATA CENTER EXPANSION","facility":"INFORMART","address":"1950 STEMMONS FREEWAY Suite 3010","city":"Dallas","county":"Dallas","owner":"DCI TECH INFOMART L.P.","owner_group":"Dci Tech Infomart L.P.","design_firm":"WADDILL GROUP","sqft":null,"scope":"Renovation to an existing space within an existing building.","funds":"This project is privately funded, on private land for private use.","cost":2000000.0,"work":"Renovation/Alteration","status":"Project Closed","registered":"2008-11-05","start":"2008-11-01","end":"2009-02-01","matched":"data center","url":"https://www.tdlr.texas.gov/TABS/Search/Project/EABPRJA9803739","geo":"address","geo_precision":"Point Address"}},{"type":"Feature","geometry":{"type":"Point","coordinates":[-98.56954,29.518712]},"properties":{"project":"EABPRJA9803328","name":"CAPITAL GROUP - DATA CENTER","facility":"HIGHPOINT TOWERS","address":"8415 DATAPOINT, STE B-400","city":"San Antonio","county":"Bexar","owner":"HIGHPOINT TOWERS LLC","owner_group":"Highpoint Towers Llc","design_firm":"REHLER VAUGHN & KOONE INC.","sqft":null,"scope":"Interior Finish out for Data Center","funds":"This project involves public funds, public land, or is a Federally funded roadway project.","cost":150000.0,"work":"Renovation/Alteration","status":"Project Closed","registered":"2008-10-28","start":"2008-11-01","end":"2009-01-01","matched":"data center","url":"https://www.tdlr.texas.gov/TABS/Search/Project/EABPRJA9803328","geo":"address","geo_precision":"Point Address"}},{"type":"Feature","geometry":{"type":"Point","coordinates":[-98.456533,29.520031]},"properties":{"project":"EABPRJA9803234","name":"IBC TESORO DATA CENTER REMODEL","facility":"IBC","address":"8770 TESORO DR","city":"San Antonio","county":"Bexar","owner":"IBC","owner_group":"Ibc","design_firm":"WKMC ARCHITECTS INC","sqft":null,"scope":"Interior Remodel","funds":"This project is privately funded, on private land for private use.","cost":275000.0,"work":"Renovation/Alteration","status":"Project Closed","registered":"2008-10-27","start":"2008-11-01","end":"2009-07-01","matched":"data center","url":"https://www.tdlr.texas.gov/TABS/Search/Project/EABPRJA9803234","geo":"address","geo_precision":"Point Address"}},{"type":"Feature","geometry":{"type":"Point","coordinates":[-96.853458,32.979968]},"properties":{"project":"EABPRJA9802806","name":"DLR MARSH LANE DATA CENTER STE. 120","facility":"DLR MARSH LANE DATA CENTER","address":"2440 MARSH LANE","city":"Carrollton","county":"Dallas","owner":"DIGITAL REALTY TRUST","owner_group":"Digital Realty","design_firm":"CORGAN ASSOCIATES","sqft":null,"scope":"Renovation of shell building space to a data center.","funds":"This project is privately funded, on private land for private use.","cost":5000000.0,"work":"Renovation/Alteration","status":"Project Closed","registered":"2008-10-20","start":"2008-10-01","end":"2009-01-01","matched":"data center","url":"https://www.tdlr.texas.gov/TABS/Search/Project/EABPRJA9802806","geo":"address","geo_precision":"Point Address"}},{"type":"Feature","geometry":{"type":"Point","coordinates":[-96.844581,33.021644]},"properties":{"project":"EABPRJA9800080","name":"DATA CENTER FINISH OUT - SUITE 220","facility":"MIDWAY DATA CENTER","address":"4025 MIDWAY ROAD","city":"Carrollton","county":"Dallas","owner":"DIGITAL REALTY TRUST","owner_group":"Digital Realty","design_firm":"GOOD FULTON & FARRELL ARCHITECTS","sqft":null,"scope":"Finish out of a second floor lease space for use as a data center.  Interior work only.","funds":"This project is privately funded, on private land for private use.","cost":300000.0,"work":"Renovation/Alteration","status":"Project Closed","registered":"2008-09-03","start":"2008-10-01","end":"2009-05-01","matched":"data center","url":"https://www.tdlr.texas.gov/TABS/Search/Project/EABPRJA9800080","geo":"address","geo_precision":"Point Address"}},{"type":"Feature","geometry":{"type":"Point","coordinates":[-97.259558,32.988591]},"properties":{"project":"TABS2025018748","name":"QTS FTW1 DC1 Expansion Data Hall Build Out","facility":"QTS FTW1 DC1","address":"14100 Park Vista Blvd","city":"Fort Worth","county":"Tarrant","owner":"Quality Technology Services, LLC","owner_group":"QTS","design_firm":null,"sqft":168770,"scope":"Data hall build out of an existing data center","funds":"This project is privately funded, on private land for private use.","cost":42000000.0,"work":"Renovation/Alteration","status":"Project Registered","registered":"2025-05-12","start":"2025-07-01","end":"2026-10-01","matched":"data hall","url":"https://www.tdlr.texas.gov/TABS/Search/Project/TABS2025018748","geo":"address","geo_precision":"Point Address"}},{"type":"Feature","geometry":{"type":"Point","coordinates":[-98.705265,29.44841]},"properties":{"project":"TABS2025003451","name":"SAT 23 Data Hall 5 Fit Out","facility":"SAT B1","address":"11203 MILITARY DR. W SAN ANTONIO, TEXAS","city":"San Antonio","county":"Bexar","owner":"Stream Data Centers","owner_group":"Stream Data Centers","design_firm":"Corgan","sqft":24000,"scope":"24,000 SF tenant fit-out of data hall space.","funds":"This project is privately funded, on private land for private use.","cost":10000000.0,"work":"Renovation/Alteration","status":"Review Complete","registered":"2024-10-17","start":"2024-11-01","end":"2025-12-01","matched":"data hall","url":"https://www.tdlr.texas.gov/TABS/Search/Project/TABS2025003451","geo":"address","geo_precision":"Address Range"}},{"type":"Feature","geometry":{"type":"Point","coordinates":[-98.705265,29.44841]},"properties":{"project":"TABS2025001231","name":"SAT 23 Data Hall 4 Fit Out","facility":"SAT B1","address":"11203 MILITARY DR. W SAN ANTONIO, TEXAS","city":"San Antonio","county":"Bexar","owner":"Stream Data Centers","owner_group":"Stream Data Centers","design_firm":"Corgan","sqft":24000,"scope":"24,000 SF tenant fit-out of data hall space.","funds":"This project is privately funded, on private land for private use.","cost":10000000.0,"work":"Renovation/Alteration","status":"Review Complete","registered":"2024-09-18","start":"2024-11-01","end":"2025-12-01","matched":"data hall","url":"https://www.tdlr.texas.gov/TABS/Search/Project/TABS2025001231","geo":"address","geo_precision":"Address Range"}},{"type":"Feature","geometry":{"type":"Point","coordinates":[-98.705265,29.44841]},"properties":{"project":"TABS2025001225","name":"SAT 23 Data Hall 3 Fit Out","facility":"SAT B1","address":"11203 MILITARY DR. W SAN ANTONIO, TEXAS","city":"San Antonio","county":"Bexar","owner":"Stream Data Centers","owner_group":"Stream Data Centers","design_firm":"Corgan","sqft":24000,"scope":"24,000 SF tenant fit-out of data hall space.","funds":"This project is privately funded, on private land for private use.","cost":10000000.0,"work":"Renovation/Alteration","status":"Review Complete","registered":"2024-09-18","start":"2024-11-01","end":"2025-12-01","matched":"data hall","url":"https://www.tdlr.texas.gov/TABS/Search/Project/TABS2025001225","geo":"address","geo_precision":"Address Range"}},{"type":"Feature","geometry":{"type":"Point","coordinates":[-98.705265,29.44841]},"properties":{"project":"TABS2024024100","name":"SAT 23 Data Hall 2 Fit Out","facility":"SAT B1","address":"11203 MILITARY DR. W SAN ANTONIO, TEXAS","city":"San Antonio","county":"Bexar","owner":"Stream Data Centers","owner_group":"Stream Data Centers","design_firm":"Corgan","sqft":24000,"scope":"24,000 SF tenant fit-out of data hall space.","funds":"This project is privately funded, on private land for private use.","cost":10000000.0,"work":"Renovation/Alteration","status":"Review Complete","registered":"2024-07-29","start":"2024-11-01","end":"2025-12-01","matched":"data hall","url":"https://www.tdlr.texas.gov/TABS/Search/Project/TABS2024024100","geo":"address","geo_precision":"Address Range"}},{"type":"Feature","geometry":{"type":"Point","coordinates":[-98.705265,29.44841]},"properties":{"project":"TABS2024023923","name":"SAT 23 Data Hall 1 Fit Out","facility":"SAT B1","address":"11203 MILITARY DR. W SAN ANTONIO, TEXAS","city":"San Antonio","county":"Bexar","owner":"SDC SA III LP","owner_group":"Sdc Sa Iii Lp","design_firm":"Corgan","sqft":24000,"scope":"24,000 SF tenant fit-out of data hall space.","funds":"This project is privately funded, on private land for private use.","cost":10000000.0,"work":"Renovation/Alteration","status":"Review Complete","registered":"2024-07-25","start":"2024-11-01","end":"2025-12-01","matched":"data hall","url":"https://www.tdlr.texas.gov/TABS/Search/Project/TABS2024023923","geo":"address","geo_precision":"Address Range"}},{"type":"Feature","geometry":{"type":"Point","coordinates":[-96.815613,33.08728]},"properties":{"project":"TABS2023025500","name":"DataBank Data Hall 5","facility":"DataBank","address":"8375 Dominion Parkway","city":"Plano","county":"Collin","owner":"DataBank","owner_group":"DataBank","design_firm":"Alliance Architects","sqft":23800,"scope":"Finishout of data hall whitespace.","funds":"This project is privately funded, on private land for private use.","cost":250000.0,"work":"New Construction","status":"Project Closed","registered":"2023-08-09","start":"2023-09-29","end":"2023-12-29","matched":"data hall","url":"https://www.tdlr.texas.gov/TABS/Search/Project/TABS2023025500","geo":"address","geo_precision":"Point Address"}},{"type":"Feature","geometry":{"type":"Point","coordinates":[-97.156854,32.972055]},"properties":{"project":"TABS2022014205","name":"Southlake Data Hall Campus","facility":"VzW Mew Building","address":"500 W. Dove Road","city":"Southlake","county":"Tarrant","owner":"Verizon","owner_group":"Verizon","design_firm":"HKS","sqft":97500,"scope":"New construction of first phase of Data Hall masterplan including  (2) Data Halls and 1 Operations building, loading dock and equipment yards. Project will consist of single story tilt-wall construction. Typical Hall size is 36,500 each.","funds":"This project is privately funded, on private land for private use.","cost":187675500.0,"work":"New Construction","status":"Project Closed","registered":"2022-03-16","start":"2022-04-04","end":"2023-11-30","matched":"data hall","url":"https://www.tdlr.texas.gov/TABS/Search/Project/TABS2022014205","geo":"address","geo_precision":"Point Address"}},{"type":"Feature","geometry":{"type":"Point","coordinates":[-97.700668,30.207107]},"properties":{"project":"TABS2022009611","name":"CyrusOne Austin Met III Data Hall 4","facility":"CyrusOne Austin Met III","address":"7100 Metropolis Dr","city":"Austin","county":"Travis","owner":"CyrusOne LLC","owner_group":"CyrusOne","design_firm":"Corgan Associates","sqft":50000,"scope":"Upfit of existing shell into a new data hall with associated mechanical and electrical equipment","funds":"This project is privately funded, on private land for private use.","cost":12000000.0,"work":"Renovation/Alteration","status":"Project Closed","registered":"2022-01-19","start":"2022-04-01","end":"2022-09-01","matched":"data hall","url":"https://www.tdlr.texas.gov/TABS/Search/Project/TABS2022009611","geo":"address","geo_precision":"Point Address"}},{"type":"Feature","geometry":{"type":"Point","coordinates":[-96.870715,32.911569]},"properties":{"project":"TABS2022003742","name":"TMobile Dallas Data Hall 0500 Expansion","facility":"Digital Realty","address":"11830 Webb Chapel","city":"Dallas","county":"Dallas","owner":"TMobile","owner_group":"Tmobile","design_firm":"HKS, Inc","sqft":32085,"scope":"reconstruction of and addition to a portion of an existing","funds":"This project is privately funded, on private land for private use.","cost":14070000.0,"work":"New Construction","status":"Review Complete","registered":"2021-10-22","start":"2021-12-01","end":"2023-03-01","matched":"data hall","url":"https://www.tdlr.texas.gov/TABS/Search/Project/TABS2022003742","geo":"address","geo_precision":"Point Address"}},{"type":"Feature","geometry":{"type":"Point","coordinates":[-95.560353,29.844061]},"properties":{"project":"TABS2022002911","name":"CyrusOne Houston West 3 Data Hall Fitout-Project durden","facility":"CyrusOne Houston West 3","address":"11003 Corporate Centre Dr","city":"Houston","county":"Houston","owner":"CyrusOne","owner_group":"CyrusOne","design_firm":"Corgan Associates","sqft":200000,"scope":"Data Hall and Electrical room fit out of existing shell space.  New equipment service yard and equipment installation.","funds":"This project is privately funded, on private land for private use.","cost":45000000.0,"work":"Additions to Existing Building","status":"Review Complete","registered":"2021-10-12","start":"2021-12-15","end":"2022-06-15","matched":"data hall","url":"https://www.tdlr.texas.gov/TABS/Search/Project/TABS2022002911","geo":"address","geo_precision":"Point Address"}},{"type":"Feature","geometry":{"type":"Point","coordinates":[-96.815613,33.08728]},"properties":{"project":"TABS2020022232","name":"Databank DFW 3 Data Hall #3","facility":"Databank DFW","address":"8375 Dominion Parkway","city":"Plano","county":"Collin","owner":"Danny Allen","owner_group":"Danny Allen","design_firm":null,"sqft":16000,"scope":"Finish out on Data Hall #3.","funds":"This project is privately funded, on private land for private use.","cost":3000000.0,"work":"Renovation/Alteration","status":"Project Closed","registered":"2020-08-14","start":"2020-09-01","end":"2021-01-08","matched":"data hall","url":"https://www.tdlr.texas.gov/TABS/Search/Project/TABS2020022232","geo":"address","geo_precision":"Point Address"}},{"type":"Feature","geometry":{"type":"Point","coordinates":[-96.809445,33.064996]},"properties":{"project":"TABS2019001272","name":"Data Hall 7","facility":"T5@Dallas","address":"6653 Pinecrest Dr","city":"Plano","county":"Collin","owner":"394 Pacific DCD, LLC (Rick Waddle)","owner_group":"394 Pacific Dcd, Llc (Rick Waddle)","design_firm":"Corgan Associates","sqft":12500,"scope":"Population of equipment and infrastructure needed to support the equipment including cable tray and raised access flooring support","funds":"This project is privately funded, on private land for private use.","cost":3900000.0,"work":"Renovation/Alteration","status":"Review Complete","registered":"2018-12-19","start":"2019-01-01","end":"2019-03-31","matched":"data hall","url":"https://www.tdlr.texas.gov/TABS/Search/Project/TABS2019001272","geo":"address","geo_precision":"Point Address"}},{"type":"Feature","geometry":{"type":"Point","coordinates":[-96.983142,32.897028]},"properties":{"project":"EABPRJB7817442","name":"QTS DFW DC2 DATA HALL 2.2","facility":"QTS DFW BUILDINGS 2","address":"6431 LONGHORN DRIVE","city":"Irving","county":"Dallas","owner":"QUALITY INVESTMENT PROPERTIES IRVING LLC","owner_group":"QTS","design_firm":"CORGAN ASSOCIATES","sqft":null,"scope":"Renovation to existing building 2 area, level 1","funds":"This project is privately funded, on private land for private use.","cost":16000000.0,"work":"Renovation/Alteration","status":"Project Closed","registered":"2017-05-18","start":"2017-07-01","end":"2018-03-01","matched":"data hall","url":"https://www.tdlr.texas.gov/TABS/Search/Project/EABPRJB7817442","geo":"address","geo_precision":"Point Address"}},{"type":"Feature","geometry":{"type":"Point","coordinates":[-96.931525,32.992145]},"properties":{"project":"EABPRJB7807434","name":"CYRUSONE CARROLLTON DATA HALL 2/3","facility":"CYRUSONE CARROLLTON","address":"1649 W. FRANKFORD ROAD","city":"Carrollton","county":"Dallas","owner":"CYRUSONE","owner_group":"CyrusOne","design_firm":"CORGAN ASSOCIATES","sqft":null,"scope":"PARTIAL ALTERATION/ RENOVATION AND BUILD OUT OF DATA HALLS 2 AND 3 IN EXISTING ONE STORY WAREHOUSE/ DATA HALL BU","funds":"This project is privately funded, on private land for private use.","cost":40000000.0,"work":"Renovation/Alteration","status":"Project Closed","registered":"2016-12-23","start":"2017-02-01","end":"2017-07-01","matched":"data hall","url":"https://www.tdlr.texas.gov/TABS/Search/Project/EABPRJB7807434","geo":"address","geo_precision":"Point Address"}},{"type":"Feature","geometry":{"type":"Point","coordinates":[-96.931525,32.992145]},"properties":{"project":"EABPRJB6809878","name":"CYRUSONE CARROLLTON DATA HALL 1.A","facility":"CYRUSONE CARROLLTON","address":"1649 W FRANKFORD ROAD","city":"Carrollton","county":"Dallas","owner":"CYRUSONE","owner_group":"CyrusOne","design_firm":"CORGAN ASSOCIATES","sqft":null,"scope":"Partial alteration/renovation to the existing one-storywarehouse","funds":"This project is privately funded, on private land for private use.","cost":2000000.0,"work":"Renovation/Alteration","status":"Project Closed","registered":"2016-02-11","start":"2016-02-01","end":"2016-04-01","matched":"data hall","url":"https://www.tdlr.texas.gov/TABS/Search/Project/EABPRJB6809878","geo":"address","geo_precision":"Point Address"}},{"type":"Feature","geometry":{"type":"Point","coordinates":[-96.997983,33.001922]},"properties":{"project":"EABPRJB6808340","name":"CYRUSONE LEWISVILLE DATA HALL 10","facility":"CYRUSONE LEWISVILLE","address":"2501 S STATE HWY 121","city":"Lewisville","county":"Denton","owner":"CYRUSONE","owner_group":"CyrusOne","design_firm":"CORGAN ASSOCIATES","sqft":null,"scope":"Interior Renovation that will convert existing storage space into Data Hall","funds":"This project is privately funded, on private land for private use.","cost":50000.0,"work":"Renovation/Alteration","status":"Project Closed","registered":"2016-01-19","start":"2016-01-01","end":"2016-04-01","matched":"data hall","url":"https://www.tdlr.texas.gov/TABS/Search/Project/EABPRJB6808340","geo":"address","geo_precision":"Point Address"}},{"type":"Feature","geometry":{"type":"Point","coordinates":[-96.931525,32.992145]},"properties":{"project":"EABPRJB6802088","name":"CYRUSONE CARROLLTON DATA HALL 4","facility":"CYRUSONE CARROLLTON","address":"1649 W FRANKFORD ROAD","city":"Carrollton","county":"Denton","owner":"CYRUSONE","owner_group":"CyrusOne","design_firm":"CORGAN ASSOCIATES","sqft":null,"scope":"Partial Alteration/Renovation to the existing one-storywarehouse","funds":"This project is privately funded, on private land for private use.","cost":9000000.0,"work":"Renovation/Alteration","status":"Project Closed","registered":"2015-10-05","start":"2015-10-01","end":"2016-03-01","matched":"data hall","url":"https://www.tdlr.texas.gov/TABS/Search/Project/EABPRJB6802088","geo":"address","geo_precision":"Point Address"}},{"type":"Feature","geometry":{"type":"Point","coordinates":[-95.755096,29.807977]},"properties":{"project":"EABPRJB5815612","name":"SKYBOX - DATA HALL 3","facility":"SKYBOX","address":"22000 FRANZ ROAD","city":"Katy","county":"Harris","owner":"BANDERA VENTURES","owner_group":"Bandera Ventures","design_firm":"CORGAN ASSOCIATES","sqft":null,"scope":"19K including data hall, corridors and back of house rooms within existing 80K SF tilt-up concrete shell buildin","funds":"This project is privately funded, on private land for private use.","cost":3011541.0,"work":"Renovation/Alteration","status":"Project Closed","registered":"2015-05-11","start":"2015-05-01","end":"2015-09-01","matched":"data hall","url":"https://www.tdlr.texas.gov/TABS/Search/Project/EABPRJB5815612","geo":"address","geo_precision":"Point Address"}},{"type":"Feature","geometry":{"type":"Point","coordinates":[-96.931525,32.992145]},"properties":{"project":"EABPRJB5803414","name":"CYRUSONE CARROLLTON DATA HALL 5","facility":"CYRUSONE CARROLLTON","address":"1649 W FRANKFORD ROAD","city":"Carrollton","county":"Dallas","owner":"CYRUSONE","owner_group":"CyrusOne","design_firm":"CORGAN ASSOCIATES","sqft":null,"scope":"Partial Alteration/Renovation to the existing One-StoryWarehouse","funds":"This project is privately funded, on private land for private use.","cost":9000000.0,"work":"Renovation/Alteration","status":"Project Closed","registered":"2014-10-23","start":"2014-10-01","end":"2015-06-30","matched":"data hall","url":"https://www.tdlr.texas.gov/TABS/Search/Project/EABPRJB5803414","geo":"address","geo_precision":"Point Address"}},{"type":"Feature","geometry":{"type":"Point","coordinates":[-95.417306,29.942515]},"properties":{"project":"EABPRJB2805797","name":"DIGITAL REALTY TRUST DATA HALL EXPANSION","facility":"DIGITAL REALTY TRUST","address":"12031 N. FREEWAY","city":"Houston","county":"Harris","owner":"DIGITAL REALTY TRUST","owner_group":"Digital Realty","design_firm":"M. ARTHUR GENSLER","sqft":null,"scope":"Renovation of a former call center space into data center spaces.","funds":"This project is privately funded, on private land for private use.","cost":9140000.0,"work":"Renovation/Alteration","status":"Project Closed","registered":"2012-01-04","start":"2012-01-01","end":"2012-07-01","matched":"data hall","url":"https://www.tdlr.texas.gov/TABS/Search/Project/EABPRJB2805797","geo":"address","geo_precision":"Point Address"}},{"type":"Feature","geometry":{"type":"Point","coordinates":[-96.997983,33.001922]},"properties":{"project":"EABPRJB1809118","name":"DATA HALL 9, BUILDING 7","facility":"CYRUSONE LEWISVILLE BUILDING 7","address":"2501 SOUTH STATE HIGHWAY 121","city":"Lewisville","county":"Denton","owner":"DIGITAL LEWISVILLE LLC","owner_group":"Digital Lewisville Llc","design_firm":"DUANE BRADSHAW ARCHITECTS INC.","sqft":null,"scope":"Interior Remodeling of an existing office area into a new data warehouse space","funds":"This project is privately funded, on private land for private use.","cost":150000.0,"work":"Renovation/Alteration","status":"Project Closed","registered":"2011-03-22","start":"2011-04-01","end":"2011-05-01","matched":"data hall","url":"https://www.tdlr.texas.gov/TABS/Search/Project/EABPRJB1809118","geo":"address","geo_precision":"Point Address"}},{"type":"Feature","geometry":{"type":"Point","coordinates":[-97.695008,30.21498]},"properties":{"project":"EABPRJB1807930","name":"CYRUSONE AUSTIN - DATA HALL EXPANSION","facility":"MET CENTER 8 - BUILDING 2","address":"7401-2 EAST BEN WHITE BLVD.","city":"Austin","county":"Travis","owner":"NNN MET CENTER 7-9 LP","owner_group":"Nnn Met Center 7-9 Lp","design_firm":"DUANE BRADSHAW ARCHITECTS INC.","sqft":null,"scope":"Enlarging the Data Hall and remodeling two office areas","funds":"This project is privately funded, on private land for private use.","cost":150000.0,"work":"Renovation/Alteration","status":"Project Closed","registered":"2011-02-26","start":"2011-04-01","end":"2011-06-01","matched":"data hall","url":"https://www.tdlr.texas.gov/TABS/Search/Project/EABPRJB1807930","geo":"address","geo_precision":"Point Address"}},{"type":"Feature","geometry":{"type":"Point","coordinates":[-95.555184,29.844215]},"properties":{"project":"EABPRJB1805123","name":"CYRUSONE BELTWAY 8 DATA HALL 4","facility":"CYRUSONE","address":"5150 WESTWAY PARK BLVD.","city":"Houston","county":"Harris","owner":"CYRUSONE","owner_group":"CyrusOne","design_firm":"DUANE BRADSHAW ARCHITECTS INC","sqft":null,"scope":"A new build out in an existing building","funds":"This project is privately funded, on private land for private use.","cost":900000.0,"work":"Additions to Existing Building","status":"Project Closed","registered":"2010-12-21","start":"2011-01-01","end":"2011-03-01","matched":"data hall","url":"https://www.tdlr.texas.gov/TABS/Search/Project/EABPRJB1805123","geo":"address","geo_precision":"Point Address"}},{"type":"Feature","geometry":{"type":"Point","coordinates":[-95.555184,29.844215]},"properties":{"project":"EABPRJB0815111","name":"CYRUSONE BELTWAY 8 DATA HALL 5","facility":"CYRUSONE","address":"5150 WESTWAY PARK BLVD. Suite 203","city":"Houston","county":"Harris","owner":"CYRUSONE","owner_group":"CyrusOne","design_firm":"DUANE BRADSHAW ARCHITECTS INC.","sqft":null,"scope":"A new Data Hall (5) inside a shell building.","funds":"This project is privately funded, on private land for private use.","cost":700000.0,"work":"Additions to Existing Building","status":"Project Closed","registered":"2010-08-12","start":"2010-08-01","end":"2010-12-01","matched":"data hall","url":"https://www.tdlr.texas.gov/TABS/Search/Project/EABPRJB0815111","geo":"address","geo_precision":"Point Address"}},{"type":"Feature","geometry":{"type":"Point","coordinates":[-95.555184,29.844215]},"properties":{"project":"EABPRJB0807419","name":"CYRUSONE BELTWAY 8 DATA HALL 3","facility":"CYRUSONE","address":"5150 WESTWAY PARK BLVD.","city":"Houston","county":"Harris","owner":"CYRUSONE","owner_group":"CyrusOne","design_firm":"DUANE BRADSHAW ARCHITECTS INC.","sqft":null,"scope":"First Time Buildout of a Shell Building, Second Level, Data Hall 3","funds":"This project is privately funded, on private land for private use.","cost":700000.0,"work":"Additions to Existing Building","status":"Project Closed","registered":"2010-02-25","start":"2010-03-01","end":"2010-05-01","matched":"data hall","url":"https://www.tdlr.texas.gov/TABS/Search/Project/EABPRJB0807419","geo":"address","geo_precision":"Point Address"}},{"type":"Feature","geometry":{"type":"Point","coordinates":[-96.997983,33.001922]},"properties":{"project":"EABPRJA9815283","name":"CYRUS ONE DATA HALL 4","facility":"CONVERGENCE","address":"2501 S. STATE HWY 121","city":"Lewisville","county":"Dallas","owner":"CYRUS ONE","owner_group":"Cyrus One","design_firm":null,"sqft":null,"scope":"Data Hall build","funds":"This project is privately funded, on private land for private use.","cost":550000.0,"work":"Renovation/Alteration","status":"Project Closed","registered":"2009-07-21","start":"2009-07-01","end":"2009-10-01","matched":"data hall","url":"https://www.tdlr.texas.gov/TABS/Search/Project/EABPRJA9815283","geo":"address","geo_precision":"Point Address"}},{"type":"Feature","geometry":{"type":"Point","coordinates":[-96.997983,33.001922]},"properties":{"project":"EABPRJA9814970","name":"CYRUSONE LEWISVILLE DATA HALL 4","facility":"CONVERGENCE OFFICE CENTER","address":"2501 SOUTH STATE HIGHWAY 121 Building 5","city":"Lewisville","county":"Denton","owner":"BREOF CONVERGENCE LP","owner_group":"Breof Convergence Lp","design_firm":"DUANE BRADSHAW ARCHITECTS INC.","sqft":null,"scope":"Interior Buildout of a Data Hall Warehouse in a previousoffice space","funds":"This project is privately funded, on private land for private use.","cost":200000.0,"work":"Renovation/Alteration","status":"Project Closed","registered":"2009-07-14","start":"2009-07-01","end":"2009-09-01","matched":"data hall","url":"https://www.tdlr.texas.gov/TABS/Search/Project/EABPRJA9814970","geo":"address","geo_precision":"Point Address"}},{"type":"Feature","geometry":{"type":"Point","coordinates":[-95.44492,29.728176]},"properties":{"project":"EABPRJA9814971","name":"CYRUSONE HOUSTON DATA HALL 7","facility":"CYRUSONE HOUSTON","address":"4201 SOUTHWEST FREEWAY","city":"Houston","county":"Harris","owner":"CYRUSONE","owner_group":"CyrusOne","design_firm":"DUANE BRADSHAW ARCHITECTS INC.","sqft":null,"scope":"A new Data Hall created out of an office space in 4201 Southwest Freeway.","funds":"This project is privately funded, on private land for private use.","cost":200000.0,"work":"Renovation/Alteration","status":"Project Closed","registered":"2009-07-14","start":"2009-07-01","end":"2009-08-01","matched":"data hall","url":"https://www.tdlr.texas.gov/TABS/Search/Project/EABPRJA9814971","geo":"address","geo_precision":"Point Address"}},{"type":"Feature","geometry":{"type":"Point","coordinates":[-95.44492,29.728176]},"properties":{"project":"EABPRJA9812795","name":"CYRUSONE HOUSTON DATA HALL 7","facility":"CYRUSONE","address":"4201 SOUTHWEST FREEWAY","city":"Houston","county":"Harris","owner":"CYRUSONE","owner_group":"CyrusOne","design_firm":"DUANE BRADSHAW ARCHITECTS INC.","sqft":null,"scope":"Conversion of an existing office space into a Data HallArea.","funds":"This project is privately funded, on private land for private use.","cost":100000.0,"work":"Renovation/Alteration","status":"Project Closed","registered":"2009-05-26","start":"2009-06-01","end":"2009-08-01","matched":"data hall","url":"https://www.tdlr.texas.gov/TABS/Search/Project/EABPRJA9812795","geo":"address","geo_precision":"Point Address"}},{"type":"Feature","geometry":{"type":"Point","coordinates":[-95.445673,29.728227]},"properties":{"project":"EABPRJA9812422","name":"EXXON LEASE SPACE BUILDOUT DATA HALL 6","facility":"CYRUSONE","address":"4211 SOUTHWEST FREEWAY Building A","city":"Houston","county":"Harris","owner":"CYRUSONE","owner_group":"CyrusOne","design_firm":"DUANE BRADSHAW ARCHITECTS INC.","sqft":null,"scope":"Tenant Buildout in Existing Building","funds":"This project is privately funded, on private land for private use.","cost":75000.0,"work":"Renovation/Alteration","status":"Project Closed","registered":"2009-05-16","start":"2009-06-01","end":"2009-08-01","matched":"data hall","url":"https://www.tdlr.texas.gov/TABS/Search/Project/EABPRJA9812422","geo":"address","geo_precision":"Point Address"}},{"type":"Feature","geometry":{"type":"Point","coordinates":[-97.695008,30.21498]},"properties":{"project":"EABPRJA9811613","name":"CYRUSONE AUSTIN DATA HALL 1 SPACE","facility":"MET CENTER - BUILDING 8","address":"7401-2 BEN WHITE BLVD","city":"Austin","county":"Travis","owner":"DUANE BRADSHAW ARCHITECTS","owner_group":"Duane Bradshaw Architects","design_firm":"DUANE BRADSHAW ARCHITECTS INC.","sqft":null,"scope":"A Buildout of a New Data Hall Inside an Existing Building in Austin Texas","funds":"This project is privately funded, on private land for private use.","cost":150000.0,"work":"Renovation/Alteration","status":"Project Closed","registered":"2009-04-30","start":"2009-04-01","end":"2009-06-01","matched":"data hall","url":"https://www.tdlr.texas.gov/TABS/Search/Project/EABPRJA9811613","geo":"address","geo_precision":"Point Address"}},{"type":"Feature","geometry":{"type":"Point","coordinates":[-96.997983,33.001922]},"properties":{"project":"EABPRJA9809204","name":"CYRUSONE LEWISVILLE - DATA HALL 5","facility":"CONVERGENCE OFFICE CENTER","address":"2501 STATE HWY. 121 Building 5","city":"Lewisville","county":"Denton","owner":"CONVERGENCE OFFICE CENTER","owner_group":"Convergence Office Center","design_firm":"DUANE BRADSHAW ARCHITECTS INC.","sqft":null,"scope":"Interior Remodeling of an Office Space to create a DataWarehouse inside an existing building.","funds":"This project is privately funded, on private land for private use.","cost":1200000.0,"work":"Renovation/Alteration","status":"Project Closed","registered":"2009-03-08","start":"2009-04-01","end":"2009-06-01","matched":"data hall","url":"https://www.tdlr.texas.gov/TABS/Search/Project/EABPRJA9809204","geo":"address","geo_precision":"Point Address"}},{"type":"Feature","geometry":{"type":"Point","coordinates":[-95.445673,29.728227]},"properties":{"project":"EABPRJA9804558","name":"CYRUSONE HOUSTON DATA HALL 6","facility":"CYRUSONE","address":"4211 SOUTHWEST FREEWAY Building A","city":"Houston","county":"Harris","owner":"CYRUSONE","owner_group":"CyrusOne","design_firm":"DUANE BRADSHAW ARCHITECTS INC.","sqft":null,"scope":"A 6171 square foot lease build-out for a Data Center.","funds":"This project is privately funded, on private land for private use.","cost":100000.0,"work":"Renovation/Alteration","status":"Project Closed","registered":"2008-11-22","start":"2008-11-01","end":"2009-01-01","matched":"data hall","url":"https://www.tdlr.texas.gov/TABS/Search/Project/EABPRJA9804558","geo":"address","geo_precision":"Point Address"}},{"type":"Feature","geometry":{"type":"Point","coordinates":[-97.259558,32.988591]},"properties":{"project":"TABS2026022992","name":"QTS FTW1 DC1 Expansion","facility":"QTS FTW1 DC1 Expansion","address":"14100 Park Vista Blvd,","city":"Fort Worth","county":"Tarrant","owner":"Quality Technology Services (QTS)","owner_group":"QTS","design_firm":"Corgan Associates Inc.","sqft":147946,"scope":"Expansion of a two-story, 147, 946 sq.ft. data center with equipment yard.","funds":"This project is privately funded, on private land for private use.","cost":300000000.0,"work":"New Construction","status":"Project Registered","registered":"2026-06-16","start":"2026-07-01","end":"2027-10-01","matched":"QTS","url":"https://www.tdlr.texas.gov/TABS/Search/Project/TABS2026022992","geo":"address","geo_precision":"Point Address"}},{"type":"Feature","geometry":{"type":"Point","coordinates":[-96.702287,32.580655]},"properties":{"project":"TABS2026016944","name":"QTS DFW2-DC7","facility":"DFW2-DC7","address":"1341 Sunrise Rd.","city":"Lancaster","county":"Dallas","owner":"QTS Dallas I, LLC","owner_group":"QTS","design_firm":"Corgan Associates","sqft":3635000,"scope":"New 363,500 square foot 2 story building with Office and shell Data Hall space.","funds":"This project is privately funded, on private land for private use.","cost":290000000.0,"work":"New Construction","status":"Project Registered","registered":"2026-04-06","start":"2026-09-01","end":"2027-12-01","matched":"QTS","url":"https://www.tdlr.texas.gov/TABS/Search/Project/TABS2026016944","geo":"address","geo_precision":"Address Range"}},{"type":"Feature","geometry":{"type":"Point","coordinates":[-96.690985,32.583899]},"properties":{"project":"TABS2026013132","name":"QTS DFW2-DC5","facility":"DFW2 DC5","address":"421 Mason Rd","city":"Wilmer","county":"Dallas","owner":"QTS Dallas I, LLC","owner_group":"QTS","design_firm":"Corgan Associates, Inc.","sqft":363500,"scope":"New 363,500 square foot 2 story building with Office and shell Data Hall space.","funds":"This project is privately funded, on private land for private use.","cost":290000000.0,"work":"New Construction","status":"Project Registered","registered":"2026-02-20","start":"2026-07-01","end":"2027-09-01","matched":"QTS","url":"https://www.tdlr.texas.gov/TABS/Search/Project/TABS2026013132","geo":"address","geo_precision":"Address Range"}},{"type":"Feature","geometry":{"type":"Point","coordinates":[-96.690985,32.583899]},"properties":{"project":"TABS2026013130","name":"QTS DFW2-DC6","facility":"DFW2 DC6","address":"421 Mason Rd","city":"Wilmer","county":"Dallas","owner":"QTS Dallas I, LLC","owner_group":"QTS","design_firm":"Corgan Associates, Inc.","sqft":363500,"scope":"New 363,500 square foot 2 story building with Office and shell Data Hall space.","funds":"This project is privately funded, on private land for private use.","cost":290000000.0,"work":"New Construction","status":"Project Registered","registered":"2026-02-20","start":"2026-07-01","end":"2027-09-01","matched":"QTS","url":"https://www.tdlr.texas.gov/TABS/Search/Project/TABS2026013130","geo":"address","geo_precision":"Address Range"}},{"type":"Feature","geometry":{"type":"Point","coordinates":[-96.983142,32.897028]},"properties":{"project":"TABS2025025312","name":"QTS DFW DH 1.2 6MW","facility":"QTS DFW DH2","address":"6431 LONGHORN DR","city":"Irving","county":"Dallas","owner":"Quality Technology Services LLC","owner_group":"QTS","design_firm":"Corgan","sqft":9800,"scope":"Fit-out for 6MW equipment add within an existing building. Scope of work includes 9,800 square feet.","funds":"This project is privately funded, on private land for private use.","cost":350000.0,"work":"Renovation/Alteration","status":"Project Registered","registered":"2025-08-06","start":"2025-09-01","end":"2026-10-01","matched":"QTS","url":"https://www.tdlr.texas.gov/TABS/Search/Project/TABS2025025312","geo":"address","geo_precision":"Point Address"}},{"type":"Feature","geometry":{"type":"Point","coordinates":[-96.746831,32.951062]},"properties":{"project":"TABS2025021441","name":"QTS DFW2-DC4","facility":"QTS DFW2-DC4","address":"794 W Beltline Road","city":"Dallas","county":"Dallas","owner":"QTS Dallas I, LLC","owner_group":"QTS","design_firm":"Corgan Associates, Inc.","sqft":413726,"scope":"New 413, 726 square foot 2 story building with Office and shell Data Hall space.","funds":"This project is privately funded, on private land for private use.","cost":175000000.0,"work":"New Construction","status":"Project Registered","registered":"2025-06-17","start":"2025-11-15","end":"2027-05-01","matched":"QTS","url":"https://www.tdlr.texas.gov/TABS/Search/Project/TABS2025021441","geo":"address","geo_precision":"Address Range"}},{"type":"Feature","geometry":{"type":"Point","coordinates":[-96.695879,32.584506]},"properties":{"project":"TABS2025016368","name":"QTS DFW2 DC3","facility":"QTS DFW2 DC3","address":"303 Mason Road","city":"Wilmer","county":"Dallas","owner":"QTS Dallas I, LLC","owner_group":"QTS","design_firm":"Highland Associates","sqft":560000,"scope":"New two (2) story Data Center building approximately 560,000 SF. Building will house data center space on both floors with a small administration/business space to support the data center.","funds":"This project is privately funded, on private land for private use.","cost":350000000.0,"work":"New Construction","status":"Project Registered","registered":"2025-04-10","start":"2025-11-01","end":"2027-01-01","matched":"QTS","url":"https://www.tdlr.texas.gov/TABS/Search/Project/TABS2025016368","geo":"address","geo_precision":"Point Address"}},{"type":"Feature","geometry":{"type":"Point","coordinates":[-96.695879,32.584506]},"properties":{"project":"TABS2025016366","name":"QTS DFW2 DC2","facility":"QTS DFW2 DC2","address":"303 Mason Road","city":"Wilmer","county":"Dallas","owner":"QTS Dallas I, LLC","owner_group":"QTS","design_firm":"Highland Associates","sqft":470000,"scope":"New two (2) story Data Center building approximately 470,000 SF. Building will house data center space on both floors with a small administration/business space to support the data center.","funds":"This project is privately funded, on private land for private use.","cost":300000000.0,"work":"New Construction","status":"Project Registered","registered":"2025-04-10","start":"2025-05-01","end":"2026-06-01","matched":"QTS","url":"https://www.tdlr.texas.gov/TABS/Search/Project/TABS2025016366","geo":"address","geo_precision":"Point Address"}},{"type":"Feature","geometry":{"type":"Point","coordinates":[-97.259558,32.988591]},"properties":{"project":"TABS2025015896","name":"QTS FTW1 DC1 Expansion","facility":"QTS FTW1 DC1","address":"14100 Park Vista Blvd","city":"Fort Worth","county":"Tarrant","owner":"Quality Technology Services, LLC","owner_group":"QTS","design_firm":null,"sqft":168770,"scope":"Expansion of an existing data center building","funds":"This project is privately funded, on private land for private use.","cost":130000000.0,"work":"Additions to Existing Building","status":"Project Registered","registered":"2025-04-04","start":"2025-07-01","end":"2026-10-01","matched":"QTS","url":"https://www.tdlr.texas.gov/TABS/Search/Project/TABS2025015896","geo":"address","geo_precision":"Point Address"}},{"type":"Feature","geometry":{"type":"Point","coordinates":[-96.695879,32.584506]},"properties":{"project":"TABS2025000600","name":"QTS DFW2-DC1","facility":"QTS DFW2-DC1","address":"303 Mason Road","city":"Dallas","county":"Dallas","owner":"QTS Dallas I, LLC","owner_group":"QTS","design_firm":"Corgan Associates","sqft":413726,"scope":"New 413, 726 square foot 2 story building with Office and shell Data Hall space.","funds":"This project is privately funded, on private land for private use.","cost":288000000.0,"work":"New Construction","status":"Project Registered","registered":"2024-09-10","start":"2024-11-15","end":"2025-12-01","matched":"QTS","url":"https://www.tdlr.texas.gov/TABS/Search/Project/TABS2025000600","geo":"address","geo_precision":"Point Address"}},{"type":"Feature","geometry":{"type":"Point","coordinates":[-96.983142,32.897028]},"properties":{"project":"TABS2024022451","name":"QTS DFW DC1 Level 3 Office Suite","facility":"QTS Data Centers","address":"6431 Longhorn Dr.","city":"Irving","county":"Dallas","owner":"QTS Data Centers","owner_group":"QTS","design_firm":"Corgan Associates","sqft":1051,"scope":"Interiors finish out: (1) Conference Room, (1) Private Office, and (1) Open Office.","funds":"This project is privately funded, on private land for private use.","cost":70000.0,"work":"Renovation/Alteration","status":"Project Registered","registered":"2024-07-05","start":"2024-08-05","end":"2025-02-10","matched":"QTS","url":"https://www.tdlr.texas.gov/TABS/Search/Project/TABS2024022451","geo":"address","geo_precision":"Point Address"}},{"type":"Feature","geometry":{"type":"Point","coordinates":[-97.259558,32.988591]},"properties":{"project":"TABS2024017616","name":"QTS FTW1 DH1&5 Phase 2","facility":"QTS FTW1 DC1","address":"14100 Park Vista","city":"Fort Worth","county":"Denton","owner":"QTS","owner_group":"QTS","design_firm":"Corgan","sqft":28000,"scope":"Data Hall Equipment Fit-Out, Electrical Upgrades, 28,000 SF","funds":"This project is privately funded, on private land for private use.","cost":16300000.0,"work":"Renovation/Alteration","status":"Project Registered","registered":"2024-05-02","start":"2024-05-17","end":"2024-12-01","matched":"QTS","url":"https://www.tdlr.texas.gov/TABS/Search/Project/TABS2024017616","geo":"address","geo_precision":"Point Address"}},{"type":"Feature","geometry":{"type":"Point","coordinates":[-96.980408,32.894873]},"properties":{"project":"TABS2024010717","name":"QTS DFW1 DC3 - Admin Security","facility":"QTS DFW1-DC3","address":"6351 Longhorn Dr","city":"Irving","county":"Dallas","owner":"QUALITY INVESTMENT PROPERTIES IRVING, LLC","owner_group":"QTS","design_firm":"Corgan Associates","sqft":17437,"scope":"Infill of shell spaces with tenant programming (open office areas, huddle rooms, restrooms and lockers, storage, break room, etc). Includes finishes to floors, walls, and ceilings.","funds":"This project is privately funded, on private land for private use.","cost":5000000.0,"work":"Renovation/Alteration","status":"Project Registered","registered":"2024-02-02","start":"2024-02-15","end":"2024-09-01","matched":"QTS","url":"https://www.tdlr.texas.gov/TABS/Search/Project/TABS2024010717","geo":"address","geo_precision":"Address Range"}},{"type":"Feature","geometry":{"type":"Point","coordinates":[-96.980408,32.894873]},"properties":{"project":"TABS2024010713","name":"QTS DFW20 - COLO EFO","facility":"QTS DFW1-DC3","address":"6351 Longhorn Dr","city":"Irving","county":"Dallas","owner":"QUALITY INVESTMENT PROPERTIES IRVING, LLC","owner_group":"QTS","design_firm":"Corgan Associates","sqft":180778,"scope":"Infill of tenant data halls with equipment (hot aisle containment and server racks).","funds":"This project is privately funded, on private land for private use.","cost":56000000.0,"work":"Renovation/Alteration","status":"Project Registered","registered":"2024-02-02","start":"2024-02-14","end":"2025-02-01","matched":"QTS","url":"https://www.tdlr.texas.gov/TABS/Search/Project/TABS2024010713","geo":"address","geo_precision":"Address Range"}},{"type":"Feature","geometry":{"type":"Point","coordinates":[-97.259558,32.988591]},"properties":{"project":"TABS2024010121","name":"QTS FTW1 DC2","facility":"QTS FTW1 DC2","address":"14100 PARK VISTA BLVD","city":"Fort Worth","county":"Tarrant","owner":"QTS FORT WORTH I DC2 LLC","owner_group":"QTS","design_firm":null,"sqft":471876,"scope":"A new two-story, 42 Megawatt Data Center is being constructed in Fort Worth, Texas, as an addition of an existing Data Center Campus.","funds":"This project is privately funded, on private land for private use.","cost":220000000.0,"work":"New Construction","status":"Inspection Complete","registered":"2024-01-25","start":"2024-03-01","end":"2026-04-01","matched":"QTS","url":"https://www.tdlr.texas.gov/TABS/Search/Project/TABS2024010121","geo":"address","geo_precision":"Point Address"}},{"type":"Feature","geometry":{"type":"Point","coordinates":[-96.980408,32.894873]},"properties":{"project":"TABS2024007073","name":"QTS DFW1 - DC3 - Level 1","facility":"QTS DFW1-DC3","address":"6351 Longhorn Dr","city":"Irving","county":"Dallas","owner":"QUALITY INVESTMENT PROPERTIES IRVING, LLC","owner_group":"QTS","design_firm":"Corgan Associates","sqft":136565,"scope":"Demolition of some existing scope for new Tenant Spaces. Addition of MEP Galleries and Data Halls. Modification to raised access flooring and unistrut ceiling.","funds":"This project is privately funded, on private land for private use.","cost":32000000.0,"work":"Renovation/Alteration","status":"Project Registered","registered":"2023-12-11","start":"2023-11-01","end":"2024-04-30","matched":"QTS","url":"https://www.tdlr.texas.gov/TABS/Search/Project/TABS2024007073","geo":"address","geo_precision":"Address Range"}},{"type":"Feature","geometry":{"type":"Point","coordinates":[-96.97978,32.896023]},"properties":{"project":"TABS2024002327","name":"QTS-DFW1-DC5","facility":"DC5","address":"6300 Longhorn Drive","city":"Irving","county":"Dallas","owner":"Quality Investment Properties Irving LLC","owner_group":"QTS","design_firm":"Corgan Associates","sqft":264400,"scope":"Proposed Bldg is a data center with office space, storage, critical power support spaces and a screened equipment yard. Roof top will contain screened equipment that supports critical spaces within the bldg.","funds":"This project is privately funded, on private land for private use.","cost":180000000.0,"work":"New Construction","status":"Project Registered","registered":"2023-10-04","start":"2024-04-01","end":"2025-09-30","matched":"QTS","url":"https://www.tdlr.texas.gov/TABS/Search/Project/TABS2024002327","geo":"address","geo_precision":"Point Address"}},{"type":"Feature","geometry":{"type":"Point","coordinates":[-96.980408,32.894873]},"properties":{"project":"TABS2023025444","name":"QTS DFW1 - DC3 Office Upfit","facility":"QTS DFW1-DC3","address":"6351 Longhorn Dr.","city":"Irving","county":"Dallas","owner":"Quality Investment Properties Irving, LLC","owner_group":"QTS","design_firm":"Corgan Associates Inc.","sqft":9300,"scope":"Office upfit in existing shell space with 3 private offices, 1 conference room, and 2 open office spaces. New carpet & ACT for spaces added. Mech systems for ac/heat, elect lighting, rough in for equip movein, telecom back box.","funds":"This project is privately funded, on private land for private use.","cost":900000.0,"work":"Renovation/Alteration","status":"Project Registered","registered":"2023-08-09","start":"2023-08-07","end":"2023-10-31","matched":"QTS","url":"https://www.tdlr.texas.gov/TABS/Search/Project/TABS2023025444","geo":"address","geo_precision":"Address Range"}},{"type":"Feature","geometry":{"type":"Point","coordinates":[-96.980893,32.893641]},"properties":{"project":"TABS2023007528","name":"QTS DFW1-DC4","facility":"QTS DFW1-DC4","address":"3 Longhorn Dr.","city":"Irving","county":"Dallas","owner":"QTS Data Centers","owner_group":"QTS","design_firm":null,"sqft":214800,"scope":"The project consists of a two (2) story partially built-out","funds":"This project is privately funded, on private land for private use.","cost":65000000.0,"work":"New Construction","status":"Project Registered","registered":"2022-12-14","start":"2023-05-31","end":"2024-09-30","matched":"QTS","url":"https://www.tdlr.texas.gov/TABS/Search/Project/TABS2023007528","geo":"address","geo_precision":"Point Address"}},{"type":"Feature","geometry":{"type":"Point","coordinates":[-96.97978,32.896023]},"properties":{"project":"TABS2023002197","name":"QTS-DFW1-DC5","facility":"DC5","address":"6300 Longhorn Dr","city":"Irving","county":"Dallas","owner":"Quality Investment Ppties Irving LLC","owner_group":"QTS","design_firm":"Corgan Associates","sqft":337191,"scope":"Proposed Bldg is a data center with office space, storage, critical power support spaces and a screened equipment yard.  Roof top will contain screened equipment that supports critical spaces within the bldg.","funds":"This project is privately funded, on private land for private use.","cost":180000000.0,"work":"New Construction","status":"Project Registered","registered":"2022-09-30","start":"2022-10-01","end":"2023-12-31","matched":"QTS","url":"https://www.tdlr.texas.gov/TABS/Search/Project/TABS2023002197","geo":"address","geo_precision":"Point Address"}},{"type":"Feature","geometry":{"type":"Point","coordinates":[-97.259558,32.988591]},"properties":{"project":"TABS2022015521","name":"QTS FTW1 DC2","facility":"QTS FTW1 DC2","address":"14100 Park Vista Blvd","city":"Fort Worth","county":"Tarrant","owner":"QTS Investment Properties Fort Worth LLC","owner_group":"QTS","design_firm":"Corgan Associates","sqft":471876,"scope":"New 2 story Data Center including datahall, offices and generator yard","funds":"This project is privately funded, on private land for private use.","cost":100000000.0,"work":"Additions to Existing Building","status":"Project Registered","registered":"2022-04-01","start":"2022-05-01","end":"2023-06-01","matched":"QTS","url":"https://www.tdlr.texas.gov/TABS/Search/Project/TABS2022015521","geo":"address","geo_precision":"Point Address"}},{"type":"Feature","geometry":{"type":"Point","coordinates":[-97.259558,32.988591]},"properties":{"project":"TABS2022015450","name":"QTS FTW1 DC1 Expansion","facility":"QTS FTW1 DC1 Expansion","address":"14100 Park Vista Blvd","city":"Fort Worth","county":"Tarrant","owner":"QTS Investment Properties Fort Worth LLC","owner_group":"QTS","design_firm":"Corgan Associates","sqft":168770,"scope":"Expand existing Data Center to 2 stories, including datahall, tenant office and generator yard","funds":"This project is privately funded, on private land for private use.","cost":43894400.0,"work":"Additions to Existing Building","status":"Project Registered","registered":"2022-03-31","start":"2022-05-01","end":"2023-06-01","matched":"QTS","url":"https://www.tdlr.texas.gov/TABS/Search/Project/TABS2022015450","geo":"address","geo_precision":"Point Address"}},{"type":"Feature","geometry":{"type":"Point","coordinates":[-96.983142,32.897028]},"properties":{"project":"TABS2022004628","name":"QTS DFW DC2 DH2.4 and DH2.5 Upfit","facility":"QTS Irving-Dallas","address":"6431 Longhorn Dr","city":"Irving","county":"Dallas","owner":"QTS","owner_group":"QTS","design_firm":"Corgan Associates","sqft":8700,"scope":"Data Hall renovation within the existing Data Center","funds":"This project is privately funded, on private land for private use.","cost":2500000.0,"work":"Renovation/Alteration","status":"Project Closed","registered":"2021-11-04","start":"2021-07-01","end":"2022-03-31","matched":"QTS","url":"https://www.tdlr.texas.gov/TABS/Search/Project/TABS2022004628","geo":"address","geo_precision":"Point Address"}},{"type":"Feature","geometry":{"type":"Point","coordinates":[-97.259558,32.988591]},"properties":{"project":"TABS2021012756","name":"QTS FTW1 DH1&5","facility":"QTS Fort Worth","address":"14100 Park Vista","city":"Fort Worth","county":"Tarrant","owner":"QTS","owner_group":"QTS","design_firm":"Corgan Associates","sqft":24000,"scope":"Tenant improvement work to an existing data hall and new data hall in existing shell space","funds":"This project is privately funded, on private land for private use.","cost":10000000.0,"work":"Renovation/Alteration","status":"Project Closed","registered":"2021-04-06","start":"2021-04-12","end":"2021-11-19","matched":"QTS","url":"https://www.tdlr.texas.gov/TABS/Search/Project/TABS2021012756","geo":"address","geo_precision":"Point Address"}},{"type":"Feature","geometry":{"type":"Point","coordinates":[-98.652897,29.449222]},"properties":{"project":"TABS2021007232","name":"QTS SAT2-DC1","facility":"QTS SAT2-DC1","address":"8535 Potranco Road","city":"San Antonio","county":"Bexar","owner":"QTS Data Centers","owner_group":"QTS","design_firm":"Corgan","sqft":338000,"scope":"The QTS SAT2-DC1 project is a three story data center located at the corner of Ingram Road and Potranco Road in San Antonio, Texas. The facility is 338,721 square feet an can support 45MW of critical power. The day one build will be 9MW.","funds":"This project is privately funded, on private land for private use.","cost":60000000.0,"work":"New Construction","status":"Project Closed","registered":"2021-01-11","start":"2021-04-01","end":"2022-04-01","matched":"QTS","url":"https://www.tdlr.texas.gov/TABS/Search/Project/TABS2021007232","geo":"address","geo_precision":"Point Address"}},{"type":"Feature","geometry":{"type":"Point","coordinates":[-96.983142,32.897028]},"properties":{"project":"TABS2021005620","name":"QTS DFW DC2 DH2.3 Interior Upfit","facility":"QTS Irving-Dallas","address":"6431 Longhorn Dr","city":"Irving","county":"Dallas","owner":"QTS","owner_group":"QTS","design_firm":"Corgan Associates","sqft":21420,"scope":"Data hall renovation within the existing data center","funds":"This project is privately funded, on private land for private use.","cost":3500000.0,"work":"Renovation/Alteration","status":"Project Closed","registered":"2020-12-08","start":"2020-12-08","end":"2021-04-30","matched":"QTS","url":"https://www.tdlr.texas.gov/TABS/Search/Project/TABS2021005620","geo":"address","geo_precision":"Point Address"}},{"type":"Feature","geometry":{"type":"Point","coordinates":[-96.983142,32.897028]},"properties":{"project":"TABS2020002263","name":"QTS DFW DC2 DH2.1","facility":"QTS","address":"6431 Longhorn Drive","city":"Irving","county":"Dallas","owner":"QTS","owner_group":"QTS","design_firm":"Corgan Associates","sqft":12900,"scope":"Fit out existing Data Hall shell.","funds":"This project is privately funded, on private land for private use.","cost":1100000.0,"work":"Renovation/Alteration","status":"Project Closed","registered":"2019-10-02","start":"2019-10-21","end":"2020-02-03","matched":"QTS","url":"https://www.tdlr.texas.gov/TABS/Search/Project/TABS2020002263","geo":"address","geo_precision":"Point Address"}},{"type":"Feature","geometry":{"type":"Point","coordinates":[-96.980408,32.894873]},"properties":{"project":"TABS2019009564","name":"QTS DFW DC3 Redesign","facility":"DC3","address":"6351 Longhorn Dr.","city":"Irving","county":"Dallas","owner":"QTS","owner_group":"QTS","design_firm":"Corgan","sqft":408972,"scope":"Stair Penthouse Addition, Freight Elevator Addition, Office fit out, Data Hall and support spaces fit out","funds":"This project is privately funded, on private land for private use.","cost":35000000.0,"work":"Additions to Existing Building","status":"Review Complete","registered":"2019-04-17","start":"2019-10-01","end":"2023-09-30","matched":"QTS","url":"https://www.tdlr.texas.gov/TABS/Search/Project/TABS2019009564","geo":"address","geo_precision":"Address Range"}},{"type":"Feature","geometry":{"type":"Point","coordinates":[-96.983142,32.897028]},"properties":{"project":"EABPRJB6813142","name":"QTS DFW DH1.6","facility":"QTS DFW BUILDINGS 3 & 4","address":"6431 LONGHORN DRIVE","city":"Irving","county":"Dallas","owner":"QUALITY INVESTMENT PROPERTIES IRVING LLC","owner_group":"QTS","design_firm":"CORGAN ASSOCAITES","sqft":null,"scope":"Renovation of roughly 25,000 SF area within Level 1 of facility for a new Data Hall","funds":"This project is privately funded, on private land for private use.","cost":8000000.0,"work":"Renovation/Alteration","status":"Project Closed","registered":"2016-03-29","start":"2016-04-01","end":"2016-07-01","matched":"QTS","url":"https://www.tdlr.texas.gov/TABS/Search/Project/EABPRJB6813142","geo":"address","geo_precision":"Point Address"}},{"type":"Feature","geometry":{"type":"Point","coordinates":[-96.983142,32.897028]},"properties":{"project":"EABPRJB6811865","name":"QTS DFW DH1.7","facility":"QTS DFW BUILDINGS 3 & 4","address":"6431 LONGHORN DRIVE","city":"Irving","county":"Dallas","owner":"QUALITY INVESTMENT PROPERTIES IRVING LLC","owner_group":"QTS","design_firm":"CORGAN ASSOCIATES","sqft":null,"scope":"Renovation of roughly 25,000 SF area within Level 1 of facility for a new Data Hall","funds":"This project is privately funded, on private land for private use.","cost":8000000.0,"work":"Renovation/Alteration","status":"Project Closed","registered":"2016-03-09","start":"2016-04-01","end":"2016-07-01","matched":"QTS","url":"https://www.tdlr.texas.gov/TABS/Search/Project/EABPRJB6811865","geo":"address","geo_precision":"Point Address"}},{"type":"Feature","geometry":{"type":"Point","coordinates":[-96.659922,33.138559]},"properties":{"project":"TABS2024020378","name":"CyrusOne Allen, DH1 Fitup","facility":"Allen DH1","address":"2300 Chelsea Blvrd.","city":"Allen","county":"Collin","owner":"Jarred Capp","owner_group":"Jarred Capp","design_firm":null,"sqft":204979,"scope":"The scope includes addition of one data hall and its critical rooms inside the existing one-story data center building.","funds":"This project is privately funded, on private land for private use.","cost":200000.0,"work":"Renovation/Alteration","status":"Project Registered","registered":"2024-06-07","start":"2024-07-01","end":"2024-12-31","matched":"CyrusOne","url":"https://www.tdlr.texas.gov/TABS/Search/Project/TABS2024020378","geo":"address","geo_precision":"Point Address"}},{"type":"Feature","geometry":{"type":"Point","coordinates":[-96.659922,33.138559]},"properties":{"project":"TABS2023021709","name":"CyrusOne Allen DH2 Fit Up","facility":"CyrusOne Allen Building 1","address":"2300 Chelsea Blvd.","city":"Allen","county":"Collin","owner":"CyrusOne","owner_group":"CyrusOne","design_firm":"Corgan","sqft":82750,"scope":"New phase of work on existing CyrusOne Allen campus in Bldg 1.  Work will be fit up of existing shell space for new data hall & associated equipment galleries. Existing service yard to have new equipment & expansion to existing metal grate platform.","funds":"This project is privately funded, on private land for private use.","cost":50000000.0,"work":"Additions to Existing Building","status":"Project Registered","registered":"2023-06-19","start":"2023-11-01","end":"2024-04-01","matched":"CyrusOne","url":"https://www.tdlr.texas.gov/TABS/Search/Project/TABS2023021709","geo":"address","geo_precision":"Point Address"}},{"type":"Feature","geometry":{"type":"Point","coordinates":[-96.931525,32.992145]},"properties":{"project":"EABPRJB8801805","name":"CYRUSONE CARROLLTON DH 3 CAP EXP","facility":"CYRUSONE CARROLLTON","address":"1649 W. FRANKFORD ROAD","city":"Carrollton","county":"Dallas","owner":"CYRUSONE CARROLLTON","owner_group":"CyrusOne","design_firm":"CORGAN ASSOCIATES","sqft":null,"scope":"PARTIAL ALTERATION AND EQUIPMENT INSTALLATION OF DATA HALL 3 AND EQUIPMENT SERVICE YARD.","funds":"This project is privately funded, on private land for private use.","cost":1954255.0,"work":"Renovation/Alteration","status":"Project Closed","registered":"2017-09-29","start":"2017-10-01","end":"2018-04-01","matched":"CyrusOne","url":"https://www.tdlr.texas.gov/TABS/Search/Project/EABPRJB8801805","geo":"address","geo_precision":"Point Address"}},{"type":"Feature","geometry":{"type":"Point","coordinates":[-96.931525,32.992145]},"properties":{"project":"EABPRJB7811732","name":"CYRUSONE CARROLLTON DH 5 SERVICE YARD","facility":"CYRUSONE CARROLLTON","address":"1649 W. FRANKFORD ROAD","city":"Carrollton","county":"Denton","owner":"CYRUSONE CARROLLTON","owner_group":"CyrusOne","design_firm":"CORGAN ASSOCIATES","sqft":null,"scope":"ALTERIATION AND BUILD OUT (EQUIPMENT INSTALLATION) OF DATA HALL 5 SERVICE YARD AND EQUIPMENT INSTALLATION IN MEC","funds":"This project is privately funded, on private land for private use.","cost":18000000.0,"work":"Renovation/Alteration","status":"Project Closed","registered":"2017-03-02","start":"2017-03-01","end":"2017-07-01","matched":"CyrusOne","url":"https://www.tdlr.texas.gov/TABS/Search/Project/EABPRJB7811732","geo":"address","geo_precision":"Point Address"}},{"type":"Feature","geometry":{"type":"Point","coordinates":[-96.931525,32.992145]},"properties":{"project":"EABPRJB4808302","name":"CYRUSONE CARROLLTON PHASE III DH 6","facility":"CYRUSONE CARROLLTON DATA CENTER","address":"1649 W FRANKFORD ROAD","city":"Carrollton","county":"Dallas","owner":"CYRUSONE","owner_group":"CyrusOne","design_firm":"CORGAN ASSOCIATES","sqft":null,"scope":"Partial alteration/renovation to the existing one-storywarehouse at 1649 W Frankford Road, Carrollton, Tx","funds":"This project is privately funded, on private land for private use.","cost":9000000.0,"work":"Renovation/Alteration","status":"Project Closed","registered":"2014-01-29","start":"2014-02-01","end":"2014-06-01","matched":"CyrusOne","url":"https://www.tdlr.texas.gov/TABS/Search/Project/EABPRJB4808302","geo":"address","geo_precision":"Point Address"}}]}