{"type":"FeatureCollection","features":[{"type":"Feature","geometry":{"type":"Polygon","coordinates":[[[-96.846835,32.956634],[-96.846847,32.958267],[-96.846086,32.95825],[-96.846069,32.959612],[-96.838792,32.959611],[-96.838596,32.96023],[-96.83871,32.964608],[-96.843084,32.97103],[-96.843037,32.980853],[-96.839242,32.981186],[-96.838963,32.987521],[-96.829862,32.987402],[-96.830244,32.983303],[-96.828927,32.983303],[-96.828548,32.979546],[-96.822766,32.974565],[-96.821808,32.973017],[-96.821621,32.96709],[-96.822185,32.964415],[-96.82115,32.959482],[-96.822407,32.955925],[-96.822271,32.954169],[-96.829909,32.954161],[-96.830164,32.95274],[-96.828281,32.94722],[-96.831986,32.947325],[-96.831875,32.951323],[-96.8388,32.951326],[-96.839023,32.939859],[-96.846934,32.939873],[-96.847031,32.933154],[-96.855914,32.933293],[-96.855801,32.953083],[-96.858915,32.953158],[-96.858823,32.957169],[-96.854607,32.95644],[-96.853984,32.957532],[-96.846835,32.956634]]]},"properties":{"zip":"75001","city":"Addison","county":"Dallas","u2015":8983,"u2023":10590,"added":1607,"growth":17.9,"moe":690,"certain":true,"peak_month":"2025-02","from_peak":-3.5,"value":489844}},{"type":"Feature","geometry":{"type":"Polygon","coordinates":[[[-96.659682,33.129865],[-96.622143,33.129449],[-96.61125,33.128622],[-96.610121,33.123821],[-96.602908,33.124038],[-96.602924,33.123296],[-96.594288,33.123156],[-96.594256,33.125214],[-96.588224,33.124925],[-96.588302,33.124146],[-96.586951,33.123748],[-96.576848,33.123778],[-96.576586,33.13074],[-96.572671,33.130563],[-96.5777,33.138633],[-96.576539,33.140054],[-96.574652,33.139135],[-96.57435,33.137303],[-96.57362,33.136924],[-96.571857,33.137829],[-96.570532,33.137968],[-96.570203,33.137265],[-96.569658,33.13767],[-96.568933,33.136819],[-96.569338,33.136228],[-96.56843,33.136215],[-96.568394,33.135536],[-96.566834,33.135982],[-96.566458,33.134794],[-96.564951,33.134732],[-96.564951,33.133761],[-96.562752,33.134366],[-96.561992,33.133508],[-96.560903,33.134144],[-96.560669,33.133175],[-96.559662,33.133435],[-96.559899,33.13217],[-96.557386,33.132675],[-96.557131,33.13069],[-96.556244,33.130585],[-96.557271,33.129768],[-96.557115,33.128554],[-96.555381,33.127623],[-96.555708,33.126801],[-96.554072,33.127074],[-96.55314,33.127924],[-96.552823,33.125559],[-96.55148,33.12599],[-96.55229,33.124373],[-96.551464,33.123626],[-96.550451,33.124071],[-96.550202,33.123314],[-96.548488,33.124809],[-96.547524,33.124072],[-96.547717,33.123268],[-96.548632,33.123852],[-96.549596,33.122756],[-96.549013,33.121921],[-96.546951,33.12155],[-96.546935,33.119166],[-96.54481,33.117418],[-96.540721,33.115428],[-96.536644,33.115194],[-96.532396,33.111697],[-96.532166,33.104196],[-96.530786,33.10219],[-96.52935,33.094698],[-96.528277,33.093167],[-96.528223,33.087925],[-96.529258,33.085904],[-96.531894,33.083253],[-96.533657,33.078055],[-96.545295,33.078125],[-96.54539,33.074703],[-96.549894,33.074675],[-96.550526,33.077308],[-96.552587,33.077374],[-96.551589,33.080399],[-96.559691,33.080636],[-96.559815,33.077873],[-96.568579,33.07776],[-96.568555,33.078557],[-96.574843,33.079763],[-96.574899,33.077846],[-96.573003,33.076645],[-96.573526,33.074854],[-96.571974,33.074278],[-96.571219,33.071137],[-96.577,33.070004],[-96.577282,33.046369],[-96.583376,33.046492],[-96.58341,33.045298],[-96.585946,33.045403],[-96.586516,33.041477],[-96.594633,33.041575],[-96.594653,33.040664],[-96.60994,33.040823],[-96.610689,33.039602],[-96.61477,33.040819],[-96.629419,33.041013],[-96.629437,33.034274],[-96.634336,33.034582],[-96.641021,33.033443],[-96.640843,33.037715],[-96.642176,33.038151],[-96.642939,33.039366],[-96.642189,33.040444],[-96.642234,33.041708],[-96.643574,33.043266],[-96.642493,33.043343],[-96.642497,33.044098],[-96.641224,33.044098],[-96.640969,33.049047],[-96.639432,33.049047],[-96.639366,33.05247],[-96.640026,33.053156],[-96.644204,33.052771],[-96.650388,33.053345],[-96.653803,33.050745],[-96.656209,33.053075],[-96.657092,33.055573],[-96.655044,33.057704],[-96.656355,33.060676],[-96.6558,33.062804],[-96.657192,33.0649],[-96.656989,33.066513],[-96.655117,33.068695],[-96.65479,33.072356],[-96.655702,33.074576],[-96.658151,33.074554],[-96.658563,33.072878],[-96.666824,33.072546],[-96.68218,33.073121],[-96.684381,33.070811],[-96.685347,33.071159],[-96.684305,33.07206],[-96.684623,33.073726],[-96.685506,33.073791],[-96.681367,33.08196],[-96.677368,33.086432],[-96.675225,33.090952],[-96.675884,33.091369],[-96.675171,33.091109],[-96.670299,33.101115],[-96.666575,33.115316],[-96.667304,33.115505],[-96.666508,33.115578],[-96.664439,33.123331],[-96.665099,33.12366],[-96.659682,33.129865]]]},"properties":{"zip":"75002","city":"Allen","county":"Collin","u2015":22414,"u2023":24174,"added":1760,"growth":7.9,"moe":967,"certain":true,"peak_month":"2022-07","from_peak":-10.7,"value":460322}},{"type":"Feature","geometry":{"type":"Polygon","coordinates":[[[-96.85595,32.987772],[-96.838963,32.987521],[-96.838851,32.986952],[-96.839242,32.981186],[-96.843037,32.980853],[-96.84314,32.971895],[-96.842328,32.969425],[-96.83865,32.964457],[-96.838792,32.959611],[-96.846069,32.959612],[-96.846086,32.95825],[-96.846847,32.958267],[-96.846835,32.956634],[-96.853984,32.957532],[-96.854607,32.95644],[-96.858823,32.957169],[-96.858915,32.953158],[-96.870721,32.953381],[-96.870915,32.948805],[-96.871899,32.94635],[-96.890418,32.946374],[-96.890569,32.939084],[-96.900618,32.939158],[-96.902135,32.938685],[-96.902235,32.939262],[-96.90605,32.939377],[-96.906033,32.938473],[-96.910073,32.939176],[-96.909705,32.928438],[-96.911618,32.928334],[-96.914845,32.926994],[-96.914884,32.930629],[-96.920311,32.930629],[-96.920128,32.924422],[-96.91952,32.924473],[-96.919537,32.923834],[-96.924547,32.923896],[-96.924378,32.920802],[-96.925294,32.92075],[-96.925229,32.918028],[-96.929632,32.918188],[-96.929675,32.921038],[-96.937284,32.921025],[-96.937386,32.922835],[-96.935489,32.924751],[-96.935691,32.926661],[-96.936769,32.927208],[-96.933971,32.927233],[-96.932885,32.928134],[-96.932791,32.929246],[-96.933585,32.930127],[-96.937171,32.930909],[-96.939621,32.932783],[-96.93832,32.934949],[-96.935237,32.934883],[-96.934954,32.938102],[-96.932728,32.941333],[-96.935208,32.947121],[-96.937815,32.947578],[-96.939492,32.949058],[-96.93882,32.952267],[-96.943317,32.957759],[-96.944445,32.966049],[-96.941917,32.968286],[-96.94259,32.970208],[-96.939036,32.969468],[-96.936873,32.970754],[-96.937142,32.972822],[-96.936,32.976729],[-96.936443,32.977511],[-96.938611,32.97799],[-96.939241,32.978727],[-96.937358,32.980032],[-96.935831,32.980241],[-96.935491,32.981146],[-96.935989,32.982223],[-96.939098,32.982115],[-96.940951,32.982898],[-96.941101,32.986796],[-96.942255,32.988798],[-96.939858,32.988822],[-96.934966,32.986077],[-96.930432,32.981991],[-96.92863,32.98274],[-96.920225,32.9835],[-96.909967,32.983055],[-96.897232,32.984822],[-96.897172,32.98411],[-96.895716,32.984186],[-96.890242,32.984941],[-96.890435,32.985456],[-96.887936,32.985881],[-96.876069,32.985149],[-96.875885,32.98572],[-96.869615,32.985999],[-96.867319,32.987141],[-96.863481,32.985588],[-96.858014,32.986793],[-96.858233,32.987288],[-96.855945,32.987311],[-96.85595,32.987772]]]},"properties":{"zip":"75006","city":"Carrollton","county":"Dallas","u2015":18153,"u2023":19549,"added":1396,"growth":7.7,"moe":805,"certain":true,"peak_month":"2024-05","from_peak":-7.5,"value":354096}},{"type":"Feature","geometry":{"type":"Polygon","coordinates":[[[-96.85928,33.011789],[-96.86599,33.01176],[-96.866085,33.001793],[-96.866877,33.001094],[-96.870399,33.001264],[-96.871754,33.000615],[-96.87478,32.989781],[-96.86728,32.98975],[-96.868305,32.98787],[-96.866005,32.987844],[-96.864084,32.989735],[-96.85466,32.98969],[-96.854689,32.98775],[-96.858233,32.987288],[-96.858014,32.986793],[-96.861432,32.985909],[-96.864271,32.985729],[-96.867319,32.987141],[-96.869615,32.985999],[-96.875885,32.98572],[-96.876069,32.985149],[-96.887936,32.985881],[-96.890435,32.985456],[-96.890242,32.984941],[-96.895716,32.984186],[-96.897172,32.98411],[-96.897232,32.984822],[-96.909967,32.983055],[-96.920225,32.9835],[-96.92863,32.98274],[-96.930432,32.981991],[-96.934966,32.986077],[-96.948531,32.993907],[-96.947229,32.994912],[-96.943969,32.99454],[-96.943655,32.99642],[-96.940215,32.997745],[-96.940019,32.999328],[-96.94234,33.000793],[-96.942397,33.002091],[-96.939549,33.002443],[-96.939011,33.003065],[-96.939479,33.0045],[-96.940741,33.005606],[-96.938289,33.005937],[-96.935957,33.007247],[-96.935592,33.01108],[-96.93493,33.011741],[-96.931311,33.01162],[-96.929675,33.012807],[-96.926087,33.013413],[-96.925686,33.014691],[-96.926965,33.015362],[-96.926126,33.015497],[-96.926038,33.016667],[-96.923837,33.019115],[-96.922777,33.019761],[-96.917736,33.020304],[-96.916893,33.01916],[-96.915464,33.019519],[-96.915846,33.020823],[-96.907572,33.023879],[-96.89937,33.02393],[-96.898301,33.024583],[-96.89491,33.024613],[-96.89489,33.02707],[-96.89399,33.02702],[-96.893879,33.026487],[-96.892016,33.026572],[-96.891925,33.028563],[-96.891008,33.028554],[-96.8907,33.027257],[-96.891195,33.02448],[-96.873729,33.024828],[-96.86213,33.024369],[-96.86267,33.02346],[-96.86414,33.023339],[-96.86436,33.02111],[-96.85967,33.023159],[-96.85976,33.02407],[-96.854737,33.025849],[-96.852665,33.025903],[-96.85299,33.022955],[-96.850641,33.022062],[-96.849305,33.022819],[-96.849233,33.025937],[-96.843266,33.025914],[-96.843703,33.012604],[-96.848629,33.011488],[-96.857192,33.011823],[-96.857211,33.010344],[-96.857962,33.010264],[-96.85812,33.0111],[-96.85926,33.01111],[-96.85928,33.011789]]]},"properties":{"zip":"75007","city":"Carrollton","county":"Denton","u2015":19350,"u2023":21347,"added":1997,"growth":10.3,"moe":866,"certain":true,"peak_month":"2024-05","from_peak":-7.3,"value":404262}},{"type":"Feature","geometry":{"type":"Polygon","coordinates":[[[-96.837012,33.283855],[-96.837437,33.277037],[-96.8646,33.27718],[-96.86447,33.284915],[-96.875137,33.284922],[-96.875215,33.287647],[-96.880854,33.283512],[-96.880759,33.28109],[-96.88277,33.279942],[-96.883852,33.279725],[-96.884836,33.280571],[-96.886984,33.279724],[-96.892761,33.279818],[-96.89225,33.288395],[-96.89098,33.289513],[-96.888637,33.289715],[-96.88331,33.29712],[-96.881302,33.297327],[-96.882353,33.299799],[-96.879946,33.300776],[-96.881092,33.301918],[-96.88189,33.301313],[-96.883111,33.301603],[-96.883274,33.302636],[-96.882006,33.302242],[-96.879874,33.302968],[-96.880366,33.304645],[-96.878834,33.304001],[-96.878611,33.305642],[-96.877141,33.30633],[-96.873639,33.306292],[-96.873536,33.307222],[-96.874813,33.308521],[-96.867681,33.310524],[-96.867575,33.311345],[-96.869446,33.311608],[-96.869757,33.312185],[-96.867077,33.314157],[-96.866795,33.31642],[-96.85385,33.31609],[-96.853232,33.32251],[-96.847275,33.322401],[-96.846015,33.32182],[-96.83622,33.321852],[-96.834004,33.405504],[-96.656486,33.401331],[-96.657566,33.398938],[-96.656681,33.398116],[-96.655915,33.395594],[-96.656251,33.392716],[-96.653364,33.389654],[-96.6545,33.387922],[-96.653982,33.386642],[-96.654769,33.384013],[-96.650389,33.382627],[-96.650367,33.381513],[-96.649198,33.38026],[-96.646103,33.378856],[-96.645003,33.377164],[-96.645639,33.376272],[-96.644563,33.375736],[-96.645432,33.373263],[-96.643339,33.373858],[-96.643407,33.371073],[-96.64242,33.370559],[-96.642556,33.369698],[-96.643578,33.370035],[-96.643708,33.369269],[-96.641577,33.368889],[-96.643639,33.365599],[-96.642244,33.36488],[-96.642623,33.364092],[-96.641654,33.364233],[-96.640977,33.363377],[-96.641204,33.361347],[-96.639502,33.361452],[-96.640204,33.360111],[-96.639021,33.35961],[-96.639345,33.358632],[-96.637376,33.359298],[-96.638273,33.357363],[-96.63627,33.356698],[-96.636657,33.355612],[-96.63857,33.356239],[-96.63742,33.354964],[-96.639183,33.354723],[-96.638645,33.354149],[-96.636213,33.354376],[-96.635207,33.352229],[-96.636832,33.350934],[-96.636495,33.350004],[-96.637564,33.349575],[-96.63732,33.348728],[-96.635745,33.348278],[-96.634982,33.347057],[-96.635895,33.346649],[-96.635982,33.344853],[-96.634397,33.344647],[-96.634119,33.343975],[-96.634741,33.343085],[-96.634019,33.342461],[-96.635332,33.342585],[-96.635769,33.342071],[-96.635216,33.341302],[-96.633869,33.341396],[-96.634448,33.340099],[-96.633035,33.339405],[-96.633323,33.3388],[-96.63522,33.33863],[-96.634556,33.337411],[-96.633071,33.337477],[-96.634347,33.336267],[-96.63393,33.33543],[-96.632964,33.335257],[-96.633678,33.332703],[-96.63283,33.332503],[-96.632472,33.33052],[-96.631502,33.33055],[-96.630708,33.328927],[-96.628259,33.328981],[-96.628366,33.327897],[-96.630257,33.326769],[-96.627436,33.325311],[-96.627188,33.323929],[-96.624753,33.324581],[-96.623641,33.323956],[-96.624904,33.323047],[-96.623548,33.321267],[-96.623767,33.319985],[-96.621631,33.319048],[-96.620107,33.319552],[-96.620295,33.318696],[-96.623196,33.317599],[-96.622455,33.317068],[-96.621472,33.317656],[-96.621714,33.316057],[-96.619702,33.315691],[-96.619213,33.313395],[-96.618347,33.312894],[-96.619798,33.311676],[-96.619658,33.311028],[-96.617286,33.310909],[-96.617537,33.310056],[-96.616462,33.310097],[-96.61423,33.307499],[-96.61192,33.307693],[-96.611806,33.306793],[-96.611038,33.306617],[-96.6101,33.307073],[-96.610285,33.305889],[-96.608618,33.30614],[-96.608277,33.306843],[-96.607524,33.306486],[-96.608094,33.305594],[-96.635961,33.306161],[-96.636028,33.318019],[-96.655436,33.318123],[-96.655441,33.319591],[-96.660187,33.319615],[-96.660239,33.305078],[-96.661979,33.304966],[-96.662173,33.292791],[-96.662784,33.290247],[-96.659083,33.286171],[-96.655801,33.279994],[-96.653916,33.279965],[-96.652729,33.278621],[-96.657826,33.2787],[-96.657514,33.279657],[-96.659773,33.279891],[-96.659972,33.280825],[-96.661921,33.282002],[-96.661686,33.283322],[-96.662717,33.282922],[-96.664242,33.284305],[-96.665207,33.284353],[-96.665513,33.286583],[-96.667194,33.287242],[-96.666554,33.288459],[-96.666602,33.290481],[-96.667461,33.292113],[-96.668685,33.292197],[-96.668877,33.293027],[-96.670507,33.29294],[-96.670423,33.294443],[-96.670918,33.295079],[-96.671892,33.294964],[-96.672027,33.295631],[-96.676075,33.296239],[-96.677736,33.297887],[-96.676738,33.299104],[-96.678641,33.299017],[-96.68047,33.301225],[-96.679943,33.302272],[-96.680424,33.303266],[-96.682595,33.303024],[-96.683119,33.303722],[-96.68563,33.30436],[-96.687725,33.302835],[-96.688902,33.303521],[-96.689825,33.303291],[-96.6895,33.301451],[-96.690338,33.300722],[-96.689246,33.300279],[-96.690051,33.296723],[-96.6928,33.293022],[-96.693533,33.290984],[-96.731351,33.291445],[-96.730369,33.281779],[-96.738742,33.281878],[-96.738699,33.284371],[-96.755902,33.284479],[-96.756121,33.280794],[-96.758003,33.280805],[-96.758033,33.277065],[-96.756199,33.27671],[-96.756383,33.262602],[-96.756837,33.262458],[-96.767337,33.26256],[-96.767305,33.271377],[-96.766771,33.271771],[-96.792748,33.271808],[-96.79266,33.285709],[-96.831247,33.285958],[-96.832218,33.285786],[-96.832371,33.283866],[-96.837012,33.283855]]]},"properties":{"zip":"75009","city":"Celina","county":"Collin","u2015":3247,"u2023":9943,"added":6696,"growth":206.2,"moe":733,"certain":true,"peak_month":"2022-07","from_peak":-16.8,"value":530880}},{"type":"Feature","geometry":{"type":"MultiPolygon","coordinates":[[[[-96.935995,33.03834],[-96.931583,33.038359],[-96.931037,33.041079],[-96.926434,33.04073],[-96.926318,33.037222],[-96.924907,33.036811],[-96.924452,33.03752],[-96.918537,33.037556],[-96.918532,33.031582],[-96.917418,33.026944],[-96.89489,33.02707],[-96.89491,33.024613],[-96.898301,33.024583],[-96.89937,33.02393],[-96.907862,33.02382],[-96.915846,33.020823],[-96.915464,33.019519],[-96.916893,33.01916],[-96.917736,33.020304],[-96.922777,33.019761],[-96.926038,33.016667],[-96.926126,33.015497],[-96.926965,33.015362],[-96.925686,33.014691],[-96.926087,33.013413],[-96.929675,33.012807],[-96.931311,33.01162],[-96.935013,33.011696],[-96.935592,33.01108],[-96.93575,33.007562],[-96.937966,33.006079],[-96.940741,33.005606],[-96.945714,33.006464],[-96.950703,33.005128],[-96.951524,33.006815],[-96.949683,33.008448],[-96.948936,33.010239],[-96.951088,33.014024],[-96.950044,33.018365],[-96.949507,33.018803],[-96.94813,33.018043],[-96.946167,33.018225],[-96.944309,33.020882],[-96.945013,33.023111],[-96.944336,33.025353],[-96.944393,33.033447],[-96.935941,33.034109],[-96.935995,33.03834]]],[[[-96.86213,33.024369],[-96.891195,33.02448],[-96.89071,33.026862],[-96.891081,33.028584],[-96.892053,33.028515],[-96.892016,33.026572],[-96.893879,33.026487],[-96.89399,33.02702],[-96.892515,33.027155],[-96.892505,33.028763],[-96.887322,33.029013],[-96.887875,33.043383],[-96.881422,33.041347],[-96.88103,33.044559],[-96.890137,33.04459],[-96.892544,33.045659],[-96.892444,33.044956],[-96.889679,33.044252],[-96.888166,33.044438],[-96.888068,33.043422],[-96.898338,33.046429],[-96.912551,33.045958],[-96.912954,33.050266],[-96.91648,33.052589],[-96.914457,33.053686],[-96.899595,33.046981],[-96.895261,33.047148],[-96.89234,33.046128],[-96.891191,33.047407],[-96.890655,33.049242],[-96.889376,33.050375],[-96.886881,33.050905],[-96.886334,33.050306],[-96.885941,33.051847],[-96.883876,33.051701],[-96.886604,33.062204],[-96.883787,33.063562],[-96.881735,33.064183],[-96.877398,33.061258],[-96.871035,33.061143],[-96.865999,33.059126],[-96.857861,33.057844],[-96.860229,33.042003],[-96.852973,33.042005],[-96.853044,33.036956],[-96.855584,33.036903],[-96.855609,33.035593],[-96.85129,33.033001],[-96.852435,33.030838],[-96.852675,33.026063],[-96.849233,33.025937],[-96.849305,33.022819],[-96.850891,33.022067],[-96.85299,33.022955],[-96.852665,33.025903],[-96.854275,33.02593],[-96.85976,33.02407],[-96.85967,33.023159],[-96.86436,33.02111],[-96.86414,33.023339],[-96.86267,33.02346],[-96.86213,33.024369]]]]},"properties":{"zip":"75010","city":"Carrollton","county":"Denton","u2015":9952,"u2023":13798,"added":3846,"growth":38.6,"moe":672,"certain":true,"peak_month":"2024-11","from_peak":-6.3,"value":528549}},{"type":"Feature","geometry":{"type":"Polygon","coordinates":[[[-96.711825,33.084679],[-96.716158,33.085946],[-96.736575,33.086022],[-96.736228,33.088078],[-96.733491,33.091665],[-96.733259,33.118403],[-96.73185,33.12232],[-96.732663,33.125228],[-96.70297,33.135617],[-96.645626,33.157565],[-96.653291,33.137164],[-96.665099,33.12366],[-96.664439,33.123331],[-96.666508,33.115578],[-96.667304,33.115505],[-96.666575,33.115316],[-96.670299,33.101115],[-96.675171,33.091109],[-96.675884,33.091369],[-96.675225,33.090952],[-96.677368,33.086432],[-96.681367,33.08196],[-96.685506,33.073791],[-96.685664,33.075191],[-96.686965,33.075603],[-96.688014,33.077269],[-96.6897,33.077741],[-96.69027,33.077347],[-96.692062,33.078518],[-96.69286,33.078394],[-96.692748,33.079095],[-96.693643,33.078919],[-96.69357,33.079557],[-96.694438,33.079724],[-96.694214,33.08073],[-96.695892,33.080741],[-96.695919,33.081674],[-96.696922,33.081775],[-96.69741,33.082594],[-96.697267,33.083634],[-96.69822,33.083802],[-96.697716,33.084608],[-96.698933,33.084429],[-96.699396,33.085566],[-96.700664,33.085943],[-96.702477,33.08794],[-96.704813,33.088569],[-96.705553,33.08816],[-96.709238,33.089543],[-96.711825,33.084679]]]},"properties":{"zip":"75013","city":"Allen","county":"Collin","u2015":11743,"u2023":18341,"added":6598,"growth":56.2,"moe":936,"certain":true,"peak_month":"2022-07","from_peak":-9.0,"value":657024}},{"type":"Feature","geometry":{"type":"Polygon","coordinates":[[[-96.993397,32.985954],[-96.990488,32.985287],[-96.986863,32.985577],[-96.980316,32.989206],[-96.973588,32.989145],[-96.97379,32.990859],[-96.972217,32.991093],[-96.968484,32.991051],[-96.966334,32.989736],[-96.963625,32.989179],[-96.960018,32.990949],[-96.959975,32.989024],[-96.942255,32.988798],[-96.941621,32.988369],[-96.940951,32.982898],[-96.939098,32.982115],[-96.935989,32.982223],[-96.935479,32.98086],[-96.939241,32.978727],[-96.938611,32.97799],[-96.936443,32.977511],[-96.936,32.976729],[-96.937142,32.972822],[-96.936873,32.970754],[-96.939036,32.969468],[-96.94259,32.970208],[-96.941917,32.968286],[-96.944404,32.966302],[-96.943578,32.958723],[-96.942455,32.956297],[-96.938864,32.952373],[-96.93941,32.948887],[-96.937456,32.947426],[-96.935342,32.947273],[-96.932809,32.941719],[-96.935245,32.937044],[-96.93617,32.936743],[-96.937584,32.9381],[-96.938301,32.937188],[-96.938274,32.93768],[-96.939551,32.937624],[-96.941345,32.938572],[-96.942527,32.946157],[-96.943858,32.947459],[-96.9498,32.948099],[-96.955643,32.950477],[-96.959748,32.950356],[-96.961774,32.949122],[-96.968297,32.953966],[-96.968253,32.951741],[-96.96988,32.95173],[-96.970065,32.949425],[-96.968291,32.949407],[-96.968323,32.9475],[-96.967569,32.947477],[-96.969577,32.94677],[-96.969314,32.944155],[-96.970343,32.943069],[-96.970257,32.941964],[-96.968946,32.941173],[-96.969884,32.9393],[-96.968895,32.937781],[-96.969265,32.936005],[-96.971348,32.935432],[-96.97162,32.932405],[-96.972336,32.932584],[-96.974722,32.936],[-96.974703,32.93379],[-96.973897,32.932144],[-96.975039,32.932077],[-96.976191,32.930356],[-96.977136,32.931832],[-96.977885,32.931725],[-96.97837,32.928792],[-96.979372,32.927604],[-96.98171,32.928227],[-96.981688,32.925666],[-96.993703,32.925714],[-96.993782,32.923703],[-96.997906,32.925317],[-97.001376,32.927627],[-97.014464,32.942168],[-97.017752,32.94421],[-97.022285,32.945853],[-97.02217,32.954979],[-97.032587,32.955008],[-97.032499,32.969014],[-97.026667,32.975831],[-97.021116,32.980924],[-97.02647,32.984738],[-97.027653,32.984948],[-97.027974,32.983525],[-97.03239,32.980482],[-97.032287,32.989324],[-97.019572,32.989323],[-97.019281,32.987031],[-97.017876,32.986128],[-97.016662,32.987889],[-97.013203,32.987301],[-97.003666,32.995061],[-96.999703,32.997422],[-96.997191,32.994835],[-96.993083,32.995708],[-96.993397,32.985954]]]},"properties":{"zip":"75019","city":"Coppell","county":"Dallas","u2015":15340,"u2023":17455,"added":2115,"growth":13.8,"moe":626,"certain":true,"peak_month":"2025-02","from_peak":-3.5,"value":630897}},{"type":"Feature","geometry":{"type":"Polygon","coordinates":[[[-97.072961,33.033478],[-97.070595,33.033538],[-97.07054,33.034779],[-97.06787,33.03456],[-97.06805,33.03005],[-97.070677,33.030042],[-97.07074,33.026866],[-97.069564,33.026092],[-97.069574,33.025578],[-97.070749,33.025592],[-97.070769,33.005024],[-97.069412,33.000897],[-97.065532,32.997793],[-97.063876,32.994481],[-97.065172,32.993834],[-97.065246,32.989643],[-97.06166,32.98963],[-97.060163,32.987949],[-97.057578,32.986818],[-97.04543,32.986491],[-97.040425,32.984533],[-97.047924,32.984382],[-97.051691,32.981158],[-97.056345,32.980662],[-97.056733,32.978406],[-97.058232,32.978386],[-97.06407,32.983904],[-97.067737,32.989653],[-97.08723,32.989761],[-97.105524,32.995948],[-97.117618,33.000818],[-97.125761,33.00311],[-97.170924,33.029043],[-97.172702,33.033205],[-97.177286,33.037804],[-97.180044,33.037987],[-97.180239,33.038784],[-97.181103,33.039062],[-97.181976,33.037951],[-97.181637,33.04112],[-97.182164,33.042474],[-97.180523,33.042493],[-97.179785,33.043298],[-97.180981,33.043491],[-97.18122,33.044525],[-97.176491,33.045245],[-97.176278,33.045788],[-97.179586,33.050026],[-97.182845,33.050891],[-97.183356,33.052852],[-97.181799,33.05361],[-97.18228,33.054465],[-97.181736,33.055563],[-97.177426,33.060898],[-97.177057,33.062758],[-97.178377,33.062508],[-97.178602,33.063775],[-97.177989,33.064399],[-97.178852,33.064778],[-97.168938,33.064722],[-97.168878,33.065373],[-97.166889,33.06559],[-97.167801,33.067387],[-97.164553,33.069496],[-97.159989,33.070028],[-97.160019,33.067566],[-97.161156,33.067557],[-97.161156,33.064572],[-97.157269,33.064551],[-97.157196,33.061541],[-97.150293,33.063992],[-97.148539,33.064017],[-97.148673,33.060086],[-97.150403,33.060695],[-97.150343,33.058897],[-97.149818,33.058475],[-97.145839,33.058849],[-97.1458,33.05941],[-97.131438,33.059393],[-97.12907,33.057946],[-97.12891,33.05522],[-97.128738,33.05681],[-97.121173,33.056993],[-97.119436,33.052396],[-97.119411,33.054501],[-97.109686,33.054726],[-97.109803,33.046694],[-97.104487,33.045499],[-97.0985,33.041671],[-97.089218,33.041567],[-97.089718,33.039316],[-97.088228,33.039915],[-97.087532,33.041559],[-97.081499,33.04137],[-97.079335,33.039403],[-97.079506,33.036896],[-97.075665,33.036841],[-97.075,33.03421],[-97.072961,33.033478]]]},"properties":{"zip":"75022","city":"Flower Mound","county":"Denton","u2015":7492,"u2023":9491,"added":1999,"growth":26.7,"moe":497,"certain":true,"peak_month":"2025-01","from_peak":-2.4,"value":781299}},{"type":"Feature","geometry":{"type":"Polygon","coordinates":[[[-96.709957,33.04088],[-96.769884,33.041303],[-96.770391,33.045614],[-96.77036,33.067684],[-96.772039,33.071726],[-96.715797,33.071337],[-96.715012,33.07442],[-96.716074,33.075736],[-96.724999,33.075783],[-96.724951,33.079611],[-96.723804,33.080804],[-96.718189,33.078221],[-96.71522,33.078339],[-96.711663,33.075211],[-96.71051,33.075851],[-96.709751,33.073798],[-96.710616,33.074672],[-96.71275,33.075091],[-96.714125,33.073439],[-96.711991,33.072877],[-96.71247,33.070431],[-96.711514,33.069799],[-96.709621,33.069485],[-96.70961,33.072922],[-96.708775,33.073433],[-96.707107,33.073987],[-96.706199,33.073431],[-96.704914,33.074135],[-96.703135,33.073112],[-96.702848,33.072263],[-96.69933,33.074381],[-96.69829,33.072932],[-96.699092,33.072505],[-96.698754,33.070489],[-96.69681,33.071623],[-96.696538,33.071195],[-96.69839,33.069886],[-96.698647,33.067937],[-96.694526,33.068159],[-96.690077,33.065954],[-96.693651,33.057477],[-96.704331,33.037459],[-96.70652,33.03792],[-96.70832,33.040438],[-96.709957,33.04088]]]},"properties":{"zip":"75023","city":"Plano","county":"Collin","u2015":18838,"u2023":19621,"added":783,"growth":4.2,"moe":908,"certain":false,"peak_month":"2024-05","from_peak":-10.1,"value":420090}},{"type":"Feature","geometry":{"type":"Polygon","coordinates":[[[-96.770433,33.068295],[-96.770371,33.056012],[-96.771365,33.055943],[-96.801662,33.056527],[-96.807689,33.057693],[-96.813091,33.056534],[-96.820108,33.056571],[-96.823818,33.054684],[-96.829927,33.054845],[-96.829329,33.057907],[-96.825411,33.06364],[-96.82505,33.065615],[-96.832905,33.065565],[-96.833011,33.058466],[-96.836186,33.058462],[-96.836292,33.056856],[-96.842504,33.05695],[-96.842367,33.060139],[-96.85743,33.060713],[-96.85518,33.076498],[-96.855742,33.081266],[-96.846607,33.084919],[-96.841854,33.086264],[-96.841867,33.085576],[-96.812075,33.094024],[-96.797547,33.100348],[-96.797839,33.100852],[-96.788264,33.104656],[-96.788288,33.104094],[-96.768021,33.112316],[-96.768185,33.107122],[-96.771425,33.103194],[-96.772039,33.071726],[-96.770433,33.068295]]]},"properties":{"zip":"75024","city":"Plano","county":"Collin","u2015":17987,"u2023":20362,"added":2375,"growth":13.2,"moe":640,"certain":true,"peak_month":"2024-05","from_peak":-6.7,"value":640849}},{"type":"Feature","geometry":{"type":"Polygon","coordinates":[[[-96.715797,33.071337],[-96.772039,33.071726],[-96.771369,33.103541],[-96.768185,33.107122],[-96.768021,33.112316],[-96.749031,33.119739],[-96.732663,33.125228],[-96.73185,33.12232],[-96.733259,33.118403],[-96.733491,33.091665],[-96.736228,33.088078],[-96.736575,33.086022],[-96.716158,33.085946],[-96.711878,33.084515],[-96.709238,33.089543],[-96.705553,33.08816],[-96.704813,33.088569],[-96.702453,33.087929],[-96.70073,33.085994],[-96.699396,33.085566],[-96.698933,33.084429],[-96.697716,33.084608],[-96.69822,33.083802],[-96.697246,33.083604],[-96.696948,33.081795],[-96.695919,33.081674],[-96.695716,33.080638],[-96.694214,33.08073],[-96.694468,33.079783],[-96.69357,33.079557],[-96.693687,33.078949],[-96.692748,33.079095],[-96.692895,33.078415],[-96.692062,33.078518],[-96.69027,33.077347],[-96.6897,33.077741],[-96.688014,33.077269],[-96.686229,33.075364],[-96.690077,33.065954],[-96.694526,33.068159],[-96.698647,33.067937],[-96.69839,33.069886],[-96.696538,33.071195],[-96.69681,33.071623],[-96.698754,33.070489],[-96.699092,33.072505],[-96.69829,33.072932],[-96.69933,33.074381],[-96.702848,33.072263],[-96.703135,33.073112],[-96.704914,33.074135],[-96.706199,33.073431],[-96.707107,33.073987],[-96.708775,33.073433],[-96.70961,33.072922],[-96.709621,33.069485],[-96.711514,33.069799],[-96.71247,33.070431],[-96.711991,33.072877],[-96.714125,33.073439],[-96.71275,33.075091],[-96.710616,33.074672],[-96.709751,33.073798],[-96.71051,33.075851],[-96.711663,33.075211],[-96.71522,33.078339],[-96.718189,33.078221],[-96.723804,33.080804],[-96.724951,33.079611],[-96.724999,33.075783],[-96.716074,33.075736],[-96.715012,33.07442],[-96.715797,33.071337]]]},"properties":{"zip":"75025","city":"Plano","county":"Collin","u2015":19597,"u2023":19288,"added":-309,"growth":-1.6,"moe":855,"certain":false,"peak_month":"2024-05","from_peak":-8.9,"value":558049}},{"type":"Feature","geometry":{"type":"Polygon","coordinates":[[[-97.061843,32.989631],[-97.065246,32.989643],[-97.065172,32.993834],[-97.063876,32.994481],[-97.065532,32.997793],[-97.069281,33.000698],[-97.070715,33.00461],[-97.070749,33.025592],[-97.069574,33.025578],[-97.069564,33.026092],[-97.07074,33.026866],[-97.070677,33.030042],[-97.06805,33.03005],[-97.06787,33.03456],[-97.07054,33.034779],[-97.070595,33.033538],[-97.0744,33.03373],[-97.07526,33.03457],[-97.075665,33.036841],[-97.079506,33.036896],[-97.079335,33.039403],[-97.08171,33.041435],[-97.087532,33.041559],[-97.088228,33.039915],[-97.089718,33.039316],[-97.089218,33.041567],[-97.0985,33.041671],[-97.104487,33.045499],[-97.109803,33.046694],[-97.10964,33.05838],[-97.09715,33.05828],[-97.096833,33.060194],[-97.094139,33.060063],[-97.094042,33.06262],[-97.08808,33.06259],[-97.08795,33.072029],[-97.082323,33.072111],[-97.07731,33.07378],[-97.067611,33.073804],[-97.058409,33.071666],[-97.048533,33.071554],[-97.04456,33.070327],[-97.044559,33.042188],[-97.0361,33.042209],[-97.036456,33.020757],[-97.035235,33.020753],[-97.035229,33.016885],[-97.033539,33.016894],[-97.033581,33.013475],[-97.0276,33.0135],[-97.027777,32.999183],[-97.02859,32.998829],[-97.028593,32.989314],[-97.032287,32.989324],[-97.032387,32.984623],[-97.040425,32.984533],[-97.04543,32.986491],[-97.057828,32.986877],[-97.060163,32.987949],[-97.061843,32.989631]]]},"properties":{"zip":"75028","city":"Flower Mound","county":"Denton","u2015":15561,"u2023":18189,"added":2628,"growth":16.9,"moe":815,"certain":true,"peak_month":"2024-12","from_peak":-4.5,"value":541084}},{"type":"Feature","geometry":{"type":"Polygon","coordinates":[[[-96.447312,32.911775],[-96.444603,32.913134],[-96.438805,32.907896],[-96.437621,32.909077],[-96.43628,32.909391],[-96.436284,32.91003],[-96.433712,32.910259],[-96.432198,32.911243],[-96.433051,32.915716],[-96.401463,32.923887],[-96.391568,32.927684],[-96.391409,32.927287],[-96.400871,32.923553],[-96.400621,32.904728],[-96.38874,32.904587],[-96.388698,32.910863],[-96.375066,32.911069],[-96.37638,32.904545],[-96.380237,32.904579],[-96.38042,32.897145],[-96.381164,32.897145],[-96.380933,32.904581],[-96.386584,32.904581],[-96.386642,32.894528],[-96.38596,32.893206],[-96.385996,32.891103],[-96.379851,32.890994],[-96.378916,32.890361],[-96.377361,32.890402],[-96.37501,32.892709],[-96.370736,32.893271],[-96.370753,32.892526],[-96.374961,32.892501],[-96.375115,32.885137],[-96.369496,32.884983],[-96.371626,32.88311],[-96.363841,32.876133],[-96.370712,32.870472],[-96.365931,32.866237],[-96.369674,32.862696],[-96.318359,32.818827],[-96.316645,32.818658],[-96.314677,32.819913],[-96.313578,32.819539],[-96.312746,32.820124],[-96.311975,32.82161],[-96.313121,32.822693],[-96.312612,32.824365],[-96.31041,32.826541],[-96.311706,32.827415],[-96.309148,32.827333],[-96.306938,32.832199],[-96.307651,32.834547],[-96.307451,32.841248],[-96.317838,32.850105],[-96.314219,32.85315],[-96.310331,32.852714],[-96.306137,32.846662],[-96.304332,32.845976],[-96.302988,32.846622],[-96.30065,32.845377],[-96.299522,32.843424],[-96.297322,32.841723],[-96.297376,32.814185],[-96.350574,32.814012],[-96.352141,32.819052],[-96.355552,32.816803],[-96.356443,32.813965],[-96.488584,32.813229],[-96.51897,32.813616],[-96.518448,32.876165],[-96.482269,32.893357],[-96.475724,32.895615],[-96.471366,32.891838],[-96.470983,32.893983],[-96.4652,32.892075],[-96.460325,32.896307],[-96.46296,32.897506],[-96.463736,32.899001],[-96.459253,32.900416],[-96.456515,32.902105],[-96.447312,32.911775]]]},"properties":{"zip":"75032","city":"Rockwall","county":"Rockwall","u2015":11276,"u2023":13453,"added":2177,"growth":19.3,"moe":639,"certain":true,"peak_month":"2022-07","from_peak":-6.1,"value":532991}},{"type":"Feature","geometry":{"type":"Polygon","coordinates":[[[-96.891544,33.107217],[-96.891996,33.109566],[-96.897911,33.10943],[-96.896138,33.110917],[-96.897588,33.111722],[-96.90066,33.111262],[-96.90963,33.105539],[-96.913799,33.101403],[-96.912922,33.105787],[-96.908442,33.108417],[-96.9065,33.111123],[-96.90499,33.111581],[-96.905486,33.112865],[-96.90543,33.120425],[-96.918366,33.120161],[-96.921006,33.117874],[-96.925584,33.115544],[-96.93004,33.115258],[-96.930558,33.112213],[-96.929588,33.111759],[-96.929602,33.110715],[-96.932827,33.110564],[-96.93459,33.107787],[-96.935223,33.107657],[-96.935317,33.108285],[-96.934575,33.108002],[-96.935032,33.108516],[-96.933116,33.110398],[-96.932778,33.110633],[-96.932378,33.110819],[-96.931096,33.111038],[-96.930617,33.111601],[-96.931347,33.1128],[-96.930549,33.115309],[-96.932276,33.115471],[-96.933092,33.116204],[-96.931309,33.116211],[-96.930894,33.117013],[-96.934637,33.118591],[-96.936135,33.120747],[-96.941441,33.120887],[-96.945433,33.115209],[-96.950946,33.10942],[-96.958975,33.103101],[-96.96443,33.100028],[-96.96947,33.09999],[-96.969625,33.114353],[-96.970945,33.1177],[-96.965868,33.123353],[-96.959698,33.13195],[-96.954416,33.134889],[-96.941912,33.140242],[-96.936423,33.144295],[-96.935111,33.146796],[-96.933917,33.15265],[-96.932336,33.156595],[-96.929928,33.159593],[-96.924367,33.164031],[-96.922401,33.164242],[-96.919322,33.16165],[-96.91317,33.160753],[-96.912295,33.159931],[-96.911043,33.160535],[-96.908898,33.159492],[-96.905719,33.159481],[-96.900144,33.157838],[-96.896871,33.15878],[-96.895579,33.160567],[-96.893195,33.161741],[-96.893289,33.162892],[-96.892433,33.163207],[-96.892398,33.164413],[-96.885864,33.166716],[-96.882585,33.166803],[-96.882112,33.167489],[-96.881949,33.178282],[-96.887341,33.178399],[-96.887017,33.189901],[-96.88062,33.20208],[-96.88026,33.21905],[-96.838339,33.219392],[-96.78629,33.218866],[-96.784524,33.217959],[-96.78263,33.21849],[-96.775954,33.216602],[-96.775419,33.212987],[-96.774074,33.21248],[-96.774093,33.211344],[-96.79384,33.211531],[-96.793864,33.20405],[-96.802769,33.204169],[-96.803257,33.154286],[-96.804515,33.147487],[-96.804124,33.134912],[-96.804959,33.128351],[-96.801854,33.12842],[-96.801319,33.127251],[-96.805271,33.126418],[-96.805435,33.120958],[-96.800907,33.118716],[-96.804019,33.113234],[-96.805529,33.113144],[-96.80559,33.109012],[-96.801282,33.109003],[-96.801241,33.106524],[-96.799054,33.102485],[-96.801903,33.100478],[-96.801288,33.099424],[-96.805432,33.097798],[-96.80543,33.097149],[-96.812075,33.094024],[-96.841867,33.085576],[-96.841854,33.086264],[-96.846607,33.084919],[-96.855742,33.081266],[-96.85686,33.091928],[-96.854441,33.103772],[-96.853343,33.10643],[-96.860161,33.106308],[-96.86116,33.106532],[-96.861577,33.108398],[-96.862773,33.108351],[-96.868984,33.108006],[-96.868956,33.105327],[-96.881314,33.105128],[-96.881328,33.102321],[-96.883406,33.102331],[-96.883902,33.101224],[-96.882503,33.098823],[-96.883536,33.098801],[-96.885039,33.100806],[-96.884629,33.10297],[-96.888839,33.103693],[-96.888075,33.105513],[-96.891544,33.107217]]]},"properties":{"zip":"75034","city":"Frisco","county":"Collin","u2015":30321,"u2023":23836,"added":-6485,"growth":-21.4,"moe":1064,"certain":true,"peak_month":"2022-07","from_peak":-7.7,"value":676504}},{"type":"Feature","geometry":{"type":"Polygon","coordinates":[[[-96.803269,33.153908],[-96.802769,33.204169],[-96.793864,33.20405],[-96.79384,33.211531],[-96.774093,33.211344],[-96.774008,33.218642],[-96.771902,33.218623],[-96.771918,33.216259],[-96.767642,33.216229],[-96.767901,33.182011],[-96.750236,33.182187],[-96.75024,33.181661],[-96.742113,33.181623],[-96.741574,33.181867],[-96.741513,33.1852],[-96.734332,33.18524],[-96.734057,33.184046],[-96.732829,33.184735],[-96.7329,33.174407],[-96.736156,33.174391],[-96.732903,33.174318],[-96.733449,33.126966],[-96.732835,33.125168],[-96.750316,33.119256],[-96.788288,33.104094],[-96.788264,33.104656],[-96.80543,33.097149],[-96.805432,33.097798],[-96.801288,33.099424],[-96.801903,33.100478],[-96.799054,33.102485],[-96.801241,33.106524],[-96.801282,33.109003],[-96.80559,33.109012],[-96.805529,33.113144],[-96.804019,33.113234],[-96.800907,33.118716],[-96.805435,33.120958],[-96.805271,33.126418],[-96.801319,33.127251],[-96.801854,33.12842],[-96.804959,33.128351],[-96.804124,33.134912],[-96.804515,33.147487],[-96.803269,33.153908]]]},"properties":{"zip":"75035","city":"Frisco","county":"Collin","u2015":18597,"u2023":29198,"added":10601,"growth":57.0,"moe":894,"certain":true,"peak_month":"2022-07","from_peak":-10.3,"value":646743}},{"type":"Feature","geometry":{"type":"Polygon","coordinates":[[[-96.97299,32.895016],[-96.979602,32.899547],[-96.985813,32.902321],[-96.980896,32.900494],[-96.955825,32.886733],[-96.956105,32.886348],[-96.954934,32.884874],[-96.953436,32.884877],[-96.951439,32.883663],[-96.947903,32.879457],[-96.947441,32.879624],[-96.946459,32.877015],[-96.946407,32.872428],[-96.947966,32.871158],[-96.948004,32.868575],[-96.949071,32.866743],[-96.951504,32.866841],[-96.951785,32.866459],[-96.951205,32.866165],[-96.952994,32.863058],[-96.953914,32.863011],[-96.954351,32.861731],[-96.953475,32.860473],[-96.956857,32.858428],[-96.960369,32.858772],[-96.963726,32.856248],[-96.971453,32.856247],[-96.978766,32.854914],[-96.980709,32.855989],[-96.987397,32.855562],[-96.988432,32.859376],[-96.992019,32.858123],[-96.992071,32.857072],[-96.99037,32.856977],[-96.989684,32.856325],[-96.994598,32.856885],[-96.993431,32.857078],[-96.9941,32.858853],[-96.996428,32.85879],[-96.996405,32.859263],[-96.996956,32.858615],[-96.999609,32.858559],[-97.000042,32.856918],[-97.006378,32.856965],[-97.0064,32.859125],[-97.007649,32.859901],[-97.007909,32.856966],[-97.021289,32.856918],[-97.022064,32.837137],[-97.033781,32.837135],[-97.032937,32.904296],[-97.028678,32.9042],[-97.028697,32.905116],[-97.01317,32.90487],[-97.013134,32.899115],[-97.001489,32.899002],[-96.99422,32.89222],[-96.994181,32.888742],[-96.998209,32.887423],[-96.994865,32.884157],[-96.994767,32.882411],[-96.992959,32.8823],[-96.990055,32.879548],[-96.981837,32.888939],[-96.97299,32.895016]]]},"properties":{"zip":"75038","city":"Irving","county":"Dallas","u2015":13495,"u2023":15385,"added":1890,"growth":14.0,"moe":1128,"certain":true,"peak_month":"2024-05","from_peak":-1.4,"value":468824}},{"type":"Feature","geometry":{"type":"Polygon","coordinates":[[[-96.963568,32.901819],[-96.953339,32.90862],[-96.954937,32.910038],[-96.95367,32.910983],[-96.951942,32.9104],[-96.950892,32.912895],[-96.945583,32.911858],[-96.945212,32.911136],[-96.942619,32.911019],[-96.941041,32.911675],[-96.931075,32.90943],[-96.931682,32.907093],[-96.926787,32.902591],[-96.928628,32.896364],[-96.926923,32.892482],[-96.927653,32.891215],[-96.93041,32.890918],[-96.930999,32.890245],[-96.929962,32.887258],[-96.931776,32.885477],[-96.931941,32.883974],[-96.931363,32.883026],[-96.928748,32.883547],[-96.927777,32.882596],[-96.92941,32.880215],[-96.929512,32.876067],[-96.931272,32.8733],[-96.931589,32.871431],[-96.931044,32.870601],[-96.927532,32.869283],[-96.925265,32.870844],[-96.923842,32.870632],[-96.923692,32.868904],[-96.926661,32.867261],[-96.92702,32.866448],[-96.926291,32.86535],[-96.924244,32.865736],[-96.925264,32.863273],[-96.922791,32.862416],[-96.922117,32.861367],[-96.925006,32.859645],[-96.925257,32.858887],[-96.919471,32.857416],[-96.916845,32.858403],[-96.916856,32.85654],[-96.916124,32.856042],[-96.916219,32.849609],[-96.933817,32.858611],[-96.94371,32.868189],[-96.94813,32.865554],[-96.949071,32.866743],[-96.948004,32.868575],[-96.9481,32.87079],[-96.946407,32.872428],[-96.946459,32.877015],[-96.947441,32.879624],[-96.947903,32.879457],[-96.951439,32.883663],[-96.953436,32.884877],[-96.954934,32.884874],[-96.956105,32.886348],[-96.955825,32.886733],[-96.971939,32.895636],[-96.971209,32.896076],[-96.971682,32.896352],[-96.97461,32.897388],[-96.971448,32.900748],[-96.968978,32.898386],[-96.966603,32.899867],[-96.966525,32.900606],[-96.968274,32.901947],[-96.966766,32.901634],[-96.965313,32.902538],[-96.965563,32.902889],[-96.963568,32.901819]],[[-96.942322,32.868861],[-96.941433,32.86656],[-96.938755,32.863994],[-96.936973,32.865282],[-96.940082,32.86777],[-96.941072,32.869448],[-96.942322,32.868861]]]},"properties":{"zip":"75039","city":"Irving","county":"Dallas","u2015":8326,"u2023":13286,"added":4960,"growth":59.6,"moe":662,"certain":true,"peak_month":"2025-02","from_peak":-2.5,"value":644388}},{"type":"Feature","geometry":{"type":"Polygon","coordinates":[[[-96.629654,32.894278],[-96.639589,32.895006],[-96.645082,32.894441],[-96.645088,32.895428],[-96.64745,32.89512],[-96.647491,32.89445],[-96.650419,32.894489],[-96.650367,32.896487],[-96.648822,32.897151],[-96.648418,32.907646],[-96.650001,32.908988],[-96.648156,32.909039],[-96.648168,32.91234],[-96.6491,32.91235],[-96.649103,32.913773],[-96.651952,32.913309],[-96.65398,32.916291],[-96.648297,32.91624],[-96.648254,32.94596],[-96.64903,32.947668],[-96.654375,32.952094],[-96.656814,32.952002],[-96.657122,32.952911],[-96.655653,32.95315],[-96.662525,32.958782],[-96.659824,32.961059],[-96.65936,32.960495],[-96.658734,32.96098],[-96.656287,32.960343],[-96.654628,32.961042],[-96.653278,32.960397],[-96.651824,32.960625],[-96.651376,32.959494],[-96.649863,32.959389],[-96.642216,32.96587],[-96.63182,32.95805],[-96.618907,32.950651],[-96.617299,32.956195],[-96.610768,32.96552],[-96.606553,32.969045],[-96.603151,32.965964],[-96.611266,32.959468],[-96.610964,32.958889],[-96.609757,32.958872],[-96.608698,32.957044],[-96.594253,32.950888],[-96.591184,32.947623],[-96.591152,32.94608],[-96.58959,32.947082],[-96.584164,32.941678],[-96.582618,32.941825],[-96.579809,32.939472],[-96.577913,32.939704],[-96.575249,32.936573],[-96.581366,32.931587],[-96.586195,32.928544],[-96.591094,32.920594],[-96.593097,32.920028],[-96.593381,32.908138],[-96.592622,32.906243],[-96.592367,32.894002],[-96.62594,32.894259],[-96.626099,32.895144],[-96.626677,32.895151],[-96.629654,32.895151],[-96.629654,32.894278]]]},"properties":{"zip":"75040","city":"Garland","county":"Dallas","u2015":19306,"u2023":21629,"added":2323,"growth":12.0,"moe":863,"certain":true,"peak_month":"2024-05","from_peak":-8.5,"value":280395}},{"type":"Feature","geometry":{"type":"Polygon","coordinates":[[[-96.68318,32.878801],[-96.683157,32.885936],[-96.693737,32.88595],[-96.6939,32.894422],[-96.647491,32.89445],[-96.64745,32.89512],[-96.645088,32.895428],[-96.645082,32.894441],[-96.639589,32.895006],[-96.629654,32.894278],[-96.629654,32.895151],[-96.626677,32.895151],[-96.626099,32.895144],[-96.62594,32.894259],[-96.602214,32.894013],[-96.631554,32.870301],[-96.627943,32.867131],[-96.627712,32.86622],[-96.628879,32.866568],[-96.630421,32.865344],[-96.633958,32.868487],[-96.642631,32.861213],[-96.640056,32.859105],[-96.640456,32.858697],[-96.641193,32.859229],[-96.642694,32.857976],[-96.643577,32.858784],[-96.644359,32.858227],[-96.645095,32.858896],[-96.648694,32.855858],[-96.669275,32.868896],[-96.67944,32.872049],[-96.683177,32.874664],[-96.683178,32.873959],[-96.689481,32.878681],[-96.68318,32.878801]]]},"properties":{"zip":"75041","city":"Garland","county":"Dallas","u2015":10283,"u2023":10378,"added":95,"growth":0.9,"moe":548,"certain":false,"peak_month":"2024-05","from_peak":-11.5,"value":248713}},{"type":"Feature","geometry":{"type":"Polygon","coordinates":[[[-96.648418,32.907646],[-96.648822,32.897151],[-96.650367,32.896487],[-96.650419,32.894489],[-96.69188,32.894571],[-96.691972,32.904055],[-96.697977,32.902268],[-96.69784,32.908886],[-96.700544,32.909025],[-96.70039,32.916562],[-96.70588,32.916604],[-96.705904,32.931232],[-96.668664,32.931244],[-96.658941,32.93049],[-96.648319,32.931171],[-96.648297,32.91624],[-96.65398,32.916291],[-96.651952,32.913309],[-96.649103,32.913773],[-96.6491,32.91235],[-96.648168,32.91234],[-96.648156,32.909039],[-96.650001,32.908988],[-96.648418,32.907646]]]},"properties":{"zip":"75042","city":"Garland","county":"Dallas","u2015":12287,"u2023":11791,"added":-496,"growth":-4.0,"moe":523,"certain":false,"peak_month":"2024-07","from_peak":-9.5,"value":275858}},{"type":"Feature","geometry":{"type":"Polygon","coordinates":[[[-96.618923,32.840901],[-96.62027,32.841183],[-96.62245,32.8436],[-96.622079,32.843902],[-96.628337,32.849232],[-96.634854,32.843785],[-96.637192,32.846483],[-96.648694,32.855858],[-96.645095,32.858896],[-96.644359,32.858227],[-96.643577,32.858784],[-96.642694,32.857976],[-96.641193,32.859229],[-96.640456,32.858697],[-96.640056,32.859105],[-96.642631,32.861213],[-96.633958,32.868487],[-96.630421,32.865344],[-96.628879,32.866568],[-96.627712,32.86622],[-96.627943,32.867131],[-96.631554,32.870301],[-96.602214,32.894013],[-96.592367,32.894002],[-96.589171,32.885525],[-96.569826,32.867827],[-96.540754,32.872498],[-96.532953,32.869688],[-96.522592,32.873962],[-96.519844,32.871056],[-96.520567,32.87051],[-96.519933,32.867219],[-96.51855,32.867156],[-96.518869,32.832728],[-96.53959,32.834702],[-96.541935,32.834654],[-96.543643,32.833577],[-96.560644,32.833635],[-96.564535,32.829922],[-96.566785,32.829228],[-96.568249,32.830772],[-96.56945,32.831117],[-96.569582,32.832338],[-96.571629,32.832416],[-96.571953,32.833059],[-96.575358,32.832188],[-96.576017,32.832966],[-96.576885,32.832521],[-96.578985,32.833486],[-96.579101,32.832912],[-96.580469,32.832608],[-96.581352,32.833043],[-96.582074,32.831781],[-96.584129,32.831756],[-96.585401,32.832704],[-96.587002,32.831486],[-96.587926,32.83243],[-96.589112,32.832302],[-96.589623,32.832864],[-96.59583,32.833246],[-96.596761,32.834636],[-96.598652,32.835106],[-96.599889,32.836402],[-96.606422,32.833703],[-96.606877,32.835078],[-96.60205,32.837183],[-96.602651,32.83786],[-96.600979,32.838625],[-96.601289,32.841012],[-96.602572,32.841026],[-96.605884,32.843905],[-96.606471,32.843328],[-96.605581,32.841432],[-96.606411,32.839828],[-96.615561,32.839746],[-96.616616,32.839056],[-96.618923,32.840901]]]},"properties":{"zip":"75043","city":"Garland","county":"Dallas","u2015":22328,"u2023":23439,"added":1111,"growth":5.0,"moe":993,"certain":true,"peak_month":"2022-08","from_peak":-9.5,"value":291461}},{"type":"Feature","geometry":{"type":"Polygon","coordinates":[[[-96.683007,32.931278],[-96.682467,32.985325],[-96.672636,32.985246],[-96.669935,32.984178],[-96.669394,32.985202],[-96.647768,32.984636],[-96.640896,32.984928],[-96.640629,32.985512],[-96.629569,32.985154],[-96.629141,32.984246],[-96.613377,32.984021],[-96.613288,32.974413],[-96.607231,32.968815],[-96.610768,32.96552],[-96.617299,32.956195],[-96.618907,32.950651],[-96.63182,32.95805],[-96.642216,32.96587],[-96.649863,32.959389],[-96.651376,32.959494],[-96.651824,32.960625],[-96.653278,32.960397],[-96.654628,32.961042],[-96.656287,32.960343],[-96.658734,32.96098],[-96.65936,32.960495],[-96.659824,32.961059],[-96.662525,32.958782],[-96.655653,32.95315],[-96.657122,32.952911],[-96.656814,32.952002],[-96.654375,32.952094],[-96.648636,32.947153],[-96.648157,32.945183],[-96.648319,32.931171],[-96.658941,32.93049],[-96.667802,32.931229],[-96.683007,32.931278]]]},"properties":{"zip":"75044","city":"Garland","county":"Dallas","u2015":15760,"u2023":17491,"added":1731,"growth":11.0,"moe":853,"certain":true,"peak_month":"2024-05","from_peak":-9.0,"value":342725}},{"type":"Feature","geometry":{"type":"Polygon","coordinates":[[[-96.59564,32.993451],[-96.595901,32.999831],[-96.594435,33.002731],[-96.59355,33.002055],[-96.58714,33.001888],[-96.586602,33.001039],[-96.578403,33.000978],[-96.578467,32.997208],[-96.564596,32.995829],[-96.560743,32.998413],[-96.560386,32.996528],[-96.561454,32.995779],[-96.560856,32.994773],[-96.561565,32.994042],[-96.560256,32.990592],[-96.559386,32.989887],[-96.560601,32.989326],[-96.560895,32.9859],[-96.55842,32.984216],[-96.560119,32.983123],[-96.550378,32.982921],[-96.557566,32.977145],[-96.554841,32.974585],[-96.554382,32.975042],[-96.553809,32.97243],[-96.551594,32.971187],[-96.551468,32.967216],[-96.550425,32.965692],[-96.551072,32.964194],[-96.550696,32.96302],[-96.552283,32.959663],[-96.55152,32.958647],[-96.551395,32.956693],[-96.55175,32.955212],[-96.552648,32.95494],[-96.552147,32.953679],[-96.552722,32.953224],[-96.551051,32.952092],[-96.550727,32.95118],[-96.551928,32.949629],[-96.551859,32.948636],[-96.554969,32.947923],[-96.555369,32.946623],[-96.560478,32.94811],[-96.574791,32.94771],[-96.582364,32.941634],[-96.583796,32.941511],[-96.588078,32.945061],[-96.58959,32.947082],[-96.591152,32.94608],[-96.591184,32.947623],[-96.594253,32.950888],[-96.608698,32.957044],[-96.609757,32.958872],[-96.610964,32.958889],[-96.611266,32.959468],[-96.603151,32.965964],[-96.613154,32.974099],[-96.613368,32.987017],[-96.604693,32.986846],[-96.604681,32.98946],[-96.601311,32.989466],[-96.601412,32.991498],[-96.599279,32.991585],[-96.599371,32.993096],[-96.59564,32.993451]]]},"properties":{"zip":"75048","city":"Sachse","county":"Dallas","u2015":7429,"u2023":10445,"added":3016,"growth":40.6,"moe":707,"certain":true,"peak_month":"2024-05","from_peak":-7.9,"value":437866}},{"type":"Feature","geometry":{"type":"Polygon","coordinates":[[[-97.045719,32.739538],[-97.045578,32.744749],[-97.040407,32.74479],[-97.03992,32.75397],[-97.037013,32.75419],[-97.037126,32.761395],[-97.045588,32.761536],[-97.045599,32.764302],[-97.048367,32.764438],[-97.057944,32.764291],[-97.05795,32.761758],[-97.063456,32.762112],[-97.061388,32.779017],[-97.062526,32.779027],[-97.062692,32.781912],[-97.060837,32.781931],[-97.059949,32.785366],[-97.062571,32.78519],[-97.062681,32.802114],[-97.062187,32.804454],[-97.062728,32.808114],[-97.062389,32.808518],[-97.059673,32.807941],[-97.060166,32.809593],[-97.058464,32.81083],[-97.060251,32.81333],[-97.059002,32.814906],[-97.058248,32.814946],[-97.056724,32.813594],[-97.05453,32.815294],[-97.053879,32.81472],[-97.053496,32.812261],[-97.049807,32.811019],[-97.048712,32.811791],[-97.049227,32.813153],[-97.048721,32.813961],[-97.045503,32.8081],[-97.044625,32.807942],[-97.042434,32.809226],[-97.041393,32.807247],[-97.037576,32.806474],[-97.036607,32.803278],[-97.037085,32.797999],[-97.035154,32.796826],[-97.034783,32.795393],[-97.035125,32.793144],[-97.036975,32.793249],[-97.037304,32.792747],[-97.035677,32.790423],[-97.035914,32.788809],[-97.034711,32.788482],[-97.034085,32.81666],[-97.025659,32.816214],[-97.025582,32.812609],[-97.022192,32.812581],[-97.022152,32.816379],[-96.994569,32.815855],[-96.99536,32.814116],[-96.994597,32.811393],[-96.998645,32.812739],[-97.002028,32.812621],[-97.002536,32.810797],[-97.003345,32.810754],[-97.003397,32.809505],[-97.003469,32.806303],[-96.998071,32.806177],[-96.997726,32.806654],[-96.995407,32.806659],[-96.995068,32.807557],[-96.995236,32.802627],[-96.99452,32.802627],[-96.994615,32.792406],[-96.995276,32.792397],[-96.995501,32.777805],[-96.977452,32.777884],[-96.977438,32.760362],[-96.974136,32.761524],[-96.971552,32.763337],[-96.970893,32.764426],[-96.971415,32.766855],[-96.969697,32.768208],[-96.968804,32.771206],[-96.964276,32.772129],[-96.961188,32.770422],[-96.960196,32.773373],[-96.958831,32.773069],[-96.958402,32.771881],[-96.95699,32.772087],[-96.956218,32.773122],[-96.956881,32.774267],[-96.956181,32.77673],[-96.95457,32.778495],[-96.951579,32.779103],[-96.950631,32.778757],[-96.950551,32.778076],[-96.953432,32.776325],[-96.953284,32.774704],[-96.952259,32.774375],[-96.9484,32.775188],[-96.946474,32.776942],[-96.943505,32.776622],[-96.941195,32.777901],[-96.926077,32.782076],[-96.926052,32.775007],[-96.926704,32.771206],[-96.926081,32.76887],[-96.927496,32.76731],[-96.926992,32.766511],[-96.928132,32.764468],[-96.926691,32.762464],[-96.92472,32.76225],[-96.924017,32.761065],[-96.925918,32.755831],[-96.926161,32.749636],[-96.933478,32.749256],[-96.93333,32.747231],[-96.959625,32.746408],[-96.958127,32.747383],[-96.964193,32.746555],[-97.007083,32.74457],[-97.018732,32.741628],[-97.040313,32.738921],[-97.0448,32.739015],[-97.045719,32.739538]]]},"properties":{"zip":"75050","city":"Grand Prairie","county":"Dallas","u2015":16628,"u2023":17286,"added":658,"growth":4.0,"moe":887,"certain":false,"peak_month":"2024-06","from_peak":-6.5,"value":279067}},{"type":"Feature","geometry":{"type":"Polygon","coordinates":[[[-96.998463,32.707749],[-96.998274,32.709353],[-97.002446,32.709367],[-97.002455,32.707009],[-97.003335,32.707034],[-97.005747,32.707855],[-97.005942,32.709397],[-97.022254,32.709544],[-97.036207,32.711182],[-97.036184,32.7094],[-97.041612,32.709353],[-97.041634,32.706181],[-97.058985,32.705848],[-97.058607,32.704282],[-97.061518,32.704349],[-97.062128,32.703042],[-97.061123,32.706049],[-97.047405,32.706119],[-97.047482,32.720633],[-97.045794,32.720621],[-97.045691,32.728125],[-97.048546,32.728067],[-97.047172,32.73024],[-97.046008,32.730763],[-97.046063,32.732],[-97.051102,32.731926],[-97.050961,32.727993],[-97.056032,32.728089],[-97.056363,32.735227],[-97.052637,32.735205],[-97.053013,32.732359],[-97.0522,32.732354],[-97.052187,32.733662],[-97.051278,32.733745],[-97.051269,32.73516],[-97.049349,32.735111],[-97.04932,32.736291],[-97.048216,32.737564],[-97.047648,32.737634],[-97.047592,32.735101],[-97.046026,32.735111],[-97.046015,32.739486],[-97.040313,32.738921],[-97.016639,32.741901],[-97.007083,32.74457],[-96.964193,32.746555],[-96.958127,32.747383],[-96.959625,32.746408],[-96.93333,32.747231],[-96.933478,32.749256],[-96.926161,32.749636],[-96.926257,32.747824],[-96.927369,32.745737],[-96.932358,32.74194],[-96.932977,32.739804],[-96.936358,32.739252],[-96.937061,32.737675],[-96.939622,32.736376],[-96.941374,32.73397],[-96.942989,32.733632],[-96.966132,32.706977],[-96.984283,32.705525],[-96.987806,32.706122],[-96.993209,32.709465],[-96.997801,32.709352],[-96.997203,32.708854],[-96.997428,32.707698],[-96.998463,32.707749]]]},"properties":{"zip":"75051","city":"Grand Prairie","county":"Dallas","u2015":14191,"u2023":14139,"added":-52,"growth":-0.4,"moe":729,"certain":false,"peak_month":"2024-05","from_peak":-6.7,"value":251771}},{"type":"Feature","geometry":{"type":"Polygon","coordinates":[[[-97.067798,32.594277],[-97.066682,32.594347],[-97.066283,32.595284],[-97.064181,32.594527],[-97.059825,32.598343],[-97.060209,32.599722],[-97.06231,32.600704],[-97.062185,32.59944],[-97.060547,32.598912],[-97.061445,32.597564],[-97.062915,32.598765],[-97.065438,32.598153],[-97.064627,32.598982],[-97.064956,32.601927],[-97.066067,32.602165],[-97.065178,32.602748],[-97.061663,32.603008],[-97.062101,32.604593],[-97.065288,32.607055],[-97.063085,32.606721],[-97.062366,32.608804],[-97.061061,32.610148],[-97.061642,32.61135],[-97.061325,32.612175],[-97.063909,32.616009],[-97.078174,32.609085],[-97.075798,32.619192],[-97.066165,32.632117],[-97.063792,32.641677],[-97.063799,32.648411],[-97.062268,32.651643],[-97.063328,32.662928],[-97.062757,32.676428],[-97.062961,32.70603],[-97.061123,32.706049],[-97.062123,32.703291],[-97.061693,32.703035],[-97.061518,32.704349],[-97.058607,32.704282],[-97.058985,32.705848],[-97.041634,32.706181],[-97.041612,32.709353],[-97.036184,32.7094],[-97.036207,32.711182],[-97.022254,32.709544],[-97.005942,32.709397],[-97.005747,32.707855],[-97.002735,32.707005],[-97.002446,32.709367],[-96.998274,32.709353],[-96.998591,32.70788],[-96.997525,32.707686],[-96.997187,32.708779],[-96.997801,32.709352],[-96.993452,32.709498],[-96.987806,32.706122],[-96.984283,32.705525],[-96.966132,32.706977],[-96.970813,32.699066],[-96.973184,32.69733],[-96.973337,32.691405],[-96.971603,32.68988],[-96.970768,32.687146],[-96.971035,32.684398],[-96.971973,32.68291],[-96.971458,32.681429],[-96.972801,32.676884],[-96.974356,32.675075],[-96.974548,32.672317],[-96.980416,32.66626],[-96.980988,32.664203],[-96.982711,32.662032],[-96.984855,32.655754],[-96.987915,32.655234],[-96.988134,32.653298],[-96.99025,32.652012],[-96.990249,32.64988],[-96.99693,32.64678],[-96.99824,32.64586],[-96.998951,32.64392],[-97.001706,32.643532],[-97.002027,32.640952],[-97.003509,32.641712],[-97.004119,32.641177],[-97.004678,32.6422],[-97.005041,32.6408],[-97.004447,32.640011],[-97.004921,32.639705],[-97.006942,32.640973],[-97.008459,32.639815],[-97.009155,32.640233],[-97.010136,32.639541],[-97.013025,32.639499],[-97.014462,32.638632],[-97.01581,32.638652],[-97.01593,32.639333],[-97.016137,32.639403],[-97.01669,32.638361],[-97.016017,32.6372],[-97.017384,32.636313],[-97.018357,32.636885],[-97.018307,32.637942],[-97.02091,32.63792],[-97.018742,32.637166],[-97.018571,32.634976],[-97.019987,32.635215],[-97.019994,32.633885],[-97.021597,32.63387],[-97.021558,32.632545],[-97.022883,32.632765],[-97.022821,32.633268],[-97.023581,32.632969],[-97.021954,32.631541],[-97.027434,32.631225],[-97.027397,32.630626],[-97.02933,32.629162],[-97.035924,32.631355],[-97.037314,32.630812],[-97.037491,32.618456],[-97.038678,32.618532],[-97.039205,32.619345],[-97.039438,32.61833],[-97.044201,32.617024],[-97.043753,32.615918],[-97.044587,32.616039],[-97.04556,32.611989],[-97.050494,32.610847],[-97.0533,32.608154],[-97.054386,32.606091],[-97.051644,32.602196],[-97.053573,32.601048],[-97.056248,32.597701],[-97.055775,32.592303],[-97.05737,32.592075],[-97.059312,32.590621],[-97.058194,32.588802],[-97.054874,32.590544],[-97.053907,32.589114],[-97.060836,32.585907],[-97.062216,32.584609],[-97.063338,32.586418],[-97.062517,32.586764],[-97.066624,32.592477],[-97.074036,32.588968],[-97.074965,32.590439],[-97.074056,32.590893],[-97.073786,32.592066],[-97.075259,32.592081],[-97.075048,32.592934],[-97.072696,32.593044],[-97.071709,32.595058],[-97.069739,32.594022],[-97.068218,32.595052],[-97.067798,32.594277]]]},"properties":{"zip":"75052","city":"Grand Prairie","county":"Dallas","u2015":30091,"u2023":33386,"added":3295,"growth":11.0,"moe":1213,"certain":true,"peak_month":"2022-08","from_peak":-6.5,"value":326680}},{"type":"Feature","geometry":{"type":"Polygon","coordinates":[[[-97.055775,32.592303],[-97.056201,32.597808],[-97.053507,32.601112],[-97.051644,32.602196],[-97.054386,32.606091],[-97.0533,32.608154],[-97.050494,32.610847],[-97.04556,32.611989],[-97.044587,32.616039],[-97.043753,32.615918],[-97.044201,32.617024],[-97.039438,32.61833],[-97.039205,32.619345],[-97.038678,32.618532],[-97.033345,32.618679],[-97.033298,32.618012],[-97.031594,32.618605],[-97.030421,32.617702],[-97.029586,32.619436],[-97.02799,32.620809],[-97.027023,32.620548],[-97.025837,32.621321],[-97.024553,32.620576],[-97.024635,32.622559],[-97.022451,32.621599],[-97.020779,32.622059],[-97.02028,32.620856],[-97.020899,32.619571],[-97.01942,32.620511],[-97.017798,32.619821],[-97.016638,32.620091],[-97.014181,32.625235],[-97.015142,32.626537],[-97.014606,32.627218],[-97.013626,32.625078],[-97.013146,32.626675],[-97.009352,32.627405],[-97.009096,32.626643],[-97.010026,32.626123],[-97.008244,32.625211],[-97.009372,32.624063],[-97.011126,32.623472],[-97.010851,32.622432],[-97.011451,32.621457],[-97.01338,32.620025],[-97.012931,32.616334],[-97.015648,32.616748],[-97.013793,32.614879],[-97.015222,32.614154],[-97.016052,32.614603],[-97.016258,32.612789],[-97.017852,32.613304],[-97.018383,32.612795],[-97.016292,32.611517],[-97.016504,32.611038],[-97.020271,32.609564],[-97.021288,32.610273],[-97.021014,32.60962],[-97.021594,32.609578],[-97.022537,32.610919],[-97.022899,32.610351],[-97.021058,32.607151],[-97.024875,32.607532],[-97.022848,32.606035],[-97.025147,32.605337],[-97.026671,32.603617],[-97.02995,32.605919],[-97.030244,32.604067],[-97.031217,32.604501],[-97.03183,32.604472],[-97.030558,32.603704],[-97.029147,32.604156],[-97.028878,32.603088],[-97.029425,32.602804],[-97.028093,32.602933],[-97.027371,32.601889],[-97.029208,32.59914],[-97.029992,32.59948],[-97.030896,32.598553],[-97.033202,32.598038],[-97.029731,32.597723],[-97.02984,32.594623],[-97.028585,32.593474],[-97.030191,32.592032],[-97.028265,32.591955],[-97.025851,32.593248],[-97.026271,32.591862],[-97.027819,32.590577],[-97.027493,32.589373],[-97.028135,32.588999],[-97.027908,32.588271],[-97.027054,32.588416],[-97.027722,32.587187],[-97.025728,32.585189],[-97.026338,32.585127],[-97.028953,32.587484],[-97.032088,32.587212],[-97.03518,32.585008],[-97.036673,32.582504],[-97.037827,32.583281],[-97.038385,32.548662],[-97.05262,32.548907],[-97.05352,32.550269],[-97.054949,32.550632],[-97.05524,32.552413],[-97.053895,32.555461],[-97.052318,32.556717],[-97.047768,32.558528],[-97.046821,32.560043],[-97.048326,32.56125],[-97.049021,32.563046],[-97.053385,32.563657],[-97.053501,32.573639],[-97.055406,32.575364],[-97.061539,32.585234],[-97.053907,32.589114],[-97.054874,32.590544],[-97.058194,32.588802],[-97.059258,32.590412],[-97.059088,32.591119],[-97.057504,32.592007],[-97.055775,32.592303]]]},"properties":{"zip":"75054","city":"Grand Prairie","county":"Tarrant","u2015":2273,"u2023":5214,"added":2941,"growth":129.4,"moe":584,"certain":true,"peak_month":"2022-08","from_peak":-7.6,"value":492428}},{"type":"Feature","geometry":{"type":"Polygon","coordinates":[[[-96.85743,33.060713],[-96.842367,33.060139],[-96.842539,33.056136],[-96.843787,33.056164],[-96.844913,33.051737],[-96.853395,33.051743],[-96.853407,33.053121],[-96.858387,33.053126],[-96.859015,33.04824],[-96.857861,33.057844],[-96.865999,33.059126],[-96.871035,33.061143],[-96.877398,33.061258],[-96.881735,33.064183],[-96.886604,33.062204],[-96.883876,33.051701],[-96.885941,33.051847],[-96.886334,33.050306],[-96.886881,33.050905],[-96.889376,33.050375],[-96.890688,33.049194],[-96.891919,33.046249],[-96.895261,33.047148],[-96.899595,33.046981],[-96.914457,33.053686],[-96.91648,33.052589],[-96.912954,33.050266],[-96.912551,33.045958],[-96.898338,33.046429],[-96.888068,33.043422],[-96.888166,33.044438],[-96.889679,33.044252],[-96.892444,33.044956],[-96.892544,33.045659],[-96.890137,33.04459],[-96.88103,33.044559],[-96.881422,33.041347],[-96.887875,33.043383],[-96.887322,33.029013],[-96.892505,33.028763],[-96.892515,33.027155],[-96.917418,33.026944],[-96.918532,33.031582],[-96.918537,33.037556],[-96.924452,33.03752],[-96.925192,33.036813],[-96.925095,33.037242],[-96.926318,33.037222],[-96.926434,33.04073],[-96.931037,33.041079],[-96.931583,33.038359],[-96.935995,33.03834],[-96.935941,33.034109],[-96.944236,33.033609],[-96.944635,33.026308],[-96.94561,33.026513],[-96.947924,33.025031],[-96.950851,33.024537],[-96.956571,33.026151],[-96.958851,33.026002],[-96.960284,33.02675],[-96.960373,33.028086],[-96.958304,33.031332],[-96.959188,33.031807],[-96.961611,33.031066],[-96.963256,33.032223],[-96.96062,33.034304],[-96.963168,33.039669],[-96.961128,33.042797],[-96.961013,33.044454],[-96.962173,33.046416],[-96.966948,33.050148],[-96.967515,33.052608],[-96.971576,33.056984],[-96.971501,33.058968],[-96.970738,33.060325],[-96.966536,33.064179],[-96.965242,33.064096],[-96.964087,33.06638],[-96.964858,33.070203],[-96.964238,33.082135],[-96.96443,33.100028],[-96.958975,33.103101],[-96.950946,33.10942],[-96.945433,33.115209],[-96.941441,33.120887],[-96.936135,33.120747],[-96.934637,33.118591],[-96.930894,33.117013],[-96.931309,33.116211],[-96.933092,33.116204],[-96.932276,33.115471],[-96.930549,33.115309],[-96.931347,33.1128],[-96.930617,33.111601],[-96.931096,33.111038],[-96.932378,33.110819],[-96.932778,33.110633],[-96.933116,33.110398],[-96.935032,33.108516],[-96.934575,33.108002],[-96.935317,33.108285],[-96.935223,33.107657],[-96.93459,33.107787],[-96.932827,33.110564],[-96.929602,33.110715],[-96.929588,33.111759],[-96.930558,33.112213],[-96.93004,33.115258],[-96.925584,33.115544],[-96.921006,33.117874],[-96.918366,33.120161],[-96.90543,33.120425],[-96.905486,33.112865],[-96.90499,33.111581],[-96.9065,33.111123],[-96.908442,33.108417],[-96.912922,33.105787],[-96.913799,33.101403],[-96.90963,33.105539],[-96.904325,33.109392],[-96.90066,33.111262],[-96.897588,33.111722],[-96.896124,33.110864],[-96.897911,33.10943],[-96.891996,33.109566],[-96.891933,33.107408],[-96.888075,33.105513],[-96.888839,33.103693],[-96.884629,33.10297],[-96.885039,33.100806],[-96.883536,33.098801],[-96.882503,33.098823],[-96.883902,33.101224],[-96.883406,33.102331],[-96.881328,33.102321],[-96.881314,33.105128],[-96.868956,33.105327],[-96.868984,33.108006],[-96.862773,33.108351],[-96.861577,33.108398],[-96.86116,33.106532],[-96.860161,33.106308],[-96.853343,33.10643],[-96.854441,33.103772],[-96.85686,33.091928],[-96.85518,33.076498],[-96.85743,33.060713]]]},"properties":{"zip":"75056","city":"The Colony","county":"Denton","u2015":20051,"u2023":28102,"added":8051,"growth":40.2,"moe":1035,"certain":true,"peak_month":"2024-12","from_peak":-6.7,"value":491126}},{"type":"Feature","geometry":{"type":"Polygon","coordinates":[[[-97.011458,33.087272],[-96.990057,33.079517],[-96.986008,33.079048],[-96.974726,33.079667],[-96.970293,33.080821],[-96.966524,33.082718],[-96.964239,33.083002],[-96.964858,33.070203],[-96.964087,33.06638],[-96.965242,33.064096],[-96.966536,33.064179],[-96.970738,33.060325],[-96.971501,33.058968],[-96.971576,33.056984],[-96.967515,33.052608],[-96.966948,33.050148],[-96.962173,33.046416],[-96.960923,33.04421],[-96.961128,33.042797],[-96.963168,33.039669],[-96.96062,33.034304],[-96.96299,33.032697],[-96.963185,33.031955],[-96.961611,33.031066],[-96.959188,33.031807],[-96.958304,33.031332],[-96.960443,33.027834],[-96.960284,33.02675],[-96.959418,33.026158],[-96.956571,33.026151],[-96.950851,33.024537],[-96.947924,33.025031],[-96.94561,33.026513],[-96.944635,33.026308],[-96.944331,33.025578],[-96.945013,33.023111],[-96.944309,33.020882],[-96.945579,33.018777],[-96.947103,33.018009],[-96.949507,33.018803],[-96.950044,33.018365],[-96.951088,33.014024],[-96.949108,33.01097],[-96.949344,33.008996],[-96.951454,33.00696],[-96.951273,33.005598],[-96.957081,33.000667],[-96.958207,33.002898],[-96.963822,33.006501],[-96.965208,33.006546],[-96.970038,33.009013],[-96.96751,33.01081],[-96.97136,33.014498],[-96.97638,33.01516],[-96.976735,33.013623],[-96.978354,33.012566],[-96.980577,33.015504],[-96.980241,33.015734],[-96.98287,33.01791],[-96.985701,33.021723],[-96.98363,33.01938],[-96.98425,33.02021],[-96.98283,33.02076],[-96.9826,33.02154],[-96.9825,33.02744],[-96.982745,33.025762],[-96.984517,33.025731],[-96.984562,33.02744],[-96.98959,33.02733],[-96.987935,33.02469],[-96.991036,33.028498],[-97.00517,33.04132],[-97.00354,33.04014],[-97.0054,33.04191],[-97.00318,33.04202],[-97.00313,33.04455],[-97.005879,33.044579],[-97.005826,33.046327],[-97.008544,33.046325],[-97.014283,33.063547],[-97.01958,33.07213],[-97.017423,33.071664],[-97.022253,33.076335],[-97.025233,33.081369],[-97.022251,33.082227],[-97.021289,33.083551],[-97.018198,33.084182],[-97.020247,33.084774],[-97.021151,33.08582],[-97.011458,33.087272]]]},"properties":{"zip":"75057","city":"Lewisville","county":"Denton","u2015":5389,"u2023":7171,"added":1782,"growth":33.1,"moe":499,"certain":true,"peak_month":"2024-05","from_peak":-8.1,"value":313445}},{"type":"Feature","geometry":{"type":"Polygon","coordinates":[[[-97.002429,32.81216],[-97.002028,32.812621],[-96.998645,32.812739],[-96.994597,32.811393],[-96.99536,32.814116],[-96.994569,32.815855],[-96.949934,32.814524],[-96.949793,32.814935],[-96.906129,32.814286],[-96.905721,32.807403],[-96.901537,32.800668],[-96.898522,32.798192],[-96.904122,32.798195],[-96.907353,32.797111],[-96.910391,32.792268],[-96.91146,32.787519],[-96.9125,32.785705],[-96.914239,32.784357],[-96.915655,32.784311],[-96.918902,32.785719],[-96.926077,32.782076],[-96.941195,32.777901],[-96.943505,32.776622],[-96.946474,32.776942],[-96.9484,32.775188],[-96.952259,32.774375],[-96.953284,32.774704],[-96.953432,32.776325],[-96.950551,32.778076],[-96.950631,32.778757],[-96.951579,32.779103],[-96.95457,32.778495],[-96.956181,32.77673],[-96.956881,32.774267],[-96.956218,32.773122],[-96.95699,32.772087],[-96.958402,32.771881],[-96.958831,32.773069],[-96.960196,32.773373],[-96.961188,32.770422],[-96.964276,32.772129],[-96.968804,32.771206],[-96.969697,32.768208],[-96.971415,32.766855],[-96.970893,32.764426],[-96.971552,32.763337],[-96.974136,32.761524],[-96.977438,32.760362],[-96.977452,32.777884],[-96.995501,32.777805],[-96.995276,32.792397],[-96.994615,32.792406],[-96.99452,32.802627],[-96.995236,32.802627],[-96.995068,32.807557],[-96.995407,32.806659],[-96.997726,32.806654],[-96.998071,32.806177],[-97.003469,32.806303],[-97.003345,32.810754],[-97.002536,32.810797],[-97.002429,32.81216]]]},"properties":{"zip":"75060","city":"Irving","county":"Dallas","u2015":15393,"u2023":15538,"added":145,"growth":0.9,"moe":797,"certain":false,"peak_month":"2024-05","from_peak":-5.7,"value":294633}},{"type":"Feature","geometry":{"type":"Polygon","coordinates":[[[-97.009556,32.834453],[-97.003651,32.834355],[-97.004268,32.836691],[-96.99837,32.836661],[-96.995287,32.835504],[-96.996626,32.836487],[-96.99881,32.836892],[-96.959139,32.83704],[-96.962767,32.83673],[-96.9627,32.833807],[-96.959205,32.833745],[-96.959138,32.83666],[-96.959072,32.833767],[-96.954349,32.83388],[-96.954334,32.834466],[-96.953452,32.834516],[-96.95274,32.83334],[-96.952667,32.836646],[-96.95376,32.836714],[-96.940697,32.837218],[-96.914845,32.836885],[-96.916935,32.830683],[-96.914072,32.83601],[-96.913927,32.836537],[-96.914647,32.836756],[-96.909319,32.836762],[-96.909689,32.836415],[-96.902685,32.835735],[-96.902653,32.833965],[-96.897479,32.832265],[-96.896245,32.833646],[-96.890595,32.830489],[-96.892305,32.82836],[-96.896964,32.825104],[-96.904643,32.817574],[-96.906129,32.814286],[-96.949793,32.814935],[-96.949934,32.814524],[-96.959782,32.81521],[-97.022152,32.816379],[-97.022192,32.812581],[-97.025582,32.812609],[-97.025659,32.816214],[-97.034085,32.81666],[-97.033781,32.837135],[-97.009553,32.837103],[-97.009556,32.834453]]]},"properties":{"zip":"75061","city":"Irving","county":"Dallas","u2015":19537,"u2023":20187,"added":650,"growth":3.3,"moe":689,"certain":false,"peak_month":"2024-06","from_peak":-6.0,"value":302429}},{"type":"Feature","geometry":{"type":"MultiPolygon","coordinates":[[[[-96.938755,32.863994],[-96.941664,32.866909],[-96.942322,32.868861],[-96.941072,32.869448],[-96.940082,32.86777],[-96.936973,32.865282],[-96.938755,32.863994]]],[[[-96.890595,32.830489],[-96.896593,32.833605],[-96.897479,32.832265],[-96.902653,32.833965],[-96.902685,32.835735],[-96.909689,32.836415],[-96.909319,32.836762],[-96.914647,32.836756],[-96.913927,32.836537],[-96.914072,32.83601],[-96.917144,32.830682],[-96.914845,32.836885],[-96.936139,32.837196],[-96.95376,32.836714],[-96.952667,32.836646],[-96.95274,32.83334],[-96.953452,32.834516],[-96.954334,32.834466],[-96.954349,32.83388],[-96.959072,32.833767],[-96.959138,32.83666],[-96.959205,32.833745],[-96.9627,32.833807],[-96.962767,32.83673],[-96.959139,32.83704],[-96.99881,32.836892],[-96.996626,32.836487],[-96.995287,32.835504],[-96.99837,32.836661],[-97.004268,32.836691],[-97.003651,32.834355],[-97.009556,32.834453],[-97.009553,32.837103],[-97.022064,32.837137],[-97.021289,32.856918],[-97.007909,32.856966],[-97.007649,32.859901],[-97.0064,32.859125],[-97.006378,32.856965],[-97.000042,32.856918],[-96.999609,32.858559],[-96.996956,32.858615],[-96.996405,32.859263],[-96.996428,32.85879],[-96.9941,32.858853],[-96.993431,32.857078],[-96.994598,32.856885],[-96.989684,32.856325],[-96.99037,32.856977],[-96.992071,32.857072],[-96.992019,32.858123],[-96.988432,32.859376],[-96.987397,32.855562],[-96.980709,32.855989],[-96.978766,32.854914],[-96.971453,32.856247],[-96.964226,32.856149],[-96.960171,32.858853],[-96.956857,32.858428],[-96.953475,32.860473],[-96.954351,32.861731],[-96.953914,32.863011],[-96.952994,32.863058],[-96.95182,32.865035],[-96.951205,32.866165],[-96.951785,32.866459],[-96.951504,32.866841],[-96.949332,32.866849],[-96.94813,32.865554],[-96.94371,32.868189],[-96.933817,32.858611],[-96.916219,32.849609],[-96.916124,32.856042],[-96.914213,32.856323],[-96.913787,32.857838],[-96.913012,32.858168],[-96.911413,32.85546],[-96.908145,32.856056],[-96.906536,32.854139],[-96.903711,32.854141],[-96.903486,32.852966],[-96.902662,32.852404],[-96.901282,32.852263],[-96.900214,32.853558],[-96.89889,32.853501],[-96.897878,32.852064],[-96.898746,32.850716],[-96.894479,32.850766],[-96.893677,32.849843],[-96.893698,32.848256],[-96.892267,32.847279],[-96.88907,32.848],[-96.888901,32.846739],[-96.889867,32.845097],[-96.889916,32.836199],[-96.889392,32.834653],[-96.889822,32.831514],[-96.890595,32.830489]]]]},"properties":{"zip":"75062","city":"Irving","county":"Dallas","u2015":17649,"u2023":18718,"added":1069,"growth":6.1,"moe":986,"certain":true,"peak_month":"2024-05","from_peak":-5.7,"value":307548}},{"type":"Feature","geometry":{"type":"Polygon","coordinates":[[[-96.971448,32.900748],[-96.97461,32.897388],[-96.971209,32.896076],[-96.971939,32.895636],[-96.981756,32.900939],[-96.985813,32.902321],[-96.979602,32.899547],[-96.97299,32.895016],[-96.981837,32.888939],[-96.990055,32.879548],[-96.992959,32.8823],[-96.994767,32.882411],[-96.994865,32.884157],[-96.998209,32.887423],[-96.994181,32.888742],[-96.99422,32.89222],[-97.001489,32.899002],[-97.013134,32.899115],[-97.01317,32.90487],[-97.028697,32.905116],[-97.028678,32.9042],[-97.032937,32.904296],[-97.032587,32.955008],[-97.02217,32.954979],[-97.022285,32.945853],[-97.017752,32.94421],[-97.014464,32.942168],[-97.001376,32.927627],[-96.997906,32.925317],[-96.993782,32.923703],[-96.993703,32.925714],[-96.981688,32.925666],[-96.98171,32.928227],[-96.979372,32.927604],[-96.97837,32.928792],[-96.977885,32.931725],[-96.977136,32.931832],[-96.976191,32.930356],[-96.975039,32.932077],[-96.973897,32.932144],[-96.974703,32.93379],[-96.974722,32.936],[-96.972336,32.932584],[-96.97162,32.932405],[-96.971348,32.935432],[-96.969265,32.936005],[-96.968895,32.937781],[-96.969884,32.9393],[-96.968946,32.941173],[-96.970257,32.941964],[-96.970343,32.943069],[-96.969314,32.944155],[-96.969577,32.94677],[-96.967569,32.947477],[-96.968323,32.9475],[-96.968291,32.949407],[-96.970065,32.949425],[-96.96988,32.95173],[-96.968253,32.951741],[-96.968297,32.953966],[-96.961774,32.949122],[-96.959748,32.950356],[-96.955643,32.950477],[-96.9498,32.948099],[-96.945084,32.947966],[-96.943254,32.947062],[-96.942527,32.946157],[-96.941345,32.938572],[-96.939551,32.937624],[-96.938274,32.93768],[-96.938301,32.937188],[-96.937584,32.9381],[-96.93617,32.936743],[-96.935245,32.937044],[-96.935237,32.934883],[-96.938468,32.934869],[-96.9394,32.932336],[-96.937171,32.930909],[-96.933585,32.930127],[-96.932791,32.929246],[-96.932885,32.928134],[-96.933971,32.927233],[-96.936769,32.927208],[-96.935691,32.926661],[-96.935489,32.924751],[-96.937386,32.922835],[-96.937943,32.91879],[-96.937279,32.917147],[-96.937696,32.913851],[-96.936103,32.912832],[-96.933267,32.912618],[-96.930675,32.910735],[-96.930244,32.909249],[-96.941041,32.911675],[-96.942619,32.911019],[-96.945212,32.911136],[-96.945583,32.911858],[-96.950892,32.912895],[-96.951942,32.9104],[-96.95367,32.910983],[-96.954937,32.910038],[-96.953339,32.90862],[-96.963568,32.901819],[-96.965563,32.902889],[-96.965313,32.902538],[-96.966766,32.901634],[-96.968274,32.901947],[-96.966525,32.900606],[-96.966603,32.899867],[-96.968905,32.898429],[-96.971448,32.900748]]]},"properties":{"zip":"75063","city":"Irving","county":"Dallas","u2015":16714,"u2023":18747,"added":2033,"growth":12.2,"moe":776,"certain":true,"peak_month":"2024-06","from_peak":-3.3,"value":615683}},{"type":"Feature","geometry":{"type":"Polygon","coordinates":[[[-97.055509,33.130073],[-97.037514,33.12988],[-97.038117,33.131543],[-97.037514,33.133141],[-97.03864,33.133319],[-97.037831,33.133516],[-97.038487,33.134596],[-97.037825,33.134549],[-97.038948,33.1372],[-97.038476,33.1445],[-97.030543,33.144385],[-97.03055,33.14267],[-97.029898,33.142635],[-97.029874,33.138151],[-97.024486,33.140383],[-97.021683,33.142539],[-97.002366,33.14251],[-97.002404,33.138771],[-97.001157,33.131438],[-96.999909,33.128419],[-96.99706,33.125486],[-96.994276,33.123824],[-96.988103,33.122227],[-96.982203,33.122107],[-96.976743,33.121083],[-96.970635,33.117331],[-96.969548,33.113418],[-96.96947,33.09999],[-96.96443,33.100028],[-96.964239,33.083002],[-96.966524,33.082718],[-96.972812,33.080033],[-96.97805,33.079217],[-96.990057,33.079517],[-97.009237,33.08623],[-97.01533,33.089207],[-97.018537,33.092362],[-97.022635,33.098988],[-97.026663,33.101843],[-97.033787,33.10242],[-97.056678,33.100035],[-97.068437,33.110173],[-97.069092,33.11252],[-97.06816,33.11623],[-97.068872,33.117748],[-97.070972,33.118692],[-97.072841,33.117849],[-97.074852,33.119405],[-97.073998,33.120088],[-97.07148,33.118968],[-97.069103,33.118968],[-97.069714,33.119663],[-97.068361,33.11948],[-97.068293,33.120182],[-97.069766,33.120739],[-97.068312,33.12118],[-97.067498,33.120711],[-97.066757,33.121583],[-97.066879,33.122734],[-97.066522,33.121589],[-97.064784,33.120776],[-97.066302,33.120616],[-97.06762,33.118946],[-97.064099,33.116746],[-97.058848,33.116926],[-97.05844,33.117139],[-97.05939,33.12281],[-97.058623,33.122826],[-97.058694,33.124222],[-97.055666,33.124207],[-97.055509,33.130073]]]},"properties":{"zip":"75065","city":"Lake Dallas","county":"Denton","u2015":4783,"u2023":5125,"added":342,"growth":7.2,"moe":546,"certain":false,"peak_month":"2022-08","from_peak":-5.9,"value":397029}},{"type":"Feature","geometry":{"type":"Polygon","coordinates":[[[-97.023676,33.048153],[-97.01787,33.05097],[-97.016551,33.049774],[-97.014136,33.044494],[-97.00966,33.04632],[-97.005826,33.046327],[-97.005879,33.044579],[-97.00313,33.04455],[-97.00318,33.04202],[-97.0054,33.04191],[-97.00354,33.04014],[-97.00517,33.04132],[-96.991036,33.028498],[-96.987935,33.02469],[-96.98959,33.02733],[-96.984562,33.02744],[-96.984517,33.025731],[-96.982745,33.025762],[-96.9825,33.02744],[-96.9826,33.02154],[-96.98283,33.02076],[-96.98425,33.02021],[-96.98363,33.01938],[-96.985701,33.021723],[-96.98287,33.01791],[-96.980241,33.015734],[-96.980577,33.015504],[-96.978354,33.012566],[-96.976735,33.013623],[-96.97638,33.01516],[-96.97136,33.014498],[-96.96751,33.01081],[-96.970038,33.009013],[-96.965208,33.006546],[-96.963822,33.006501],[-96.958207,33.002898],[-96.957081,33.000667],[-96.951273,33.005598],[-96.949918,33.005021],[-96.944747,33.0065],[-96.940288,33.005305],[-96.939024,33.003667],[-96.939163,33.002721],[-96.942397,33.002091],[-96.942319,33.000552],[-96.940271,32.999615],[-96.939991,32.998013],[-96.941296,32.997005],[-96.943655,32.99642],[-96.943969,32.99454],[-96.947229,32.994912],[-96.948531,32.993907],[-96.939472,32.988822],[-96.959975,32.989024],[-96.960018,32.990949],[-96.963625,32.989179],[-96.966334,32.989736],[-96.968881,32.991138],[-96.972487,32.991076],[-96.97379,32.990859],[-96.973588,32.989145],[-96.980316,32.989206],[-96.986215,32.985764],[-96.991459,32.985405],[-96.993397,32.985954],[-96.993083,32.995708],[-96.997191,32.994835],[-96.999703,32.997422],[-97.003666,32.995061],[-97.013203,32.987301],[-97.016662,32.987889],[-97.017195,32.9865],[-97.018182,32.986119],[-97.01939,32.987265],[-97.019572,32.989323],[-97.028593,32.989314],[-97.02859,32.998829],[-97.027777,32.999183],[-97.0276,33.0135],[-97.033581,33.013475],[-97.033539,33.016894],[-97.035229,33.016885],[-97.035235,33.020753],[-97.036456,33.020757],[-97.0361,33.042209],[-97.04453,33.042099],[-97.044523,33.048934],[-97.031462,33.049159],[-97.028235,33.047283],[-97.026419,33.047065],[-97.026436,33.046118],[-97.021586,33.047213],[-97.022141,33.04834],[-97.023676,33.048153]]]},"properties":{"zip":"75067","city":"Lewisville","county":"Denton","u2015":27126,"u2023":28990,"added":1864,"growth":6.9,"moe":1048,"certain":true,"peak_month":"2022-08","from_peak":-8.1,"value":361874}},{"type":"Feature","geometry":{"type":"Polygon","coordinates":[[[-96.956841,33.202285],[-96.954986,33.208931],[-96.952462,33.208762],[-96.952317,33.210718],[-96.950623,33.213583],[-96.94624,33.215443],[-96.945605,33.21934],[-96.945986,33.221373],[-96.88026,33.21905],[-96.88062,33.20208],[-96.887017,33.189901],[-96.887341,33.178399],[-96.881949,33.178282],[-96.882166,33.167374],[-96.882629,33.166778],[-96.888634,33.16597],[-96.89024,33.164854],[-96.892398,33.164413],[-96.892433,33.163207],[-96.893289,33.162892],[-96.893195,33.161741],[-96.895579,33.160567],[-96.896871,33.15878],[-96.900144,33.157838],[-96.905719,33.159481],[-96.908898,33.159492],[-96.911043,33.160535],[-96.912295,33.159931],[-96.91317,33.160753],[-96.919322,33.16165],[-96.922401,33.164242],[-96.924367,33.164031],[-96.929928,33.159593],[-96.932336,33.156595],[-96.933917,33.15265],[-96.935111,33.146796],[-96.936423,33.144295],[-96.941912,33.140242],[-96.954416,33.134889],[-96.959698,33.13195],[-96.965868,33.123353],[-96.970945,33.1177],[-96.974849,33.120351],[-96.978342,33.121546],[-96.987664,33.122147],[-96.994871,33.124099],[-96.999909,33.128419],[-97.001988,33.135605],[-97.002516,33.14133],[-97.000521,33.151352],[-97.00078,33.154281],[-97.005053,33.160297],[-97.008976,33.163397],[-97.014036,33.166229],[-97.01758,33.170295],[-97.019171,33.17373],[-97.019817,33.177408],[-97.019775,33.188336],[-97.012012,33.18849],[-97.011393,33.189763],[-97.011991,33.19045],[-97.01205,33.193837],[-97.011149,33.194968],[-97.011906,33.196038],[-97.011045,33.198074],[-97.008471,33.200296],[-97.004369,33.201016],[-97.004328,33.202669],[-97.002683,33.202852],[-96.998729,33.206485],[-96.997261,33.206738],[-96.990798,33.206628],[-96.991548,33.196418],[-96.97697,33.19589],[-96.97886,33.19798],[-96.97852,33.20188],[-96.9776,33.2035],[-96.97138,33.204729],[-96.96307,33.205019],[-96.96299,33.20156],[-96.961948,33.200733],[-96.959993,33.200687],[-96.957878,33.198333],[-96.957894,33.195445],[-96.955843,33.195802],[-96.954811,33.19387],[-96.955924,33.193672],[-96.954276,33.192998],[-96.955146,33.191124],[-96.954388,33.190184],[-96.956466,33.190589],[-96.957628,33.191543],[-96.957733,33.190815],[-96.956465,33.189867],[-96.954641,33.189889],[-96.954179,33.190201],[-96.953709,33.192209],[-96.95298,33.192338],[-96.955213,33.199348],[-96.956841,33.202285]]]},"properties":{"zip":"75068","city":"Little Elm","county":"Denton","u2015":15266,"u2023":23499,"added":8233,"growth":53.9,"moe":1010,"certain":true,"peak_month":"2022-07","from_peak":-17.9,"value":403210}},{"type":"Feature","geometry":{"type":"Polygon","coordinates":[[[-96.628638,33.1295],[-96.659682,33.129865],[-96.654382,33.13557],[-96.652479,33.138768],[-96.641618,33.168193],[-96.640302,33.173527],[-96.63954,33.185367],[-96.638454,33.185526],[-96.637865,33.186332],[-96.637839,33.185178],[-96.634933,33.183804],[-96.634287,33.185077],[-96.630643,33.184897],[-96.630107,33.185622],[-96.634689,33.18595],[-96.636678,33.187449],[-96.636742,33.194165],[-96.63573,33.195515],[-96.636455,33.195711],[-96.636444,33.19636],[-96.635028,33.196483],[-96.636485,33.196663],[-96.636491,33.197634],[-96.634997,33.197699],[-96.634958,33.198278],[-96.636602,33.198327],[-96.636072,33.2072],[-96.637879,33.207256],[-96.637499,33.209792],[-96.637919,33.209809],[-96.636237,33.216672],[-96.631547,33.216493],[-96.63074,33.21949],[-96.63181,33.221238],[-96.63178,33.22437],[-96.630866,33.22555],[-96.62793,33.226664],[-96.628625,33.229253],[-96.612715,33.229647],[-96.612488,33.226748],[-96.613441,33.222349],[-96.613754,33.215888],[-96.611848,33.203271],[-96.610535,33.203591],[-96.608794,33.209198],[-96.599695,33.204667],[-96.574459,33.197892],[-96.568664,33.197936],[-96.56579,33.196432],[-96.564977,33.195148],[-96.557272,33.192891],[-96.55382,33.193469],[-96.547912,33.191992],[-96.547791,33.183096],[-96.547267,33.181339],[-96.545692,33.180216],[-96.545724,33.178809],[-96.542877,33.178718],[-96.542981,33.180961],[-96.538904,33.180854],[-96.539915,33.176461],[-96.536845,33.1764],[-96.537176,33.17266],[-96.533335,33.172597],[-96.533727,33.16086],[-96.527811,33.160664],[-96.527929,33.155029],[-96.535863,33.155167],[-96.535966,33.153274],[-96.540816,33.15427],[-96.54083,33.153634],[-96.549544,33.154342],[-96.546966,33.151905],[-96.544205,33.15141],[-96.544766,33.148804],[-96.54334,33.146952],[-96.544748,33.14517],[-96.542941,33.14345],[-96.541359,33.14297],[-96.542021,33.141723],[-96.54108,33.140971],[-96.5419,33.140327],[-96.541391,33.138419],[-96.540322,33.138433],[-96.539862,33.139225],[-96.539411,33.137737],[-96.537734,33.136974],[-96.537514,33.135983],[-96.536458,33.135455],[-96.537633,33.135091],[-96.537249,33.133681],[-96.54008,33.133544],[-96.53872,33.132436],[-96.539326,33.131543],[-96.538392,33.130017],[-96.539891,33.129761],[-96.540722,33.130252],[-96.541073,33.129647],[-96.539578,33.128686],[-96.540313,33.127077],[-96.538656,33.127066],[-96.535452,33.124195],[-96.534491,33.116957],[-96.534135,33.115887],[-96.532376,33.114379],[-96.532396,33.111697],[-96.536644,33.115194],[-96.540721,33.115428],[-96.54481,33.117418],[-96.546935,33.119166],[-96.546951,33.12155],[-96.549013,33.121921],[-96.549596,33.122756],[-96.548632,33.123852],[-96.547717,33.123268],[-96.547524,33.124072],[-96.548488,33.124809],[-96.550202,33.123314],[-96.550451,33.124071],[-96.551464,33.123626],[-96.55229,33.124373],[-96.55148,33.12599],[-96.552823,33.125559],[-96.55314,33.127924],[-96.554072,33.127074],[-96.555708,33.126801],[-96.555381,33.127623],[-96.557115,33.128554],[-96.557271,33.129768],[-96.556244,33.130585],[-96.557131,33.13069],[-96.557386,33.132675],[-96.559899,33.13217],[-96.559662,33.133435],[-96.560669,33.133175],[-96.560903,33.134144],[-96.561992,33.133508],[-96.562752,33.134366],[-96.564951,33.133761],[-96.564977,33.134759],[-96.566458,33.134794],[-96.566834,33.135982],[-96.56855,33.13561],[-96.56843,33.136215],[-96.569371,33.136269],[-96.568933,33.136819],[-96.569581,33.137636],[-96.570244,33.13727],[-96.570532,33.137968],[-96.57362,33.136924],[-96.57435,33.137303],[-96.574652,33.139135],[-96.576539,33.140054],[-96.577672,33.138194],[-96.572671,33.130563],[-96.576586,33.13074],[-96.576848,33.123778],[-96.586951,33.123748],[-96.588302,33.124146],[-96.588224,33.124925],[-96.594256,33.125214],[-96.594288,33.123156],[-96.602924,33.123296],[-96.602908,33.124038],[-96.610121,33.123821],[-96.61125,33.128622],[-96.628638,33.1295]]]},"properties":{"zip":"75069","city":"McKinney","county":"Collin","u2015":14403,"u2023":16958,"added":2555,"growth":17.7,"moe":965,"certain":true,"peak_month":"2022-07","from_peak":-10.8,"value":419058}},{"type":"Feature","geometry":{"type":"MultiPolygon","coordinates":[[[[-96.714389,33.199225],[-96.71377,33.200608],[-96.713108,33.199986],[-96.714389,33.199225]]],[[[-96.716763,33.194232],[-96.719097,33.197674],[-96.717465,33.198316],[-96.714819,33.195224],[-96.716763,33.194232]]],[[[-96.657052,33.198757],[-96.641161,33.198551],[-96.640091,33.200789],[-96.640234,33.202897],[-96.638993,33.202861],[-96.638659,33.209829],[-96.632849,33.229266],[-96.628195,33.229107],[-96.62793,33.226664],[-96.630866,33.22555],[-96.63178,33.22437],[-96.63181,33.221238],[-96.63074,33.21949],[-96.631547,33.216493],[-96.636237,33.216672],[-96.637919,33.209809],[-96.637499,33.209792],[-96.637879,33.207256],[-96.636072,33.2072],[-96.636602,33.198327],[-96.634958,33.198278],[-96.634997,33.197699],[-96.636491,33.197634],[-96.636485,33.196663],[-96.635028,33.196483],[-96.636444,33.19636],[-96.636455,33.195711],[-96.63573,33.195515],[-96.636742,33.194165],[-96.636678,33.187449],[-96.634689,33.18595],[-96.630075,33.185732],[-96.630643,33.184897],[-96.634287,33.185077],[-96.634933,33.183804],[-96.637839,33.185178],[-96.637865,33.186332],[-96.638454,33.185526],[-96.63954,33.185367],[-96.640589,33.171863],[-96.645626,33.157565],[-96.70297,33.135617],[-96.732835,33.125168],[-96.733449,33.126966],[-96.732903,33.174318],[-96.736156,33.174391],[-96.7329,33.174407],[-96.732829,33.184735],[-96.734057,33.184046],[-96.734332,33.18524],[-96.741513,33.1852],[-96.741574,33.181867],[-96.742113,33.181623],[-96.75024,33.181661],[-96.750236,33.182187],[-96.767901,33.182011],[-96.767702,33.203697],[-96.715372,33.203193],[-96.714022,33.201956],[-96.715875,33.200353],[-96.723509,33.198359],[-96.725439,33.192876],[-96.724196,33.193537],[-96.72358,33.195978],[-96.72267,33.196717],[-96.721201,33.194274],[-96.719403,33.192695],[-96.723063,33.190728],[-96.723636,33.188753],[-96.722665,33.188078],[-96.715783,33.192735],[-96.713169,33.192825],[-96.708852,33.194443],[-96.708461,33.19485],[-96.70933,33.198979],[-96.701696,33.199145],[-96.69818,33.198466],[-96.697955,33.197429],[-96.691896,33.196934],[-96.691045,33.198649],[-96.688046,33.198613],[-96.676929,33.196863],[-96.662609,33.196336],[-96.657052,33.198757]]]]},"properties":{"zip":"75070","city":"McKinney","county":"Collin","u2015":30123,"u2023":24323,"added":-5800,"growth":-19.3,"moe":962,"certain":true,"peak_month":"2022-07","from_peak":-13.5,"value":479465}},{"type":"Feature","geometry":{"type":"Polygon","coordinates":[[[-96.52774,33.285252],[-96.527112,33.290204],[-96.526424,33.29085],[-96.512037,33.290623],[-96.51207,33.279356],[-96.507103,33.279271],[-96.506835,33.279814],[-96.506296,33.278958],[-96.503274,33.279611],[-96.501984,33.279432],[-96.501925,33.278863],[-96.496489,33.278567],[-96.493576,33.274493],[-96.491084,33.272658],[-96.487665,33.273193],[-96.480336,33.272969],[-96.479012,33.27409],[-96.478156,33.273829],[-96.478371,33.273183],[-96.476521,33.272841],[-96.476417,33.269893],[-96.475266,33.267173],[-96.477517,33.265422],[-96.476536,33.264767],[-96.477133,33.262976],[-96.477955,33.26247],[-96.479097,33.262774],[-96.478881,33.260612],[-96.479808,33.260323],[-96.478839,33.258256],[-96.47785,33.257793],[-96.47897,33.256399],[-96.477593,33.255564],[-96.47783,33.254706],[-96.476658,33.25441],[-96.477106,33.255961],[-96.476105,33.256208],[-96.474096,33.25414],[-96.474838,33.25309],[-96.473536,33.252795],[-96.473155,33.25175],[-96.474247,33.250078],[-96.475555,33.249713],[-96.475473,33.248818],[-96.474076,33.247768],[-96.476388,33.245005],[-96.476222,33.243828],[-96.477935,33.243327],[-96.478138,33.242241],[-96.480031,33.240659],[-96.479471,33.240032],[-96.479551,33.238597],[-96.480743,33.238453],[-96.479896,33.23796],[-96.480658,33.236016],[-96.479975,33.235349],[-96.480219,33.234544],[-96.478602,33.234447],[-96.478485,33.23305],[-96.484183,33.23438],[-96.493566,33.234235],[-96.498037,33.235526],[-96.502005,33.234524],[-96.507967,33.234685],[-96.509576,33.233154],[-96.510284,33.222522],[-96.518319,33.222617],[-96.518371,33.221089],[-96.520352,33.221114],[-96.520597,33.21147],[-96.532136,33.211588],[-96.532218,33.206839],[-96.534494,33.206839],[-96.534576,33.203247],[-96.531354,33.203233],[-96.531332,33.199096],[-96.538386,33.199131],[-96.538482,33.196306],[-96.541396,33.196452],[-96.541499,33.190925],[-96.545796,33.191127],[-96.549512,33.192631],[-96.55382,33.193469],[-96.557272,33.192891],[-96.564977,33.195148],[-96.56579,33.196432],[-96.568664,33.197936],[-96.574459,33.197892],[-96.601242,33.205146],[-96.608794,33.209198],[-96.610535,33.203591],[-96.611848,33.203271],[-96.613754,33.215888],[-96.613441,33.222349],[-96.612478,33.226909],[-96.612715,33.229647],[-96.613626,33.229739],[-96.632849,33.229266],[-96.638659,33.209829],[-96.638993,33.202861],[-96.640234,33.202897],[-96.640091,33.200789],[-96.641161,33.198551],[-96.656011,33.198987],[-96.662609,33.196336],[-96.676929,33.196863],[-96.688046,33.198613],[-96.691045,33.198649],[-96.691896,33.196934],[-96.697955,33.197429],[-96.69818,33.198466],[-96.701696,33.199145],[-96.70933,33.198979],[-96.708461,33.19485],[-96.708852,33.194443],[-96.713169,33.192825],[-96.715783,33.192735],[-96.722665,33.188078],[-96.723636,33.188753],[-96.723063,33.190728],[-96.719403,33.192695],[-96.721201,33.194274],[-96.72267,33.196717],[-96.72358,33.195978],[-96.724196,33.193537],[-96.725439,33.192876],[-96.723509,33.198359],[-96.715875,33.200353],[-96.714022,33.201956],[-96.715372,33.203193],[-96.767702,33.203697],[-96.767615,33.218746],[-96.732823,33.21857],[-96.732486,33.253315],[-96.73298,33.262254],[-96.746002,33.262539],[-96.74563,33.268423],[-96.753242,33.268616],[-96.752784,33.269256],[-96.753118,33.272159],[-96.752092,33.275557],[-96.752381,33.277856],[-96.753885,33.280344],[-96.754137,33.284528],[-96.738699,33.284371],[-96.738742,33.281878],[-96.730369,33.281779],[-96.731351,33.291445],[-96.693533,33.290984],[-96.6928,33.293022],[-96.690051,33.296723],[-96.689246,33.300279],[-96.690338,33.300722],[-96.6895,33.301451],[-96.689825,33.303291],[-96.688902,33.303521],[-96.687725,33.302835],[-96.685579,33.30436],[-96.683119,33.303722],[-96.682595,33.303024],[-96.680424,33.303266],[-96.679943,33.302272],[-96.68047,33.301225],[-96.678641,33.299017],[-96.676738,33.299104],[-96.677736,33.297887],[-96.676075,33.296239],[-96.672027,33.295631],[-96.671892,33.294964],[-96.670918,33.295079],[-96.670423,33.294443],[-96.670507,33.29294],[-96.668877,33.293027],[-96.668685,33.292197],[-96.667461,33.292113],[-96.666602,33.290481],[-96.666554,33.288459],[-96.667194,33.287242],[-96.665513,33.286583],[-96.665207,33.284353],[-96.664242,33.284305],[-96.662717,33.282922],[-96.661686,33.283322],[-96.661921,33.282002],[-96.659972,33.280825],[-96.659773,33.279891],[-96.657514,33.279657],[-96.657826,33.2787],[-96.652729,33.278621],[-96.653916,33.279965],[-96.655801,33.279994],[-96.659083,33.286171],[-96.662784,33.290247],[-96.662173,33.292791],[-96.661979,33.304966],[-96.660239,33.305078],[-96.660187,33.319615],[-96.655441,33.319591],[-96.655436,33.318123],[-96.636028,33.318019],[-96.635961,33.306161],[-96.617977,33.305971],[-96.60637,33.305149],[-96.606234,33.302852],[-96.604805,33.302363],[-96.60505,33.300702],[-96.60407,33.29986],[-96.606724,33.298814],[-96.606779,33.297392],[-96.608262,33.297233],[-96.606561,33.296481],[-96.6078,33.295833],[-96.606098,33.294286],[-96.607378,33.293275],[-96.604914,33.29242],[-96.605567,33.291079],[-96.60441,33.290601],[-96.604438,33.289212],[-96.603417,33.288963],[-96.605223,33.28759],[-96.604718,33.284874],[-96.606331,33.284245],[-96.60461,33.282683],[-96.606058,33.281156],[-96.604694,33.280428],[-96.606353,33.279353],[-96.605634,33.27845],[-96.605945,33.277754],[-96.605176,33.27729],[-96.606475,33.276815],[-96.606964,33.275204],[-96.605555,33.274194],[-96.605394,33.272756],[-96.607626,33.271914],[-96.607852,33.270759],[-96.609862,33.270093],[-96.610174,33.269153],[-96.611523,33.26894],[-96.609406,33.267398],[-96.611258,33.266295],[-96.610993,33.265473],[-96.612204,33.265158],[-96.610796,33.263689],[-96.612467,33.261535],[-96.611011,33.261133],[-96.611679,33.260171],[-96.610028,33.259085],[-96.609368,33.257133],[-96.623521,33.24628],[-96.622495,33.244487],[-96.61927,33.24416],[-96.61838,33.243318],[-96.617162,33.244024],[-96.610549,33.24355],[-96.609237,33.243969],[-96.608594,33.24269],[-96.608733,33.241137],[-96.606299,33.241352],[-96.60399,33.238182],[-96.601901,33.237622],[-96.603576,33.236303],[-96.602913,33.235435],[-96.601608,33.235912],[-96.601219,33.235135],[-96.599314,33.235441],[-96.596444,33.24272],[-96.587133,33.251118],[-96.586627,33.250774],[-96.586685,33.24917],[-96.585664,33.249358],[-96.584771,33.250442],[-96.583591,33.250175],[-96.581524,33.251035],[-96.580022,33.250447],[-96.578319,33.251282],[-96.578764,33.251914],[-96.577038,33.251907],[-96.576389,33.25316],[-96.578903,33.257095],[-96.577492,33.258566],[-96.577575,33.260106],[-96.578425,33.260931],[-96.576798,33.26227],[-96.577058,33.263489],[-96.568733,33.263238],[-96.568821,33.270213],[-96.557111,33.269913],[-96.556677,33.269072],[-96.554793,33.269596],[-96.553356,33.272837],[-96.553409,33.27649],[-96.551275,33.276491],[-96.549775,33.272987],[-96.547553,33.272832],[-96.54802,33.262054],[-96.549442,33.260232],[-96.519156,33.259749],[-96.512986,33.266319],[-96.512892,33.268769],[-96.51454,33.268937],[-96.514113,33.270698],[-96.519568,33.271444],[-96.519693,33.276742],[-96.523549,33.276912],[-96.523552,33.279064],[-96.529027,33.279199],[-96.529182,33.282418],[-96.530849,33.282857],[-96.52774,33.285252]],[[-96.713108,33.199986],[-96.71377,33.200608],[-96.714623,33.199419],[-96.714389,33.199225],[-96.713108,33.199986]],[[-96.716763,33.194232],[-96.714866,33.195461],[-96.717436,33.198301],[-96.719028,33.197744],[-96.716763,33.194232]]]},"properties":{"zip":"75071","city":"McKinney","county":"Collin","u2015":14688,"u2023":23861,"added":9173,"growth":62.5,"moe":914,"certain":true,"peak_month":"2022-07","from_peak":-15.0,"value":483631}},{"type":"Feature","geometry":{"type":"Polygon","coordinates":[[[-96.688687,32.997089],[-96.709022,32.997207],[-96.707692,33.007834],[-96.708283,33.015788],[-96.709825,33.024746],[-96.708507,33.029525],[-96.693651,33.057477],[-96.686229,33.075364],[-96.684279,33.072643],[-96.685344,33.071201],[-96.684796,33.070814],[-96.683959,33.070897],[-96.68218,33.073121],[-96.666824,33.072546],[-96.658563,33.072878],[-96.658151,33.074554],[-96.655702,33.074576],[-96.65479,33.072356],[-96.655117,33.068695],[-96.656989,33.066513],[-96.657192,33.0649],[-96.6558,33.062804],[-96.656355,33.060676],[-96.655044,33.057704],[-96.657092,33.055573],[-96.656209,33.053075],[-96.653803,33.050745],[-96.650388,33.053345],[-96.644204,33.052771],[-96.640026,33.053156],[-96.639366,33.05247],[-96.639432,33.049047],[-96.640969,33.049047],[-96.641224,33.044098],[-96.642497,33.044098],[-96.642493,33.043343],[-96.643574,33.043266],[-96.642234,33.041708],[-96.642189,33.040444],[-96.642939,33.039366],[-96.642176,33.038151],[-96.640843,33.037715],[-96.641165,33.029634],[-96.642252,33.028833],[-96.641828,33.028126],[-96.642394,33.026532],[-96.641586,33.025454],[-96.642062,33.024064],[-96.640574,33.022382],[-96.642034,33.018216],[-96.641709,33.017561],[-96.643084,33.016804],[-96.642249,33.015524],[-96.639756,33.014682],[-96.639931,33.013388],[-96.636669,33.013266],[-96.636732,33.012037],[-96.6354,33.01269],[-96.631861,33.010595],[-96.630826,33.0109],[-96.631854,33.010412],[-96.632033,33.009256],[-96.632954,33.008988],[-96.632779,33.007455],[-96.633703,33.007204],[-96.632641,33.006027],[-96.637061,33.005859],[-96.642961,33.007753],[-96.645132,33.007216],[-96.654684,33.008531],[-96.654321,33.005865],[-96.651546,33.004397],[-96.659224,33.004274],[-96.65924,33.003432],[-96.664867,33.003196],[-96.66496,32.996975],[-96.682181,32.997041],[-96.682363,33.001981],[-96.685659,33.002311],[-96.685636,33.000748],[-96.688073,33.000602],[-96.688687,32.997089]]]},"properties":{"zip":"75074","city":"Plano","county":"Collin","u2015":16867,"u2023":19362,"added":2495,"growth":14.8,"moe":661,"certain":true,"peak_month":"2024-05","from_peak":-10.5,"value":368306}},{"type":"Feature","geometry":{"type":"Polygon","coordinates":[[[-96.769884,33.041303],[-96.709957,33.04088],[-96.70832,33.040438],[-96.70652,33.03792],[-96.704331,33.037459],[-96.708952,33.02856],[-96.709751,33.025436],[-96.709734,33.021948],[-96.708239,33.015329],[-96.707692,33.007834],[-96.708059,33.003867],[-96.745378,33.003558],[-96.75229,33.00217],[-96.758859,32.999913],[-96.767883,32.999319],[-96.774311,33.001039],[-96.778243,33.003206],[-96.783399,33.007241],[-96.783758,33.009608],[-96.78623,33.011271],[-96.786423,33.011775],[-96.774718,33.009811],[-96.767077,33.007773],[-96.766957,33.019088],[-96.768893,33.022387],[-96.771984,33.022041],[-96.771938,33.025306],[-96.772912,33.02538],[-96.772908,33.026213],[-96.774462,33.026238],[-96.774451,33.026772],[-96.772541,33.026885],[-96.772522,33.030957],[-96.774248,33.031109],[-96.774236,33.031897],[-96.77267,33.0319],[-96.772667,33.032694],[-96.769977,33.032669],[-96.769884,33.041303]]]},"properties":{"zip":"75075","city":"Plano","county":"Collin","u2015":14182,"u2023":16262,"added":2080,"growth":14.7,"moe":723,"certain":true,"peak_month":"2024-05","from_peak":-9.6,"value":460213}},{"type":"Feature","geometry":{"type":"MultiPolygon","coordinates":[[[[-97.122318,33.073949],[-97.119204,33.073929],[-97.11918,33.067968],[-97.122384,33.068013],[-97.122354,33.069584],[-97.122901,33.070059],[-97.122318,33.073949]]],[[[-97.01787,33.05097],[-97.023676,33.048153],[-97.022141,33.04834],[-97.021586,33.047213],[-97.026436,33.046118],[-97.026419,33.047065],[-97.028235,33.047283],[-97.031462,33.049159],[-97.044523,33.048934],[-97.04456,33.070327],[-97.048533,33.071554],[-97.057876,33.071593],[-97.067611,33.073804],[-97.07731,33.07378],[-97.082323,33.072111],[-97.08795,33.072029],[-97.08808,33.06259],[-97.094042,33.06262],[-97.094139,33.060063],[-97.096833,33.060194],[-97.09715,33.05828],[-97.10964,33.05838],[-97.109686,33.054726],[-97.119411,33.054501],[-97.119319,33.052404],[-97.121173,33.056993],[-97.128738,33.05681],[-97.12891,33.05522],[-97.12907,33.057946],[-97.131506,33.05952],[-97.13149,33.065437],[-97.127949,33.065438],[-97.127958,33.068027],[-97.123198,33.068015],[-97.123334,33.058539],[-97.12194,33.058529],[-97.12193,33.06223],[-97.11424,33.06221],[-97.11423,33.06356],[-97.1161,33.06372],[-97.116129,33.064693],[-97.11602,33.06685],[-97.1142,33.06665],[-97.11413,33.07309],[-97.11192,33.072211],[-97.108228,33.072167],[-97.10817,33.07873],[-97.10978,33.0799],[-97.109957,33.080747],[-97.103194,33.080513],[-97.103588,33.082001],[-97.104449,33.08236],[-97.104539,33.091893],[-97.103255,33.091875],[-97.099762,33.104041],[-97.103267,33.104598],[-97.103355,33.110655],[-97.097827,33.104367],[-97.096954,33.104728],[-97.097496,33.105109],[-97.096692,33.105649],[-97.09739,33.10644],[-97.092859,33.108789],[-97.090291,33.10761],[-97.090535,33.106402],[-97.089707,33.105497],[-97.088696,33.105548],[-97.088051,33.104537],[-97.086798,33.104657],[-97.085862,33.104024],[-97.086366,33.102696],[-97.085755,33.102383],[-97.079145,33.103017],[-97.07925,33.11031],[-97.07807,33.109552],[-97.077703,33.104628],[-97.075718,33.104613],[-97.070518,33.100163],[-97.065449,33.101118],[-97.060992,33.103521],[-97.056678,33.100035],[-97.031565,33.102435],[-97.026663,33.101843],[-97.023282,33.099705],[-97.017595,33.091198],[-97.01533,33.089207],[-97.012013,33.087532],[-97.012029,33.086839],[-97.017992,33.086648],[-97.01815,33.085875],[-97.021151,33.08582],[-97.020247,33.084774],[-97.018198,33.084182],[-97.021289,33.083551],[-97.022251,33.082227],[-97.025233,33.081369],[-97.022253,33.076335],[-97.017423,33.071664],[-97.01958,33.07213],[-97.014283,33.063547],[-97.008544,33.046325],[-97.010931,33.046146],[-97.014136,33.044494],[-97.016551,33.049774],[-97.01787,33.05097]]]]},"properties":{"zip":"75077","city":"Highland Village","county":"Denton","u2015":13460,"u2023":14768,"added":1308,"growth":9.7,"moe":676,"certain":true,"peak_month":"2025-01","from_peak":-4.3,"value":496023}},{"type":"Feature","geometry":{"type":"Polygon","coordinates":[[[-96.78629,33.218866],[-96.838339,33.219392],[-96.880427,33.21904],[-96.89805,33.21952],[-96.897,33.231009],[-96.895188,33.232687],[-96.89529,33.230919],[-96.89278,33.230805],[-96.892457,33.226223],[-96.890203,33.22492],[-96.889868,33.226738],[-96.888599,33.226443],[-96.889371,33.22837],[-96.888351,33.230019],[-96.886591,33.229667],[-96.886561,33.230528],[-96.882403,33.230286],[-96.882864,33.233176],[-96.880572,33.234831],[-96.880722,33.235608],[-96.878401,33.23579],[-96.875936,33.236959],[-96.874971,33.238239],[-96.87155,33.239106],[-96.8717,33.240731],[-96.880122,33.240899],[-96.879896,33.247887],[-96.885006,33.248024],[-96.884927,33.251849],[-96.88229,33.252071],[-96.8818,33.254359],[-96.870907,33.253695],[-96.867922,33.254351],[-96.86531,33.255896],[-96.864391,33.257914],[-96.863538,33.258419],[-96.864,33.259175],[-96.863795,33.271869],[-96.864673,33.272568],[-96.8646,33.27718],[-96.837437,33.277037],[-96.837012,33.283855],[-96.832371,33.283866],[-96.832026,33.285925],[-96.79266,33.285709],[-96.792748,33.271808],[-96.766771,33.271771],[-96.767305,33.271377],[-96.767337,33.26256],[-96.756837,33.262458],[-96.756383,33.262602],[-96.756199,33.27671],[-96.758033,33.277065],[-96.758003,33.280805],[-96.756121,33.280794],[-96.755902,33.284479],[-96.754137,33.284528],[-96.753885,33.280344],[-96.752381,33.277856],[-96.752092,33.275557],[-96.753118,33.272159],[-96.752784,33.269256],[-96.753242,33.268616],[-96.74563,33.268423],[-96.746002,33.262539],[-96.73298,33.262254],[-96.732486,33.253315],[-96.732823,33.21857],[-96.767615,33.218746],[-96.767668,33.216228],[-96.771918,33.216259],[-96.771902,33.218623],[-96.774008,33.218642],[-96.774074,33.21248],[-96.775419,33.212987],[-96.776002,33.216637],[-96.78263,33.21849],[-96.784524,33.217959],[-96.78629,33.218866]]]},"properties":{"zip":"75078","city":"Prosper","county":"Collin","u2015":4863,"u2023":14409,"added":9546,"growth":196.3,"moe":695,"certain":true,"peak_month":"2022-07","from_peak":-12.5,"value":750362}},{"type":"Feature","geometry":{"type":"Polygon","coordinates":[[[-96.756858,33.000422],[-96.744038,33.003639],[-96.708059,33.003867],[-96.709643,32.9906],[-96.708455,32.990549],[-96.710006,32.987178],[-96.71097,32.985714],[-96.711538,32.985732],[-96.716404,32.97518],[-96.721143,32.967756],[-96.72007,32.96761],[-96.724416,32.960698],[-96.727215,32.960707],[-96.729163,32.958514],[-96.729707,32.957713],[-96.728833,32.957707],[-96.730801,32.954589],[-96.7315,32.954914],[-96.732343,32.953548],[-96.730425,32.952661],[-96.730753,32.951968],[-96.732348,32.949439],[-96.733244,32.949838],[-96.733756,32.949055],[-96.734899,32.949568],[-96.735414,32.948777],[-96.734266,32.948256],[-96.73952,32.942055],[-96.740029,32.940089],[-96.745941,32.939999],[-96.748076,32.938314],[-96.748136,32.939974],[-96.768987,32.939867],[-96.768923,32.973847],[-96.768224,32.976901],[-96.768152,32.986535],[-96.756464,32.986398],[-96.756409,32.995193],[-96.755095,32.996918],[-96.756459,32.997481],[-96.756858,33.000422]]]},"properties":{"zip":"75080","city":"Richardson","county":"Dallas","u2015":18949,"u2023":19971,"added":1022,"growth":5.4,"moe":817,"certain":true,"peak_month":"2024-06","from_peak":-1.6,"value":459233}},{"type":"Feature","geometry":{"type":"Polygon","coordinates":[[[-96.745941,32.939999],[-96.740029,32.940089],[-96.73952,32.942055],[-96.734266,32.948256],[-96.735414,32.948777],[-96.734899,32.949568],[-96.733756,32.949055],[-96.733244,32.949838],[-96.732348,32.949439],[-96.730753,32.951968],[-96.730425,32.952661],[-96.732343,32.953548],[-96.7315,32.954914],[-96.730801,32.954589],[-96.728833,32.957707],[-96.729707,32.957713],[-96.728881,32.958889],[-96.727215,32.960707],[-96.724416,32.960698],[-96.72007,32.96761],[-96.721143,32.967756],[-96.716221,32.975527],[-96.701089,32.975298],[-96.694866,32.974685],[-96.692093,32.973515],[-96.682679,32.973125],[-96.683068,32.931078],[-96.718125,32.931291],[-96.718147,32.925432],[-96.732139,32.925371],[-96.737641,32.923211],[-96.745706,32.923074],[-96.745825,32.92537],[-96.744336,32.927499],[-96.744799,32.927653],[-96.74419,32.928024],[-96.744501,32.929208],[-96.742278,32.932848],[-96.739324,32.936043],[-96.740427,32.935964],[-96.741229,32.934732],[-96.743186,32.934888],[-96.744333,32.933917],[-96.748384,32.934137],[-96.748076,32.938314],[-96.745941,32.939999]]]},"properties":{"zip":"75081","city":"Richardson","county":"Dallas","u2015":14916,"u2023":14662,"added":-254,"growth":-1.7,"moe":612,"certain":false,"peak_month":"2024-06","from_peak":-6.0,"value":394872}},{"type":"Feature","geometry":{"type":"Polygon","coordinates":[[[-96.709022,32.997207],[-96.688687,32.997089],[-96.688073,33.000602],[-96.685636,33.000748],[-96.685659,33.002311],[-96.682363,33.001981],[-96.682181,32.997041],[-96.66496,32.996975],[-96.664867,33.003196],[-96.65924,33.003432],[-96.659224,33.004274],[-96.651546,33.004397],[-96.654321,33.005865],[-96.654684,33.008531],[-96.645132,33.007216],[-96.642961,33.007753],[-96.636171,33.005786],[-96.632112,33.006135],[-96.628593,33.007469],[-96.627447,33.004934],[-96.614707,33.004934],[-96.614798,33.003528],[-96.613097,33.003503],[-96.612882,33.005049],[-96.613377,32.984021],[-96.629141,32.984246],[-96.629569,32.985154],[-96.640629,32.985512],[-96.640896,32.984928],[-96.647768,32.984636],[-96.669394,32.985202],[-96.669935,32.984178],[-96.672636,32.985246],[-96.682467,32.985325],[-96.682679,32.973125],[-96.692093,32.973515],[-96.694866,32.974685],[-96.701089,32.975298],[-96.716221,32.975527],[-96.711538,32.985732],[-96.71097,32.985714],[-96.710006,32.987178],[-96.708455,32.990549],[-96.709643,32.9906],[-96.709022,32.997207]]]},"properties":{"zip":"75082","city":"Richardson","county":"Collin","u2015":8519,"u2023":13194,"added":4675,"growth":54.9,"moe":591,"certain":true,"peak_month":"2024-05","from_peak":-8.0,"value":549517}},{"type":"Feature","geometry":{"type":"Polygon","coordinates":[[[-96.509777,32.908206],[-96.509653,32.91836],[-96.506706,32.919295],[-96.507298,32.920291],[-96.50548,32.920703],[-96.505552,32.921712],[-96.496794,32.923563],[-96.498456,32.9376],[-96.498125,32.94354],[-96.499193,32.950322],[-96.498824,32.962902],[-96.497791,32.970408],[-96.49531,32.975427],[-96.493721,32.981892],[-96.419282,32.981996],[-96.418708,32.982319],[-96.41856,32.985732],[-96.414383,32.986096],[-96.411887,32.987549],[-96.405925,32.986362],[-96.405954,32.98547],[-96.398024,32.985312],[-96.397952,32.98866],[-96.385951,32.988403],[-96.385864,32.993723],[-96.383395,32.993094],[-96.383517,32.991793],[-96.37717,32.991297],[-96.377247,32.989961],[-96.371827,32.989787],[-96.372033,32.98352],[-96.370728,32.982084],[-96.406031,32.98191],[-96.406207,32.968856],[-96.404829,32.967284],[-96.386311,32.967239],[-96.385606,32.966979],[-96.385619,32.963943],[-96.381549,32.963862],[-96.380702,32.962528],[-96.3806,32.959939],[-96.37868,32.959933],[-96.378774,32.953153],[-96.381431,32.949634],[-96.381472,32.942791],[-96.383014,32.941539],[-96.382739,32.938691],[-96.383959,32.938687],[-96.38395,32.937981],[-96.381467,32.937995],[-96.381087,32.933459],[-96.385083,32.930476],[-96.401463,32.923887],[-96.433051,32.915716],[-96.432198,32.911243],[-96.433712,32.910259],[-96.436284,32.91003],[-96.43628,32.909391],[-96.437621,32.909077],[-96.438805,32.907896],[-96.444288,32.912968],[-96.446011,32.912574],[-96.450016,32.909272],[-96.456515,32.902105],[-96.459253,32.900416],[-96.463736,32.899001],[-96.46296,32.897506],[-96.460325,32.896307],[-96.4652,32.892075],[-96.470983,32.893983],[-96.471366,32.891838],[-96.475724,32.895615],[-96.492109,32.889125],[-96.51037,32.880595],[-96.516953,32.87959],[-96.51732,32.881296],[-96.516621,32.88154],[-96.516286,32.883485],[-96.515355,32.883947],[-96.515656,32.886131],[-96.516148,32.886305],[-96.515809,32.887807],[-96.517662,32.889336],[-96.516257,32.889481],[-96.515156,32.893346],[-96.517817,32.895511],[-96.516456,32.894624],[-96.514397,32.894764],[-96.512207,32.898564],[-96.512826,32.899718],[-96.511005,32.899949],[-96.508509,32.903691],[-96.508105,32.906942],[-96.509546,32.907756],[-96.50764,32.907961],[-96.506088,32.908813],[-96.506172,32.909343],[-96.504923,32.909619],[-96.50393,32.912129],[-96.501104,32.914344],[-96.501816,32.914459],[-96.503042,32.913193],[-96.503725,32.913554],[-96.503969,32.912415],[-96.504943,32.912489],[-96.504814,32.910235],[-96.506195,32.909587],[-96.507074,32.908324],[-96.509777,32.908206]]]},"properties":{"zip":"75087","city":"Rockwall","county":"Rockwall","u2015":11000,"u2023":15103,"added":4103,"growth":37.3,"moe":673,"certain":true,"peak_month":"2022-08","from_peak":-8.2,"value":450320}},{"type":"Feature","geometry":{"type":"Polygon","coordinates":[[[-96.509653,32.91836],[-96.509777,32.908206],[-96.507074,32.908324],[-96.506195,32.909587],[-96.504814,32.910235],[-96.504943,32.912489],[-96.503969,32.912415],[-96.503725,32.913554],[-96.503042,32.913193],[-96.501816,32.914459],[-96.501104,32.914344],[-96.50393,32.912129],[-96.504923,32.909619],[-96.506172,32.909343],[-96.506088,32.908813],[-96.50764,32.907961],[-96.509546,32.907756],[-96.508105,32.906942],[-96.508509,32.903691],[-96.511005,32.899949],[-96.512826,32.899718],[-96.512207,32.898564],[-96.514397,32.894764],[-96.516456,32.894624],[-96.517817,32.895511],[-96.515156,32.893346],[-96.516257,32.889481],[-96.517662,32.889336],[-96.515809,32.887807],[-96.516148,32.886305],[-96.515656,32.886131],[-96.515355,32.883947],[-96.516286,32.883485],[-96.516621,32.88154],[-96.51732,32.881296],[-96.517012,32.87961],[-96.511106,32.880328],[-96.492109,32.889125],[-96.491755,32.888689],[-96.518448,32.876165],[-96.51855,32.867156],[-96.519933,32.867219],[-96.520567,32.87051],[-96.519844,32.871056],[-96.522592,32.873962],[-96.532953,32.869688],[-96.540754,32.872498],[-96.569826,32.867827],[-96.589171,32.885525],[-96.592367,32.894002],[-96.59306,32.909525],[-96.577711,32.907725],[-96.571602,32.907584],[-96.569297,32.907589],[-96.569405,32.909731],[-96.555826,32.909564],[-96.555728,32.907787],[-96.549203,32.907841],[-96.547645,32.910025],[-96.548308,32.910553],[-96.547759,32.911349],[-96.542976,32.911036],[-96.542984,32.907919],[-96.537376,32.907922],[-96.524518,32.914085],[-96.525168,32.915578],[-96.52154,32.917254],[-96.520687,32.915892],[-96.509533,32.920859],[-96.509422,32.923436],[-96.508846,32.923056],[-96.506335,32.923597],[-96.507315,32.92287],[-96.505933,32.923356],[-96.50548,32.920703],[-96.507298,32.920291],[-96.506706,32.919295],[-96.509653,32.91836]]]},"properties":{"zip":"75088","city":"Rowlett","county":"Dallas","u2015":9043,"u2023":10168,"added":1125,"growth":12.4,"moe":605,"certain":true,"peak_month":"2022-08","from_peak":-8.7,"value":360537}},{"type":"Feature","geometry":{"type":"Polygon","coordinates":[[[-96.57725,32.907684],[-96.59306,32.909525],[-96.593097,32.920028],[-96.591094,32.920594],[-96.586195,32.928544],[-96.581366,32.931587],[-96.575249,32.936573],[-96.577913,32.939704],[-96.579809,32.939472],[-96.582364,32.941634],[-96.574791,32.94771],[-96.560478,32.94811],[-96.559067,32.947138],[-96.555174,32.946316],[-96.554468,32.946824],[-96.554563,32.947819],[-96.551803,32.948349],[-96.550731,32.94729],[-96.549624,32.94728],[-96.549738,32.944133],[-96.550359,32.943928],[-96.550328,32.943188],[-96.54868,32.941347],[-96.543009,32.945836],[-96.548925,32.950525],[-96.534126,32.962834],[-96.522648,32.953017],[-96.520093,32.951351],[-96.51938,32.951923],[-96.51953,32.951128],[-96.517849,32.9492],[-96.517168,32.946956],[-96.517279,32.93891],[-96.516177,32.938153],[-96.515219,32.936167],[-96.515928,32.933019],[-96.514997,32.929268],[-96.508507,32.925323],[-96.50816,32.924498],[-96.505313,32.92352],[-96.504821,32.921871],[-96.505552,32.921712],[-96.505933,32.923356],[-96.507315,32.92287],[-96.506335,32.923597],[-96.508846,32.923056],[-96.509422,32.923436],[-96.509533,32.920859],[-96.520687,32.915892],[-96.52154,32.917254],[-96.525168,32.915578],[-96.524518,32.914085],[-96.537376,32.907922],[-96.542984,32.907919],[-96.542976,32.911036],[-96.547759,32.911349],[-96.548308,32.910553],[-96.547645,32.910025],[-96.549203,32.907841],[-96.555728,32.907787],[-96.555826,32.909564],[-96.569405,32.909731],[-96.569297,32.907589],[-96.57725,32.907684]]]},"properties":{"zip":"75089","city":"Rowlett","county":"Dallas","u2015":10146,"u2023":11951,"added":1805,"growth":17.8,"moe":646,"certain":true,"peak_month":"2022-08","from_peak":-8.6,"value":379742}},{"type":"Feature","geometry":{"type":"Polygon","coordinates":[[[-96.853082,33.042],[-96.860229,33.042003],[-96.858387,33.053126],[-96.853407,33.053121],[-96.853395,33.051743],[-96.844913,33.051737],[-96.843787,33.056164],[-96.842539,33.056136],[-96.842504,33.05695],[-96.836292,33.056856],[-96.836186,33.058462],[-96.833011,33.058466],[-96.832905,33.065565],[-96.824714,33.065596],[-96.825601,33.063307],[-96.829148,33.058301],[-96.829927,33.054845],[-96.823818,33.054684],[-96.820108,33.056571],[-96.813091,33.056534],[-96.807689,33.057693],[-96.801662,33.056527],[-96.770371,33.056012],[-96.769977,33.032669],[-96.772667,33.032694],[-96.77267,33.0319],[-96.774236,33.031897],[-96.774248,33.031109],[-96.772522,33.030957],[-96.772541,33.026885],[-96.774451,33.026772],[-96.774462,33.026238],[-96.772908,33.026213],[-96.772912,33.02538],[-96.771938,33.025306],[-96.771984,33.022041],[-96.768893,33.022387],[-96.766957,33.019088],[-96.767077,33.007773],[-96.77154,33.009211],[-96.795274,33.013129],[-96.81914,33.013412],[-96.832215,33.015571],[-96.843521,33.016492],[-96.843266,33.025914],[-96.852675,33.026063],[-96.852435,33.030838],[-96.85129,33.033001],[-96.855609,33.035593],[-96.855584,33.036903],[-96.853044,33.036956],[-96.853082,33.042]]]},"properties":{"zip":"75093","city":"Plano","county":"Collin","u2015":20446,"u2023":20852,"added":406,"growth":2.0,"moe":904,"certain":false,"peak_month":"2024-06","from_peak":-4.9,"value":748963}},{"type":"Feature","geometry":{"type":"Polygon","coordinates":[[[-96.641021,33.033443],[-96.634336,33.034582],[-96.629437,33.034274],[-96.629419,33.041013],[-96.61477,33.040819],[-96.612094,33.039614],[-96.61027,33.039659],[-96.60994,33.040823],[-96.594653,33.040664],[-96.595617,33.011229],[-96.601985,33.011266],[-96.598521,33.007793],[-96.597226,33.002496],[-96.595954,33.000382],[-96.59564,32.993451],[-96.599371,32.993096],[-96.599279,32.991585],[-96.601412,32.991498],[-96.601311,32.989466],[-96.604681,32.98946],[-96.604693,32.986846],[-96.613368,32.987017],[-96.612882,33.005049],[-96.613097,33.003503],[-96.614798,33.003528],[-96.614707,33.004934],[-96.627447,33.004934],[-96.628593,33.007469],[-96.632641,33.006027],[-96.633703,33.007204],[-96.632779,33.007455],[-96.632954,33.008988],[-96.632033,33.009256],[-96.631854,33.010412],[-96.630826,33.0109],[-96.631861,33.010595],[-96.6354,33.01269],[-96.636732,33.012037],[-96.636669,33.013266],[-96.639931,33.013388],[-96.63984,33.014761],[-96.642525,33.01576],[-96.643072,33.016964],[-96.641709,33.017561],[-96.642034,33.018216],[-96.640574,33.022382],[-96.642148,33.024372],[-96.641586,33.025454],[-96.642382,33.026429],[-96.641828,33.028126],[-96.642261,33.028776],[-96.641165,33.029634],[-96.641021,33.033443]]]},"properties":{"zip":"75094","city":"Murphy","county":"Collin","u2015":6010,"u2023":6716,"added":706,"growth":11.7,"moe":450,"certain":true,"peak_month":"2024-05","from_peak":-8.7,"value":578683}},{"type":"Feature","geometry":{"type":"Polygon","coordinates":[[[-96.550378,32.982921],[-96.560125,32.983425],[-96.558585,32.983922],[-96.558663,32.984657],[-96.560895,32.9859],[-96.560601,32.989326],[-96.559386,32.989887],[-96.560256,32.990592],[-96.561565,32.994042],[-96.560856,32.994773],[-96.561454,32.995779],[-96.560386,32.996528],[-96.560743,32.998413],[-96.564596,32.995829],[-96.578467,32.997208],[-96.578403,33.000978],[-96.586602,33.001039],[-96.58714,33.001888],[-96.59355,33.002055],[-96.594435,33.002731],[-96.595901,32.999831],[-96.597226,33.002496],[-96.598563,33.007889],[-96.601985,33.011266],[-96.595617,33.011229],[-96.594633,33.041575],[-96.586516,33.041477],[-96.585946,33.045403],[-96.58341,33.045298],[-96.583376,33.046492],[-96.577282,33.046369],[-96.577,33.070004],[-96.571219,33.071137],[-96.571974,33.074278],[-96.573526,33.074854],[-96.573003,33.076645],[-96.574899,33.077846],[-96.574843,33.079763],[-96.568555,33.078557],[-96.568579,33.07776],[-96.559815,33.077873],[-96.559691,33.080636],[-96.551589,33.080399],[-96.552587,33.077374],[-96.550526,33.077308],[-96.549894,33.074675],[-96.54539,33.074703],[-96.545295,33.078125],[-96.533657,33.078055],[-96.53371,33.072601],[-96.532591,33.068855],[-96.524677,33.056587],[-96.522995,33.050119],[-96.521484,33.047475],[-96.517439,33.04585],[-96.513133,33.045479],[-96.499879,33.047008],[-96.489922,33.047006],[-96.484545,33.046199],[-96.482266,33.044373],[-96.481676,33.031798],[-96.480917,33.029303],[-96.475962,33.025575],[-96.475461,33.024517],[-96.476093,33.022537],[-96.47791,33.020457],[-96.476948,33.019508],[-96.476574,33.016199],[-96.477421,33.01541],[-96.478723,33.015704],[-96.479044,33.016641],[-96.478246,33.017071],[-96.479004,33.017322],[-96.480029,33.016421],[-96.482329,33.015906],[-96.483069,33.014972],[-96.481527,33.014864],[-96.480738,33.013941],[-96.481388,33.012166],[-96.482933,33.010565],[-96.483604,33.01136],[-96.484596,33.011401],[-96.485771,33.010129],[-96.48276,33.009194],[-96.483423,33.007551],[-96.485012,33.008699],[-96.485621,33.008378],[-96.48446,33.005857],[-96.486522,33.006129],[-96.485513,33.002978],[-96.486476,33.001378],[-96.486258,32.998678],[-96.48781,32.997337],[-96.486361,32.996325],[-96.485367,32.997053],[-96.484281,32.995297],[-96.484721,32.990598],[-96.488032,32.988396],[-96.489875,32.981878],[-96.493721,32.981892],[-96.49531,32.975427],[-96.497791,32.970408],[-96.498824,32.962902],[-96.499193,32.950322],[-96.498125,32.94354],[-96.498456,32.9376],[-96.496794,32.923563],[-96.504821,32.921871],[-96.505313,32.92352],[-96.50816,32.924498],[-96.508657,32.925427],[-96.514957,32.929201],[-96.515928,32.933019],[-96.515219,32.936167],[-96.516177,32.938153],[-96.517279,32.93891],[-96.517168,32.946956],[-96.517849,32.9492],[-96.51953,32.951128],[-96.51938,32.951923],[-96.520093,32.951351],[-96.522648,32.953017],[-96.534126,32.962834],[-96.548925,32.950525],[-96.543009,32.945836],[-96.54868,32.941347],[-96.550328,32.943188],[-96.550359,32.943928],[-96.549738,32.944133],[-96.549624,32.94728],[-96.550823,32.947341],[-96.551187,32.948245],[-96.553978,32.948107],[-96.555174,32.946316],[-96.559561,32.947339],[-96.555369,32.946623],[-96.554969,32.947923],[-96.551859,32.948636],[-96.551928,32.949629],[-96.550727,32.95118],[-96.551051,32.952092],[-96.552722,32.953224],[-96.552147,32.953679],[-96.552648,32.95494],[-96.55175,32.955212],[-96.551395,32.956693],[-96.55152,32.958647],[-96.552283,32.959663],[-96.550696,32.96302],[-96.551072,32.964194],[-96.550414,32.965474],[-96.551468,32.967216],[-96.551594,32.971187],[-96.553809,32.97243],[-96.554382,32.975042],[-96.554841,32.974585],[-96.557566,32.977145],[-96.550378,32.982921]]]},"properties":{"zip":"75098","city":"Wylie","county":"Collin","u2015":16984,"u2023":22080,"added":5096,"growth":30.0,"moe":1033,"certain":true,"peak_month":"2022-07","from_peak":-12.5,"value":425744}},{"type":"Feature","geometry":{"type":"Polygon","coordinates":[[[-96.990085,32.652057],[-96.986287,32.653156],[-96.979868,32.656216],[-96.973193,32.642758],[-96.972126,32.639792],[-96.972022,32.637165],[-96.974407,32.630226],[-96.97584,32.622069],[-96.956839,32.631498],[-96.957627,32.632675],[-96.953738,32.632685],[-96.953251,32.632634],[-96.953175,32.62661],[-96.949166,32.620704],[-96.946571,32.620809],[-96.945133,32.62162],[-96.942808,32.624634],[-96.943239,32.626115],[-96.941419,32.626161],[-96.938758,32.62371],[-96.935531,32.624075],[-96.933445,32.622211],[-96.930232,32.6264],[-96.927544,32.62632],[-96.925667,32.624408],[-96.925456,32.622936],[-96.916623,32.623106],[-96.915912,32.622101],[-96.913649,32.622204],[-96.912788,32.621583],[-96.915595,32.618886],[-96.908399,32.618789],[-96.908251,32.575356],[-96.899695,32.575367],[-96.899608,32.547738],[-96.941586,32.547984],[-96.942647,32.546819],[-96.952642,32.546962],[-96.952622,32.542284],[-96.953657,32.540664],[-96.953701,32.538668],[-96.964781,32.538887],[-96.964627,32.535223],[-96.976764,32.535082],[-96.976801,32.540264],[-96.977474,32.540254],[-96.977778,32.539225],[-96.985487,32.539264],[-96.985263,32.53605],[-97.021297,32.53596],[-97.021375,32.533504],[-97.040778,32.544224],[-97.045574,32.545312],[-97.053518,32.545924],[-97.065507,32.549075],[-97.038385,32.548662],[-97.038199,32.560026],[-97.036053,32.559061],[-97.037992,32.561667],[-97.035317,32.562427],[-97.03561,32.562918],[-97.034987,32.563696],[-97.034405,32.563239],[-97.033772,32.563274],[-97.034738,32.564003],[-97.033498,32.563854],[-97.034342,32.564327],[-97.033312,32.56438],[-97.033951,32.566162],[-97.03166,32.567749],[-97.031706,32.570406],[-97.030412,32.569619],[-97.028474,32.569636],[-97.02923,32.572167],[-97.030344,32.572951],[-97.029468,32.575138],[-97.030099,32.575752],[-97.030087,32.576234],[-97.029657,32.575453],[-97.028994,32.576002],[-97.029738,32.576245],[-97.029399,32.578091],[-97.02797,32.578665],[-97.022761,32.578518],[-97.022297,32.579217],[-97.01883,32.577619],[-97.018579,32.57839],[-97.01909,32.578744],[-97.018331,32.578691],[-97.018067,32.579479],[-97.016952,32.579925],[-97.019648,32.580668],[-97.021229,32.582231],[-97.01997,32.581986],[-97.018897,32.580909],[-97.016371,32.580598],[-97.00787,32.582335],[-97.000778,32.585577],[-97.001165,32.586815],[-97.00057,32.587397],[-97.001407,32.587404],[-97.001158,32.588929],[-97.001923,32.589011],[-97.001032,32.591018],[-97.005115,32.591366],[-97.005835,32.59265],[-97.0088,32.593854],[-97.009341,32.595078],[-97.013108,32.598426],[-97.012857,32.599586],[-97.010563,32.599896],[-97.008222,32.597716],[-97.007272,32.597716],[-97.006275,32.598661],[-97.006092,32.597802],[-97.005216,32.598866],[-97.005283,32.601726],[-97.003838,32.602825],[-97.004408,32.603126],[-97.004237,32.606451],[-97.001094,32.608309],[-96.99879,32.6109],[-96.997365,32.614524],[-96.995543,32.6147],[-96.993651,32.613287],[-96.992812,32.613425],[-96.992585,32.61455],[-96.993828,32.617016],[-96.991601,32.616934],[-96.988761,32.618797],[-96.991608,32.619115],[-96.99201,32.620578],[-96.991016,32.621505],[-96.991957,32.621882],[-96.992081,32.622942],[-96.991149,32.623482],[-96.992746,32.624733],[-96.986405,32.626799],[-96.982815,32.624094],[-96.982299,32.624437],[-96.982401,32.627435],[-96.98474,32.629886],[-96.982226,32.631422],[-96.984111,32.632134],[-96.982695,32.633234],[-96.981724,32.632157],[-96.980691,32.631996],[-96.98077,32.633601],[-96.980172,32.634296],[-96.981496,32.6362],[-96.979584,32.637333],[-96.980834,32.638427],[-96.976548,32.639317],[-96.980211,32.641672],[-96.995096,32.644045],[-96.998951,32.64392],[-96.99824,32.64586],[-96.99693,32.64678],[-96.990249,32.64988],[-96.990085,32.652057]]]},"properties":{"zip":"75104","city":"Cedar Hill","county":"Dallas","u2015":17052,"u2023":17365,"added":313,"growth":1.8,"moe":929,"certain":false,"peak_month":"2022-08","from_peak":-8.7,"value":312983}},{"type":"Feature","geometry":{"type":"Polygon","coordinates":[[[-96.433769,32.686771],[-96.40942,32.665607],[-96.403961,32.670149],[-96.402296,32.668729],[-96.403395,32.667417],[-96.403415,32.6659],[-96.400042,32.661636],[-96.393451,32.65681],[-96.37637,32.642313],[-96.375002,32.638446],[-96.375148,32.636634],[-96.374202,32.63511],[-96.381025,32.629548],[-96.378495,32.623811],[-96.383221,32.620238],[-96.382637,32.619685],[-96.394949,32.614029],[-96.394987,32.613379],[-96.400461,32.613264],[-96.426875,32.591648],[-96.429228,32.593366],[-96.432803,32.588018],[-96.436527,32.586229],[-96.438513,32.58628],[-96.438461,32.585804],[-96.439835,32.585248],[-96.440381,32.582405],[-96.437467,32.579991],[-96.437089,32.57846],[-96.439114,32.576068],[-96.43952,32.571123],[-96.437667,32.569286],[-96.435922,32.571148],[-96.434543,32.570577],[-96.43188,32.566603],[-96.431123,32.560451],[-96.453918,32.541137],[-96.453495,32.540514],[-96.453859,32.538826],[-96.45544,32.536242],[-96.454712,32.533242],[-96.455642,32.530171],[-96.456296,32.529228],[-96.458083,32.528626],[-96.45889,32.525087],[-96.458829,32.520134],[-96.456954,32.518589],[-96.455088,32.518386],[-96.454317,32.517589],[-96.455514,32.511668],[-96.454957,32.508994],[-96.453678,32.507491],[-96.450217,32.506254],[-96.447002,32.503577],[-96.445047,32.50416],[-96.444772,32.502716],[-96.443472,32.502423],[-96.443156,32.501596],[-96.460522,32.501691],[-96.46069,32.494926],[-96.500576,32.494732],[-96.501026,32.497278],[-96.499989,32.497906],[-96.497112,32.497252],[-96.494751,32.498269],[-96.491686,32.497822],[-96.482742,32.499423],[-96.480994,32.50097],[-96.479332,32.504118],[-96.47897,32.508147],[-96.482749,32.51117],[-96.484083,32.514752],[-96.483154,32.523279],[-96.480634,32.527434],[-96.478087,32.52964],[-96.473924,32.541744],[-96.471949,32.550326],[-96.474205,32.554101],[-96.474281,32.557246],[-96.473242,32.561645],[-96.474077,32.565179],[-96.475505,32.566916],[-96.47573,32.570318],[-96.479687,32.581238],[-96.479919,32.585748],[-96.486511,32.592739],[-96.484816,32.596787],[-96.484885,32.598616],[-96.49176,32.609761],[-96.489034,32.618192],[-96.489998,32.620917],[-96.487295,32.624471],[-96.485676,32.628846],[-96.485661,32.635308],[-96.484296,32.640158],[-96.484373,32.64424],[-96.486942,32.645412],[-96.488664,32.653225],[-96.478917,32.662266],[-96.475111,32.664893],[-96.474292,32.666462],[-96.471628,32.668773],[-96.474412,32.670948],[-96.474226,32.671932],[-96.473523,32.671989],[-96.473315,32.673582],[-96.469873,32.670583],[-96.452563,32.685009],[-96.443523,32.678624],[-96.442839,32.679184],[-96.443855,32.681016],[-96.443888,32.681503],[-96.442734,32.681109],[-96.442689,32.681517],[-96.443239,32.685557],[-96.444166,32.687313],[-96.443922,32.690019],[-96.436685,32.684342],[-96.433769,32.686771]]]},"properties":{"zip":"75114","city":"Crandall","county":"Kaufman","u2015":1809,"u2023":2416,"added":607,"growth":33.6,"moe":443,"certain":true,"peak_month":"2022-08","from_peak":-16.1,"value":257270}},{"type":"Feature","geometry":{"type":"Polygon","coordinates":[[[-96.899695,32.560279],[-96.899695,32.575367],[-96.908251,32.575356],[-96.908399,32.618789],[-96.890765,32.618938],[-96.883986,32.619557],[-96.882983,32.61898],[-96.882982,32.622476],[-96.884146,32.624048],[-96.882581,32.625135],[-96.8832,32.625731],[-96.883654,32.643879],[-96.885782,32.646051],[-96.887055,32.645072],[-96.884363,32.647613],[-96.878418,32.647458],[-96.878458,32.642901],[-96.874241,32.642893],[-96.87441,32.636035],[-96.865569,32.63597],[-96.865684,32.633083],[-96.862626,32.633079],[-96.862247,32.634349],[-96.859481,32.636879],[-96.857176,32.636467],[-96.857161,32.633069],[-96.834358,32.632664],[-96.834364,32.625366],[-96.831348,32.625425],[-96.831588,32.633195],[-96.823105,32.633232],[-96.822359,32.56711],[-96.839683,32.567148],[-96.839665,32.565054],[-96.85479,32.565013],[-96.856877,32.565272],[-96.856878,32.565962],[-96.860754,32.565914],[-96.861212,32.565084],[-96.865625,32.56512],[-96.882841,32.565904],[-96.882936,32.56807],[-96.891055,32.568092],[-96.89105,32.560822],[-96.899695,32.560279]],[[-96.878465,32.641592],[-96.878468,32.64087],[-96.876405,32.640932],[-96.876447,32.642183],[-96.878465,32.641592]],[[-96.839981,32.624978],[-96.83865,32.625715],[-96.839409,32.626192],[-96.839462,32.629506],[-96.844503,32.629171],[-96.844503,32.625135],[-96.839981,32.624978]]]},"properties":{"zip":"75115","city":"Desoto","county":"Dallas","u2015":19893,"u2023":22054,"added":2161,"growth":10.9,"moe":1029,"certain":true,"peak_month":"2022-08","from_peak":-7.9,"value":327539}},{"type":"Feature","geometry":{"type":"Polygon","coordinates":[[[-96.891485,32.674203],[-96.891392,32.647499],[-96.902526,32.647264],[-96.906167,32.64585],[-96.915236,32.646012],[-96.916463,32.644855],[-96.916995,32.645868],[-96.920644,32.64737],[-96.942971,32.647244],[-96.943226,32.662227],[-96.925824,32.66234],[-96.92576,32.676475],[-96.90862,32.676445],[-96.90863,32.675606],[-96.905509,32.675578],[-96.905674,32.6766],[-96.903917,32.676161],[-96.891468,32.676629],[-96.892518,32.676492],[-96.892562,32.674197],[-96.891485,32.674203]]]},"properties":{"zip":"75116","city":"Duncanville","county":"Dallas","u2015":7264,"u2023":7041,"added":-223,"growth":-3.1,"moe":540,"certain":false,"peak_month":"2024-05","from_peak":-5.5,"value":277275}},{"type":"Feature","geometry":{"type":"Polygon","coordinates":[[[-96.658446,32.40788],[-96.649165,32.383486],[-96.646678,32.377525],[-96.644929,32.374944],[-96.637272,32.38157],[-96.639564,32.382807],[-96.634518,32.386063],[-96.632719,32.395661],[-96.631462,32.397868],[-96.628377,32.397368],[-96.6179,32.405805],[-96.615262,32.404023],[-96.610065,32.409803],[-96.606084,32.406999],[-96.5905,32.422037],[-96.592423,32.422378],[-96.595536,32.42532],[-96.600572,32.427678],[-96.603977,32.430998],[-96.603156,32.43589],[-96.603666,32.438954],[-96.607403,32.440558],[-96.620066,32.437497],[-96.622406,32.43654],[-96.624481,32.434137],[-96.607743,32.42262],[-96.627917,32.401578],[-96.632514,32.405048],[-96.636072,32.402003],[-96.640678,32.408505],[-96.648338,32.399079],[-96.651632,32.399213],[-96.653545,32.398119],[-96.657567,32.40823],[-96.655666,32.410525],[-96.65047,32.411326],[-96.647301,32.416224],[-96.643492,32.417814],[-96.641127,32.419579],[-96.638801,32.423565],[-96.635065,32.42602],[-96.634257,32.427995],[-96.630476,32.431046],[-96.629134,32.43345],[-96.629029,32.436549],[-96.626983,32.441017],[-96.627561,32.443838],[-96.627138,32.444961],[-96.624494,32.446832],[-96.624334,32.448405],[-96.622971,32.449672],[-96.622739,32.450788],[-96.619357,32.453066],[-96.619173,32.455331],[-96.613711,32.458348],[-96.612536,32.459763],[-96.611378,32.460096],[-96.610321,32.459355],[-96.610327,32.462091],[-96.608975,32.464345],[-96.606482,32.464481],[-96.606294,32.465705],[-96.604605,32.467101],[-96.603608,32.471496],[-96.602335,32.471975],[-96.602599,32.473725],[-96.604426,32.474393],[-96.604117,32.476636],[-96.604913,32.479318],[-96.603545,32.482024],[-96.60449,32.483167],[-96.603864,32.484018],[-96.598022,32.486393],[-96.592881,32.485169],[-96.585997,32.48104],[-96.583698,32.481603],[-96.581261,32.480894],[-96.583674,32.488208],[-96.579446,32.491737],[-96.573286,32.494086],[-96.571377,32.496724],[-96.572061,32.498208],[-96.569921,32.501677],[-96.566139,32.503942],[-96.563802,32.503691],[-96.563081,32.50517],[-96.561189,32.506152],[-96.554114,32.504312],[-96.549956,32.493526],[-96.541537,32.489107],[-96.535915,32.487109],[-96.534536,32.484933],[-96.532539,32.483473],[-96.526964,32.481866],[-96.522474,32.48325],[-96.51811,32.482221],[-96.517463,32.482829],[-96.518108,32.484274],[-96.510827,32.492105],[-96.509646,32.497743],[-96.511465,32.50206],[-96.512982,32.503265],[-96.520154,32.517601],[-96.524617,32.52382],[-96.536594,32.518442],[-96.544071,32.529532],[-96.553023,32.534863],[-96.558046,32.535086],[-96.559943,32.536023],[-96.566522,32.545526],[-96.529987,32.545282],[-96.529063,32.542482],[-96.529267,32.539725],[-96.526738,32.53968],[-96.525398,32.541504],[-96.524508,32.541493],[-96.523821,32.540584],[-96.524619,32.53687],[-96.523234,32.535785],[-96.520463,32.535381],[-96.520725,32.532999],[-96.520019,32.531704],[-96.515511,32.53202],[-96.514456,32.535971],[-96.513426,32.536514],[-96.511064,32.535557],[-96.507416,32.532757],[-96.507671,32.53132],[-96.509691,32.531069],[-96.510363,32.530334],[-96.50975,32.526773],[-96.506219,32.525126],[-96.504621,32.52716],[-96.503135,32.525979],[-96.504215,32.52363],[-96.505105,32.518027],[-96.507598,32.517478],[-96.507072,32.5164],[-96.503365,32.515347],[-96.501531,32.51289],[-96.501854,32.511895],[-96.504033,32.511637],[-96.506457,32.513222],[-96.507534,32.513075],[-96.509391,32.511193],[-96.512451,32.513333],[-96.513286,32.512143],[-96.511283,32.509214],[-96.508932,32.501641],[-96.507919,32.501191],[-96.505954,32.502291],[-96.504682,32.50175],[-96.500812,32.496876],[-96.500482,32.495507],[-96.50089,32.494231],[-96.503138,32.493707],[-96.504671,32.495589],[-96.504659,32.497853],[-96.506701,32.497557],[-96.508719,32.49465],[-96.508748,32.491931],[-96.506247,32.490115],[-96.502623,32.489839],[-96.501844,32.488207],[-96.503245,32.486941],[-96.506241,32.48641],[-96.509986,32.483542],[-96.510215,32.481926],[-96.504683,32.477941],[-96.503765,32.47468],[-96.5012,32.470047],[-96.494378,32.467657],[-96.492827,32.466233],[-96.492709,32.465119],[-96.494289,32.463196],[-96.494559,32.461489],[-96.493173,32.456885],[-96.497204,32.454901],[-96.498011,32.453459],[-96.493127,32.453091],[-96.487854,32.451085],[-96.485869,32.45196],[-96.484335,32.451482],[-96.483313,32.449576],[-96.482835,32.446325],[-96.483879,32.443463],[-96.481175,32.4405],[-96.479734,32.437131],[-96.476903,32.434201],[-96.470978,32.431817],[-96.462737,32.426596],[-96.456818,32.42429],[-96.452969,32.423887],[-96.450739,32.42484],[-96.449057,32.42187],[-96.440922,32.416254],[-96.438769,32.412562],[-96.437409,32.411848],[-96.43503,32.411881],[-96.434354,32.411085],[-96.435233,32.408986],[-96.437721,32.407487],[-96.436358,32.404213],[-96.439157,32.4013],[-96.439697,32.399932],[-96.438378,32.398158],[-96.437307,32.393355],[-96.435435,32.391858],[-96.434477,32.389204],[-96.435435,32.38828],[-96.437485,32.389395],[-96.438739,32.389015],[-96.435631,32.386699],[-96.438954,32.383294],[-96.437355,32.378551],[-96.439131,32.378089],[-96.441825,32.378878],[-96.444381,32.378351],[-96.445058,32.37777],[-96.444692,32.376145],[-96.445349,32.37518],[-96.448443,32.375929],[-96.447286,32.372472],[-96.444204,32.37106],[-96.443715,32.370072],[-96.444437,32.36909],[-96.44593,32.368957],[-96.44824,32.370522],[-96.446919,32.368022],[-96.447715,32.36669],[-96.449529,32.366652],[-96.451437,32.368488],[-96.450393,32.369963],[-96.451691,32.371162],[-96.453769,32.367911],[-96.453503,32.366835],[-96.451534,32.366407],[-96.450018,32.364509],[-96.451276,32.363086],[-96.453026,32.362733],[-96.454584,32.361514],[-96.452283,32.359432],[-96.452138,32.358631],[-96.453615,32.35802],[-96.453664,32.357182],[-96.450469,32.354783],[-96.448684,32.355026],[-96.448437,32.354495],[-96.449264,32.353009],[-96.449282,32.350661],[-96.452335,32.35228],[-96.454057,32.352227],[-96.45339,32.348792],[-96.45156,32.347265],[-96.451474,32.345574],[-96.449825,32.344866],[-96.447388,32.345961],[-96.443219,32.345737],[-96.442725,32.346319],[-96.441306,32.3463],[-96.440767,32.345791],[-96.44177,32.344349],[-96.440752,32.343777],[-96.438851,32.345743],[-96.436293,32.345413],[-96.436919,32.34136],[-96.433833,32.340739],[-96.432871,32.339259],[-96.430525,32.339365],[-96.429914,32.338869],[-96.430574,32.337007],[-96.429939,32.332223],[-96.428472,32.332794],[-96.42579,32.33635],[-96.424062,32.3358],[-96.421722,32.332701],[-96.420492,32.333157],[-96.420561,32.33514],[-96.41983,32.335608],[-96.416929,32.33569],[-96.415677,32.33305],[-96.411648,32.332545],[-96.408118,32.328502],[-96.405982,32.327793],[-96.402931,32.328761],[-96.400411,32.328803],[-96.394964,32.332125],[-96.390569,32.333866],[-96.385201,32.331959],[-96.383082,32.328851],[-96.395079,32.323644],[-96.482928,32.277856],[-96.507073,32.266496],[-96.527385,32.255951],[-96.526229,32.254292],[-96.525134,32.254056],[-96.527939,32.245728],[-96.5295,32.245038],[-96.528978,32.243141],[-96.529997,32.241861],[-96.529358,32.241538],[-96.529161,32.240308],[-96.530211,32.238852],[-96.528889,32.237755],[-96.529423,32.237311],[-96.529362,32.235712],[-96.542166,32.230069],[-96.523059,32.216462],[-96.512573,32.210383],[-96.509073,32.206035],[-96.515985,32.202011],[-96.521383,32.19751],[-96.53697,32.205246],[-96.540633,32.205734],[-96.559628,32.211385],[-96.570457,32.212865],[-96.579683,32.217247],[-96.585171,32.217989],[-96.588852,32.216634],[-96.596444,32.219794],[-96.598593,32.219932],[-96.702902,32.169147],[-96.705081,32.1696],[-96.707849,32.168819],[-96.708845,32.167658],[-96.712478,32.167502],[-96.716645,32.163365],[-96.722034,32.162415],[-96.723721,32.164619],[-96.726671,32.166564],[-96.729814,32.166186],[-96.732385,32.16753],[-96.735802,32.167411],[-96.752887,32.192734],[-96.7492,32.194975],[-96.751751,32.198957],[-96.743267,32.198516],[-96.732381,32.203789],[-96.731802,32.20596],[-96.72502,32.209339],[-96.73115,32.218458],[-96.732376,32.223325],[-96.733408,32.223346],[-96.738341,32.226062],[-96.743611,32.226614],[-96.746346,32.225915],[-96.750003,32.228227],[-96.761661,32.22251],[-96.77935,32.24855],[-96.768754,32.253754],[-96.772996,32.26039],[-96.762605,32.265663],[-96.767648,32.275945],[-96.769434,32.28402],[-96.770382,32.285629],[-96.769475,32.287474],[-96.771174,32.290908],[-96.755669,32.298488],[-96.752158,32.298789],[-96.74834,32.297324],[-96.740197,32.301871],[-96.739592,32.30254],[-96.741656,32.304919],[-96.739872,32.305937],[-96.738737,32.307575],[-96.736127,32.306328],[-96.730901,32.312482],[-96.720817,32.312111],[-96.719835,32.317363],[-96.719808,32.330068],[-96.717995,32.332462],[-96.725468,32.343606],[-96.707412,32.352713],[-96.709519,32.353555],[-96.709711,32.354215],[-96.712671,32.354825],[-96.712474,32.355466],[-96.713525,32.356928],[-96.714747,32.356806],[-96.719951,32.359958],[-96.721594,32.359479],[-96.724627,32.360723],[-96.726247,32.360654],[-96.724596,32.366254],[-96.726332,32.36663],[-96.728141,32.360863],[-96.732135,32.361435],[-96.732132,32.362333],[-96.7383,32.371225],[-96.738495,32.375472],[-96.73623,32.375189],[-96.73586,32.376739],[-96.728742,32.375757],[-96.717535,32.376087],[-96.714805,32.372031],[-96.712186,32.373195],[-96.691155,32.370277],[-96.692149,32.375994],[-96.685711,32.375994],[-96.686055,32.377158],[-96.683894,32.377415],[-96.683885,32.375993],[-96.681106,32.375985],[-96.682149,32.380301],[-96.682142,32.384847],[-96.687288,32.398855],[-96.69149,32.398822],[-96.693322,32.399634],[-96.691471,32.39909],[-96.683843,32.399065],[-96.683645,32.401006],[-96.670119,32.401359],[-96.669958,32.40511],[-96.666801,32.402901],[-96.663934,32.404724],[-96.664171,32.408589],[-96.660016,32.407559],[-96.658446,32.40788]],[[-96.710967,32.281137],[-96.715339,32.278984],[-96.703646,32.262105],[-96.698741,32.264525],[-96.696895,32.261999],[-96.694757,32.262811],[-96.693562,32.261404],[-96.690073,32.263121],[-96.691392,32.264775],[-96.690685,32.265101],[-96.692977,32.268342],[-96.691957,32.26869],[-96.693947,32.272674],[-96.694845,32.272897],[-96.699761,32.270547],[-96.710967,32.281137]]]},"properties":{"zip":"75119","city":"Ennis","county":"Ellis","u2015":9986,"u2023":11738,"added":1752,"growth":17.5,"moe":622,"certain":true,"peak_month":"2022-07","from_peak":-6.0,"value":267648}},{"type":"Feature","geometry":{"type":"Polygon","coordinates":[[[-96.728678,32.537995],[-96.728321,32.536644],[-96.72715,32.536555],[-96.727139,32.535832],[-96.725137,32.534401],[-96.723659,32.532336],[-96.721416,32.53314],[-96.720177,32.5319],[-96.717294,32.532953],[-96.714741,32.534751],[-96.716718,32.537338],[-96.718172,32.536616],[-96.719116,32.537717],[-96.71636,32.539009],[-96.718224,32.542035],[-96.709069,32.54647],[-96.665501,32.546124],[-96.665726,32.560541],[-96.664861,32.561006],[-96.668374,32.568947],[-96.659427,32.573277],[-96.658019,32.571241],[-96.651247,32.574475],[-96.65853,32.585231],[-96.651873,32.588464],[-96.658003,32.59776],[-96.659333,32.600982],[-96.638579,32.610064],[-96.630923,32.612354],[-96.626513,32.614475],[-96.622198,32.617727],[-96.617194,32.612239],[-96.607501,32.612778],[-96.605924,32.61004],[-96.602652,32.60856],[-96.601371,32.608697],[-96.598487,32.611373],[-96.595307,32.611314],[-96.594446,32.609566],[-96.597658,32.609153],[-96.599385,32.607861],[-96.599415,32.606465],[-96.598274,32.604884],[-96.596673,32.605137],[-96.595161,32.606368],[-96.588806,32.606045],[-96.586324,32.600459],[-96.587793,32.598287],[-96.58807,32.596654],[-96.586906,32.594851],[-96.584385,32.586942],[-96.582821,32.584791],[-96.584036,32.582459],[-96.580613,32.580634],[-96.582062,32.578528],[-96.580655,32.577171],[-96.577852,32.576437],[-96.57504,32.577956],[-96.573051,32.577517],[-96.573514,32.575048],[-96.575571,32.571246],[-96.575366,32.56978],[-96.574202,32.568785],[-96.568392,32.5676],[-96.566701,32.566381],[-96.561228,32.555301],[-96.556105,32.551721],[-96.554439,32.551941],[-96.551097,32.55442],[-96.549977,32.554195],[-96.547956,32.55124],[-96.541544,32.545913],[-96.530289,32.545765],[-96.529987,32.545282],[-96.566522,32.545526],[-96.559943,32.536023],[-96.558046,32.535086],[-96.553023,32.534863],[-96.544071,32.529532],[-96.536594,32.518442],[-96.524617,32.52382],[-96.520154,32.517601],[-96.512982,32.503265],[-96.511465,32.50206],[-96.50966,32.496799],[-96.511037,32.491723],[-96.518108,32.484274],[-96.517463,32.482829],[-96.51811,32.482221],[-96.522474,32.48325],[-96.527363,32.481913],[-96.532111,32.48325],[-96.534536,32.484933],[-96.535915,32.487109],[-96.541537,32.489107],[-96.549696,32.493305],[-96.550906,32.494931],[-96.554114,32.504312],[-96.561189,32.506152],[-96.563081,32.50517],[-96.563802,32.503691],[-96.566139,32.503942],[-96.569921,32.501677],[-96.572061,32.498208],[-96.571377,32.496724],[-96.573286,32.494086],[-96.579446,32.491737],[-96.583674,32.488208],[-96.581261,32.480894],[-96.583698,32.481603],[-96.585997,32.48104],[-96.592881,32.485169],[-96.598678,32.48639],[-96.608188,32.481392],[-96.610266,32.481448],[-96.615539,32.47869],[-96.617397,32.478386],[-96.618044,32.478951],[-96.622054,32.479287],[-96.625241,32.478935],[-96.626948,32.478242],[-96.627663,32.477154],[-96.629296,32.477286],[-96.630861,32.476045],[-96.643064,32.473174],[-96.644774,32.470948],[-96.647272,32.471251],[-96.647777,32.471925],[-96.650463,32.470168],[-96.651032,32.471235],[-96.651878,32.471207],[-96.652596,32.470551],[-96.661096,32.468546],[-96.662289,32.461875],[-96.662971,32.461544],[-96.662472,32.46419],[-96.663476,32.464294],[-96.6624,32.467858],[-96.666126,32.469462],[-96.667026,32.470686],[-96.670322,32.471466],[-96.676612,32.470163],[-96.68253,32.470697],[-96.68581,32.47251],[-96.689473,32.473187],[-96.692848,32.475308],[-96.694062,32.474899],[-96.697951,32.477446],[-96.699531,32.477801],[-96.699884,32.479187],[-96.701303,32.479284],[-96.701296,32.479976],[-96.702937,32.480775],[-96.702909,32.482286],[-96.704009,32.482452],[-96.705323,32.48469],[-96.707276,32.484809],[-96.707963,32.485773],[-96.709049,32.485278],[-96.713864,32.492406],[-96.711754,32.49344],[-96.712876,32.494625],[-96.71226,32.494783],[-96.711455,32.493581],[-96.704763,32.496969],[-96.707988,32.501734],[-96.716855,32.497588],[-96.717953,32.502404],[-96.717329,32.515365],[-96.719312,32.517309],[-96.722961,32.523307],[-96.72403,32.522766],[-96.727818,32.528643],[-96.732669,32.527949],[-96.735146,32.533875],[-96.730054,32.536352],[-96.730251,32.537218],[-96.728678,32.537995]]]},"properties":{"zip":"75125","city":"Ferris","county":"Ellis","u2015":2183,"u2023":2341,"added":158,"growth":7.2,"moe":474,"certain":false,"peak_month":"2022-07","from_peak":-10.8,"value":294645}},{"type":"Feature","geometry":{"type":"Polygon","coordinates":[[[-96.487187,32.813262],[-96.385085,32.814183],[-96.380833,32.813744],[-96.380459,32.811864],[-96.379095,32.811236],[-96.379504,32.807146],[-96.378102,32.806562],[-96.377997,32.805903],[-96.378528,32.804149],[-96.380139,32.802349],[-96.380659,32.799719],[-96.37866,32.795203],[-96.381001,32.792879],[-96.38011,32.7918],[-96.379157,32.786634],[-96.377367,32.783675],[-96.378046,32.780533],[-96.377301,32.776107],[-96.376446,32.775225],[-96.376279,32.772889],[-96.373401,32.766576],[-96.373387,32.76395],[-96.371886,32.762377],[-96.372304,32.7612],[-96.37129,32.759475],[-96.373517,32.755296],[-96.372737,32.753248],[-96.373067,32.7513],[-96.375211,32.749434],[-96.375436,32.746991],[-96.376793,32.746018],[-96.376587,32.744022],[-96.377626,32.742826],[-96.376308,32.741497],[-96.374916,32.741327],[-96.377241,32.734111],[-96.377476,32.729785],[-96.377203,32.727885],[-96.376342,32.727845],[-96.376176,32.726602],[-96.374502,32.724926],[-96.375174,32.723999],[-96.373824,32.723326],[-96.374317,32.722735],[-96.373461,32.721176],[-96.376201,32.720008],[-96.377025,32.718145],[-96.375263,32.716775],[-96.374801,32.715348],[-96.374886,32.710977],[-96.372969,32.698189],[-96.384428,32.695984],[-96.419953,32.696019],[-96.422322,32.694051],[-96.412857,32.686141],[-96.417903,32.681891],[-96.403961,32.670149],[-96.40942,32.665607],[-96.433769,32.686771],[-96.436685,32.684342],[-96.443922,32.690019],[-96.444166,32.687313],[-96.443239,32.685557],[-96.442689,32.681517],[-96.442734,32.681109],[-96.443888,32.681503],[-96.442839,32.679184],[-96.443523,32.678624],[-96.452563,32.685009],[-96.469873,32.670583],[-96.473315,32.673582],[-96.473523,32.671989],[-96.474226,32.671932],[-96.474412,32.670948],[-96.471628,32.668773],[-96.474292,32.666462],[-96.474668,32.665343],[-96.478917,32.662266],[-96.494264,32.64828],[-96.496436,32.648198],[-96.496988,32.648676],[-96.495991,32.649777],[-96.496984,32.650464],[-96.498757,32.649707],[-96.500204,32.650961],[-96.501295,32.649676],[-96.503253,32.650197],[-96.504577,32.651587],[-96.511422,32.652109],[-96.513749,32.655504],[-96.516295,32.65666],[-96.515797,32.657677],[-96.516293,32.659977],[-96.519052,32.657412],[-96.520475,32.659107],[-96.521332,32.662027],[-96.519067,32.804647],[-96.494024,32.799777],[-96.493176,32.801214],[-96.493507,32.80455],[-96.492677,32.80482],[-96.493096,32.805383],[-96.491666,32.808237],[-96.489093,32.810173],[-96.483753,32.809114],[-96.484536,32.810572],[-96.485305,32.810243],[-96.486087,32.81072],[-96.484066,32.812818],[-96.487379,32.811266],[-96.487836,32.811653],[-96.487187,32.813262]]]},"properties":{"zip":"75126","city":"Forney","county":"Kaufman","u2015":12079,"u2023":24316,"added":12237,"growth":101.3,"moe":905,"certain":true,"peak_month":"2022-08","from_peak":-19.2,"value":312666}},{"type":"Feature","geometry":{"type":"Polygon","coordinates":[[[-96.782538,32.604672],[-96.818877,32.604249],[-96.819275,32.608036],[-96.820859,32.607989],[-96.820886,32.606792],[-96.822534,32.606778],[-96.822706,32.604247],[-96.823122,32.642086],[-96.814279,32.642052],[-96.814281,32.647718],[-96.805728,32.647737],[-96.802789,32.649558],[-96.794985,32.649658],[-96.805697,32.643864],[-96.805779,32.630136],[-96.800743,32.630164],[-96.791507,32.634659],[-96.795698,32.640815],[-96.78823,32.644437],[-96.788679,32.64509],[-96.78806,32.645263],[-96.783571,32.638483],[-96.777351,32.641495],[-96.770505,32.627894],[-96.771901,32.62727],[-96.767458,32.618606],[-96.724458,32.61851],[-96.720633,32.618402],[-96.718712,32.617731],[-96.71863,32.618479],[-96.715928,32.618156],[-96.709967,32.621071],[-96.710271,32.612745],[-96.718695,32.612622],[-96.718798,32.613976],[-96.718793,32.610937],[-96.725728,32.61095],[-96.725785,32.603855],[-96.736017,32.603928],[-96.736048,32.611482],[-96.740985,32.61152],[-96.747695,32.603952],[-96.76105,32.603915],[-96.76417,32.605054],[-96.777514,32.605244],[-96.782538,32.604672]]]},"properties":{"zip":"75134","city":"Lancaster","county":"Dallas","u2015":7463,"u2023":7003,"added":-460,"growth":-6.2,"moe":847,"certain":false,"peak_month":"2022-08","from_peak":-8.9,"value":262549}},{"type":"Feature","geometry":{"type":"Polygon","coordinates":[[[-96.296046,33.131676],[-96.295917,33.140335],[-96.279079,33.139912],[-96.278487,33.152313],[-96.259632,33.150633],[-96.242568,33.147483],[-96.239113,33.146061],[-96.229323,33.13918],[-96.217193,33.138376],[-96.214037,33.133962],[-96.210151,33.130909],[-96.209208,33.128307],[-96.209048,33.122802],[-96.205715,33.1158],[-96.200694,33.117179],[-96.199759,33.115667],[-96.197556,33.115595],[-96.197177,33.113822],[-96.198017,33.107132],[-96.197911,33.095577],[-96.196786,33.088186],[-96.197119,33.086202],[-96.18932,33.091366],[-96.189319,33.090667],[-96.180127,33.097299],[-96.180169,33.093778],[-96.167928,33.093409],[-96.167945,33.08925],[-96.167228,33.089027],[-96.168029,33.086686],[-96.167199,33.086081],[-96.168527,33.084363],[-96.167824,33.082652],[-96.168272,33.07911],[-96.167371,33.079124],[-96.167721,33.077648],[-96.167197,33.076898],[-96.165941,33.076859],[-96.167222,33.07583],[-96.166286,33.074678],[-96.16751,33.074297],[-96.167182,33.073918],[-96.167941,33.073329],[-96.16717,33.071795],[-96.167785,33.070376],[-96.165778,33.06962],[-96.166401,33.067901],[-96.165656,33.067579],[-96.166055,33.066716],[-96.165208,33.066477],[-96.165872,33.06639],[-96.165693,33.065705],[-96.166379,33.065333],[-96.171646,33.065379],[-96.172058,33.05211],[-96.175049,33.049419],[-96.179652,33.043515],[-96.178817,33.043056],[-96.144198,33.04263],[-96.144265,33.037981],[-96.147413,33.037577],[-96.148333,33.024617],[-96.137588,33.02461],[-96.137202,33.025649],[-96.132586,33.025649],[-96.132079,33.023767],[-96.119444,33.023113],[-96.119611,33.013945],[-96.132218,33.014004],[-96.130753,33.012799],[-96.138653,33.012895],[-96.149294,33.010675],[-96.149474,33.003698],[-96.148166,33.003487],[-96.148053,33.000693],[-96.172743,32.999623],[-96.172126,32.998344],[-96.168341,32.997861],[-96.165699,32.994535],[-96.162731,32.992842],[-96.163553,32.991207],[-96.165121,32.991925],[-96.165281,32.991315],[-96.166923,32.990826],[-96.167743,32.992905],[-96.168376,32.992418],[-96.168824,32.993053],[-96.169833,32.992319],[-96.170155,32.993012],[-96.17106,32.992458],[-96.171475,32.993986],[-96.172263,32.992748],[-96.173286,32.992897],[-96.173596,32.994016],[-96.173879,32.99306],[-96.175678,32.993798],[-96.176328,32.99324],[-96.176809,32.993893],[-96.17875,32.992696],[-96.179461,32.993609],[-96.180072,32.992041],[-96.180861,32.993305],[-96.182169,32.993474],[-96.184096,32.994977],[-96.187092,32.994793],[-96.187269,32.99562],[-96.188035,32.995232],[-96.188392,32.996007],[-96.189734,32.996336],[-96.191133,32.995207],[-96.191817,32.993167],[-96.192978,32.993025],[-96.194438,32.991439],[-96.195477,32.992336],[-96.19641,32.991349],[-96.197686,32.991524],[-96.198299,32.990845],[-96.199278,32.991546],[-96.199821,32.990893],[-96.201044,32.991576],[-96.202195,32.990071],[-96.204738,32.990599],[-96.204085,32.989787],[-96.204612,32.989268],[-96.205717,32.990161],[-96.207122,32.989883],[-96.207427,32.990771],[-96.208924,32.990931],[-96.209319,32.990285],[-96.210268,32.991146],[-96.211052,32.990443],[-96.212282,32.99076],[-96.213232,32.988113],[-96.214443,32.988951],[-96.216238,32.988866],[-96.216598,32.988315],[-96.218176,32.988826],[-96.218804,32.98846],[-96.219096,32.98921],[-96.219666,32.988605],[-96.220481,32.989277],[-96.221601,32.988128],[-96.22387,32.988308],[-96.224496,32.987409],[-96.225793,32.98737],[-96.228689,32.988017],[-96.229948,32.989837],[-96.232597,32.990183],[-96.234179,32.992027],[-96.235387,32.991559],[-96.235866,32.992583],[-96.238936,32.993096],[-96.243389,32.995179],[-96.244444,32.995994],[-96.236313,33.001102],[-96.241958,32.998146],[-96.245608,33.001843],[-96.249011,33.002404],[-96.250004,33.00553],[-96.252454,33.007052],[-96.252055,33.009244],[-96.252628,33.01005],[-96.251863,33.010443],[-96.252961,33.011581],[-96.252468,33.035342],[-96.261198,33.035731],[-96.248843,33.046494],[-96.254077,33.046652],[-96.255638,33.045878],[-96.257224,33.046711],[-96.273765,33.046697],[-96.273754,33.048777],[-96.273178,33.049538],[-96.274033,33.050511],[-96.27357,33.050894],[-96.273462,33.055548],[-96.275156,33.05556],[-96.275569,33.056435],[-96.27885,33.058518],[-96.279585,33.062412],[-96.296452,33.062554],[-96.296183,33.0974],[-96.283838,33.097135],[-96.282366,33.100225],[-96.283694,33.100262],[-96.282719,33.126331],[-96.288753,33.126494],[-96.289631,33.127713],[-96.289533,33.132306],[-96.29531,33.132893],[-96.295403,33.131788],[-96.296046,33.131676]]]},"properties":{"zip":"75135","city":"Caddo Mills","county":"Hunt","u2015":2039,"u2023":3454,"added":1415,"growth":69.4,"moe":369,"certain":true,"peak_month":"2022-08","from_peak":-10.9,"value":318079}},{"type":"Feature","geometry":{"type":"Polygon","coordinates":[[[-96.943239,32.626115],[-96.942971,32.647244],[-96.920644,32.64737],[-96.916995,32.645868],[-96.916463,32.644855],[-96.915236,32.646012],[-96.905932,32.645868],[-96.902331,32.647283],[-96.884473,32.647512],[-96.887055,32.645072],[-96.885782,32.646051],[-96.883654,32.643879],[-96.8832,32.625731],[-96.882581,32.625135],[-96.884146,32.624048],[-96.882982,32.622476],[-96.882983,32.61898],[-96.883986,32.619557],[-96.890765,32.618938],[-96.915595,32.618886],[-96.912788,32.621583],[-96.913649,32.622204],[-96.915912,32.622101],[-96.916623,32.623106],[-96.925456,32.622936],[-96.925667,32.624408],[-96.927544,32.62632],[-96.930232,32.6264],[-96.933445,32.622211],[-96.935531,32.624075],[-96.938758,32.62371],[-96.941419,32.626161],[-96.943239,32.626115]]]},"properties":{"zip":"75137","city":"Duncanville","county":"Dallas","u2015":7311,"u2023":7198,"added":-113,"growth":-1.5,"moe":492,"certain":false,"peak_month":"2022-08","from_peak":-4.7,"value":284628}},{"type":"Feature","geometry":{"type":"Polygon","coordinates":[[[-96.725453,32.660908],[-96.724893,32.661256],[-96.724097,32.660573],[-96.713618,32.665664],[-96.71033,32.660567],[-96.691789,32.66957],[-96.6949,32.671393],[-96.696785,32.673491],[-96.693019,32.674487],[-96.691873,32.672028],[-96.68948,32.671836],[-96.685008,32.673227],[-96.680165,32.676043],[-96.677715,32.676264],[-96.676526,32.674642],[-96.678792,32.671722],[-96.67922,32.669384],[-96.677913,32.667581],[-96.67499,32.666525],[-96.674603,32.665749],[-96.67802,32.663894],[-96.678228,32.663204],[-96.676863,32.661983],[-96.676765,32.660961],[-96.677773,32.659889],[-96.679046,32.655338],[-96.682713,32.651389],[-96.682995,32.649161],[-96.680528,32.647604],[-96.677039,32.647458],[-96.671339,32.642452],[-96.668403,32.640675],[-96.664323,32.640518],[-96.660959,32.639605],[-96.654576,32.63657],[-96.65226,32.638714],[-96.650614,32.639141],[-96.643529,32.635478],[-96.62888,32.629716],[-96.628209,32.629112],[-96.628791,32.627315],[-96.627969,32.625143],[-96.63054,32.620692],[-96.623791,32.618917],[-96.622198,32.617727],[-96.626513,32.614475],[-96.631187,32.612242],[-96.635916,32.610868],[-96.636168,32.613422],[-96.641432,32.615706],[-96.646488,32.622781],[-96.650971,32.627744],[-96.652652,32.626202],[-96.656162,32.631268],[-96.661305,32.628816],[-96.663164,32.630484],[-96.661549,32.631527],[-96.662105,32.632376],[-96.664155,32.631667],[-96.666654,32.635291],[-96.69045,32.624],[-96.691261,32.62513],[-96.693286,32.626072],[-96.69133,32.626956],[-96.692655,32.629473],[-96.692019,32.629787],[-96.690479,32.627297],[-96.680482,32.632106],[-96.684048,32.637312],[-96.683093,32.637758],[-96.684228,32.639736],[-96.697869,32.633212],[-96.695787,32.630024],[-96.697349,32.629251],[-96.697821,32.63019],[-96.694383,32.622157],[-96.701309,32.618693],[-96.702252,32.620934],[-96.700985,32.621448],[-96.701371,32.622397],[-96.704849,32.621014],[-96.705242,32.621588],[-96.705908,32.621249],[-96.706908,32.622554],[-96.715928,32.618156],[-96.71863,32.618479],[-96.718712,32.617731],[-96.72077,32.618407],[-96.745437,32.618574],[-96.742225,32.638256],[-96.740892,32.641112],[-96.733875,32.64146],[-96.733205,32.640912],[-96.729768,32.635496],[-96.731839,32.629604],[-96.729231,32.636096],[-96.721138,32.646735],[-96.73017,32.659813],[-96.726345,32.66173],[-96.725453,32.660908]]]},"properties":{"zip":"75141","city":"Hutchins","county":"Dallas","u2015":1391,"u2023":1431,"added":40,"growth":2.9,"moe":261,"certain":false,"peak_month":"2024-04","from_peak":-11.0,"value":249160}},{"type":"Feature","geometry":{"type":"Polygon","coordinates":[[[-96.438812,32.545141],[-96.440784,32.543716],[-96.441909,32.541964],[-96.441935,32.539913],[-96.440151,32.53811],[-96.458505,32.522015],[-96.45889,32.525087],[-96.458307,32.528035],[-96.455642,32.530171],[-96.454712,32.533242],[-96.45544,32.536242],[-96.453859,32.538826],[-96.453495,32.540514],[-96.453918,32.541137],[-96.431123,32.560451],[-96.43188,32.566603],[-96.434543,32.570577],[-96.435922,32.571148],[-96.437667,32.569286],[-96.43952,32.571123],[-96.439114,32.576068],[-96.437089,32.57846],[-96.437467,32.579991],[-96.440381,32.582405],[-96.439835,32.585248],[-96.438461,32.585804],[-96.438513,32.58628],[-96.436527,32.586229],[-96.432803,32.588018],[-96.429228,32.593366],[-96.426875,32.591648],[-96.400461,32.613264],[-96.394987,32.613379],[-96.394949,32.614029],[-96.382637,32.619685],[-96.374735,32.612212],[-96.3739,32.612278],[-96.374325,32.611576],[-96.37318,32.61063],[-96.373682,32.60906],[-96.373171,32.608123],[-96.371165,32.606755],[-96.371187,32.605874],[-96.370105,32.605269],[-96.369588,32.603665],[-96.367695,32.602373],[-96.369149,32.599316],[-96.368866,32.597247],[-96.370183,32.595205],[-96.362091,32.59387],[-96.362174,32.59671],[-96.363949,32.598065],[-96.362718,32.598723],[-96.362727,32.599584],[-96.364352,32.600413],[-96.367955,32.604833],[-96.353197,32.607847],[-96.348031,32.612296],[-96.347291,32.61522],[-96.348163,32.617865],[-96.357221,32.62594],[-96.34917,32.632768],[-96.348545,32.632256],[-96.346069,32.634298],[-96.346954,32.636646],[-96.346102,32.637517],[-96.347287,32.638548],[-96.346191,32.63918],[-96.341167,32.647708],[-96.341504,32.652718],[-96.342193,32.653757],[-96.341782,32.655765],[-96.3299,32.644841],[-96.32888,32.645532],[-96.318234,32.655053],[-96.324262,32.660344],[-96.316943,32.666656],[-96.320666,32.670104],[-96.315406,32.674601],[-96.305431,32.66612],[-96.298921,32.670419],[-96.297527,32.669524],[-96.296133,32.667997],[-96.297641,32.666521],[-96.296701,32.66561],[-96.297093,32.665313],[-96.294696,32.663331],[-96.298453,32.660158],[-96.289114,32.651821],[-96.284796,32.655512],[-96.282425,32.655392],[-96.278401,32.658164],[-96.272013,32.659346],[-96.26908,32.65917],[-96.265971,32.660944],[-96.262519,32.657984],[-96.262636,32.657274],[-96.26126,32.656822],[-96.24016,32.638992],[-96.22409,32.652892],[-96.208631,32.640255],[-96.207024,32.637258],[-96.199801,32.631219],[-96.193147,32.629294],[-96.180495,32.64011],[-96.179579,32.639758],[-96.179209,32.638582],[-96.177628,32.638545],[-96.177305,32.637394],[-96.176377,32.637259],[-96.171,32.632942],[-96.166674,32.632146],[-96.1587,32.638905],[-96.160876,32.640808],[-96.164321,32.64548],[-96.157834,32.650883],[-96.155718,32.649594],[-96.151472,32.653015],[-96.149353,32.651712],[-96.141278,32.658534],[-96.138874,32.655154],[-96.139467,32.653351],[-96.138047,32.653385],[-96.138095,32.652396],[-96.136572,32.65032],[-96.134799,32.649358],[-96.131987,32.646236],[-96.13145,32.64462],[-96.132326,32.641571],[-96.131093,32.639882],[-96.130103,32.639516],[-96.13012,32.638883],[-96.129019,32.638419],[-96.128603,32.637276],[-96.127481,32.637228],[-96.128243,32.636738],[-96.127533,32.636257],[-96.127311,32.632983],[-96.126415,32.633235],[-96.125003,32.630754],[-96.12439,32.631988],[-96.123462,32.631385],[-96.12243,32.631579],[-96.122935,32.630907],[-96.122562,32.629295],[-96.120986,32.629389],[-96.121006,32.628358],[-96.120023,32.627893],[-96.119659,32.626845],[-96.118212,32.626707],[-96.118108,32.626153],[-96.116454,32.626714],[-96.114912,32.62615],[-96.114361,32.625211],[-96.11387,32.626098],[-96.107891,32.623196],[-96.10723,32.621238],[-96.107671,32.620092],[-96.105785,32.61753],[-96.103923,32.617069],[-96.106054,32.616073],[-96.106069,32.615112],[-96.107353,32.614072],[-96.106581,32.613567],[-96.106906,32.611215],[-96.10557,32.611334],[-96.105243,32.612115],[-96.10445,32.611552],[-96.105072,32.610613],[-96.103539,32.610677],[-96.103994,32.6083],[-96.101578,32.608504],[-96.102246,32.607062],[-96.101055,32.606015],[-96.095188,32.604849],[-96.094015,32.603641],[-96.075955,32.602372],[-96.075708,32.547542],[-96.077233,32.547646],[-96.078663,32.546216],[-96.080791,32.54582],[-96.08064,32.545218],[-96.081286,32.544931],[-96.080374,32.544069],[-96.081387,32.542955],[-96.081351,32.542043],[-96.080496,32.541742],[-96.08194,32.541441],[-96.081963,32.54046],[-96.083069,32.540036],[-96.082372,32.539612],[-96.083522,32.539382],[-96.083321,32.538871],[-96.084528,32.538793],[-96.083975,32.538147],[-96.084532,32.537547],[-96.083648,32.53716],[-96.083662,32.536233],[-96.087202,32.535871],[-96.088144,32.534872],[-96.087662,32.533745],[-96.089876,32.532718],[-96.089214,32.531928],[-96.090657,32.531205],[-96.090471,32.530139],[-96.091765,32.529966],[-96.09359,32.528272],[-96.093921,32.524422],[-96.092929,32.523266],[-96.091427,32.523812],[-96.090234,32.523446],[-96.092742,32.521988],[-96.091533,32.520683],[-96.092743,32.520196],[-96.093559,32.52082],[-96.094116,32.51961],[-96.093088,32.519244],[-96.094283,32.518845],[-96.093613,32.51719],[-96.097408,32.514525],[-96.098313,32.51495],[-96.100268,32.51342],[-96.100469,32.511927],[-96.103028,32.509234],[-96.102022,32.508228],[-96.102791,32.506608],[-96.104032,32.506137],[-96.10627,32.506632],[-96.107334,32.505749],[-96.108333,32.506589],[-96.109885,32.505541],[-96.109663,32.5047],[-96.110809,32.505124],[-96.112881,32.503577],[-96.138547,32.516295],[-96.147883,32.523718],[-96.156643,32.524144],[-96.157636,32.522546],[-96.157151,32.521839],[-96.15748,32.520881],[-96.158792,32.519382],[-96.158768,32.517663],[-96.159329,32.516362],[-96.160018,32.516247],[-96.15893,32.514234],[-96.159152,32.510677],[-96.158321,32.510275],[-96.15747,32.511189],[-96.156019,32.50996],[-96.15562,32.507514],[-96.156974,32.506514],[-96.157078,32.505608],[-96.154637,32.50413],[-96.154505,32.503002],[-96.155309,32.502417],[-96.154189,32.502288],[-96.154556,32.501904],[-96.153491,32.50132],[-96.154357,32.500915],[-96.15055,32.498838],[-96.150962,32.496101],[-96.148985,32.49454],[-96.149514,32.493071],[-96.148542,32.493066],[-96.148704,32.491788],[-96.149497,32.491073],[-96.148975,32.489215],[-96.149808,32.487719],[-96.150989,32.489258],[-96.153118,32.489009],[-96.154315,32.490693],[-96.157414,32.490744],[-96.158048,32.491785],[-96.159516,32.491619],[-96.159412,32.490713],[-96.160662,32.489907],[-96.161957,32.490654],[-96.16258,32.49033],[-96.162542,32.491363],[-96.163794,32.492553],[-96.167105,32.491978],[-96.16904,32.494508],[-96.169137,32.495587],[-96.171151,32.497053],[-96.170469,32.497861],[-96.172165,32.49747],[-96.172531,32.498342],[-96.173587,32.498598],[-96.172965,32.499229],[-96.173886,32.500342],[-96.178889,32.502086],[-96.178933,32.503911],[-96.18237,32.507706],[-96.182203,32.509925],[-96.182669,32.510123],[-96.19386,32.510168],[-96.195439,32.50665],[-96.19597,32.498316],[-96.195694,32.497444],[-96.193794,32.496232],[-96.193833,32.491729],[-96.238843,32.491861],[-96.243198,32.493499],[-96.252999,32.493569],[-96.255875,32.494208],[-96.2696,32.520837],[-96.276101,32.515349],[-96.270463,32.503697],[-96.269745,32.503617],[-96.266957,32.496873],[-96.262885,32.490523],[-96.26346,32.489437],[-96.263341,32.487026],[-96.265387,32.484319],[-96.265359,32.477755],[-96.265844,32.477289],[-96.26827,32.479185],[-96.270517,32.485399],[-96.274781,32.485129],[-96.277926,32.494171],[-96.279507,32.494974],[-96.287117,32.488039],[-96.290045,32.488205],[-96.289141,32.497971],[-96.291443,32.503746],[-96.290678,32.506131],[-96.291126,32.506954],[-96.298378,32.511679],[-96.29913,32.510759],[-96.298535,32.509901],[-96.299463,32.509216],[-96.299411,32.508229],[-96.3018,32.507102],[-96.303144,32.505891],[-96.303054,32.50515],[-96.303995,32.505012],[-96.30599,32.500999],[-96.306138,32.495917],[-96.305078,32.495829],[-96.305705,32.493678],[-96.305109,32.493417],[-96.30543,32.492626],[-96.304163,32.491259],[-96.303295,32.488858],[-96.305143,32.487085],[-96.304308,32.486525],[-96.304966,32.484777],[-96.305912,32.483607],[-96.307138,32.483944],[-96.306291,32.482979],[-96.307664,32.482642],[-96.307997,32.480806],[-96.30749,32.480286],[-96.309038,32.48022],[-96.31095,32.48169],[-96.311972,32.481564],[-96.311711,32.482135],[-96.312359,32.48261],[-96.311368,32.482832],[-96.311957,32.483725],[-96.311212,32.484489],[-96.31223,32.484946],[-96.311739,32.485372],[-96.312144,32.487735],[-96.313308,32.489516],[-96.312259,32.490116],[-96.312396,32.490927],[-96.313297,32.491315],[-96.312356,32.495966],[-96.313264,32.497059],[-96.31255,32.497408],[-96.31284,32.498538],[-96.314257,32.499347],[-96.314926,32.501427],[-96.31664,32.501806],[-96.315878,32.502574],[-96.317104,32.503093],[-96.316941,32.504536],[-96.319126,32.504607],[-96.318295,32.505404],[-96.318499,32.506813],[-96.319213,32.506957],[-96.320116,32.506041],[-96.321114,32.506525],[-96.321169,32.507556],[-96.323229,32.507185],[-96.325283,32.508795],[-96.325529,32.510453],[-96.326505,32.510162],[-96.326838,32.511352],[-96.329442,32.513511],[-96.332035,32.517847],[-96.334345,32.517941],[-96.33476,32.520252],[-96.33661,32.520024],[-96.338272,32.521296],[-96.337357,32.522723],[-96.337538,32.523677],[-96.33607,32.525131],[-96.3369,32.525913],[-96.338393,32.525757],[-96.339168,32.526297],[-96.337489,32.528633],[-96.338644,32.529347],[-96.339307,32.530732],[-96.338524,32.533155],[-96.339937,32.533397],[-96.340367,32.534892],[-96.341068,32.535069],[-96.34292,32.538187],[-96.344861,32.539324],[-96.346025,32.541621],[-96.345069,32.54246],[-96.345682,32.54337],[-96.344596,32.544862],[-96.342642,32.545231],[-96.342365,32.548719],[-96.341118,32.549069],[-96.341194,32.550185],[-96.339849,32.550949],[-96.338741,32.55473],[-96.339002,32.556444],[-96.343407,32.554957],[-96.346091,32.553309],[-96.361097,32.539344],[-96.373116,32.526463],[-96.376234,32.529062],[-96.378036,32.532271],[-96.380952,32.534861],[-96.38296,32.533115],[-96.385585,32.532241],[-96.385866,32.525087],[-96.38812,32.525095],[-96.393281,32.529429],[-96.395113,32.527893],[-96.402435,32.534261],[-96.405609,32.53146],[-96.404384,32.530016],[-96.410779,32.524898],[-96.425486,32.537925],[-96.423296,32.539819],[-96.423138,32.538739],[-96.419125,32.536292],[-96.416906,32.545231],[-96.416032,32.546062],[-96.419461,32.549066],[-96.422018,32.547877],[-96.423068,32.548617],[-96.424126,32.548509],[-96.432345,32.544818],[-96.435245,32.544432],[-96.438812,32.545141]]]},"properties":{"zip":"75142","city":"Kaufman","county":"Kaufman","u2015":6636,"u2023":7699,"added":1063,"growth":16.0,"moe":645,"certain":true,"peak_month":"2022-08","from_peak":-4.3,"value":303771}},{"type":"Feature","geometry":{"type":"Polygon","coordinates":[[[-96.265917,32.254011],[-96.267309,32.259017],[-96.268175,32.259226],[-96.27171,32.256509],[-96.272758,32.255157],[-96.272106,32.253173],[-96.2728,32.252487],[-96.274162,32.252891],[-96.27664,32.255787],[-96.277308,32.258212],[-96.277065,32.260114],[-96.277734,32.260646],[-96.282254,32.258108],[-96.282295,32.257045],[-96.280369,32.25513],[-96.280576,32.254121],[-96.284472,32.254254],[-96.285673,32.255192],[-96.28562,32.25988],[-96.284594,32.263655],[-96.284881,32.265829],[-96.285866,32.267106],[-96.289162,32.267543],[-96.29017,32.268921],[-96.28834,32.271251],[-96.284731,32.271911],[-96.283853,32.274479],[-96.283839,32.278862],[-96.28519,32.280402],[-96.288199,32.287105],[-96.289906,32.288686],[-96.293728,32.290033],[-96.291781,32.291334],[-96.289287,32.291928],[-96.288882,32.293212],[-96.292936,32.293716],[-96.297456,32.293292],[-96.300384,32.294215],[-96.300048,32.295404],[-96.297573,32.296503],[-96.296572,32.298154],[-96.299172,32.301439],[-96.300416,32.301354],[-96.301003,32.300565],[-96.301573,32.297916],[-96.303414,32.297334],[-96.304717,32.298889],[-96.304036,32.301135],[-96.304894,32.302236],[-96.30728,32.300954],[-96.307191,32.298789],[-96.310108,32.298299],[-96.311345,32.298859],[-96.309842,32.29954],[-96.309768,32.300242],[-96.311916,32.302847],[-96.313504,32.302976],[-96.315162,32.300297],[-96.316567,32.300264],[-96.317433,32.300985],[-96.315927,32.302846],[-96.319368,32.303611],[-96.323421,32.30633],[-96.324404,32.306121],[-96.323329,32.304436],[-96.323589,32.303578],[-96.32634,32.303015],[-96.330988,32.303481],[-96.336632,32.30566],[-96.339016,32.305973],[-96.339505,32.306667],[-96.338983,32.307556],[-96.339302,32.308487],[-96.342357,32.307689],[-96.34539,32.309039],[-96.343742,32.310499],[-96.346148,32.313122],[-96.348828,32.313351],[-96.353071,32.311657],[-96.357292,32.315884],[-96.360067,32.316926],[-96.364369,32.316417],[-96.367216,32.317717],[-96.374721,32.324884],[-96.381298,32.327513],[-96.383082,32.328851],[-96.385201,32.331959],[-96.390569,32.333866],[-96.394964,32.332125],[-96.400411,32.328803],[-96.402931,32.328761],[-96.405982,32.327793],[-96.408118,32.328502],[-96.411648,32.332545],[-96.415677,32.33305],[-96.416929,32.33569],[-96.41983,32.335608],[-96.420561,32.33514],[-96.420492,32.333157],[-96.421722,32.332701],[-96.424062,32.3358],[-96.42579,32.33635],[-96.428472,32.332794],[-96.429939,32.332223],[-96.430574,32.337007],[-96.429914,32.338869],[-96.430525,32.339365],[-96.432871,32.339259],[-96.433833,32.340739],[-96.436919,32.34136],[-96.436293,32.345413],[-96.438851,32.345743],[-96.440752,32.343777],[-96.44177,32.344349],[-96.440767,32.345791],[-96.441306,32.3463],[-96.4438,32.345705],[-96.446246,32.34612],[-96.449825,32.344866],[-96.450816,32.345044],[-96.451474,32.345574],[-96.45156,32.347265],[-96.45339,32.348792],[-96.454143,32.351681],[-96.453476,32.352482],[-96.452335,32.35228],[-96.449282,32.350661],[-96.449264,32.353009],[-96.448437,32.354495],[-96.448684,32.355026],[-96.450469,32.354783],[-96.453664,32.357182],[-96.453615,32.35802],[-96.452138,32.358631],[-96.395998,32.358556],[-96.397274,32.360977],[-96.402526,32.36431],[-96.410695,32.364208],[-96.412673,32.367568],[-96.413655,32.371207],[-96.411806,32.377111],[-96.411697,32.38084],[-96.394773,32.381008],[-96.395032,32.402743],[-96.391093,32.404221],[-96.382875,32.404235],[-96.381363,32.404731],[-96.381542,32.392868],[-96.366257,32.392971],[-96.366346,32.400212],[-96.335557,32.400312],[-96.335258,32.410139],[-96.323706,32.410074],[-96.324276,32.419066],[-96.323743,32.426781],[-96.326127,32.430101],[-96.33237,32.434001],[-96.334992,32.434793],[-96.334965,32.449697],[-96.280507,32.448856],[-96.282496,32.450947],[-96.285342,32.45563],[-96.286479,32.455906],[-96.284628,32.456634],[-96.285059,32.457847],[-96.284259,32.457867],[-96.285089,32.458832],[-96.28682,32.459235],[-96.286934,32.460414],[-96.285942,32.461585],[-96.287625,32.46255],[-96.288808,32.465483],[-96.288377,32.466151],[-96.289455,32.466583],[-96.28929,32.468958],[-96.288365,32.469718],[-96.290137,32.472285],[-96.294349,32.47355],[-96.294606,32.474525],[-96.296657,32.473343],[-96.300995,32.473951],[-96.301461,32.475496],[-96.302609,32.47493],[-96.303457,32.475439],[-96.30247,32.475554],[-96.303452,32.476112],[-96.302581,32.477061],[-96.304058,32.476995],[-96.303537,32.47799],[-96.305679,32.47831],[-96.305344,32.479101],[-96.30704,32.479487],[-96.307974,32.480741],[-96.307664,32.482642],[-96.306291,32.482979],[-96.307138,32.483944],[-96.305912,32.483607],[-96.304966,32.484777],[-96.304308,32.486525],[-96.305143,32.487085],[-96.303288,32.488915],[-96.304163,32.491259],[-96.30543,32.492626],[-96.305109,32.493417],[-96.305705,32.493678],[-96.305078,32.495829],[-96.306138,32.495917],[-96.305672,32.499119],[-96.306101,32.500417],[-96.303995,32.505012],[-96.303054,32.50515],[-96.303144,32.505891],[-96.3018,32.507102],[-96.299411,32.508229],[-96.299463,32.509216],[-96.298535,32.509901],[-96.29913,32.510759],[-96.298378,32.511679],[-96.291126,32.506954],[-96.290678,32.506131],[-96.291443,32.503746],[-96.289141,32.497971],[-96.290045,32.488205],[-96.287117,32.488039],[-96.279507,32.494974],[-96.277926,32.494171],[-96.274781,32.485129],[-96.270517,32.485399],[-96.26827,32.479185],[-96.265844,32.477289],[-96.265022,32.478366],[-96.265387,32.484319],[-96.263341,32.487026],[-96.26346,32.489437],[-96.262885,32.490523],[-96.266957,32.496873],[-96.269745,32.503617],[-96.270463,32.503697],[-96.276101,32.515349],[-96.2696,32.520837],[-96.255875,32.494208],[-96.252999,32.493569],[-96.243198,32.493499],[-96.238843,32.491861],[-96.194588,32.491726],[-96.19456,32.48812],[-96.159077,32.487859],[-96.158959,32.481023],[-96.165782,32.480966],[-96.170126,32.480201],[-96.169804,32.470122],[-96.170326,32.466154],[-96.183691,32.466181],[-96.186439,32.466825],[-96.186512,32.45845],[-96.178556,32.45686],[-96.148348,32.457051],[-96.14905,32.45826],[-96.150972,32.458201],[-96.150567,32.462229],[-96.152097,32.465967],[-96.149481,32.466147],[-96.14019,32.466146],[-96.140314,32.459662],[-96.138292,32.460295],[-96.132523,32.460352],[-96.12865,32.459564],[-96.108932,32.459474],[-96.112898,32.449829],[-96.112268,32.43312],[-96.141155,32.432769],[-96.141005,32.407347],[-96.127715,32.407359],[-96.127631,32.411066],[-96.125792,32.411464],[-96.122565,32.413518],[-96.121294,32.412926],[-96.121325,32.394026],[-96.129109,32.393915],[-96.129187,32.392136],[-96.130835,32.392293],[-96.130009,32.391428],[-96.130009,32.388938],[-96.131426,32.387004],[-96.131672,32.385439],[-96.133502,32.384269],[-96.134417,32.382251],[-96.137248,32.383201],[-96.142576,32.386279],[-96.152895,32.374651],[-96.162781,32.366027],[-96.166866,32.361576],[-96.169042,32.358006],[-96.167668,32.357996],[-96.167781,32.339824],[-96.178115,32.339824],[-96.177933,32.328733],[-96.182045,32.328151],[-96.166836,32.310576],[-96.157438,32.303257],[-96.151115,32.296166],[-96.141135,32.289785],[-96.13869,32.285236],[-96.135718,32.259773],[-96.131064,32.257385],[-96.129768,32.25614],[-96.1291,32.253315],[-96.125916,32.250112],[-96.121318,32.246993],[-96.128771,32.245248],[-96.143103,32.239063],[-96.147887,32.246556],[-96.149122,32.246112],[-96.146155,32.240746],[-96.147325,32.239998],[-96.145831,32.237621],[-96.148036,32.23653],[-96.1494,32.234695],[-96.151273,32.229945],[-96.150911,32.216068],[-96.149262,32.213822],[-96.150489,32.214591],[-96.151569,32.213659],[-96.156328,32.214872],[-96.162177,32.211685],[-96.166774,32.210197],[-96.170611,32.207052],[-96.173299,32.206424],[-96.175017,32.206806],[-96.175035,32.20456],[-96.175726,32.20397],[-96.179349,32.203553],[-96.18141,32.204562],[-96.183368,32.201761],[-96.186147,32.202962],[-96.190042,32.202359],[-96.193685,32.204221],[-96.196965,32.206942],[-96.197082,32.209691],[-96.194214,32.211207],[-96.196436,32.213284],[-96.193885,32.215917],[-96.196122,32.219782],[-96.197015,32.220169],[-96.197532,32.219755],[-96.197568,32.215147],[-96.200742,32.214269],[-96.203486,32.214571],[-96.204129,32.215615],[-96.204096,32.217901],[-96.208909,32.218574],[-96.209635,32.219205],[-96.20976,32.220475],[-96.208272,32.221336],[-96.208193,32.22202],[-96.208629,32.223508],[-96.211104,32.226435],[-96.212107,32.226422],[-96.213859,32.224317],[-96.216052,32.224416],[-96.215614,32.227735],[-96.217318,32.233511],[-96.218379,32.233833],[-96.22117,32.232981],[-96.223466,32.23497],[-96.228684,32.23583],[-96.229662,32.23649],[-96.230118,32.238414],[-96.232214,32.24089],[-96.235891,32.241906],[-96.236135,32.242944],[-96.233036,32.243686],[-96.233197,32.245204],[-96.23455,32.247542],[-96.234251,32.250399],[-96.235683,32.251075],[-96.238039,32.250143],[-96.248927,32.251041],[-96.254399,32.250582],[-96.255314,32.249234],[-96.251602,32.248358],[-96.251034,32.247078],[-96.257258,32.245174],[-96.257758,32.24575],[-96.257391,32.247408],[-96.259455,32.2494],[-96.259582,32.251246],[-96.260529,32.251313],[-96.260853,32.249739],[-96.262248,32.249739],[-96.265917,32.254011]]]},"properties":{"zip":"75143","city":"Kemp","county":"Kaufman","u2015":7446,"u2023":7088,"added":-358,"growth":-4.8,"moe":494,"certain":false,"peak_month":"2022-07","from_peak":-9.2,"value":280892}},{"type":"Feature","geometry":{"type":"Polygon","coordinates":[[[-96.82213,32.54715],[-96.822534,32.606778],[-96.820886,32.606792],[-96.820859,32.607989],[-96.819275,32.608036],[-96.818877,32.604249],[-96.788367,32.604306],[-96.776962,32.605249],[-96.76417,32.605054],[-96.76105,32.603915],[-96.747695,32.603952],[-96.740985,32.61152],[-96.736048,32.611482],[-96.736017,32.603928],[-96.725785,32.603855],[-96.725728,32.61095],[-96.718793,32.610937],[-96.718798,32.613976],[-96.718695,32.612622],[-96.710846,32.612558],[-96.707111,32.609652],[-96.707531,32.609089],[-96.706588,32.60876],[-96.706773,32.6074],[-96.704574,32.606551],[-96.70492,32.605761],[-96.704303,32.604307],[-96.702306,32.6038],[-96.704843,32.603825],[-96.704867,32.587314],[-96.696332,32.587638],[-96.699779,32.594468],[-96.698286,32.594485],[-96.694987,32.595878],[-96.692427,32.594167],[-96.69147,32.594472],[-96.688538,32.587497],[-96.691132,32.586252],[-96.692627,32.586471],[-96.690301,32.583054],[-96.686764,32.584618],[-96.686464,32.584046],[-96.685753,32.584308],[-96.680471,32.571792],[-96.674273,32.566119],[-96.670371,32.567989],[-96.665665,32.560721],[-96.665501,32.546124],[-96.709069,32.54647],[-96.718948,32.541877],[-96.719525,32.541947],[-96.72265,32.546604],[-96.82213,32.54715]]]},"properties":{"zip":"75146","city":"Lancaster","county":"Dallas","u2015":7071,"u2023":9575,"added":2504,"growth":35.4,"moe":642,"certain":true,"peak_month":"2022-08","from_peak":-8.5,"value":282836}},{"type":"Feature","geometry":{"type":"Polygon","coordinates":[[[-96.049685,32.52537],[-96.050593,32.512302],[-96.035677,32.513396],[-96.03583,32.507154],[-96.033361,32.507326],[-96.032868,32.509031],[-96.022355,32.508248],[-96.021816,32.514114],[-96.015433,32.514466],[-96.015019,32.513049],[-96.017109,32.509929],[-96.018613,32.50921],[-96.018426,32.507979],[-96.021281,32.501986],[-96.025237,32.50029],[-96.026378,32.498053],[-96.029005,32.496296],[-96.029077,32.495554],[-96.028364,32.495516],[-96.028046,32.49458],[-96.029111,32.494383],[-96.029855,32.484068],[-96.038262,32.48427],[-96.037829,32.480874],[-96.033457,32.472254],[-96.015147,32.472062],[-96.015087,32.449802],[-96.010045,32.449015],[-96.010147,32.445109],[-96.005046,32.444096],[-96.006225,32.421051],[-95.982987,32.420868],[-95.978274,32.423671],[-95.975042,32.42329],[-95.973187,32.422113],[-95.966522,32.422527],[-95.966614,32.417879],[-95.962787,32.41753],[-95.96266,32.406647],[-95.955035,32.40664],[-95.955384,32.401699],[-95.960329,32.401645],[-95.960277,32.397979],[-95.956902,32.397838],[-95.95688,32.392137],[-95.956068,32.392147],[-95.956348,32.38906],[-95.95592,32.388446],[-95.956904,32.387363],[-95.960685,32.386],[-95.961118,32.38506],[-95.962886,32.384917],[-95.965462,32.383339],[-95.967242,32.381537],[-95.965781,32.380235],[-95.974464,32.380333],[-95.974216,32.392684],[-95.975704,32.393669],[-95.984225,32.393635],[-95.985477,32.394181],[-95.985914,32.395214],[-95.985816,32.406596],[-96.002473,32.406729],[-96.003078,32.357235],[-96.082355,32.35755],[-96.075753,32.35176],[-96.055269,32.338656],[-96.061908,32.342833],[-96.063961,32.341685],[-96.064893,32.342064],[-96.065514,32.340965],[-96.066589,32.341449],[-96.06776,32.339053],[-96.068271,32.338949],[-96.068084,32.339493],[-96.068614,32.338575],[-96.069695,32.338701],[-96.069106,32.337723],[-96.069546,32.337053],[-96.072653,32.337273],[-96.073267,32.336586],[-96.074329,32.337394],[-96.074956,32.336075],[-96.075675,32.336795],[-96.076005,32.336256],[-96.077053,32.336504],[-96.076943,32.335707],[-96.078043,32.335888],[-96.078114,32.335267],[-96.078522,32.335745],[-96.078192,32.334927],[-96.079234,32.334564],[-96.080373,32.335366],[-96.080716,32.335058],[-96.080185,32.334707],[-96.08146,32.334234],[-96.081382,32.333707],[-96.082625,32.334053],[-96.083803,32.333607],[-96.083706,32.333135],[-96.084397,32.333464],[-96.084394,32.330761],[-96.093096,32.330767],[-96.093834,32.330771],[-96.093457,32.337159],[-96.093905,32.339566],[-96.092732,32.349751],[-96.092769,32.357551],[-96.101598,32.357536],[-96.102256,32.355579],[-96.104315,32.356273],[-96.109672,32.339743],[-96.110423,32.339934],[-96.111815,32.338097],[-96.11504,32.338221],[-96.114063,32.335205],[-96.11654,32.335182],[-96.116723,32.336294],[-96.118421,32.336245],[-96.118166,32.33397],[-96.118708,32.333998],[-96.120879,32.334124],[-96.120873,32.336436],[-96.136966,32.336487],[-96.134233,32.339453],[-96.135016,32.340113],[-96.133734,32.340771],[-96.133241,32.342051],[-96.133991,32.342651],[-96.133092,32.342848],[-96.133233,32.343793],[-96.131058,32.344836],[-96.127673,32.344702],[-96.127135,32.345707],[-96.125963,32.346058],[-96.126325,32.346663],[-96.124503,32.346838],[-96.12376,32.348981],[-96.121832,32.350564],[-96.122098,32.351328],[-96.121399,32.351323],[-96.122144,32.351608],[-96.121892,32.352509],[-96.120856,32.352702],[-96.121064,32.353378],[-96.122307,32.353707],[-96.121162,32.35585],[-96.121305,32.357267],[-96.12048,32.357587],[-96.169042,32.358006],[-96.166866,32.361576],[-96.162781,32.366027],[-96.152895,32.374651],[-96.142576,32.386279],[-96.137248,32.383201],[-96.134417,32.382251],[-96.133502,32.384269],[-96.131672,32.385439],[-96.131426,32.387004],[-96.130009,32.388938],[-96.130009,32.391428],[-96.130835,32.392293],[-96.129187,32.392136],[-96.129109,32.393915],[-96.121325,32.394026],[-96.121294,32.412926],[-96.122565,32.413518],[-96.125792,32.411464],[-96.127631,32.411066],[-96.127715,32.407359],[-96.141005,32.407347],[-96.141155,32.432769],[-96.112268,32.43312],[-96.112898,32.449829],[-96.108932,32.459474],[-96.12865,32.459564],[-96.132523,32.460352],[-96.138292,32.460295],[-96.140314,32.459662],[-96.14019,32.466146],[-96.149481,32.466147],[-96.152097,32.465967],[-96.150567,32.462229],[-96.150972,32.458201],[-96.14905,32.45826],[-96.148348,32.457051],[-96.178556,32.45686],[-96.186512,32.45845],[-96.186439,32.466825],[-96.183691,32.466181],[-96.170326,32.466154],[-96.169804,32.470122],[-96.170126,32.480201],[-96.165782,32.480966],[-96.158959,32.481023],[-96.159069,32.487838],[-96.19456,32.48812],[-96.194588,32.491726],[-96.193773,32.491889],[-96.193794,32.496232],[-96.195904,32.497728],[-96.195961,32.501427],[-96.195439,32.50665],[-96.19386,32.510168],[-96.18227,32.50998],[-96.18237,32.507706],[-96.178933,32.503911],[-96.178889,32.502086],[-96.173886,32.500342],[-96.172965,32.499229],[-96.173587,32.498598],[-96.172531,32.498342],[-96.172165,32.49747],[-96.170469,32.497861],[-96.171151,32.497053],[-96.169137,32.495587],[-96.16904,32.494508],[-96.167105,32.491978],[-96.163794,32.492553],[-96.162542,32.491363],[-96.16258,32.49033],[-96.161957,32.490654],[-96.160662,32.489907],[-96.159412,32.490713],[-96.159516,32.491619],[-96.158048,32.491785],[-96.157414,32.490744],[-96.154315,32.490693],[-96.153118,32.489009],[-96.150989,32.489258],[-96.149614,32.48776],[-96.149626,32.488847],[-96.148975,32.489215],[-96.149497,32.491073],[-96.148704,32.491788],[-96.148542,32.493066],[-96.149514,32.493071],[-96.148985,32.49454],[-96.150962,32.496101],[-96.15055,32.498838],[-96.154357,32.500915],[-96.153491,32.50132],[-96.154556,32.501904],[-96.154189,32.502288],[-96.155309,32.502417],[-96.154505,32.503002],[-96.154637,32.50413],[-96.157078,32.505608],[-96.156974,32.506514],[-96.15562,32.507514],[-96.156019,32.50996],[-96.15747,32.511189],[-96.158321,32.510275],[-96.159152,32.510677],[-96.15893,32.514234],[-96.160018,32.516247],[-96.159329,32.516362],[-96.158768,32.517663],[-96.158792,32.519382],[-96.15748,32.520881],[-96.157151,32.521839],[-96.157636,32.522546],[-96.156643,32.524144],[-96.147883,32.523718],[-96.138547,32.516295],[-96.112881,32.503577],[-96.110809,32.505124],[-96.109663,32.5047],[-96.109885,32.505541],[-96.108333,32.506589],[-96.107399,32.505749],[-96.105645,32.506718],[-96.103845,32.50618],[-96.102791,32.506608],[-96.10205,32.507855],[-96.103028,32.509234],[-96.100469,32.511927],[-96.100268,32.51342],[-96.098593,32.514814],[-96.097408,32.514525],[-96.095441,32.51619],[-96.094536,32.516236],[-96.093527,32.517435],[-96.09426,32.518986],[-96.093067,32.519331],[-96.094116,32.51961],[-96.093559,32.52082],[-96.092743,32.520196],[-96.091533,32.520683],[-96.092742,32.521988],[-96.090234,32.523446],[-96.091427,32.523812],[-96.092929,32.523266],[-96.093921,32.524422],[-96.09359,32.528272],[-96.091765,32.529966],[-96.090471,32.530139],[-96.090657,32.531205],[-96.089214,32.531928],[-96.089876,32.532718],[-96.087662,32.533745],[-96.088144,32.534872],[-96.087202,32.535871],[-96.083662,32.536233],[-96.083648,32.53716],[-96.084532,32.537547],[-96.083975,32.538147],[-96.084528,32.538793],[-96.082444,32.539519],[-96.083069,32.540036],[-96.081963,32.54046],[-96.08194,32.541441],[-96.080438,32.541865],[-96.081351,32.542043],[-96.081387,32.542955],[-96.080374,32.544069],[-96.081272,32.545003],[-96.08064,32.545218],[-96.080668,32.545935],[-96.078663,32.546216],[-96.077168,32.547666],[-96.075708,32.547542],[-96.075636,32.528266],[-96.049685,32.52537]]]},"properties":{"zip":"75147","city":"Mabank","county":"Van Zandt","u2015":2990,"u2023":3302,"added":312,"growth":10.4,"moe":445,"certain":false,"peak_month":"2022-08","from_peak":-6.0,"value":280004}},{"type":"Feature","geometry":{"type":"Polygon","coordinates":[[[-96.675143,32.791783],[-96.685016,32.792372],[-96.68501,32.792879],[-96.682583,32.797255],[-96.67512,32.798423],[-96.671524,32.797576],[-96.671343,32.792392],[-96.668428,32.792356],[-96.668742,32.797154],[-96.668296,32.797221],[-96.652443,32.792282],[-96.607387,32.792497],[-96.576659,32.786929],[-96.576437,32.783575],[-96.574344,32.781405],[-96.57422,32.779648],[-96.57031,32.779683],[-96.570308,32.774997],[-96.57395,32.77132],[-96.572399,32.769653],[-96.57357,32.765501],[-96.571153,32.763658],[-96.568368,32.763097],[-96.567316,32.761912],[-96.568342,32.758924],[-96.567135,32.757689],[-96.566439,32.75427],[-96.564693,32.75293],[-96.564107,32.751157],[-96.564725,32.751106],[-96.564953,32.749485],[-96.564124,32.748559],[-96.567389,32.746592],[-96.570133,32.746094],[-96.573346,32.743632],[-96.577883,32.747051],[-96.580475,32.744993],[-96.576908,32.741977],[-96.57761,32.742109],[-96.581336,32.73922],[-96.584224,32.741869],[-96.583287,32.74302],[-96.583501,32.744753],[-96.597338,32.745184],[-96.59881,32.743946],[-96.601907,32.746688],[-96.604142,32.746147],[-96.606446,32.746755],[-96.60727,32.746226],[-96.61187,32.746205],[-96.611372,32.742283],[-96.612376,32.741131],[-96.612675,32.736331],[-96.613874,32.734629],[-96.620674,32.734775],[-96.620956,32.740198],[-96.622033,32.740313],[-96.622155,32.742728],[-96.622577,32.742728],[-96.622561,32.748616],[-96.63927,32.748607],[-96.639274,32.755732],[-96.643273,32.759296],[-96.644241,32.763256],[-96.663177,32.779522],[-96.665372,32.779581],[-96.666197,32.7815],[-96.66898,32.784024],[-96.670926,32.784035],[-96.669895,32.784565],[-96.674696,32.788846],[-96.675143,32.791783]]]},"properties":{"zip":"75149","city":"Mesquite","county":"Dallas","u2015":19743,"u2023":21058,"added":1315,"growth":6.7,"moe":924,"certain":true,"peak_month":"2024-04","from_peak":-8.8,"value":239026}},{"type":"Feature","geometry":{"type":"Polygon","coordinates":[[[-96.639905,32.839471],[-96.628337,32.849232],[-96.622079,32.843902],[-96.62245,32.8436],[-96.62027,32.841183],[-96.619153,32.841093],[-96.616616,32.839056],[-96.615561,32.839746],[-96.606411,32.839828],[-96.605581,32.841432],[-96.606471,32.843328],[-96.605884,32.843905],[-96.602572,32.841026],[-96.601289,32.841012],[-96.600979,32.838625],[-96.602651,32.83786],[-96.60205,32.837183],[-96.606973,32.834685],[-96.606422,32.833703],[-96.605871,32.833799],[-96.599889,32.836402],[-96.598652,32.835106],[-96.596761,32.834636],[-96.595826,32.833374],[-96.595932,32.817515],[-96.597035,32.817577],[-96.597028,32.8141],[-96.604575,32.81396],[-96.604978,32.806023],[-96.599171,32.805926],[-96.599071,32.804527],[-96.597871,32.804527],[-96.598077,32.797857],[-96.593848,32.797403],[-96.593212,32.796657],[-96.593602,32.791508],[-96.589297,32.790317],[-96.589369,32.789811],[-96.607703,32.792514],[-96.652443,32.792282],[-96.675827,32.799115],[-96.675716,32.799659],[-96.676428,32.79973],[-96.668195,32.803697],[-96.674154,32.801356],[-96.674098,32.806871],[-96.665424,32.807143],[-96.665424,32.81539],[-96.662264,32.815541],[-96.662321,32.819025],[-96.661622,32.819063],[-96.661683,32.821391],[-96.657871,32.821396],[-96.658194,32.83092],[-96.660063,32.830822],[-96.66017,32.834753],[-96.658996,32.834383],[-96.654854,32.838011],[-96.65217,32.835626],[-96.648737,32.838553],[-96.646982,32.837327],[-96.641271,32.839638],[-96.639905,32.839471]]]},"properties":{"zip":"75150","city":"Mesquite","county":"Dallas","u2015":23733,"u2023":24892,"added":1159,"growth":4.9,"moe":878,"certain":true,"peak_month":"2024-05","from_peak":-9.4,"value":255051}},{"type":"Feature","geometry":{"type":"Polygon","coordinates":[[[-96.627917,32.401578],[-96.607743,32.42262],[-96.624481,32.434137],[-96.622406,32.43654],[-96.620066,32.437497],[-96.607403,32.440558],[-96.603666,32.438954],[-96.603156,32.43589],[-96.603977,32.430998],[-96.600572,32.427678],[-96.595536,32.42532],[-96.592423,32.422378],[-96.5905,32.422037],[-96.606084,32.406999],[-96.610065,32.409803],[-96.615262,32.404023],[-96.6179,32.405805],[-96.628377,32.397368],[-96.631462,32.397868],[-96.632719,32.395661],[-96.634518,32.386063],[-96.639564,32.382807],[-96.637272,32.38157],[-96.644929,32.374944],[-96.646678,32.377525],[-96.649165,32.383486],[-96.658148,32.408004],[-96.660016,32.407559],[-96.664125,32.408595],[-96.663934,32.404724],[-96.666801,32.402901],[-96.669958,32.40511],[-96.670119,32.401359],[-96.683645,32.401006],[-96.683843,32.399065],[-96.691471,32.39909],[-96.693322,32.399634],[-96.69149,32.398822],[-96.687288,32.398855],[-96.682142,32.384847],[-96.682149,32.380301],[-96.681106,32.375985],[-96.683885,32.375993],[-96.683894,32.377415],[-96.686055,32.377158],[-96.685711,32.375994],[-96.692149,32.375994],[-96.691155,32.370277],[-96.712186,32.373195],[-96.714805,32.372031],[-96.717535,32.376087],[-96.708834,32.37608],[-96.708969,32.383311],[-96.716798,32.383617],[-96.716942,32.395294],[-96.719924,32.395317],[-96.720795,32.396414],[-96.724651,32.396237],[-96.724111,32.40196],[-96.724679,32.412937],[-96.73586,32.412687],[-96.736061,32.411267],[-96.73744,32.411199],[-96.737349,32.410345],[-96.738439,32.411116],[-96.741926,32.411252],[-96.742122,32.412015],[-96.742951,32.412155],[-96.742569,32.4132],[-96.743898,32.413163],[-96.743344,32.413897],[-96.74399,32.414472],[-96.744768,32.414566],[-96.745266,32.413833],[-96.745985,32.414622],[-96.713503,32.421062],[-96.718127,32.424619],[-96.717222,32.425649],[-96.718493,32.424903],[-96.720117,32.4262],[-96.728503,32.438737],[-96.73249,32.437866],[-96.735749,32.442605],[-96.740739,32.445326],[-96.741194,32.448394],[-96.742121,32.448202],[-96.746571,32.45085],[-96.748372,32.450038],[-96.749306,32.450563],[-96.751952,32.45033],[-96.752134,32.45114],[-96.75102,32.452619],[-96.751341,32.45375],[-96.753285,32.454452],[-96.754273,32.455965],[-96.757132,32.456926],[-96.757211,32.458],[-96.758934,32.458758],[-96.758981,32.45957],[-96.759743,32.458944],[-96.76006,32.459525],[-96.761097,32.459265],[-96.761169,32.461678],[-96.764161,32.462804],[-96.764157,32.463814],[-96.765243,32.463763],[-96.76535,32.464788],[-96.766641,32.465685],[-96.767728,32.466081],[-96.768789,32.465404],[-96.769685,32.466226],[-96.769861,32.467559],[-96.76434,32.469743],[-96.764279,32.471337],[-96.761021,32.473405],[-96.765091,32.476961],[-96.759316,32.479571],[-96.75753,32.481395],[-96.756061,32.477511],[-96.75536,32.477415],[-96.755536,32.475396],[-96.750763,32.468071],[-96.731875,32.477091],[-96.730898,32.476343],[-96.724163,32.479642],[-96.72868,32.486345],[-96.726917,32.488048],[-96.725292,32.48793],[-96.725497,32.488685],[-96.723751,32.489559],[-96.725851,32.491709],[-96.724566,32.492784],[-96.719473,32.489814],[-96.718411,32.486418],[-96.716351,32.48469],[-96.714438,32.484371],[-96.712883,32.485127],[-96.714132,32.488042],[-96.711786,32.489215],[-96.709049,32.485278],[-96.707963,32.485773],[-96.707276,32.484809],[-96.705323,32.48469],[-96.704009,32.482452],[-96.702909,32.482286],[-96.702999,32.480879],[-96.701296,32.479976],[-96.701303,32.479284],[-96.699884,32.479187],[-96.699531,32.477801],[-96.697951,32.477446],[-96.694062,32.474899],[-96.692848,32.475308],[-96.689473,32.473187],[-96.68581,32.47251],[-96.682349,32.470644],[-96.676612,32.470163],[-96.670322,32.471466],[-96.667026,32.470686],[-96.666126,32.469462],[-96.6624,32.467858],[-96.663476,32.464294],[-96.662472,32.46419],[-96.662971,32.461544],[-96.662289,32.461875],[-96.661096,32.468546],[-96.652596,32.470551],[-96.651878,32.471207],[-96.651032,32.471235],[-96.650463,32.470168],[-96.647777,32.471925],[-96.647272,32.471251],[-96.644774,32.470948],[-96.643064,32.473174],[-96.630861,32.476045],[-96.629296,32.477286],[-96.627663,32.477154],[-96.626948,32.478242],[-96.625241,32.478935],[-96.622054,32.479287],[-96.618044,32.478951],[-96.617397,32.478386],[-96.615539,32.47869],[-96.610567,32.481329],[-96.608295,32.481344],[-96.60631,32.482807],[-96.60449,32.483167],[-96.603518,32.482359],[-96.604913,32.479318],[-96.604117,32.476636],[-96.604426,32.474393],[-96.602599,32.473725],[-96.602335,32.471975],[-96.603608,32.471496],[-96.604605,32.467101],[-96.606294,32.465705],[-96.606482,32.464481],[-96.608975,32.464345],[-96.610327,32.462091],[-96.610321,32.459355],[-96.611378,32.460096],[-96.612536,32.459763],[-96.613711,32.458348],[-96.619173,32.455331],[-96.619357,32.453066],[-96.622739,32.450788],[-96.622971,32.449672],[-96.624334,32.448405],[-96.624494,32.446832],[-96.627138,32.444961],[-96.627561,32.443838],[-96.626983,32.441017],[-96.629029,32.436549],[-96.629134,32.43345],[-96.630476,32.431046],[-96.634257,32.427995],[-96.635065,32.42602],[-96.638801,32.423565],[-96.641127,32.419579],[-96.643492,32.417814],[-96.647301,32.416224],[-96.65047,32.411326],[-96.655666,32.410525],[-96.657567,32.40823],[-96.653545,32.398119],[-96.651632,32.399213],[-96.648338,32.399079],[-96.640678,32.408505],[-96.636072,32.402003],[-96.632514,32.405048],[-96.627917,32.401578]]]},"properties":{"zip":"75152","city":"Palmer","county":"Ellis","u2015":1638,"u2023":1987,"added":349,"growth":21.3,"moe":295,"certain":true,"peak_month":"2022-08","from_peak":-3.1,"value":323468}},{"type":"Feature","geometry":{"type":"Polygon","coordinates":[[[-96.894077,32.528087],[-96.894899,32.530163],[-96.901476,32.533766],[-96.902659,32.535154],[-96.905795,32.535428],[-96.907527,32.534529],[-96.909062,32.53567],[-96.910611,32.535473],[-96.912543,32.536127],[-96.913787,32.537909],[-96.914772,32.537833],[-96.918644,32.540553],[-96.918591,32.546653],[-96.91969,32.546653],[-96.91969,32.547835],[-96.899608,32.547738],[-96.899695,32.560279],[-96.89105,32.560822],[-96.891055,32.568092],[-96.882936,32.56807],[-96.882841,32.565904],[-96.865625,32.56512],[-96.861212,32.565084],[-96.860754,32.565914],[-96.856878,32.565962],[-96.856877,32.565272],[-96.85479,32.565013],[-96.839665,32.565054],[-96.839683,32.567148],[-96.822359,32.56711],[-96.82213,32.54715],[-96.72265,32.546604],[-96.719525,32.541947],[-96.718224,32.542035],[-96.71636,32.539009],[-96.719116,32.537717],[-96.718172,32.536616],[-96.716718,32.537338],[-96.714741,32.534751],[-96.720004,32.531926],[-96.721416,32.53314],[-96.723569,32.532314],[-96.727139,32.535832],[-96.72715,32.536555],[-96.728321,32.536644],[-96.728678,32.537995],[-96.730251,32.537218],[-96.730054,32.536352],[-96.735146,32.533875],[-96.732669,32.527949],[-96.727818,32.528643],[-96.72403,32.522766],[-96.722961,32.523307],[-96.719312,32.517309],[-96.717329,32.515365],[-96.717953,32.502404],[-96.716855,32.497588],[-96.707988,32.501734],[-96.704752,32.496851],[-96.711455,32.493581],[-96.71226,32.494783],[-96.712876,32.494625],[-96.711754,32.49344],[-96.713864,32.492406],[-96.711786,32.489215],[-96.714132,32.488042],[-96.712883,32.485127],[-96.714438,32.484371],[-96.716476,32.484726],[-96.717669,32.485683],[-96.718553,32.486694],[-96.719473,32.489814],[-96.724566,32.492784],[-96.725851,32.491709],[-96.723751,32.489559],[-96.725497,32.488685],[-96.725292,32.48793],[-96.726917,32.488048],[-96.72868,32.486345],[-96.724163,32.479642],[-96.730898,32.476343],[-96.731875,32.477091],[-96.750763,32.468071],[-96.755536,32.475396],[-96.75536,32.477415],[-96.756061,32.477511],[-96.758678,32.48508],[-96.769466,32.478412],[-96.772293,32.477347],[-96.773809,32.480049],[-96.773117,32.480334],[-96.77526,32.484372],[-96.775734,32.485097],[-96.777406,32.484454],[-96.778346,32.487262],[-96.786206,32.486066],[-96.787991,32.488705],[-96.794698,32.484966],[-96.795651,32.485294],[-96.796361,32.486069],[-96.792834,32.486638],[-96.795756,32.493243],[-96.800214,32.495075],[-96.798038,32.50188],[-96.803558,32.501493],[-96.804871,32.502955],[-96.806882,32.503434],[-96.809001,32.500055],[-96.810456,32.500408],[-96.814619,32.49384],[-96.816697,32.492764],[-96.82031,32.492267],[-96.822472,32.490712],[-96.822649,32.49448],[-96.823432,32.496327],[-96.824629,32.494203],[-96.832631,32.494265],[-96.832631,32.495813],[-96.831279,32.497689],[-96.834413,32.497651],[-96.834446,32.502084],[-96.836988,32.502165],[-96.836988,32.507467],[-96.837657,32.50763],[-96.841766,32.506555],[-96.841951,32.50524],[-96.844007,32.504579],[-96.853751,32.504012],[-96.853645,32.499209],[-96.873761,32.498557],[-96.873696,32.493122],[-96.875001,32.49425],[-96.886955,32.495669],[-96.886925,32.499715],[-96.890913,32.500496],[-96.890875,32.502844],[-96.892603,32.502845],[-96.892605,32.499599],[-96.89454,32.499626],[-96.894862,32.502836],[-96.899039,32.502856],[-96.897779,32.509518],[-96.896836,32.510975],[-96.897661,32.514299],[-96.896588,32.515546],[-96.895375,32.515386],[-96.893388,32.516579],[-96.893577,32.517783],[-96.904614,32.517336],[-96.904697,32.522089],[-96.903116,32.523853],[-96.89514,32.525215],[-96.895272,32.524641],[-96.893016,32.523693],[-96.892779,32.520375],[-96.892441,32.520122],[-96.89171,32.521661],[-96.889977,32.52241],[-96.890378,32.524635],[-96.887747,32.525477],[-96.891066,32.525624],[-96.894077,32.528087]]]},"properties":{"zip":"75154","city":"Red Oak","county":"Ellis","u2015":13163,"u2023":17170,"added":4007,"growth":30.4,"moe":847,"certain":true,"peak_month":"2022-08","from_peak":-6.2,"value":353496}},{"type":"Feature","geometry":{"type":"Polygon","coordinates":[[[-96.500985,32.469859],[-96.504683,32.477941],[-96.506809,32.47986],[-96.508953,32.48064],[-96.51036,32.482467],[-96.509986,32.483542],[-96.506241,32.48641],[-96.503245,32.486941],[-96.501844,32.488207],[-96.502623,32.489839],[-96.506247,32.490115],[-96.508748,32.491931],[-96.508719,32.49465],[-96.50581,32.498005],[-96.504659,32.497853],[-96.504671,32.495589],[-96.503789,32.494242],[-96.502438,32.493585],[-96.500576,32.494732],[-96.46069,32.494926],[-96.460522,32.501691],[-96.443156,32.501596],[-96.443472,32.502423],[-96.444772,32.502716],[-96.445047,32.50416],[-96.446795,32.503484],[-96.449216,32.504907],[-96.450217,32.506254],[-96.453406,32.507336],[-96.454491,32.508374],[-96.455523,32.511474],[-96.454317,32.517589],[-96.455088,32.518386],[-96.456954,32.518589],[-96.458914,32.520584],[-96.458505,32.522015],[-96.440151,32.53811],[-96.441935,32.539913],[-96.441949,32.541739],[-96.439226,32.545037],[-96.434836,32.544415],[-96.432345,32.544818],[-96.424126,32.548509],[-96.423068,32.548617],[-96.422018,32.547877],[-96.419461,32.549066],[-96.416032,32.546062],[-96.416906,32.545231],[-96.419125,32.536292],[-96.423138,32.538739],[-96.423296,32.539819],[-96.425486,32.537925],[-96.410779,32.524898],[-96.404384,32.530016],[-96.405609,32.53146],[-96.402435,32.534261],[-96.395113,32.527893],[-96.393281,32.529429],[-96.38812,32.525095],[-96.385866,32.525087],[-96.385585,32.532241],[-96.38296,32.533115],[-96.380952,32.534861],[-96.378036,32.532271],[-96.376234,32.529062],[-96.373116,32.526463],[-96.361097,32.539344],[-96.346091,32.553309],[-96.343407,32.554957],[-96.339002,32.556444],[-96.338741,32.55473],[-96.339849,32.550949],[-96.341194,32.550185],[-96.341118,32.549069],[-96.342365,32.548719],[-96.342642,32.545231],[-96.344596,32.544862],[-96.345682,32.54337],[-96.345069,32.54246],[-96.346025,32.541621],[-96.344861,32.539324],[-96.34292,32.538187],[-96.341068,32.535069],[-96.340367,32.534892],[-96.339937,32.533397],[-96.338524,32.533155],[-96.339307,32.530732],[-96.338644,32.529347],[-96.337489,32.528633],[-96.339168,32.526297],[-96.338393,32.525757],[-96.3369,32.525913],[-96.33607,32.525131],[-96.337538,32.523677],[-96.337357,32.522723],[-96.338272,32.521296],[-96.33661,32.520024],[-96.33476,32.520252],[-96.334345,32.517941],[-96.332035,32.517847],[-96.329442,32.513511],[-96.326838,32.511352],[-96.326505,32.510162],[-96.325529,32.510453],[-96.325283,32.508795],[-96.323229,32.507185],[-96.321169,32.507556],[-96.321114,32.506525],[-96.320116,32.506041],[-96.318582,32.506923],[-96.318295,32.505404],[-96.319126,32.504607],[-96.316941,32.504536],[-96.317104,32.503093],[-96.315878,32.502574],[-96.31664,32.501806],[-96.314926,32.501427],[-96.314257,32.499347],[-96.312969,32.498844],[-96.31253,32.49749],[-96.313264,32.497059],[-96.312356,32.495966],[-96.313297,32.491315],[-96.312252,32.490302],[-96.313308,32.489516],[-96.312144,32.487735],[-96.311739,32.485372],[-96.31223,32.484946],[-96.311212,32.484489],[-96.311957,32.483725],[-96.311368,32.482832],[-96.312372,32.482749],[-96.311711,32.482135],[-96.311972,32.481564],[-96.31095,32.48169],[-96.309128,32.480244],[-96.306202,32.479642],[-96.306141,32.479111],[-96.30532,32.479059],[-96.30563,32.478285],[-96.303654,32.478087],[-96.303369,32.477504],[-96.304155,32.477102],[-96.302581,32.477061],[-96.303452,32.476112],[-96.302442,32.475609],[-96.303457,32.475439],[-96.302609,32.47493],[-96.301461,32.475496],[-96.300995,32.473951],[-96.296657,32.473343],[-96.294606,32.474525],[-96.294349,32.47355],[-96.290137,32.472285],[-96.289825,32.471165],[-96.288725,32.47056],[-96.288402,32.469408],[-96.28929,32.468958],[-96.289455,32.466583],[-96.288377,32.466151],[-96.288808,32.465483],[-96.287625,32.46255],[-96.285967,32.461682],[-96.286934,32.460414],[-96.28682,32.459235],[-96.285089,32.458832],[-96.284239,32.457768],[-96.285059,32.457847],[-96.284628,32.456634],[-96.286479,32.455906],[-96.285342,32.45563],[-96.282496,32.450947],[-96.280507,32.448856],[-96.334965,32.449697],[-96.334992,32.434793],[-96.33237,32.434001],[-96.326127,32.430101],[-96.323743,32.426781],[-96.324276,32.419066],[-96.323706,32.410074],[-96.335258,32.410139],[-96.335557,32.400312],[-96.366346,32.400212],[-96.366257,32.392971],[-96.381542,32.392868],[-96.381363,32.404731],[-96.382875,32.404235],[-96.391093,32.404221],[-96.395032,32.402743],[-96.394773,32.381008],[-96.411697,32.38084],[-96.411806,32.377111],[-96.413655,32.371207],[-96.412673,32.367568],[-96.410695,32.364208],[-96.402526,32.36431],[-96.397274,32.360977],[-96.395998,32.358556],[-96.452138,32.358631],[-96.452283,32.359432],[-96.454584,32.361514],[-96.453026,32.362733],[-96.451276,32.363086],[-96.450018,32.364509],[-96.450821,32.365927],[-96.453757,32.367345],[-96.452235,32.370779],[-96.451365,32.371085],[-96.450471,32.370258],[-96.451437,32.368488],[-96.450217,32.367151],[-96.447715,32.36669],[-96.446919,32.368022],[-96.44824,32.370522],[-96.44593,32.368957],[-96.444437,32.36909],[-96.443715,32.370072],[-96.444204,32.37106],[-96.447286,32.372472],[-96.448443,32.375929],[-96.445349,32.37518],[-96.444692,32.376145],[-96.445058,32.37777],[-96.444381,32.378351],[-96.441318,32.378853],[-96.439131,32.378089],[-96.43717,32.378988],[-96.438954,32.383294],[-96.435631,32.386699],[-96.438739,32.389015],[-96.437485,32.389395],[-96.435435,32.38828],[-96.434477,32.389204],[-96.435435,32.391858],[-96.437307,32.393355],[-96.438378,32.398158],[-96.439697,32.399932],[-96.439157,32.4013],[-96.436358,32.404213],[-96.437721,32.407487],[-96.435233,32.408986],[-96.434354,32.411085],[-96.43503,32.411881],[-96.437409,32.411848],[-96.438769,32.412562],[-96.440922,32.416254],[-96.449057,32.42187],[-96.450739,32.42484],[-96.452969,32.423887],[-96.456818,32.42429],[-96.462737,32.426596],[-96.470978,32.431817],[-96.476903,32.434201],[-96.479734,32.437131],[-96.481175,32.4405],[-96.483879,32.443463],[-96.482835,32.446325],[-96.483313,32.449576],[-96.484335,32.451482],[-96.485869,32.45196],[-96.487854,32.451085],[-96.493127,32.453091],[-96.497758,32.453159],[-96.497986,32.454048],[-96.497204,32.454901],[-96.493173,32.456885],[-96.494559,32.461489],[-96.494289,32.463196],[-96.492709,32.465119],[-96.492827,32.466233],[-96.494378,32.467657],[-96.500985,32.469859]],[[-96.431048,32.473286],[-96.438261,32.469861],[-96.437037,32.471026],[-96.43689,32.474164],[-96.450639,32.467129],[-96.452482,32.469924],[-96.458715,32.465415],[-96.462013,32.461103],[-96.46135,32.458928],[-96.462307,32.457485],[-96.456346,32.450288],[-96.448022,32.454599],[-96.440613,32.454706],[-96.430743,32.466369],[-96.431048,32.473286]]]},"properties":{"zip":"75158","city":"Scurry","county":"Kaufman","u2015":1564,"u2023":1899,"added":335,"growth":21.4,"moe":309,"certain":true,"peak_month":"2022-07","from_peak":-3.3,"value":360583}},{"type":"Feature","geometry":{"type":"Polygon","coordinates":[[[-96.574756,32.678809],[-96.57594,32.679938],[-96.57469,32.680943],[-96.573488,32.680162],[-96.562714,32.681186],[-96.556085,32.687002],[-96.558512,32.689058],[-96.551328,32.695223],[-96.547304,32.691051],[-96.547635,32.690429],[-96.545072,32.687936],[-96.545068,32.687105],[-96.539876,32.686093],[-96.537253,32.684097],[-96.537139,32.68542],[-96.539153,32.68698],[-96.534439,32.690925],[-96.535152,32.691511],[-96.532486,32.693953],[-96.520969,32.693765],[-96.521332,32.662027],[-96.519509,32.657724],[-96.518707,32.657505],[-96.516407,32.660045],[-96.515797,32.657677],[-96.516295,32.65666],[-96.513749,32.655504],[-96.511422,32.652109],[-96.504577,32.651587],[-96.503253,32.650197],[-96.501295,32.649676],[-96.500204,32.650961],[-96.498757,32.649707],[-96.496984,32.650464],[-96.495991,32.649777],[-96.496988,32.648676],[-96.496436,32.648198],[-96.494264,32.64828],[-96.488664,32.653225],[-96.486942,32.645412],[-96.484373,32.64424],[-96.484296,32.640158],[-96.485661,32.635308],[-96.485676,32.628846],[-96.487295,32.624471],[-96.489998,32.620917],[-96.489034,32.618192],[-96.49176,32.609761],[-96.484885,32.598616],[-96.484816,32.596787],[-96.486511,32.592739],[-96.479919,32.585748],[-96.479687,32.581238],[-96.47573,32.570318],[-96.475505,32.566916],[-96.474077,32.565179],[-96.473242,32.561645],[-96.474281,32.557246],[-96.474205,32.554101],[-96.471949,32.550326],[-96.473924,32.541744],[-96.478087,32.52964],[-96.480634,32.527434],[-96.483154,32.523279],[-96.484083,32.514752],[-96.482827,32.511279],[-96.479297,32.508677],[-96.478867,32.507371],[-96.479332,32.504118],[-96.482243,32.49967],[-96.491686,32.497822],[-96.494751,32.498269],[-96.497112,32.497252],[-96.499571,32.497984],[-96.501023,32.497149],[-96.50539,32.502164],[-96.508549,32.501299],[-96.511283,32.509214],[-96.5132,32.511586],[-96.513096,32.51303],[-96.511978,32.513137],[-96.509391,32.511193],[-96.50707,32.513222],[-96.503027,32.511465],[-96.50147,32.512686],[-96.503365,32.515347],[-96.506165,32.515993],[-96.507504,32.517006],[-96.507402,32.517809],[-96.505105,32.518027],[-96.504215,32.52363],[-96.503135,32.525979],[-96.504621,32.52716],[-96.506219,32.525126],[-96.50975,32.526773],[-96.510363,32.530334],[-96.509691,32.531069],[-96.507671,32.53132],[-96.507569,32.532931],[-96.511064,32.535557],[-96.513426,32.536514],[-96.514456,32.535971],[-96.515511,32.53202],[-96.520019,32.531704],[-96.520725,32.532999],[-96.520463,32.535381],[-96.523234,32.535785],[-96.524619,32.53687],[-96.523821,32.540584],[-96.524508,32.541493],[-96.525398,32.541504],[-96.526738,32.53968],[-96.529267,32.539725],[-96.529063,32.542482],[-96.530325,32.545791],[-96.541671,32.545959],[-96.547903,32.551189],[-96.549354,32.553634],[-96.550567,32.554417],[-96.554599,32.551892],[-96.55645,32.551778],[-96.558162,32.552915],[-96.561808,32.55588],[-96.562818,32.559044],[-96.564677,32.56168],[-96.566701,32.566381],[-96.569478,32.568009],[-96.57514,32.569362],[-96.575674,32.570856],[-96.573514,32.575048],[-96.573123,32.577596],[-96.57504,32.577956],[-96.577693,32.576425],[-96.580515,32.577105],[-96.581889,32.578225],[-96.581982,32.578958],[-96.580613,32.580634],[-96.584036,32.582459],[-96.582821,32.584791],[-96.584385,32.586942],[-96.586906,32.594851],[-96.58807,32.596654],[-96.587793,32.598287],[-96.586324,32.600459],[-96.588806,32.606045],[-96.595161,32.606368],[-96.597207,32.604943],[-96.598641,32.60512],[-96.599514,32.607191],[-96.598939,32.608383],[-96.594327,32.60971],[-96.594895,32.610936],[-96.595943,32.611465],[-96.598708,32.611267],[-96.602157,32.608475],[-96.605924,32.61004],[-96.607501,32.612778],[-96.617194,32.612239],[-96.623461,32.618785],[-96.63054,32.620692],[-96.627969,32.625143],[-96.628791,32.627315],[-96.628177,32.62863],[-96.628467,32.629437],[-96.64546,32.636566],[-96.623714,32.654758],[-96.61833,32.655744],[-96.617213,32.652532],[-96.613171,32.650204],[-96.612019,32.654536],[-96.609619,32.657999],[-96.606851,32.658248],[-96.604027,32.659701],[-96.599804,32.656717],[-96.586938,32.656574],[-96.590223,32.659518],[-96.592258,32.659762],[-96.59459,32.660955],[-96.591666,32.663338],[-96.59378,32.665214],[-96.591162,32.667417],[-96.592316,32.667957],[-96.591871,32.669145],[-96.590784,32.670415],[-96.588356,32.66929],[-96.590653,32.6706],[-96.588175,32.669909],[-96.590413,32.670945],[-96.589648,32.671913],[-96.590284,32.673762],[-96.588717,32.674326],[-96.58853,32.67532],[-96.587722,32.675761],[-96.588833,32.677294],[-96.588428,32.678873],[-96.587713,32.678793],[-96.587878,32.677217],[-96.585194,32.675153],[-96.58645,32.674104],[-96.585794,32.673551],[-96.583871,32.675126],[-96.582841,32.674237],[-96.580721,32.67596],[-96.578959,32.675172],[-96.57752,32.676398],[-96.575098,32.674297],[-96.577313,32.676351],[-96.574756,32.678809]]]},"properties":{"zip":"75159","city":"Seagoville","county":"Dallas","u2015":5598,"u2023":7192,"added":1594,"growth":28.5,"moe":604,"certain":true,"peak_month":"2022-08","from_peak":-9.3,"value":282257}},{"type":"Feature","geometry":{"type":"Polygon","coordinates":[[[-96.191717,32.819867],[-96.221779,32.794572],[-96.23434,32.783154],[-96.249968,32.796301],[-96.254286,32.792737],[-96.254023,32.791057],[-96.25284,32.790408],[-96.254478,32.788913],[-96.253833,32.781571],[-96.254775,32.780077],[-96.253246,32.777106],[-96.254057,32.774669],[-96.255805,32.772497],[-96.254729,32.770941],[-96.254876,32.768599],[-96.256986,32.764555],[-96.255539,32.761438],[-96.256498,32.755454],[-96.259132,32.753109],[-96.258593,32.753256],[-96.260063,32.749091],[-96.261553,32.746817],[-96.259073,32.743133],[-96.259353,32.740485],[-96.258842,32.739717],[-96.257775,32.739596],[-96.258042,32.73778],[-96.256559,32.733828],[-96.257364,32.727936],[-96.259686,32.725803],[-96.25975,32.724221],[-96.258711,32.723993],[-96.259577,32.721335],[-96.258782,32.71961],[-96.259819,32.718882],[-96.259971,32.718006],[-96.259047,32.717657],[-96.259696,32.717332],[-96.259339,32.715316],[-96.26006,32.71497],[-96.258986,32.714486],[-96.259471,32.713918],[-96.258623,32.713562],[-96.259758,32.712918],[-96.259506,32.710375],[-96.260333,32.709159],[-96.25935,32.708143],[-96.260406,32.708267],[-96.260979,32.706169],[-96.260101,32.704375],[-96.262085,32.701264],[-96.261528,32.700648],[-96.261857,32.700007],[-96.261213,32.699877],[-96.262241,32.699589],[-96.261845,32.698909],[-96.26279,32.698757],[-96.263103,32.697705],[-96.275088,32.701192],[-96.274788,32.699602],[-96.271117,32.692754],[-96.2633,32.686273],[-96.265021,32.684787],[-96.263096,32.682519],[-96.263629,32.670789],[-96.26549,32.660535],[-96.265971,32.660944],[-96.26908,32.65917],[-96.272013,32.659346],[-96.278088,32.658281],[-96.282425,32.655392],[-96.284796,32.655512],[-96.289114,32.651821],[-96.298453,32.660158],[-96.294696,32.663331],[-96.297093,32.665313],[-96.296701,32.66561],[-96.297641,32.666521],[-96.296133,32.667997],[-96.297527,32.669524],[-96.298921,32.670419],[-96.305431,32.66612],[-96.315455,32.674579],[-96.320666,32.670104],[-96.316943,32.666656],[-96.324262,32.660344],[-96.318234,32.655053],[-96.32888,32.645532],[-96.3299,32.644841],[-96.341782,32.655765],[-96.342193,32.653757],[-96.341504,32.652718],[-96.341167,32.647708],[-96.346191,32.63918],[-96.347287,32.638548],[-96.346102,32.637517],[-96.346954,32.636646],[-96.346069,32.634298],[-96.348545,32.632256],[-96.34917,32.632768],[-96.357221,32.62594],[-96.348163,32.617865],[-96.347291,32.61522],[-96.348031,32.612296],[-96.353197,32.607847],[-96.367955,32.604833],[-96.364352,32.600413],[-96.362727,32.599584],[-96.362718,32.598723],[-96.363949,32.598065],[-96.362174,32.59671],[-96.362091,32.59387],[-96.370183,32.595205],[-96.368866,32.597247],[-96.369149,32.599316],[-96.367695,32.602373],[-96.369588,32.603665],[-96.370105,32.605269],[-96.371187,32.605874],[-96.371165,32.606755],[-96.373171,32.608123],[-96.373682,32.60906],[-96.37318,32.61063],[-96.374325,32.611576],[-96.3739,32.612278],[-96.374735,32.612212],[-96.383221,32.620238],[-96.378495,32.623811],[-96.381025,32.629548],[-96.374202,32.63511],[-96.375148,32.636634],[-96.375002,32.638446],[-96.376091,32.641914],[-96.37981,32.645642],[-96.400042,32.661636],[-96.403415,32.6659],[-96.403395,32.667417],[-96.402296,32.668729],[-96.417903,32.681891],[-96.412857,32.686141],[-96.422322,32.694051],[-96.419953,32.696019],[-96.384428,32.695984],[-96.372969,32.698189],[-96.374886,32.710977],[-96.374801,32.715348],[-96.375263,32.716775],[-96.377025,32.718145],[-96.376201,32.720008],[-96.373461,32.721176],[-96.374317,32.722735],[-96.373824,32.723326],[-96.375174,32.723999],[-96.374502,32.724926],[-96.376176,32.726602],[-96.376342,32.727845],[-96.377203,32.727885],[-96.377476,32.729785],[-96.377241,32.734111],[-96.374916,32.741327],[-96.376308,32.741497],[-96.377626,32.742826],[-96.376587,32.744022],[-96.376793,32.746018],[-96.375436,32.746991],[-96.375211,32.749434],[-96.373067,32.7513],[-96.372737,32.753248],[-96.373517,32.755296],[-96.37129,32.759475],[-96.372304,32.7612],[-96.371886,32.762377],[-96.373387,32.76395],[-96.373401,32.766576],[-96.376279,32.772889],[-96.376446,32.775225],[-96.377301,32.776107],[-96.378046,32.780533],[-96.377367,32.783675],[-96.379157,32.786634],[-96.38011,32.7918],[-96.381001,32.792879],[-96.37866,32.795203],[-96.380659,32.799719],[-96.380139,32.802349],[-96.378528,32.804149],[-96.377997,32.805903],[-96.378102,32.806562],[-96.379504,32.807146],[-96.379095,32.811236],[-96.380459,32.811864],[-96.380833,32.813744],[-96.356443,32.813965],[-96.355552,32.816803],[-96.352141,32.819052],[-96.350574,32.814012],[-96.297376,32.814185],[-96.297236,32.857287],[-96.296779,32.856882],[-96.291385,32.861114],[-96.276815,32.849874],[-96.275379,32.849756],[-96.274794,32.851267],[-96.276342,32.852658],[-96.276454,32.853772],[-96.274412,32.860075],[-96.274177,32.864729],[-96.276586,32.866573],[-96.279136,32.864483],[-96.281153,32.865971],[-96.280474,32.866762],[-96.280174,32.869447],[-96.277631,32.871003],[-96.275607,32.874713],[-96.273052,32.875991],[-96.272856,32.877868],[-96.275598,32.879874],[-96.277358,32.878726],[-96.280421,32.881334],[-96.281864,32.880755],[-96.287202,32.885651],[-96.28584,32.887262],[-96.284267,32.887453],[-96.283605,32.888973],[-96.281607,32.889572],[-96.277941,32.892508],[-96.277472,32.893489],[-96.275235,32.893763],[-96.271607,32.89654],[-96.263814,32.896683],[-96.257201,32.891837],[-96.25403,32.894075],[-96.25319,32.897801],[-96.247484,32.896721],[-96.246517,32.895878],[-96.245416,32.896467],[-96.244759,32.895755],[-96.243506,32.896185],[-96.243259,32.896908],[-96.242511,32.896358],[-96.241325,32.896887],[-96.240197,32.896189],[-96.24055,32.895504],[-96.239357,32.895229],[-96.240035,32.89441],[-96.237281,32.893151],[-96.23695,32.89186],[-96.236335,32.891744],[-96.23672,32.891049],[-96.235185,32.891525],[-96.235449,32.890157],[-96.23337,32.88912],[-96.233208,32.890051],[-96.231722,32.8907],[-96.231204,32.888952],[-96.228877,32.889353],[-96.228418,32.887732],[-96.22695,32.888173],[-96.226016,32.885962],[-96.226722,32.885543],[-96.225565,32.883941],[-96.223397,32.884912],[-96.22339,32.884096],[-96.222271,32.884503],[-96.221293,32.883635],[-96.220891,32.884697],[-96.220298,32.88378],[-96.219627,32.88433],[-96.218671,32.883274],[-96.217809,32.884115],[-96.217018,32.882607],[-96.216024,32.882466],[-96.216199,32.88346],[-96.214504,32.883089],[-96.214732,32.88441],[-96.212862,32.8834],[-96.21164,32.884867],[-96.210568,32.884439],[-96.210056,32.885391],[-96.209112,32.884704],[-96.208006,32.884862],[-96.206791,32.886342],[-96.20581,32.884968],[-96.204885,32.885179],[-96.204737,32.884462],[-96.204024,32.884894],[-96.203159,32.884293],[-96.202287,32.885334],[-96.201126,32.884897],[-96.200402,32.885973],[-96.199078,32.884996],[-96.198443,32.885451],[-96.198916,32.88599],[-96.197528,32.885589],[-96.195167,32.886238],[-96.194563,32.885702],[-96.195145,32.884971],[-96.193794,32.885039],[-96.193603,32.884231],[-96.193013,32.884639],[-96.192643,32.883946],[-96.191824,32.884316],[-96.192064,32.883046],[-96.191263,32.883786],[-96.19061,32.882968],[-96.189999,32.883761],[-96.187641,32.883387],[-96.185177,32.880448],[-96.183796,32.881878],[-96.182084,32.881501],[-96.181187,32.880381],[-96.180892,32.881635],[-96.180101,32.882095],[-96.178941,32.880949],[-96.177744,32.881392],[-96.177529,32.880401],[-96.174469,32.881842],[-96.173555,32.880287],[-96.171723,32.880222],[-96.17217,32.87916],[-96.170702,32.878921],[-96.1713,32.877831],[-96.172466,32.877786],[-96.170449,32.875939],[-96.171007,32.875359],[-96.170269,32.874625],[-96.160634,32.874995],[-96.159906,32.873907],[-96.161029,32.873517],[-96.160667,32.872394],[-96.159091,32.871194],[-96.159821,32.870605],[-96.159313,32.870301],[-96.161303,32.868582],[-96.161907,32.869494],[-96.164689,32.870341],[-96.165312,32.871941],[-96.166222,32.871715],[-96.166789,32.872567],[-96.167775,32.872137],[-96.169041,32.870628],[-96.174452,32.867259],[-96.175647,32.865641],[-96.17868,32.865734],[-96.182107,32.863402],[-96.184771,32.860378],[-96.184537,32.85964],[-96.186398,32.859313],[-96.18623,32.858592],[-96.187208,32.858714],[-96.186778,32.858027],[-96.187994,32.857962],[-96.187983,32.856684],[-96.189835,32.857309],[-96.189639,32.855972],[-96.190455,32.85604],[-96.190711,32.855248],[-96.191458,32.855579],[-96.191398,32.853921],[-96.192545,32.854051],[-96.193825,32.852227],[-96.1943,32.85134],[-96.193573,32.850836],[-96.194227,32.850679],[-96.193755,32.849795],[-96.19522,32.847851],[-96.197,32.84256],[-96.198911,32.840609],[-96.187079,32.84039],[-96.187319,32.838912],[-96.184474,32.836485],[-96.184728,32.832605],[-96.184203,32.830267],[-96.181888,32.827891],[-96.185929,32.824675],[-96.188706,32.827287],[-96.193878,32.823464],[-96.194163,32.823088],[-96.191717,32.819867]]]},"properties":{"zip":"75160","city":"Terrell","county":"Kaufman","u2015":8952,"u2023":8895,"added":-57,"growth":-0.6,"moe":582,"certain":false,"peak_month":"2022-08","from_peak":-5.6,"value":264636}},{"type":"Feature","geometry":{"type":"Polygon","coordinates":[[[-96.10495,32.838886],[-96.104433,32.823913],[-96.076619,32.823653],[-96.076186,32.712599],[-96.100138,32.714284],[-96.103379,32.708259],[-96.101548,32.705955],[-96.112867,32.696345],[-96.112597,32.695951],[-96.113013,32.696218],[-96.12784,32.683906],[-96.115911,32.673099],[-96.13383,32.657998],[-96.138189,32.661712],[-96.149353,32.651712],[-96.151472,32.653015],[-96.155718,32.649594],[-96.157727,32.650893],[-96.158584,32.65034],[-96.164321,32.64548],[-96.160876,32.640808],[-96.1587,32.638905],[-96.166811,32.632098],[-96.171,32.632942],[-96.176377,32.637259],[-96.177305,32.637394],[-96.177628,32.638545],[-96.179209,32.638582],[-96.179579,32.639758],[-96.180495,32.64011],[-96.193147,32.629294],[-96.199583,32.631093],[-96.207024,32.637258],[-96.208631,32.640255],[-96.22409,32.652892],[-96.24016,32.638992],[-96.26126,32.656822],[-96.262636,32.657274],[-96.262519,32.657984],[-96.26549,32.660535],[-96.263629,32.670789],[-96.263096,32.682519],[-96.265021,32.684787],[-96.2633,32.686273],[-96.271117,32.692754],[-96.274788,32.699602],[-96.275088,32.701192],[-96.263103,32.697705],[-96.26279,32.698757],[-96.261845,32.698909],[-96.262241,32.699589],[-96.261213,32.699877],[-96.261857,32.700007],[-96.261528,32.700648],[-96.262085,32.701264],[-96.260101,32.704375],[-96.260979,32.706169],[-96.260406,32.708267],[-96.25935,32.708143],[-96.260333,32.709159],[-96.259506,32.710375],[-96.259758,32.712918],[-96.258623,32.713562],[-96.259471,32.713918],[-96.258986,32.714486],[-96.26006,32.71497],[-96.259339,32.715316],[-96.259696,32.717332],[-96.259047,32.717657],[-96.259971,32.718006],[-96.259819,32.718882],[-96.258782,32.71961],[-96.259577,32.721335],[-96.258711,32.723993],[-96.25975,32.724221],[-96.259686,32.725803],[-96.257364,32.727936],[-96.256559,32.733828],[-96.258042,32.73778],[-96.257775,32.739596],[-96.258842,32.739717],[-96.259353,32.740485],[-96.259073,32.743133],[-96.261553,32.746817],[-96.260063,32.749091],[-96.258593,32.753256],[-96.259132,32.753109],[-96.256498,32.755454],[-96.255539,32.761438],[-96.256986,32.764555],[-96.254876,32.768599],[-96.254729,32.770941],[-96.255805,32.772497],[-96.254057,32.774669],[-96.253246,32.777106],[-96.254775,32.780077],[-96.253833,32.781571],[-96.254478,32.788913],[-96.25284,32.790408],[-96.254023,32.791057],[-96.254286,32.792737],[-96.249968,32.796301],[-96.23434,32.783154],[-96.221779,32.794572],[-96.191717,32.819867],[-96.193962,32.823394],[-96.188706,32.827287],[-96.185929,32.824675],[-96.181888,32.827891],[-96.184203,32.830267],[-96.184728,32.832605],[-96.184474,32.836485],[-96.187319,32.838912],[-96.187079,32.84039],[-96.163417,32.840057],[-96.162694,32.839275],[-96.164227,32.838059],[-96.162272,32.828893],[-96.165972,32.827821],[-96.167004,32.825536],[-96.16363,32.825696],[-96.162285,32.824768],[-96.15822,32.826963],[-96.152354,32.82197],[-96.143793,32.829679],[-96.139078,32.825747],[-96.135387,32.828465],[-96.130496,32.824347],[-96.130634,32.83944],[-96.103497,32.838987],[-96.10495,32.838886]]]},"properties":{"zip":"75161","city":"Terrell","county":"Kaufman","u2015":2558,"u2023":2541,"added":-17,"growth":-0.7,"moe":359,"certain":false,"peak_month":"2026-03","from_peak":-0.9,"value":363652}},{"type":"Feature","geometry":{"type":"Polygon","coordinates":[[[-96.713503,32.421062],[-96.745985,32.414622],[-96.745266,32.413833],[-96.744768,32.414566],[-96.74399,32.414472],[-96.743344,32.413897],[-96.743898,32.413163],[-96.742569,32.4132],[-96.742951,32.412155],[-96.742122,32.412015],[-96.741926,32.411252],[-96.738439,32.411116],[-96.737349,32.410345],[-96.73744,32.411199],[-96.736061,32.411267],[-96.73586,32.412687],[-96.724679,32.412937],[-96.724111,32.40196],[-96.724651,32.396237],[-96.720795,32.396414],[-96.719924,32.395317],[-96.716942,32.395294],[-96.716798,32.383617],[-96.708969,32.383311],[-96.708834,32.37608],[-96.728742,32.375757],[-96.73586,32.376739],[-96.73623,32.375189],[-96.738495,32.375472],[-96.7383,32.371225],[-96.732132,32.362333],[-96.732135,32.361435],[-96.728141,32.360863],[-96.726332,32.36663],[-96.724596,32.366254],[-96.726247,32.360654],[-96.724627,32.360723],[-96.721594,32.359479],[-96.719951,32.359958],[-96.714747,32.356806],[-96.713525,32.356928],[-96.712474,32.355466],[-96.712671,32.354825],[-96.709711,32.354215],[-96.709519,32.353555],[-96.707412,32.352713],[-96.725468,32.343606],[-96.717995,32.332462],[-96.719808,32.330068],[-96.719835,32.317363],[-96.720817,32.312111],[-96.730901,32.312482],[-96.736127,32.306328],[-96.738737,32.307575],[-96.739872,32.305937],[-96.741656,32.304919],[-96.739592,32.30254],[-96.740197,32.301871],[-96.74834,32.297324],[-96.752158,32.298789],[-96.755669,32.298488],[-96.771174,32.290908],[-96.769475,32.287474],[-96.770382,32.285629],[-96.769434,32.28402],[-96.767648,32.275945],[-96.762605,32.265663],[-96.772996,32.26039],[-96.768754,32.253754],[-96.77935,32.24855],[-96.778852,32.247836],[-96.786422,32.243564],[-96.795416,32.23984],[-96.797564,32.24031],[-96.79908,32.242297],[-96.808087,32.238238],[-96.812882,32.24559],[-96.812791,32.246859],[-96.811215,32.248722],[-96.811005,32.25001],[-96.815726,32.258006],[-96.817678,32.258056],[-96.820028,32.259199],[-96.821692,32.258775],[-96.821251,32.260149],[-96.822212,32.26108],[-96.823425,32.260744],[-96.824228,32.262031],[-96.829995,32.260928],[-96.840907,32.255512],[-96.847009,32.265143],[-96.850166,32.262815],[-96.86408,32.256165],[-96.864711,32.258046],[-96.860962,32.285095],[-96.86324,32.285435],[-96.864049,32.287267],[-96.867271,32.288147],[-96.854594,32.346975],[-96.854656,32.35487],[-96.855504,32.360574],[-96.858022,32.36668],[-96.860817,32.370378],[-96.863434,32.366611],[-96.864072,32.36748],[-96.870943,32.364352],[-96.87254,32.366794],[-96.868321,32.369032],[-96.869594,32.370851],[-96.869266,32.372411],[-96.873314,32.371082],[-96.870476,32.37215],[-96.871175,32.373238],[-96.872151,32.37278],[-96.87188,32.374496],[-96.870822,32.374405],[-96.869816,32.379159],[-96.865509,32.378771],[-96.872842,32.400533],[-96.873166,32.404426],[-96.872469,32.412129],[-96.869885,32.417875],[-96.850387,32.442196],[-96.841574,32.465392],[-96.823432,32.496327],[-96.822649,32.49448],[-96.822863,32.490737],[-96.822371,32.490727],[-96.82031,32.492267],[-96.816697,32.492764],[-96.814619,32.49384],[-96.810456,32.500408],[-96.809001,32.500055],[-96.806882,32.503434],[-96.804871,32.502955],[-96.803558,32.501493],[-96.798038,32.50188],[-96.800214,32.495075],[-96.795756,32.493243],[-96.792834,32.486638],[-96.796361,32.486069],[-96.795706,32.485346],[-96.794698,32.484966],[-96.787991,32.488705],[-96.786206,32.486066],[-96.778346,32.487262],[-96.777406,32.484454],[-96.775734,32.485097],[-96.77526,32.484372],[-96.773117,32.480334],[-96.773809,32.480049],[-96.772293,32.477347],[-96.769466,32.478412],[-96.758678,32.48508],[-96.75753,32.481395],[-96.759316,32.479571],[-96.765091,32.476961],[-96.761021,32.473405],[-96.764279,32.471337],[-96.76434,32.469743],[-96.769861,32.467559],[-96.769685,32.466226],[-96.768765,32.46539],[-96.767728,32.466081],[-96.766641,32.465685],[-96.76535,32.464788],[-96.765243,32.463763],[-96.764157,32.463814],[-96.764161,32.462804],[-96.761136,32.461644],[-96.761097,32.459265],[-96.76006,32.459525],[-96.759743,32.458944],[-96.758981,32.45957],[-96.758934,32.458758],[-96.757211,32.458],[-96.757132,32.456926],[-96.754273,32.455965],[-96.753285,32.454452],[-96.75141,32.453812],[-96.75102,32.452619],[-96.752134,32.45114],[-96.751952,32.45033],[-96.749306,32.450563],[-96.748372,32.450038],[-96.746571,32.45085],[-96.742121,32.448202],[-96.741194,32.448394],[-96.740739,32.445326],[-96.735749,32.442605],[-96.73249,32.437866],[-96.728503,32.438737],[-96.720117,32.4262],[-96.718493,32.424903],[-96.717222,32.425649],[-96.718127,32.424619],[-96.713503,32.421062]]]},"properties":{"zip":"75165","city":"Waxahachie","county":"Ellis","u2015":15082,"u2023":18940,"added":3858,"growth":25.6,"moe":623,"certain":true,"peak_month":"2022-08","from_peak":-6.4,"value":353172}},{"type":"Feature","geometry":{"type":"Polygon","coordinates":[[[-96.47791,33.020457],[-96.475459,33.024552],[-96.475962,33.025575],[-96.480917,33.029303],[-96.481676,33.031798],[-96.482266,33.044373],[-96.469446,33.042145],[-96.458011,33.045216],[-96.450271,33.049532],[-96.447686,33.049547],[-96.44389,33.050825],[-96.437503,33.050612],[-96.436743,33.051245],[-96.434158,33.05126],[-96.432783,33.050517],[-96.429743,33.050534],[-96.426251,33.05294],[-96.423537,33.052985],[-96.424962,33.043444],[-96.424329,33.043455],[-96.424647,33.042244],[-96.426168,33.039],[-96.429399,33.034733],[-96.428874,33.029672],[-96.421141,33.031418],[-96.378916,33.036072],[-96.418992,33.031281],[-96.42882,33.02922],[-96.428497,33.025954],[-96.429588,33.0222],[-96.42272,33.021942],[-96.42274,33.021375],[-96.420481,33.021293],[-96.420314,33.028154],[-96.418405,33.028162],[-96.41869,33.021247],[-96.419828,33.021158],[-96.418193,33.019163],[-96.419674,32.996117],[-96.416822,32.996774],[-96.405772,32.996651],[-96.405925,32.986362],[-96.411698,32.987575],[-96.414383,32.986096],[-96.41856,32.985732],[-96.418708,32.982319],[-96.419282,32.981996],[-96.489875,32.981878],[-96.488032,32.988396],[-96.48469,32.990698],[-96.484281,32.995297],[-96.485367,32.997053],[-96.486361,32.996325],[-96.48781,32.997337],[-96.486258,32.998678],[-96.486476,33.001378],[-96.485513,33.002978],[-96.486522,33.006129],[-96.48446,33.005857],[-96.485621,33.008378],[-96.485012,33.008699],[-96.483423,33.007551],[-96.48276,33.009194],[-96.485771,33.010129],[-96.484596,33.011401],[-96.483604,33.01136],[-96.482933,33.010565],[-96.481388,33.012166],[-96.480738,33.013941],[-96.481527,33.014864],[-96.483069,33.014972],[-96.482329,33.015906],[-96.480029,33.016421],[-96.479004,33.017322],[-96.478246,33.017071],[-96.479044,33.016641],[-96.478723,33.015704],[-96.477421,33.01541],[-96.476574,33.016199],[-96.476948,33.019508],[-96.47791,33.020457]]]},"properties":{"zip":"75166","city":"Lavon","county":"Collin","u2015":1246,"u2023":2186,"added":940,"growth":75.4,"moe":258,"certain":true,"peak_month":"2022-07","from_peak":-22.9,"value":348089}},{"type":"Feature","geometry":{"type":"Polygon","coordinates":[[[-96.995965,32.31764],[-96.997809,32.319129],[-97.001662,32.32534],[-97.00077,32.32909],[-97.000927,32.331402],[-97.001693,32.332833],[-97.00085,32.333245],[-97.001234,32.333949],[-97.019528,32.325051],[-97.019961,32.325845],[-97.00842,32.357727],[-97.012479,32.35652],[-97.012677,32.365346],[-97.014406,32.36565],[-97.014231,32.373009],[-96.997267,32.372932],[-96.996909,32.371423],[-96.991383,32.371437],[-96.991316,32.386299],[-96.989068,32.386345],[-96.975056,32.394385],[-96.974206,32.394302],[-96.961218,32.400616],[-96.965901,32.40682],[-96.962182,32.407269],[-96.960655,32.404322],[-96.958254,32.404204],[-96.950644,32.399707],[-96.946217,32.396462],[-96.945307,32.393138],[-96.944185,32.391906],[-96.938307,32.389553],[-96.938203,32.388281],[-96.937359,32.388161],[-96.937679,32.387369],[-96.937459,32.386757],[-96.936826,32.388554],[-96.933155,32.390168],[-96.939086,32.399268],[-96.926773,32.40535],[-96.925331,32.410417],[-96.934468,32.410991],[-96.937365,32.414912],[-96.934895,32.415518],[-96.931788,32.419136],[-96.929529,32.41943],[-96.928347,32.422241],[-96.926578,32.42349],[-96.923396,32.42375],[-96.915977,32.416045],[-96.920086,32.415667],[-96.917164,32.411167],[-96.913627,32.413364],[-96.91259,32.415249],[-96.912678,32.416728],[-96.9107,32.419561],[-96.906552,32.418472],[-96.90314,32.418515],[-96.902183,32.416677],[-96.90039,32.416488],[-96.895868,32.418435],[-96.892211,32.418461],[-96.895747,32.422272],[-96.896785,32.421913],[-96.899852,32.423217],[-96.899574,32.42425],[-96.901364,32.424846],[-96.902041,32.426087],[-96.902196,32.427307],[-96.899517,32.429245],[-96.900662,32.433069],[-96.897929,32.435578],[-96.899316,32.4362],[-96.898449,32.43735],[-96.899179,32.439607],[-96.898581,32.440869],[-96.89814,32.440604],[-96.8981,32.445622],[-96.89689,32.449965],[-96.897498,32.451053],[-96.899553,32.45165],[-96.900972,32.455289],[-96.900012,32.458691],[-96.898999,32.459677],[-96.908094,32.459718],[-96.908051,32.463979],[-96.905969,32.463989],[-96.905789,32.467695],[-96.908064,32.46774],[-96.907999,32.485743],[-96.909134,32.485661],[-96.90699,32.488318],[-96.902112,32.488354],[-96.902139,32.494582],[-96.90013,32.494728],[-96.900146,32.495955],[-96.894371,32.49672],[-96.894371,32.49498],[-96.890921,32.494914],[-96.890913,32.500496],[-96.886925,32.499715],[-96.886955,32.495669],[-96.875001,32.49425],[-96.873696,32.493122],[-96.873761,32.498557],[-96.853645,32.499209],[-96.853751,32.504012],[-96.844007,32.504579],[-96.841951,32.50524],[-96.84212,32.506256],[-96.841183,32.506798],[-96.836988,32.507467],[-96.836988,32.502165],[-96.834446,32.502084],[-96.834413,32.497651],[-96.831279,32.497689],[-96.832631,32.495813],[-96.832631,32.494265],[-96.824629,32.494203],[-96.841574,32.465392],[-96.850387,32.442196],[-96.869885,32.417875],[-96.872469,32.412129],[-96.873166,32.404426],[-96.872842,32.400533],[-96.865509,32.378771],[-96.869816,32.379159],[-96.870822,32.374405],[-96.87188,32.374496],[-96.872151,32.37278],[-96.871175,32.373238],[-96.870476,32.37215],[-96.873314,32.371082],[-96.869266,32.372411],[-96.869594,32.370851],[-96.868321,32.369032],[-96.87254,32.366794],[-96.870943,32.364352],[-96.864072,32.36748],[-96.863434,32.366611],[-96.860817,32.370378],[-96.858022,32.36668],[-96.85543,32.360343],[-96.85447,32.347906],[-96.86034,32.321935],[-96.875809,32.24498],[-96.877107,32.241155],[-96.881827,32.231887],[-96.883489,32.231769],[-96.88428,32.234399],[-96.888157,32.235961],[-96.89084,32.237886],[-96.89242,32.237321],[-96.899636,32.24056],[-96.90107,32.240754],[-96.903038,32.23987],[-96.904488,32.241081],[-96.906835,32.240952],[-96.909006,32.242129],[-96.908469,32.240907],[-96.909374,32.240543],[-96.91186,32.242309],[-96.912578,32.241571],[-96.914688,32.242182],[-96.918542,32.245081],[-96.92039,32.245238],[-96.920645,32.246229],[-96.922843,32.246433],[-96.923697,32.248876],[-96.922972,32.250524],[-96.924991,32.252923],[-96.926462,32.252549],[-96.927031,32.253755],[-96.92871,32.254268],[-96.928876,32.252423],[-96.929452,32.252056],[-96.933698,32.254212],[-96.935155,32.253679],[-96.936861,32.255301],[-96.940223,32.257015],[-96.940582,32.256059],[-96.941437,32.255862],[-96.942231,32.257109],[-96.94176,32.258042],[-96.942804,32.258259],[-96.943381,32.25943],[-96.942228,32.260419],[-96.94236,32.260952],[-96.944009,32.261229],[-96.945373,32.263174],[-96.947842,32.263019],[-96.949989,32.265144],[-96.951912,32.264294],[-96.955199,32.265476],[-96.956265,32.26867],[-96.955071,32.269606],[-96.95502,32.270362],[-96.956363,32.270891],[-96.957031,32.271911],[-96.958531,32.27208],[-96.959451,32.279842],[-96.962916,32.284354],[-96.980971,32.300688],[-96.984376,32.302107],[-96.997541,32.304943],[-96.998243,32.310764],[-96.994891,32.312198],[-96.995279,32.313291],[-96.994667,32.31483],[-96.995174,32.314814],[-96.995965,32.31764]]]},"properties":{"zip":"75167","city":"Waxahachie","county":"Ellis","u2015":3428,"u2023":4298,"added":870,"growth":25.4,"moe":517,"certain":true,"peak_month":"2025-02","from_peak":-1.1,"value":510921}},{"type":"Feature","geometry":{"type":"Polygon","coordinates":[[[-96.029464,32.553072],[-96.058134,32.554983],[-96.075799,32.563623],[-96.075955,32.602372],[-96.094015,32.603641],[-96.095188,32.604849],[-96.101055,32.606015],[-96.102246,32.607062],[-96.101578,32.608504],[-96.103994,32.6083],[-96.103539,32.610677],[-96.105072,32.610613],[-96.10445,32.611552],[-96.105243,32.612115],[-96.10557,32.611334],[-96.106906,32.611215],[-96.106581,32.613567],[-96.107353,32.614072],[-96.106069,32.615112],[-96.106054,32.616073],[-96.103923,32.617069],[-96.105785,32.61753],[-96.107671,32.620092],[-96.10723,32.621238],[-96.107891,32.623196],[-96.11387,32.626098],[-96.114361,32.625211],[-96.114912,32.62615],[-96.116454,32.626714],[-96.118108,32.626153],[-96.118212,32.626707],[-96.119659,32.626845],[-96.120023,32.627893],[-96.121006,32.628358],[-96.120986,32.629389],[-96.122562,32.629295],[-96.122935,32.630907],[-96.12243,32.631579],[-96.123462,32.631385],[-96.12439,32.631988],[-96.125003,32.630754],[-96.126415,32.633235],[-96.127311,32.632983],[-96.127533,32.636257],[-96.128243,32.636738],[-96.127481,32.637228],[-96.128603,32.637276],[-96.129019,32.638419],[-96.13012,32.638883],[-96.130103,32.639516],[-96.131093,32.639882],[-96.132326,32.641571],[-96.13145,32.64462],[-96.131987,32.646236],[-96.134799,32.649358],[-96.136572,32.65032],[-96.138095,32.652396],[-96.138047,32.653385],[-96.139467,32.653351],[-96.138874,32.655154],[-96.141278,32.658534],[-96.138189,32.661712],[-96.13383,32.657998],[-96.115911,32.673099],[-96.12784,32.683906],[-96.113013,32.696218],[-96.112597,32.695951],[-96.112867,32.696345],[-96.101548,32.705955],[-96.103379,32.708259],[-96.100138,32.714284],[-96.076186,32.712599],[-96.076801,32.838489],[-96.062945,32.838502],[-96.064682,32.839984],[-96.066393,32.83966],[-96.066929,32.840577],[-96.066647,32.841862],[-96.069525,32.84337],[-96.069895,32.84472],[-96.069108,32.845225],[-96.07035,32.845018],[-96.070415,32.845508],[-96.069363,32.846503],[-96.06602,32.84722],[-96.064549,32.848286],[-96.063233,32.85098],[-96.06415,32.85264],[-96.061788,32.851934],[-96.060447,32.852767],[-96.058396,32.851619],[-96.060415,32.853088],[-96.059024,32.85353],[-96.059737,32.854166],[-96.058085,32.854116],[-96.059762,32.854461],[-96.059656,32.855092],[-96.061652,32.855953],[-96.0596,32.855632],[-96.058822,32.856216],[-96.058105,32.857581],[-96.058995,32.859344],[-96.051484,32.861094],[-96.050725,32.860714],[-96.051105,32.866258],[-96.044482,32.868327],[-96.03688,32.869726],[-96.031848,32.869585],[-96.025085,32.868916],[-96.006828,32.862838],[-96.004647,32.862904],[-95.991297,32.86822],[-95.9866,32.873064],[-95.983477,32.871257],[-95.982446,32.869555],[-95.981608,32.86967],[-95.981074,32.868783],[-95.980112,32.868671],[-95.980091,32.866863],[-95.974181,32.861722],[-95.971103,32.860571],[-95.970977,32.858491],[-95.968025,32.857808],[-95.968766,32.856153],[-95.966507,32.8543],[-95.96385,32.854101],[-95.961735,32.852707],[-95.961248,32.851425],[-95.958486,32.850451],[-95.958674,32.848216],[-95.957969,32.847748],[-95.958016,32.846231],[-95.956424,32.844941],[-95.952083,32.846004],[-95.951453,32.84485],[-95.949873,32.845046],[-95.949032,32.842416],[-95.946605,32.843524],[-95.946463,32.844186],[-95.947349,32.844637],[-95.946997,32.844968],[-95.944074,32.845188],[-95.942997,32.843826],[-95.943653,32.842542],[-95.943081,32.84134],[-95.941225,32.842714],[-95.941452,32.840938],[-95.94031,32.841085],[-95.938521,32.843024],[-95.937178,32.841847],[-95.937101,32.840829],[-95.934939,32.840339],[-95.935328,32.838047],[-95.925641,32.829323],[-95.925498,32.827233],[-95.927554,32.827101],[-95.927725,32.826118],[-95.926497,32.825384],[-95.927543,32.822374],[-95.926981,32.822068],[-95.925667,32.822771],[-95.92482,32.822311],[-95.924562,32.821021],[-95.922154,32.821047],[-95.922391,32.819723],[-95.924029,32.819519],[-95.924628,32.818389],[-95.924056,32.817664],[-95.921543,32.818036],[-95.922362,32.815557],[-95.918792,32.814866],[-95.917707,32.813374],[-95.916669,32.813456],[-95.916421,32.811309],[-95.915733,32.810968],[-95.913729,32.810898],[-95.912507,32.811631],[-95.905036,32.809655],[-95.904268,32.808475],[-95.906737,32.806858],[-95.901264,32.804584],[-95.901161,32.803381],[-95.89932,32.802183],[-95.898455,32.802138],[-95.897719,32.803016],[-95.895937,32.802187],[-95.895403,32.803714],[-95.894583,32.803643],[-95.89353,32.802526],[-95.894819,32.801231],[-95.89508,32.799577],[-95.894364,32.799115],[-95.892633,32.800593],[-95.892237,32.799467],[-95.893155,32.798352],[-95.891053,32.798999],[-95.890905,32.797092],[-95.889065,32.794801],[-95.885078,32.793222],[-95.879792,32.789386],[-95.878673,32.789627],[-95.879407,32.791122],[-95.87901,32.79166],[-95.877586,32.791071],[-95.8771,32.789082],[-95.878486,32.78777],[-95.881237,32.787958],[-95.882421,32.78714],[-95.882708,32.785607],[-95.884023,32.784064],[-95.884719,32.784042],[-95.884902,32.782597],[-95.891682,32.777166],[-95.892645,32.774661],[-95.891878,32.773753],[-95.892555,32.77382],[-95.893043,32.772694],[-95.894044,32.77309],[-95.894233,32.772579],[-95.895384,32.772557],[-95.895534,32.771734],[-95.896737,32.771811],[-95.895853,32.771617],[-95.896204,32.770833],[-95.895743,32.770651],[-95.896563,32.768068],[-95.892915,32.765044],[-95.885583,32.764709],[-95.886648,32.759269],[-95.884957,32.750039],[-95.892717,32.74333],[-95.896414,32.742263],[-95.899757,32.739562],[-95.890608,32.731735],[-95.898686,32.725029],[-95.900652,32.7241],[-95.899283,32.722236],[-95.901096,32.720503],[-95.900341,32.719651],[-95.903421,32.716988],[-95.900837,32.715829],[-95.898316,32.717959],[-95.893285,32.713651],[-95.898111,32.709542],[-95.899753,32.709334],[-95.905946,32.705142],[-95.900167,32.700927],[-95.900227,32.699789],[-95.919877,32.701444],[-95.919078,32.698476],[-95.919727,32.697521],[-95.904652,32.6968],[-95.910933,32.691662],[-95.910979,32.689926],[-95.911661,32.689607],[-95.909618,32.67976],[-95.89702,32.690044],[-95.899369,32.687497],[-95.898348,32.68687],[-95.892913,32.691831],[-95.893218,32.68976],[-95.88849,32.689224],[-95.882849,32.683085],[-95.882365,32.678642],[-95.883429,32.679319],[-95.882116,32.67823],[-95.88764,32.673594],[-95.881241,32.668213],[-95.879941,32.665025],[-95.880114,32.661608],[-95.878207,32.651638],[-95.879082,32.644114],[-95.875898,32.614884],[-95.870859,32.618513],[-95.869112,32.617162],[-95.867214,32.618192],[-95.867984,32.617561],[-95.866991,32.616726],[-95.8678,32.613428],[-95.867345,32.612071],[-95.866345,32.612006],[-95.867467,32.610857],[-95.868102,32.608752],[-95.866543,32.607121],[-95.867133,32.60667],[-95.869016,32.607241],[-95.864995,32.598572],[-95.859528,32.600074],[-95.858106,32.598498],[-95.85867,32.596883],[-95.858111,32.596179],[-95.860224,32.594207],[-95.862103,32.594327],[-95.862627,32.593508],[-95.864967,32.582867],[-95.87089,32.585192],[-95.872495,32.586824],[-95.873185,32.586858],[-95.873317,32.585667],[-95.903391,32.597676],[-95.908703,32.598621],[-95.923177,32.598861],[-95.929786,32.599845],[-95.930043,32.593156],[-95.932879,32.593203],[-95.932953,32.588847],[-95.939928,32.586376],[-95.941031,32.58419],[-95.942206,32.584135],[-95.941913,32.58347],[-95.94691,32.583689],[-95.946592,32.584183],[-95.947254,32.584336],[-95.948552,32.583996],[-95.948779,32.58326],[-95.950752,32.584359],[-95.951031,32.58393],[-95.952231,32.584227],[-95.952666,32.582078],[-95.953425,32.581391],[-95.953009,32.580956],[-95.953833,32.581045],[-95.954093,32.57976],[-95.954696,32.579782],[-95.954054,32.579062],[-95.955208,32.578391],[-95.955715,32.578874],[-95.957395,32.577627],[-95.958466,32.578038],[-95.958336,32.57855],[-95.959218,32.578072],[-95.959932,32.579022],[-95.960899,32.579158],[-95.961347,32.578379],[-95.962333,32.579099],[-95.96356,32.578725],[-95.964183,32.579241],[-95.964734,32.578906],[-95.964124,32.578324],[-95.9645,32.577323],[-95.965843,32.57779],[-95.967465,32.576301],[-95.971469,32.57732],[-95.974479,32.576815],[-95.974681,32.577326],[-95.975757,32.576749],[-95.975342,32.576045],[-95.977898,32.575391],[-95.97804,32.574753],[-95.979059,32.575132],[-95.980623,32.574511],[-95.982401,32.574652],[-95.982492,32.575356],[-95.98414,32.574916],[-95.984945,32.575964],[-95.985217,32.575465],[-95.986502,32.575643],[-95.987082,32.566395],[-96.001783,32.564976],[-96.018359,32.561653],[-96.016706,32.552383],[-96.017138,32.546306],[-96.024149,32.541423],[-96.027268,32.540947],[-96.027948,32.539588],[-96.029255,32.542074],[-96.028964,32.547519],[-96.030113,32.549425],[-96.029464,32.553072]]]},"properties":{"zip":"75169","city":"Wills Point","county":"Van Zandt","u2015":6204,"u2023":6558,"added":354,"growth":5.7,"moe":498,"certain":false,"peak_month":"2022-07","from_peak":-2.3,"value":271894}},{"type":"Feature","geometry":{"type":"Polygon","coordinates":[[[-96.65853,32.585231],[-96.651247,32.574475],[-96.658019,32.571241],[-96.659427,32.573277],[-96.668374,32.568947],[-96.664861,32.561006],[-96.665665,32.560721],[-96.670371,32.567989],[-96.674273,32.566119],[-96.680471,32.571792],[-96.685753,32.584308],[-96.686464,32.584046],[-96.686764,32.584618],[-96.690301,32.583054],[-96.692627,32.586471],[-96.691132,32.586252],[-96.688538,32.587497],[-96.69147,32.594472],[-96.692427,32.594167],[-96.694987,32.595878],[-96.698286,32.594485],[-96.699779,32.594468],[-96.696332,32.587638],[-96.704867,32.587314],[-96.704843,32.603825],[-96.702306,32.6038],[-96.704303,32.604307],[-96.70492,32.605761],[-96.704574,32.606551],[-96.706773,32.6074],[-96.706588,32.60876],[-96.707531,32.609089],[-96.707111,32.609652],[-96.710846,32.612558],[-96.710271,32.612745],[-96.709967,32.621071],[-96.706908,32.622554],[-96.705908,32.621249],[-96.705242,32.621588],[-96.704849,32.621014],[-96.701371,32.622397],[-96.700985,32.621448],[-96.702252,32.620934],[-96.701309,32.618693],[-96.694383,32.622157],[-96.697821,32.63019],[-96.697349,32.629251],[-96.695787,32.630024],[-96.697869,32.633212],[-96.684228,32.639736],[-96.683093,32.637758],[-96.684048,32.637312],[-96.680482,32.632106],[-96.690479,32.627297],[-96.692019,32.629787],[-96.692655,32.629473],[-96.69133,32.626956],[-96.693286,32.626072],[-96.691261,32.62513],[-96.69045,32.624],[-96.666654,32.635291],[-96.664155,32.631667],[-96.662105,32.632376],[-96.661549,32.631527],[-96.663164,32.630484],[-96.661305,32.628816],[-96.656162,32.631268],[-96.652652,32.626202],[-96.650971,32.627744],[-96.646488,32.622781],[-96.641432,32.615706],[-96.636168,32.613422],[-96.635916,32.610868],[-96.659333,32.600982],[-96.658003,32.59776],[-96.651873,32.588464],[-96.65853,32.585231]]]},"properties":{"zip":"75172","city":"Wilmer","county":"Dallas","u2015":1274,"u2023":2075,"added":801,"growth":62.9,"moe":372,"certain":true,"peak_month":"2024-05","from_peak":-7.5,"value":221266}},{"type":"Feature","geometry":{"type":"Polygon","coordinates":[[[-96.410645,33.106694],[-96.410903,33.102483],[-96.41214,33.098837],[-96.420795,33.086782],[-96.424381,33.080529],[-96.41777,33.08034],[-96.415611,33.081279],[-96.414828,33.080309],[-96.409207,33.080156],[-96.409266,33.072902],[-96.416693,33.07311],[-96.41761,33.068309],[-96.423646,33.071548],[-96.423814,33.066131],[-96.406776,33.065643],[-96.401954,33.070538],[-96.394185,33.072966],[-96.389211,33.076136],[-96.388151,33.075904],[-96.387663,33.076712],[-96.386134,33.075096],[-96.385136,33.074925],[-96.384395,33.080498],[-96.381132,33.080422],[-96.380181,33.102381],[-96.364688,33.102141],[-96.362924,33.101291],[-96.362716,33.101934],[-96.354443,33.101784],[-96.35409,33.111465],[-96.348187,33.111414],[-96.334634,33.102561],[-96.335993,33.100443],[-96.336609,33.07934],[-96.314009,33.078224],[-96.313075,33.073908],[-96.315831,33.07381],[-96.313559,33.068218],[-96.316251,33.070283],[-96.317493,33.073408],[-96.327038,33.073576],[-96.327271,33.063601],[-96.318944,33.063392],[-96.319161,33.060609],[-96.31225,33.061098],[-96.311649,33.059823],[-96.312923,33.05983],[-96.313045,33.055735],[-96.319408,33.055835],[-96.319276,33.058174],[-96.325598,33.055157],[-96.325989,33.055675],[-96.327188,33.055441],[-96.352142,33.041179],[-96.352808,33.041961],[-96.354479,33.041506],[-96.359637,33.0385],[-96.363014,33.037745],[-96.363152,33.034701],[-96.363586,33.033974],[-96.364686,33.033993],[-96.365177,33.019457],[-96.322274,33.018029],[-96.322881,33.006749],[-96.333686,33.006894],[-96.334124,32.999434],[-96.336315,32.999502],[-96.341089,33.005893],[-96.340086,33.007972],[-96.340054,33.009967],[-96.345827,33.010264],[-96.346178,33.004407],[-96.359628,33.004604],[-96.359929,32.996083],[-96.371606,32.996297],[-96.371403,33.002037],[-96.37201,33.005004],[-96.364553,33.004758],[-96.369361,33.017156],[-96.372186,33.017405],[-96.372911,33.019751],[-96.41869,33.021247],[-96.418398,33.028101],[-96.419181,33.028433],[-96.420314,33.028154],[-96.420481,33.021293],[-96.42274,33.021375],[-96.42272,33.021942],[-96.429588,33.0222],[-96.428497,33.025954],[-96.42882,33.02922],[-96.418992,33.031281],[-96.378927,33.035793],[-96.421141,33.031418],[-96.428874,33.029672],[-96.429399,33.034733],[-96.426168,33.039],[-96.424329,33.043455],[-96.424962,33.043444],[-96.423537,33.052985],[-96.424349,33.05331],[-96.426251,33.05294],[-96.429743,33.050534],[-96.436743,33.051245],[-96.437503,33.050612],[-96.44389,33.050825],[-96.447686,33.049547],[-96.450271,33.049532],[-96.458011,33.045216],[-96.469446,33.042145],[-96.474231,33.043064],[-96.473469,33.044581],[-96.465973,33.046651],[-96.46379,33.048618],[-96.463866,33.050012],[-96.465057,33.051392],[-96.471359,33.054369],[-96.471997,33.055318],[-96.473136,33.059356],[-96.47335,33.064278],[-96.472759,33.070684],[-96.471327,33.07609],[-96.461228,33.097738],[-96.449698,33.096761],[-96.443654,33.097138],[-96.439874,33.094363],[-96.434441,33.093888],[-96.424047,33.095542],[-96.422656,33.096499],[-96.420247,33.09655],[-96.412199,33.102044],[-96.411419,33.106391],[-96.410645,33.106694]]]},"properties":{"zip":"75173","city":"Lavon","county":"Collin","u2015":1698,"u2023":3040,"added":1342,"growth":79.0,"moe":508,"certain":true,"peak_month":"2022-08","from_peak":-9.1,"value":338915}},{"type":"Feature","geometry":{"type":"Polygon","coordinates":[[[-96.635673,32.699529],[-96.635689,32.705032],[-96.638502,32.705033],[-96.638478,32.730498],[-96.63809,32.734214],[-96.63715,32.734206],[-96.636576,32.735385],[-96.636376,32.740119],[-96.638403,32.740124],[-96.639102,32.739316],[-96.63927,32.748607],[-96.622561,32.748616],[-96.622577,32.742728],[-96.622155,32.742728],[-96.622033,32.740313],[-96.620956,32.740198],[-96.620674,32.734775],[-96.613874,32.734629],[-96.612675,32.736331],[-96.612376,32.741131],[-96.611372,32.742283],[-96.61187,32.746205],[-96.60727,32.746226],[-96.606446,32.746755],[-96.604142,32.746147],[-96.601907,32.746688],[-96.59881,32.743946],[-96.605117,32.738887],[-96.610607,32.736317],[-96.61071,32.733007],[-96.602561,32.726886],[-96.603275,32.723595],[-96.599024,32.723867],[-96.586623,32.713008],[-96.585868,32.711002],[-96.58644,32.704186],[-96.614176,32.701266],[-96.614331,32.696488],[-96.617618,32.69652],[-96.617636,32.695138],[-96.622163,32.695019],[-96.622165,32.694445],[-96.622879,32.694437],[-96.622935,32.690437],[-96.630304,32.690353],[-96.637504,32.694308],[-96.636842,32.699526],[-96.635673,32.699529]]]},"properties":{"zip":"75180","city":"Balch Springs","county":"Dallas","u2015":7079,"u2023":9238,"added":2159,"growth":30.5,"moe":617,"certain":true,"peak_month":"2022-08","from_peak":-11.2,"value":221480}},{"type":"Feature","geometry":{"type":"Polygon","coordinates":[[[-96.58644,32.704186],[-96.586136,32.712176],[-96.588638,32.714964],[-96.599024,32.723867],[-96.603275,32.723595],[-96.602561,32.726886],[-96.61071,32.733007],[-96.610607,32.736317],[-96.604731,32.739142],[-96.597338,32.745184],[-96.583501,32.744753],[-96.583287,32.74302],[-96.584224,32.741869],[-96.581336,32.73922],[-96.57761,32.742109],[-96.576908,32.741977],[-96.580475,32.744993],[-96.577883,32.747051],[-96.573346,32.743632],[-96.570133,32.746094],[-96.567389,32.746592],[-96.564124,32.748559],[-96.564953,32.749485],[-96.564725,32.751106],[-96.564107,32.751157],[-96.564693,32.75293],[-96.566439,32.75427],[-96.567135,32.757689],[-96.568342,32.758924],[-96.567286,32.761856],[-96.568368,32.763097],[-96.571153,32.763658],[-96.57261,32.764955],[-96.545987,32.762349],[-96.519794,32.754534],[-96.520969,32.693765],[-96.532486,32.693953],[-96.535152,32.691511],[-96.534439,32.690925],[-96.539153,32.68698],[-96.537139,32.68542],[-96.537253,32.684097],[-96.539876,32.686093],[-96.545068,32.687105],[-96.545072,32.687936],[-96.547635,32.690429],[-96.547304,32.691051],[-96.550845,32.695141],[-96.555516,32.691876],[-96.562622,32.698153],[-96.56342,32.701229],[-96.565562,32.701207],[-96.565536,32.702061],[-96.56643,32.70288],[-96.568625,32.702931],[-96.563505,32.703195],[-96.58644,32.704186]]]},"properties":{"zip":"75181","city":"Mesquite","county":"Dallas","u2015":8190,"u2023":8300,"added":110,"growth":1.3,"moe":635,"certain":false,"peak_month":"2022-08","from_peak":-13.0,"value":320538}},{"type":"Feature","geometry":{"type":"Polygon","coordinates":[[[-96.604575,32.81396],[-96.597028,32.8141],[-96.597035,32.817577],[-96.595932,32.817515],[-96.59583,32.833246],[-96.589623,32.832864],[-96.589112,32.832302],[-96.587926,32.83243],[-96.587002,32.831486],[-96.585401,32.832704],[-96.584129,32.831756],[-96.582074,32.831781],[-96.581352,32.833043],[-96.580469,32.832608],[-96.579101,32.832912],[-96.578985,32.833486],[-96.576885,32.832521],[-96.576017,32.832966],[-96.575358,32.832188],[-96.571953,32.833059],[-96.571629,32.832416],[-96.569582,32.832338],[-96.56945,32.831117],[-96.568249,32.830772],[-96.566785,32.829228],[-96.564535,32.829922],[-96.560644,32.833635],[-96.543643,32.833577],[-96.541935,32.834654],[-96.53959,32.834702],[-96.518869,32.832728],[-96.519794,32.754534],[-96.545987,32.762349],[-96.573417,32.765242],[-96.573159,32.768265],[-96.572399,32.769653],[-96.57395,32.77132],[-96.570308,32.774997],[-96.57031,32.779683],[-96.57422,32.779648],[-96.574344,32.781405],[-96.576437,32.783575],[-96.576659,32.786929],[-96.592843,32.78994],[-96.592858,32.790377],[-96.589369,32.789811],[-96.589297,32.790317],[-96.593602,32.791508],[-96.593212,32.796657],[-96.593848,32.797403],[-96.598077,32.797857],[-96.597871,32.804527],[-96.599071,32.804527],[-96.599171,32.805926],[-96.604978,32.806023],[-96.604575,32.81396]]]},"properties":{"zip":"75182","city":"Sunnyvale","county":"Dallas","u2015":1750,"u2023":2722,"added":972,"growth":55.5,"moe":215,"certain":true,"peak_month":"2024-11","from_peak":-3.1,"value":647652}},{"type":"Feature","geometry":{"type":"Polygon","coordinates":[[[-96.406207,32.968856],[-96.406031,32.98191],[-96.370728,32.982084],[-96.372033,32.98352],[-96.371827,32.989787],[-96.377247,32.989961],[-96.37717,32.991297],[-96.383517,32.991793],[-96.383395,32.993094],[-96.385864,32.993723],[-96.385951,32.988403],[-96.397952,32.98866],[-96.398024,32.985312],[-96.405954,32.98547],[-96.405772,32.996651],[-96.416822,32.996774],[-96.419674,32.996117],[-96.418193,33.019163],[-96.419828,33.021158],[-96.372911,33.019751],[-96.372186,33.017405],[-96.369361,33.017156],[-96.364553,33.004758],[-96.37201,33.005004],[-96.371403,33.002037],[-96.371606,32.996297],[-96.359929,32.996083],[-96.359628,33.004604],[-96.346178,33.004407],[-96.345827,33.010264],[-96.340054,33.009967],[-96.340086,33.007972],[-96.341092,33.005916],[-96.340298,33.004423],[-96.337826,33.00213],[-96.336315,32.999502],[-96.334124,32.999434],[-96.333686,33.006894],[-96.322881,33.006749],[-96.322274,33.018029],[-96.365177,33.019457],[-96.364686,33.033993],[-96.363586,33.033974],[-96.363152,33.034701],[-96.363014,33.037745],[-96.359637,33.0385],[-96.354479,33.041506],[-96.352808,33.041961],[-96.352142,33.041179],[-96.327188,33.055441],[-96.325989,33.055675],[-96.325598,33.055157],[-96.319276,33.058174],[-96.319408,33.055835],[-96.313045,33.055735],[-96.312923,33.05983],[-96.311649,33.059823],[-96.31225,33.061098],[-96.310343,33.060511],[-96.309389,33.059421],[-96.309824,33.051645],[-96.308192,33.051616],[-96.308416,33.048993],[-96.296623,33.048676],[-96.296452,33.062554],[-96.279585,33.062412],[-96.27885,33.058518],[-96.275569,33.056435],[-96.275156,33.05556],[-96.273462,33.055548],[-96.27357,33.050894],[-96.274033,33.050511],[-96.273178,33.049538],[-96.273754,33.048777],[-96.273765,33.046697],[-96.257224,33.046711],[-96.255638,33.045878],[-96.254077,33.046652],[-96.248843,33.046494],[-96.261198,33.035731],[-96.252468,33.035342],[-96.252961,33.011581],[-96.251863,33.010443],[-96.252628,33.01005],[-96.252055,33.009244],[-96.252454,33.007052],[-96.250004,33.00553],[-96.249011,33.002404],[-96.245608,33.001843],[-96.241958,32.998146],[-96.236313,33.001102],[-96.244444,32.995994],[-96.238936,32.993096],[-96.235866,32.992583],[-96.235563,32.991625],[-96.234112,32.991996],[-96.232597,32.990183],[-96.229948,32.989837],[-96.22882,32.988098],[-96.226611,32.987446],[-96.224496,32.987409],[-96.22387,32.988308],[-96.221601,32.988128],[-96.220321,32.989286],[-96.219666,32.988605],[-96.219096,32.98921],[-96.218804,32.98846],[-96.218176,32.988826],[-96.216598,32.988315],[-96.216238,32.988866],[-96.214443,32.988951],[-96.213232,32.988113],[-96.212195,32.99083],[-96.211052,32.990443],[-96.210011,32.991146],[-96.209225,32.990282],[-96.208994,32.990904],[-96.208308,32.990811],[-96.208491,32.978571],[-96.21305,32.978578],[-96.213197,32.973751],[-96.207522,32.97381],[-96.207931,32.948154],[-96.20354,32.947958],[-96.203564,32.945554],[-96.206735,32.945455],[-96.208156,32.943821],[-96.207481,32.942965],[-96.210091,32.942511],[-96.210967,32.941543],[-96.216529,32.940569],[-96.22243,32.935878],[-96.222588,32.934328],[-96.223796,32.935035],[-96.223796,32.941039],[-96.231162,32.941522],[-96.231216,32.938776],[-96.250141,32.938948],[-96.250319,32.935599],[-96.247569,32.935554],[-96.247411,32.926389],[-96.244325,32.926389],[-96.244608,32.921846],[-96.23857,32.916766],[-96.238591,32.916067],[-96.237411,32.91565],[-96.242089,32.911744],[-96.23594,32.906356],[-96.238286,32.904389],[-96.234928,32.901471],[-96.235392,32.900688],[-96.23293,32.898355],[-96.230757,32.897548],[-96.228586,32.899234],[-96.22742,32.898809],[-96.225756,32.892918],[-96.227911,32.887542],[-96.228538,32.887852],[-96.22875,32.889325],[-96.231204,32.888952],[-96.231722,32.8907],[-96.233208,32.890051],[-96.23337,32.88912],[-96.235449,32.890157],[-96.235185,32.891525],[-96.23672,32.891049],[-96.236335,32.891744],[-96.23695,32.89186],[-96.237281,32.893151],[-96.240035,32.89441],[-96.239357,32.895229],[-96.24055,32.895504],[-96.240197,32.896189],[-96.241325,32.896887],[-96.242511,32.896358],[-96.243259,32.896908],[-96.243506,32.896185],[-96.244759,32.895755],[-96.245416,32.896467],[-96.246517,32.895878],[-96.247484,32.896721],[-96.25319,32.897801],[-96.25403,32.894075],[-96.257201,32.891837],[-96.263814,32.896683],[-96.271607,32.89654],[-96.275235,32.893763],[-96.277472,32.893489],[-96.281607,32.889572],[-96.283693,32.8889],[-96.284385,32.887376],[-96.285931,32.887196],[-96.287305,32.885346],[-96.281864,32.880755],[-96.280421,32.881334],[-96.277358,32.878726],[-96.275598,32.879874],[-96.272856,32.877868],[-96.273052,32.875991],[-96.275607,32.874713],[-96.277631,32.871003],[-96.280174,32.869447],[-96.280474,32.866762],[-96.281153,32.865971],[-96.279136,32.864483],[-96.276586,32.866573],[-96.274177,32.864729],[-96.274412,32.860075],[-96.276454,32.853772],[-96.276342,32.852658],[-96.274843,32.851526],[-96.275132,32.850285],[-96.275379,32.849756],[-96.276815,32.849874],[-96.291631,32.861091],[-96.296779,32.856882],[-96.297236,32.857287],[-96.297322,32.841723],[-96.299522,32.843424],[-96.30065,32.845377],[-96.302988,32.846622],[-96.304332,32.845976],[-96.306137,32.846662],[-96.310331,32.852714],[-96.314219,32.85315],[-96.317838,32.850105],[-96.307451,32.841248],[-96.307651,32.834547],[-96.306938,32.832199],[-96.309148,32.827333],[-96.311706,32.827415],[-96.31041,32.826541],[-96.312612,32.824365],[-96.313121,32.822693],[-96.311975,32.82161],[-96.312746,32.820124],[-96.31785,32.818745],[-96.369674,32.862696],[-96.365931,32.866237],[-96.370712,32.870472],[-96.363841,32.876133],[-96.371626,32.88311],[-96.369496,32.884983],[-96.375115,32.885137],[-96.374961,32.892501],[-96.370753,32.892526],[-96.370736,32.893271],[-96.37501,32.892709],[-96.377361,32.890402],[-96.378916,32.890361],[-96.379851,32.890994],[-96.385996,32.891103],[-96.38596,32.893206],[-96.386642,32.894528],[-96.386584,32.904581],[-96.380933,32.904581],[-96.381164,32.897145],[-96.38042,32.897145],[-96.380237,32.904579],[-96.37638,32.904545],[-96.375066,32.911069],[-96.388698,32.910863],[-96.38874,32.904587],[-96.400621,32.904728],[-96.400871,32.923553],[-96.386095,32.929932],[-96.381087,32.933459],[-96.379613,32.932392],[-96.365287,32.93229],[-96.362968,32.933807],[-96.372437,32.940766],[-96.366809,32.945483],[-96.36682,32.96224],[-96.372393,32.962196],[-96.372413,32.957147],[-96.378695,32.957171],[-96.37868,32.959933],[-96.3806,32.959939],[-96.380702,32.962528],[-96.381549,32.963862],[-96.385619,32.963943],[-96.385606,32.966979],[-96.386085,32.96717],[-96.404829,32.967284],[-96.406207,32.968856]]]},"properties":{"zip":"75189","city":"Royse City","county":"Rockwall","u2015":7848,"u2023":15331,"added":7483,"growth":95.3,"moe":714,"certain":true,"peak_month":"2022-08","from_peak":-17.8,"value":321018}},{"type":"Feature","geometry":{"type":"Polygon","coordinates":[[[-96.786499,32.781692],[-96.785356,32.780054],[-96.785738,32.779846],[-96.783557,32.777939],[-96.78482,32.776871],[-96.787639,32.775355],[-96.795785,32.77351],[-96.79612,32.773831],[-96.795307,32.774499],[-96.796061,32.775135],[-96.796824,32.77451],[-96.798765,32.777245],[-96.796239,32.777972],[-96.796589,32.778985],[-96.798117,32.77865],[-96.798567,32.779992],[-96.799316,32.779832],[-96.800446,32.78365],[-96.803378,32.781746],[-96.803629,32.782283],[-96.802014,32.783648],[-96.802567,32.784143],[-96.801515,32.785023],[-96.803008,32.786313],[-96.803957,32.785522],[-96.804747,32.786282],[-96.803077,32.787672],[-96.803639,32.788201],[-96.804601,32.787415],[-96.805719,32.788793],[-96.806479,32.788204],[-96.805264,32.786521],[-96.808889,32.783299],[-96.808911,32.789996],[-96.814021,32.795304],[-96.815055,32.797164],[-96.814921,32.798434],[-96.813248,32.797379],[-96.809692,32.800018],[-96.810899,32.801161],[-96.809597,32.80107],[-96.809933,32.801676],[-96.807857,32.802615],[-96.806939,32.801939],[-96.805664,32.802623],[-96.805454,32.800711],[-96.804693,32.801297],[-96.804345,32.800027],[-96.80532,32.799419],[-96.803712,32.798034],[-96.802147,32.797826],[-96.802409,32.796902],[-96.797794,32.793055],[-96.794379,32.795575],[-96.793494,32.797277],[-96.793486,32.799095],[-96.791965,32.785203],[-96.79049,32.78376],[-96.785954,32.781799],[-96.786499,32.781692]]]},"properties":{"zip":"75201","city":"Dallas","county":"Dallas","u2015":8258,"u2023":13619,"added":5361,"growth":64.9,"moe":1033,"certain":true,"peak_month":"2026-03","from_peak":-1.1,"value":988031}},{"type":"Feature","geometry":{"type":"Polygon","coordinates":[[[-96.796824,32.77451],[-96.796061,32.775135],[-96.795307,32.774499],[-96.79612,32.773831],[-96.795785,32.77351],[-96.798517,32.772712],[-96.800548,32.771296],[-96.799542,32.77057],[-96.800502,32.769621],[-96.801212,32.770366],[-96.803044,32.768864],[-96.801875,32.769965],[-96.804693,32.76945],[-96.80667,32.770135],[-96.805687,32.772223],[-96.807677,32.77418],[-96.808583,32.77727],[-96.809382,32.778506],[-96.811293,32.777666],[-96.811416,32.782455],[-96.810373,32.782579],[-96.813671,32.79509],[-96.810519,32.791429],[-96.811342,32.790913],[-96.810094,32.788964],[-96.809333,32.78882],[-96.80928,32.786316],[-96.810183,32.786216],[-96.809679,32.784419],[-96.808882,32.78445],[-96.808889,32.783299],[-96.805264,32.786521],[-96.806479,32.788204],[-96.805719,32.788793],[-96.804601,32.787415],[-96.803639,32.788201],[-96.803077,32.787672],[-96.804747,32.786282],[-96.803957,32.785522],[-96.803008,32.786313],[-96.801515,32.785023],[-96.802567,32.784143],[-96.802014,32.783648],[-96.803629,32.782283],[-96.803378,32.781746],[-96.800446,32.78365],[-96.799316,32.779832],[-96.798567,32.779992],[-96.798117,32.77865],[-96.796589,32.778985],[-96.796239,32.777972],[-96.798765,32.777245],[-96.796824,32.77451]],[[-96.803049,32.780648],[-96.801192,32.781013],[-96.801332,32.781484],[-96.803271,32.781337],[-96.803049,32.780648]]]},"properties":{"zip":"75202","city":"Dallas","county":"Dallas","u2015":1668,"u2023":2035,"added":367,"growth":22.0,"moe":258,"certain":true,"peak_month":"2022-08","from_peak":-14.9,"value":273436}},{"type":"Feature","geometry":{"type":"Polygon","coordinates":[[[-96.802357,32.723664],[-96.799512,32.726263],[-96.799496,32.728561],[-96.798975,32.728771],[-96.800131,32.733257],[-96.798622,32.739061],[-96.802495,32.738231],[-96.808766,32.7382],[-96.809232,32.738214],[-96.809238,32.739123],[-96.810372,32.739134],[-96.810296,32.737322],[-96.811553,32.737305],[-96.812355,32.740125],[-96.8131,32.739489],[-96.813633,32.740122],[-96.821952,32.733351],[-96.824371,32.732819],[-96.823745,32.738031],[-96.823852,32.738872],[-96.824612,32.737212],[-96.824637,32.741327],[-96.822833,32.741582],[-96.82284,32.743505],[-96.824501,32.743128],[-96.824502,32.746359],[-96.822817,32.746319],[-96.822872,32.752212],[-96.824006,32.752239],[-96.823958,32.754623],[-96.82289,32.754633],[-96.822911,32.757793],[-96.824564,32.758014],[-96.825309,32.759189],[-96.822924,32.758893],[-96.822845,32.769205],[-96.817685,32.770207],[-96.814604,32.766362],[-96.805337,32.762423],[-96.798071,32.756984],[-96.789895,32.75239],[-96.786407,32.751212],[-96.782354,32.752186],[-96.77967,32.750183],[-96.777533,32.749913],[-96.781109,32.741225],[-96.780644,32.738144],[-96.778256,32.732853],[-96.79934,32.722788],[-96.802785,32.720053],[-96.80376,32.720042],[-96.802357,32.723664]]]},"properties":{"zip":"75203","city":"Dallas","county":"Dallas","u2015":6916,"u2023":6862,"added":-54,"growth":-0.8,"moe":785,"certain":false,"peak_month":"2022-08","from_peak":-15.8,"value":204788}},{"type":"Feature","geometry":{"type":"Polygon","coordinates":[[[-96.792491,32.816552],[-96.785315,32.814923],[-96.7858,32.814404],[-96.782121,32.811203],[-96.781776,32.811532],[-96.78029,32.810743],[-96.779625,32.809807],[-96.780074,32.809443],[-96.776573,32.807115],[-96.7763,32.806176],[-96.769486,32.800285],[-96.770443,32.800117],[-96.770881,32.798842],[-96.773927,32.796361],[-96.774732,32.796729],[-96.775971,32.795962],[-96.77522,32.795299],[-96.778703,32.792386],[-96.779482,32.793069],[-96.782866,32.790248],[-96.782507,32.789892],[-96.78627,32.787219],[-96.785881,32.786838],[-96.78666,32.786271],[-96.787067,32.786617],[-96.788166,32.785235],[-96.788822,32.785781],[-96.789509,32.784568],[-96.790999,32.784067],[-96.792143,32.785901],[-96.793266,32.79891],[-96.794498,32.795415],[-96.797794,32.793055],[-96.802409,32.796902],[-96.802147,32.797826],[-96.803712,32.798034],[-96.80532,32.799419],[-96.804345,32.800027],[-96.804693,32.801297],[-96.805454,32.800711],[-96.805843,32.801999],[-96.803876,32.803514],[-96.800474,32.810339],[-96.797197,32.814176],[-96.797624,32.815266],[-96.798623,32.815016],[-96.799987,32.81897],[-96.798732,32.819382],[-96.792491,32.816552]]]},"properties":{"zip":"75204","city":"Dallas","county":"Dallas","u2015":17789,"u2023":23304,"added":5515,"growth":31.0,"moe":1041,"certain":true,"peak_month":"2024-04","from_peak":-4.6,"value":498199}},{"type":"Feature","geometry":{"type":"Polygon","coordinates":[[[-96.789834,32.815666],[-96.798732,32.819382],[-96.799205,32.818945],[-96.801012,32.82321],[-96.802516,32.823437],[-96.802347,32.822671],[-96.804393,32.822688],[-96.804513,32.823175],[-96.812457,32.822804],[-96.813003,32.82298],[-96.812485,32.8238],[-96.81635,32.823673],[-96.813168,32.851174],[-96.806757,32.85114],[-96.804238,32.850399],[-96.804211,32.851134],[-96.790049,32.851188],[-96.790004,32.85024],[-96.789161,32.850246],[-96.789168,32.851183],[-96.786915,32.851143],[-96.786901,32.850243],[-96.782828,32.850183],[-96.782865,32.851101],[-96.777015,32.850551],[-96.777006,32.85109],[-96.773434,32.851073],[-96.773425,32.849891],[-96.772401,32.849472],[-96.773428,32.845582],[-96.779207,32.836593],[-96.778663,32.836585],[-96.781149,32.831209],[-96.789834,32.815666]]]},"properties":{"zip":"75205","city":"Highland Park","county":"Dallas","u2015":10037,"u2023":10577,"added":540,"growth":5.4,"moe":554,"certain":false,"peak_month":"2026-03","from_peak":-0.2,"value":2123999}},{"type":"Feature","geometry":{"type":"Polygon","coordinates":[[[-96.779207,32.836593],[-96.773428,32.845582],[-96.771082,32.852545],[-96.770399,32.865592],[-96.761329,32.865046],[-96.753803,32.859626],[-96.759141,32.853937],[-96.761279,32.848187],[-96.761558,32.827934],[-96.760108,32.827934],[-96.760148,32.824851],[-96.761545,32.824838],[-96.761903,32.812112],[-96.760073,32.810111],[-96.765884,32.80528],[-96.766764,32.806063],[-96.771553,32.802084],[-96.7763,32.806176],[-96.776573,32.807115],[-96.780074,32.809443],[-96.779625,32.809807],[-96.78029,32.810743],[-96.781776,32.811532],[-96.782121,32.811203],[-96.7858,32.814404],[-96.785315,32.814923],[-96.78961,32.81559],[-96.781149,32.831209],[-96.778663,32.836585],[-96.779207,32.836593]]]},"properties":{"zip":"75206","city":"Dallas","county":"Dallas","u2015":22733,"u2023":25844,"added":3111,"growth":13.7,"moe":1072,"certain":true,"peak_month":"2026-03","from_peak":-0.6,"value":612984}},{"type":"Feature","geometry":{"type":"Polygon","coordinates":[[[-96.856663,32.740236],[-96.856567,32.775081],[-96.844696,32.773559],[-96.840537,32.773662],[-96.824395,32.776998],[-96.826018,32.779159],[-96.822847,32.780782],[-96.817685,32.770207],[-96.822845,32.769205],[-96.822924,32.758893],[-96.825309,32.759189],[-96.824564,32.758014],[-96.822911,32.757793],[-96.82289,32.754633],[-96.823958,32.754623],[-96.824006,32.752239],[-96.822872,32.752212],[-96.822817,32.746319],[-96.824502,32.746359],[-96.824501,32.743128],[-96.82284,32.743505],[-96.822833,32.741582],[-96.824637,32.741327],[-96.824612,32.737212],[-96.823852,32.738872],[-96.823745,32.738031],[-96.824371,32.732819],[-96.828734,32.733168],[-96.832162,32.734313],[-96.842624,32.732269],[-96.852547,32.727998],[-96.856912,32.725429],[-96.856778,32.733962],[-96.856876,32.734833],[-96.857454,32.73493],[-96.856663,32.740236]]]},"properties":{"zip":"75208","city":"Dallas","county":"Dallas","u2015":11121,"u2023":13655,"added":2534,"growth":22.8,"moe":707,"certain":true,"peak_month":"2024-05","from_peak":-4.2,"value":424777}},{"type":"Feature","geometry":{"type":"Polygon","coordinates":[[[-96.831803,32.836627],[-96.834443,32.836939],[-96.834491,32.844118],[-96.835232,32.845585],[-96.850604,32.858822],[-96.854108,32.860089],[-96.849129,32.860064],[-96.848377,32.859569],[-96.847408,32.860328],[-96.84734,32.859152],[-96.845316,32.859054],[-96.844328,32.860124],[-96.842847,32.860439],[-96.842174,32.859547],[-96.840131,32.859508],[-96.839877,32.860622],[-96.83838,32.859778],[-96.836958,32.860362],[-96.835998,32.862122],[-96.836441,32.863957],[-96.831445,32.863425],[-96.832136,32.863324],[-96.832741,32.86169],[-96.831202,32.861252],[-96.830048,32.863513],[-96.82457,32.866861],[-96.819967,32.865667],[-96.811515,32.865644],[-96.816909,32.821523],[-96.826963,32.830304],[-96.831803,32.836627]]]},"properties":{"zip":"75209","city":"Dallas","county":"Dallas","u2015":7204,"u2023":7498,"added":294,"growth":4.1,"moe":566,"certain":false,"peak_month":"2026-02","from_peak":-0.1,"value":1070558}},{"type":"Feature","geometry":{"type":"Polygon","coordinates":[[[-96.759957,32.770248],[-96.769781,32.778064],[-96.769581,32.778565],[-96.768078,32.77817],[-96.767817,32.778627],[-96.766276,32.777848],[-96.767476,32.779732],[-96.765309,32.783723],[-96.757061,32.781554],[-96.73489,32.777794],[-96.728155,32.777718],[-96.728917,32.775548],[-96.729467,32.769166],[-96.730955,32.76634],[-96.729778,32.765127],[-96.729766,32.763644],[-96.732784,32.760362],[-96.732146,32.75861],[-96.734354,32.757795],[-96.733988,32.75687],[-96.735475,32.757231],[-96.735806,32.756018],[-96.736708,32.756134],[-96.736573,32.755389],[-96.738078,32.755437],[-96.750931,32.766478],[-96.754572,32.766945],[-96.759957,32.770248]]]},"properties":{"zip":"75210","city":"Dallas","county":"Dallas","u2015":3124,"u2023":2824,"added":-300,"growth":-9.6,"moe":407,"certain":false,"peak_month":"2022-10","from_peak":-17.5,"value":150183}},{"type":"Feature","geometry":{"type":"Polygon","coordinates":[[[-96.966132,32.706977],[-96.942935,32.733685],[-96.941374,32.73397],[-96.939622,32.736376],[-96.937355,32.737378],[-96.936488,32.739165],[-96.932977,32.739804],[-96.932358,32.74194],[-96.927564,32.745554],[-96.926496,32.747283],[-96.925918,32.755831],[-96.92402,32.76113],[-96.92472,32.76225],[-96.926691,32.762464],[-96.928132,32.764468],[-96.927414,32.765583],[-96.919582,32.766306],[-96.902481,32.766561],[-96.902111,32.753363],[-96.899827,32.755602],[-96.893053,32.759228],[-96.895234,32.763095],[-96.895796,32.766736],[-96.887145,32.767952],[-96.86249,32.767196],[-96.856489,32.76634],[-96.856663,32.740236],[-96.856825,32.737136],[-96.857433,32.73715],[-96.857454,32.73493],[-96.856876,32.734833],[-96.856778,32.733962],[-96.856912,32.725429],[-96.861053,32.723402],[-96.881095,32.716669],[-96.881364,32.715818],[-96.88738,32.712685],[-96.900196,32.707853],[-96.9028,32.705827],[-96.928546,32.706167],[-96.934484,32.705501],[-96.937515,32.693545],[-96.939738,32.694688],[-96.941941,32.69785],[-96.941268,32.699469],[-96.942162,32.705607],[-96.950444,32.705896],[-96.954977,32.708024],[-96.966132,32.706977]]]},"properties":{"zip":"75211","city":"Cockrell Hill","county":"Dallas","u2015":22939,"u2023":24103,"added":1164,"growth":5.1,"moe":828,"certain":true,"peak_month":"2024-05","from_peak":-9.9,"value":230903}},{"type":"Feature","geometry":{"type":"Polygon","coordinates":[[[-96.847934,32.773878],[-96.856567,32.775081],[-96.856489,32.76634],[-96.86249,32.767196],[-96.887145,32.767952],[-96.895796,32.766736],[-96.895234,32.763095],[-96.893053,32.759228],[-96.899827,32.755602],[-96.902111,32.753363],[-96.902481,32.766561],[-96.919582,32.766306],[-96.927414,32.765583],[-96.926973,32.766616],[-96.927496,32.76731],[-96.926081,32.76887],[-96.926704,32.771206],[-96.926052,32.775007],[-96.926077,32.782076],[-96.918902,32.785719],[-96.915381,32.784255],[-96.913475,32.784805],[-96.911172,32.788113],[-96.910391,32.792268],[-96.90806,32.796433],[-96.907028,32.797342],[-96.904122,32.798195],[-96.851691,32.797762],[-96.827092,32.785822],[-96.822847,32.780782],[-96.826018,32.779159],[-96.824395,32.776998],[-96.840537,32.773662],[-96.847934,32.773878]]]},"properties":{"zip":"75212","city":"Dallas","county":"Dallas","u2015":7901,"u2023":9250,"added":1349,"growth":17.1,"moe":531,"certain":true,"peak_month":"2024-04","from_peak":-9.7,"value":247640}},{"type":"Feature","geometry":{"type":"Polygon","coordinates":[[[-96.724154,32.814796],[-96.72631,32.81373],[-96.726751,32.812697],[-96.728697,32.811403],[-96.727832,32.806804],[-96.728519,32.804423],[-96.730939,32.804786],[-96.732863,32.806061],[-96.733203,32.806387],[-96.73242,32.80795],[-96.733651,32.806849],[-96.73742,32.809589],[-96.739553,32.809796],[-96.743683,32.808777],[-96.745739,32.807479],[-96.752548,32.800539],[-96.761652,32.793428],[-96.771553,32.802084],[-96.766764,32.806063],[-96.765884,32.80528],[-96.760073,32.810111],[-96.761903,32.812112],[-96.761545,32.824838],[-96.760148,32.824851],[-96.760108,32.827934],[-96.761558,32.827934],[-96.761279,32.848187],[-96.759141,32.853937],[-96.753803,32.859626],[-96.749607,32.856904],[-96.744426,32.855642],[-96.743212,32.852876],[-96.741051,32.855009],[-96.736012,32.854111],[-96.733663,32.854616],[-96.733765,32.851753],[-96.732607,32.85378],[-96.732654,32.854996],[-96.733166,32.854963],[-96.725103,32.858517],[-96.721586,32.855927],[-96.723263,32.852666],[-96.724813,32.851802],[-96.72571,32.848878],[-96.728061,32.849446],[-96.728855,32.850347],[-96.730253,32.849313],[-96.729608,32.847977],[-96.727453,32.846153],[-96.729836,32.843148],[-96.729683,32.84011],[-96.727067,32.838136],[-96.723864,32.838545],[-96.723224,32.837858],[-96.724808,32.835478],[-96.728873,32.83299],[-96.731264,32.833833],[-96.731986,32.831867],[-96.730663,32.831673],[-96.729751,32.830638],[-96.72835,32.825668],[-96.728729,32.825006],[-96.730121,32.824975],[-96.731782,32.82676],[-96.731433,32.825047],[-96.73003,32.824044],[-96.722177,32.823827],[-96.724154,32.814796]]]},"properties":{"zip":"75214","city":"Dallas","county":"Dallas","u2015":17435,"u2023":17474,"added":39,"growth":0.2,"moe":720,"certain":false,"peak_month":"2026-02","from_peak":-0.4,"value":852676}},{"type":"Feature","geometry":{"type":"Polygon","coordinates":[[[-96.787714,32.759826],[-96.79239,32.762349],[-96.791787,32.762936],[-96.800085,32.768887],[-96.800624,32.769511],[-96.799542,32.77057],[-96.800548,32.771296],[-96.797682,32.773045],[-96.787199,32.775506],[-96.784058,32.777448],[-96.785538,32.775502],[-96.783161,32.774709],[-96.782324,32.77375],[-96.782962,32.77339],[-96.780293,32.770181],[-96.776032,32.776075],[-96.77526,32.775035],[-96.770816,32.778942],[-96.757548,32.768421],[-96.754572,32.766945],[-96.750931,32.766478],[-96.726825,32.745759],[-96.727203,32.745095],[-96.724722,32.743995],[-96.717715,32.738079],[-96.72058,32.736398],[-96.721299,32.737015],[-96.722463,32.736141],[-96.723861,32.732655],[-96.722016,32.732436],[-96.721489,32.731811],[-96.723748,32.730597],[-96.724068,32.729227],[-96.725556,32.727764],[-96.728637,32.726955],[-96.72931,32.728293],[-96.733285,32.726372],[-96.734648,32.728039],[-96.736283,32.726764],[-96.735136,32.7254],[-96.73535,32.724717],[-96.733974,32.724266],[-96.734043,32.723626],[-96.743657,32.724005],[-96.746237,32.723538],[-96.748365,32.725603],[-96.750764,32.72629],[-96.753777,32.728327],[-96.76183,32.727716],[-96.762828,32.728458],[-96.762562,32.729236],[-96.759698,32.729838],[-96.759307,32.730519],[-96.761066,32.733812],[-96.767683,32.740119],[-96.770308,32.741467],[-96.771059,32.743814],[-96.772826,32.745637],[-96.775875,32.746003],[-96.775512,32.748109],[-96.776695,32.749505],[-96.77967,32.750183],[-96.782354,32.752186],[-96.787214,32.751278],[-96.791491,32.753273],[-96.787714,32.759826]]]},"properties":{"zip":"75215","city":"Dallas","county":"Dallas","u2015":7495,"u2023":8481,"added":986,"growth":13.2,"moe":601,"certain":true,"peak_month":"2022-11","from_peak":-21.5,"value":177515}},{"type":"Feature","geometry":{"type":"Polygon","coordinates":[[[-96.80984,32.68358],[-96.817015,32.683939],[-96.822896,32.687043],[-96.823304,32.698973],[-96.822972,32.703023],[-96.822344,32.703025],[-96.822465,32.705852],[-96.821787,32.705944],[-96.822985,32.705956],[-96.822887,32.719167],[-96.821683,32.719155],[-96.821681,32.720275],[-96.822878,32.720318],[-96.822813,32.722814],[-96.82164,32.722831],[-96.8216,32.725112],[-96.822813,32.725142],[-96.822072,32.728588],[-96.822778,32.728597],[-96.8227,32.731957],[-96.824599,32.732219],[-96.824371,32.732819],[-96.821952,32.733351],[-96.813633,32.740122],[-96.8131,32.739489],[-96.812355,32.740125],[-96.811553,32.737305],[-96.810296,32.737322],[-96.810372,32.739134],[-96.809238,32.739123],[-96.809232,32.738214],[-96.808766,32.7382],[-96.802495,32.738231],[-96.798622,32.739061],[-96.800131,32.733257],[-96.798975,32.728771],[-96.799496,32.728561],[-96.799512,32.726263],[-96.802357,32.723664],[-96.80376,32.720042],[-96.802785,32.720053],[-96.79934,32.722788],[-96.778256,32.732853],[-96.780644,32.738144],[-96.781109,32.741225],[-96.777533,32.749913],[-96.775559,32.748233],[-96.775875,32.746003],[-96.772826,32.745637],[-96.771059,32.743814],[-96.770308,32.741467],[-96.767683,32.740119],[-96.761066,32.733812],[-96.759347,32.7302],[-96.7624,32.729383],[-96.762856,32.728645],[-96.762354,32.727963],[-96.760483,32.727632],[-96.753777,32.728327],[-96.750764,32.72629],[-96.748365,32.725603],[-96.746237,32.723538],[-96.735471,32.724037],[-96.732648,32.722524],[-96.731869,32.718713],[-96.732329,32.71689],[-96.736141,32.709335],[-96.734365,32.704632],[-96.734566,32.700743],[-96.733915,32.699719],[-96.728624,32.698385],[-96.725635,32.698754],[-96.723524,32.697205],[-96.721019,32.696513],[-96.713051,32.696408],[-96.714555,32.694648],[-96.720395,32.693292],[-96.729641,32.688941],[-96.732604,32.693188],[-96.726058,32.695591],[-96.727691,32.695586],[-96.732704,32.697843],[-96.740096,32.697442],[-96.751632,32.717413],[-96.755239,32.715638],[-96.751484,32.710808],[-96.749273,32.706167],[-96.752764,32.71166],[-96.756122,32.712743],[-96.754673,32.709483],[-96.755603,32.709545],[-96.754834,32.70668],[-96.756027,32.708942],[-96.755879,32.707621],[-96.753271,32.700829],[-96.754991,32.700172],[-96.752741,32.69455],[-96.753725,32.694541],[-96.758041,32.691951],[-96.759016,32.690302],[-96.760085,32.696382],[-96.759219,32.696806],[-96.760177,32.698262],[-96.765968,32.696322],[-96.76514,32.693917],[-96.770557,32.691271],[-96.771533,32.691055],[-96.771935,32.694532],[-96.785027,32.687435],[-96.785347,32.68799],[-96.789622,32.686191],[-96.788513,32.683937],[-96.7899,32.686118],[-96.792343,32.685481],[-96.791132,32.683161],[-96.792935,32.682676],[-96.79252,32.684058],[-96.793897,32.685068],[-96.804663,32.6822],[-96.806838,32.682288],[-96.806833,32.680954],[-96.805888,32.680722],[-96.805905,32.679049],[-96.807827,32.679132],[-96.807905,32.681987],[-96.808945,32.682246],[-96.808512,32.683023],[-96.80984,32.68358]],[[-96.821354,32.698546],[-96.821368,32.700485],[-96.822467,32.700463],[-96.822467,32.699195],[-96.821354,32.698546]]]},"properties":{"zip":"75216","city":"Dallas","county":"Dallas","u2015":19821,"u2023":20612,"added":791,"growth":4.0,"moe":925,"certain":false,"peak_month":"2022-10","from_peak":-16.4,"value":177032}},{"type":"Feature","geometry":{"type":"Polygon","coordinates":[[[-96.704248,32.748994],[-96.665455,32.748754],[-96.664809,32.75152],[-96.663182,32.750762],[-96.662849,32.748627],[-96.656086,32.748753],[-96.654669,32.750823],[-96.65265,32.750763],[-96.652621,32.748767],[-96.639106,32.748586],[-96.639102,32.739316],[-96.638403,32.740124],[-96.636376,32.740119],[-96.636576,32.735385],[-96.63715,32.734206],[-96.63809,32.734214],[-96.638478,32.730498],[-96.638502,32.705033],[-96.635689,32.705032],[-96.635633,32.704017],[-96.635673,32.699529],[-96.636842,32.699526],[-96.637865,32.690987],[-96.634418,32.688474],[-96.640108,32.686428],[-96.64012,32.678721],[-96.641105,32.675962],[-96.652498,32.664546],[-96.655665,32.665452],[-96.662734,32.659665],[-96.666825,32.663153],[-96.667617,32.662955],[-96.669059,32.664153],[-96.670692,32.659234],[-96.65662,32.647772],[-96.661377,32.64399],[-96.652987,32.640822],[-96.656934,32.637464],[-96.663275,32.640278],[-96.668957,32.640889],[-96.677039,32.647458],[-96.680528,32.647604],[-96.683026,32.649203],[-96.682713,32.651389],[-96.679046,32.655338],[-96.677773,32.659889],[-96.676765,32.660961],[-96.676863,32.661983],[-96.678228,32.663204],[-96.67802,32.663894],[-96.674576,32.665985],[-96.677566,32.667322],[-96.67922,32.669384],[-96.678792,32.671722],[-96.676641,32.674208],[-96.676623,32.675361],[-96.677385,32.676115],[-96.679684,32.676218],[-96.685008,32.673227],[-96.690898,32.671861],[-96.691873,32.672028],[-96.693206,32.674778],[-96.695154,32.67671],[-96.695244,32.678044],[-96.693689,32.680645],[-96.689826,32.681071],[-96.691864,32.697869],[-96.694595,32.697234],[-96.696494,32.699967],[-96.700715,32.698721],[-96.70182,32.69932],[-96.702309,32.700968],[-96.703005,32.701331],[-96.704059,32.700986],[-96.704771,32.69912],[-96.70859,32.698783],[-96.712738,32.696444],[-96.714038,32.696302],[-96.721019,32.696513],[-96.723524,32.697205],[-96.725635,32.698754],[-96.728624,32.698385],[-96.733354,32.699457],[-96.734552,32.700659],[-96.734348,32.704558],[-96.736136,32.709042],[-96.731869,32.718713],[-96.732225,32.721812],[-96.734043,32.723626],[-96.733974,32.724266],[-96.73535,32.724717],[-96.735136,32.7254],[-96.736366,32.726673],[-96.734648,32.728039],[-96.733285,32.726372],[-96.72931,32.728293],[-96.728637,32.726955],[-96.725556,32.727764],[-96.724068,32.729227],[-96.723748,32.730597],[-96.721489,32.731811],[-96.722016,32.732436],[-96.723861,32.732655],[-96.722463,32.736141],[-96.721299,32.737015],[-96.72058,32.736398],[-96.717715,32.738079],[-96.724722,32.743995],[-96.727203,32.745095],[-96.726825,32.745759],[-96.738078,32.755437],[-96.736414,32.755433],[-96.736708,32.756134],[-96.735806,32.756018],[-96.735475,32.757231],[-96.733988,32.75687],[-96.734354,32.757795],[-96.732146,32.75861],[-96.732784,32.760362],[-96.729687,32.763917],[-96.729778,32.765127],[-96.73096,32.76601],[-96.716198,32.765296],[-96.706165,32.759552],[-96.704518,32.758169],[-96.703816,32.756521],[-96.704248,32.748994]]]},"properties":{"zip":"75217","city":"Dallas","county":"Dallas","u2015":24843,"u2023":25534,"added":691,"growth":2.8,"moe":927,"certain":false,"peak_month":"2022-10","from_peak":-10.2,"value":201984}},{"type":"Feature","geometry":{"type":"Polygon","coordinates":[[[-96.723206,32.852755],[-96.721422,32.8555],[-96.725103,32.858517],[-96.713302,32.864016],[-96.710769,32.864207],[-96.710639,32.863056],[-96.710658,32.864199],[-96.708875,32.864318],[-96.707248,32.864308],[-96.707231,32.863512],[-96.700566,32.863477],[-96.701608,32.860491],[-96.700693,32.858761],[-96.700862,32.857649],[-96.700396,32.857635],[-96.70095,32.861649],[-96.699053,32.864289],[-96.685022,32.863954],[-96.683219,32.864142],[-96.683208,32.866046],[-96.681082,32.866028],[-96.678874,32.865744],[-96.678918,32.864145],[-96.674341,32.864032],[-96.67438,32.86854],[-96.677644,32.869619],[-96.677359,32.870813],[-96.676303,32.870985],[-96.671019,32.869695],[-96.667889,32.868031],[-96.684485,32.844237],[-96.698178,32.820053],[-96.718848,32.80601],[-96.723451,32.804472],[-96.728879,32.804288],[-96.728227,32.804778],[-96.727832,32.806804],[-96.728697,32.811403],[-96.726751,32.812697],[-96.72631,32.81373],[-96.720737,32.816505],[-96.719093,32.818542],[-96.720029,32.819029],[-96.720776,32.822387],[-96.716505,32.825649],[-96.715608,32.82815],[-96.71773,32.829377],[-96.717792,32.831003],[-96.716675,32.832243],[-96.713285,32.832746],[-96.711746,32.83433],[-96.713386,32.834781],[-96.712193,32.835603],[-96.71486,32.83531],[-96.715791,32.840622],[-96.718778,32.842806],[-96.717093,32.846991],[-96.717144,32.849138],[-96.719242,32.850209],[-96.722233,32.850552],[-96.722783,32.851626],[-96.722402,32.852601],[-96.723206,32.852755]]]},"properties":{"zip":"75218","city":"Dallas","county":"Dallas","u2015":11040,"u2023":10443,"added":-597,"growth":-5.4,"moe":562,"certain":true,"peak_month":"2026-02","from_peak":-1.6,"value":559922}},{"type":"Feature","geometry":{"type":"MultiPolygon","coordinates":[[[[-96.809333,32.78882],[-96.810094,32.788964],[-96.811342,32.790913],[-96.810416,32.791529],[-96.808647,32.789276],[-96.809002,32.78445],[-96.809679,32.784419],[-96.810183,32.786216],[-96.80928,32.786316],[-96.809333,32.78882]]],[[[-96.827323,32.807237],[-96.829271,32.809277],[-96.827532,32.812649],[-96.827438,32.814959],[-96.826867,32.814858],[-96.826069,32.816827],[-96.824704,32.817177],[-96.823429,32.819305],[-96.822257,32.819854],[-96.821868,32.821565],[-96.819436,32.820408],[-96.81799,32.822453],[-96.816909,32.821523],[-96.816246,32.826775],[-96.81635,32.823673],[-96.812485,32.8238],[-96.813003,32.82298],[-96.812457,32.822804],[-96.804513,32.823175],[-96.804393,32.822688],[-96.802347,32.822671],[-96.802516,32.823437],[-96.801012,32.82321],[-96.799714,32.821112],[-96.799205,32.818945],[-96.799987,32.81897],[-96.799923,32.818517],[-96.798623,32.815016],[-96.797624,32.815266],[-96.797197,32.814176],[-96.800474,32.810339],[-96.804296,32.803027],[-96.805843,32.802048],[-96.805664,32.802623],[-96.806939,32.801939],[-96.807857,32.802615],[-96.809933,32.801676],[-96.809597,32.80107],[-96.810899,32.801161],[-96.809692,32.800018],[-96.813248,32.797379],[-96.816226,32.799194],[-96.820688,32.804057],[-96.828903,32.805805],[-96.827323,32.807237]]]]},"properties":{"zip":"75219","city":"Dallas","county":"Dallas","u2015":14750,"u2023":19190,"added":4440,"growth":30.1,"moe":984,"certain":true,"peak_month":"2024-05","from_peak":-4.2,"value":420488}},{"type":"Feature","geometry":{"type":"Polygon","coordinates":[[[-96.926992,32.866839],[-96.92373,32.868862],[-96.923528,32.869981],[-96.924692,32.870981],[-96.926978,32.869351],[-96.928006,32.869335],[-96.931425,32.871049],[-96.931349,32.873123],[-96.929512,32.876067],[-96.92941,32.880215],[-96.927777,32.882596],[-96.928748,32.883547],[-96.931363,32.883026],[-96.931989,32.885042],[-96.93114,32.886088],[-96.918817,32.886018],[-96.918757,32.88862],[-96.917568,32.888624],[-96.917637,32.886279],[-96.913439,32.886099],[-96.915881,32.874026],[-96.914203,32.875345],[-96.902343,32.87531],[-96.900578,32.878011],[-96.900549,32.881],[-96.883884,32.881149],[-96.883058,32.879295],[-96.878118,32.879346],[-96.878271,32.880921],[-96.877113,32.880912],[-96.876697,32.880032],[-96.877001,32.880909],[-96.857159,32.880573],[-96.856137,32.880381],[-96.856114,32.878524],[-96.854198,32.878528],[-96.854115,32.879407],[-96.853073,32.879455],[-96.853092,32.880291],[-96.834672,32.880178],[-96.834673,32.879049],[-96.833598,32.878264],[-96.830688,32.878489],[-96.828787,32.879317],[-96.828775,32.880097],[-96.821126,32.880119],[-96.821076,32.876908],[-96.821057,32.877949],[-96.818825,32.878724],[-96.818181,32.880043],[-96.809576,32.880068],[-96.811515,32.865644],[-96.819967,32.865667],[-96.822855,32.866776],[-96.82502,32.866784],[-96.830048,32.863513],[-96.831202,32.861252],[-96.832741,32.86169],[-96.832136,32.863324],[-96.831445,32.863425],[-96.836441,32.863957],[-96.835998,32.862122],[-96.836958,32.860362],[-96.838271,32.859803],[-96.839877,32.860622],[-96.840246,32.859457],[-96.842174,32.859547],[-96.842781,32.860445],[-96.844328,32.860124],[-96.845249,32.859054],[-96.846434,32.859507],[-96.847286,32.859121],[-96.84702,32.860022],[-96.847508,32.860332],[-96.848377,32.859569],[-96.853229,32.860242],[-96.854332,32.859489],[-96.857986,32.859416],[-96.860736,32.858201],[-96.862176,32.85584],[-96.866167,32.853161],[-96.873128,32.852586],[-96.873787,32.851369],[-96.87256,32.84897],[-96.871253,32.848666],[-96.872827,32.848384],[-96.873903,32.849005],[-96.870083,32.845886],[-96.871722,32.845478],[-96.874079,32.842982],[-96.87587,32.842024],[-96.875623,32.841287],[-96.873865,32.840501],[-96.876484,32.840434],[-96.884492,32.837363],[-96.885658,32.83552],[-96.886176,32.832516],[-96.889016,32.829484],[-96.890595,32.830489],[-96.889744,32.831702],[-96.889407,32.834474],[-96.889916,32.836199],[-96.889867,32.845097],[-96.888901,32.846739],[-96.88907,32.848],[-96.892267,32.847279],[-96.893698,32.848256],[-96.893677,32.849843],[-96.894479,32.850766],[-96.898746,32.850716],[-96.897878,32.852064],[-96.89889,32.853501],[-96.900214,32.853558],[-96.901282,32.852263],[-96.902662,32.852404],[-96.903486,32.852966],[-96.903711,32.854141],[-96.906536,32.854139],[-96.908145,32.856056],[-96.911413,32.85546],[-96.912845,32.858141],[-96.913717,32.857942],[-96.914099,32.856403],[-96.915488,32.855952],[-96.916743,32.856318],[-96.917147,32.858556],[-96.919342,32.857413],[-96.924972,32.858612],[-96.92509,32.859569],[-96.92239,32.86074],[-96.922122,32.861596],[-96.922991,32.862524],[-96.925264,32.863273],[-96.924192,32.865681],[-96.926382,32.865383],[-96.926992,32.866839]]]},"properties":{"zip":"75220","city":"Dallas","county":"Dallas","u2015":15863,"u2023":15589,"added":-274,"growth":-1.7,"moe":754,"certain":false,"peak_month":"2026-06","from_peak":0.0,"value":530016}},{"type":"Feature","geometry":{"type":"Polygon","coordinates":[[[-96.754192,32.799339],[-96.74459,32.808352],[-96.739974,32.809736],[-96.737075,32.809465],[-96.733651,32.806849],[-96.73242,32.80795],[-96.733203,32.806387],[-96.73114,32.804862],[-96.725816,32.804378],[-96.724771,32.803367],[-96.726179,32.802943],[-96.725211,32.801088],[-96.726983,32.800687],[-96.726852,32.799321],[-96.727856,32.799095],[-96.726012,32.798454],[-96.726494,32.797987],[-96.726115,32.796897],[-96.728469,32.797114],[-96.727722,32.795524],[-96.72897,32.795453],[-96.729142,32.792958],[-96.731474,32.792949],[-96.731899,32.791508],[-96.729189,32.791893],[-96.728461,32.777797],[-96.73361,32.777645],[-96.747474,32.779837],[-96.757659,32.78168],[-96.769777,32.784875],[-96.767239,32.788479],[-96.754192,32.799339]]]},"properties":{"zip":"75223","city":"Dallas","county":"Dallas","u2015":4800,"u2023":4872,"added":72,"growth":1.5,"moe":407,"certain":false,"peak_month":"2024-05","from_peak":-13.9,"value":253116}},{"type":"Feature","geometry":{"type":"MultiPolygon","coordinates":[[[[-96.822467,32.699195],[-96.822467,32.700463],[-96.821368,32.700485],[-96.821354,32.698546],[-96.822467,32.699195]]],[[[-96.85871,32.706117],[-96.859119,32.705593],[-96.862229,32.706828],[-96.865904,32.705342],[-96.865846,32.711318],[-96.8632,32.713813],[-96.859087,32.714964],[-96.857637,32.714678],[-96.857577,32.714191],[-96.86025,32.714206],[-96.85871,32.706117]]],[[[-96.822804,32.726376],[-96.822813,32.725142],[-96.8216,32.725112],[-96.82164,32.722831],[-96.822813,32.722814],[-96.822878,32.720318],[-96.821681,32.720275],[-96.821683,32.719155],[-96.822887,32.719167],[-96.822985,32.705956],[-96.821787,32.705944],[-96.822465,32.705852],[-96.822344,32.703025],[-96.822972,32.703023],[-96.823304,32.698973],[-96.822896,32.687043],[-96.834423,32.691168],[-96.840378,32.691217],[-96.840111,32.689175],[-96.840691,32.689174],[-96.841291,32.689664],[-96.841324,32.691212],[-96.856976,32.691232],[-96.857079,32.72533],[-96.84358,32.731986],[-96.832162,32.734313],[-96.828734,32.733168],[-96.824371,32.732819],[-96.824599,32.732219],[-96.8227,32.731957],[-96.822778,32.728597],[-96.822072,32.728588],[-96.822356,32.726369],[-96.822804,32.726376]]]]},"properties":{"zip":"75224","city":"Dallas","county":"Dallas","u2015":11473,"u2023":12438,"added":965,"growth":8.4,"moe":724,"certain":true,"peak_month":"2022-07","from_peak":-10.5,"value":236292}},{"type":"Feature","geometry":{"type":"Polygon","coordinates":[[[-96.809576,32.880068],[-96.796481,32.879967],[-96.796237,32.879129],[-96.79361,32.879044],[-96.793215,32.879747],[-96.774908,32.880018],[-96.775084,32.878707],[-96.773697,32.878177],[-96.773922,32.877282],[-96.775145,32.877192],[-96.774466,32.8767],[-96.773626,32.877051],[-96.772525,32.878878],[-96.770976,32.879103],[-96.770691,32.878549],[-96.770712,32.88001],[-96.770252,32.880018],[-96.770504,32.856493],[-96.771101,32.852462],[-96.772401,32.849472],[-96.773425,32.849891],[-96.773434,32.851073],[-96.777006,32.85109],[-96.777015,32.850551],[-96.782865,32.851101],[-96.782828,32.850183],[-96.786901,32.850243],[-96.786915,32.851143],[-96.789168,32.851183],[-96.789161,32.850246],[-96.790004,32.85024],[-96.790049,32.851188],[-96.804211,32.851134],[-96.804238,32.850399],[-96.806757,32.85114],[-96.813168,32.851174],[-96.809576,32.880068]]]},"properties":{"zip":"75225","city":"University Park","county":"Dallas","u2015":9354,"u2023":9839,"added":485,"growth":5.2,"moe":451,"certain":true,"peak_month":"2026-04","from_peak":-0.2,"value":2112904}},{"type":"Feature","geometry":{"type":"Polygon","coordinates":[[[-96.782324,32.77375],[-96.78323,32.774777],[-96.785538,32.775502],[-96.783557,32.777939],[-96.785738,32.779846],[-96.785356,32.780054],[-96.786499,32.781692],[-96.785954,32.781799],[-96.790999,32.784067],[-96.789509,32.784568],[-96.788822,32.785781],[-96.787724,32.785456],[-96.788068,32.785747],[-96.787155,32.786548],[-96.78666,32.786271],[-96.785881,32.786838],[-96.78627,32.787219],[-96.782507,32.789892],[-96.779458,32.786963],[-96.776062,32.786544],[-96.772199,32.789868],[-96.77164,32.789355],[-96.764208,32.795665],[-96.761652,32.793428],[-96.767239,32.788479],[-96.769777,32.784875],[-96.765309,32.783723],[-96.767476,32.779732],[-96.766513,32.777611],[-96.767622,32.778571],[-96.769581,32.778565],[-96.769781,32.778064],[-96.770816,32.778942],[-96.77526,32.775035],[-96.776032,32.776075],[-96.780293,32.770181],[-96.782962,32.77339],[-96.782324,32.77375]]]},"properties":{"zip":"75226","city":"Dallas","county":"Dallas","u2015":1815,"u2023":3221,"added":1406,"growth":77.5,"moe":430,"certain":true,"peak_month":"2022-07","from_peak":-10.1,"value":317001}},{"type":"Feature","geometry":{"type":"Polygon","coordinates":[[[-96.665455,32.748754],[-96.704248,32.748994],[-96.703816,32.756521],[-96.704518,32.758169],[-96.706165,32.759552],[-96.716198,32.765296],[-96.73096,32.76601],[-96.729467,32.769166],[-96.728917,32.775548],[-96.728133,32.777101],[-96.729038,32.78251],[-96.729189,32.791893],[-96.727094,32.792991],[-96.717192,32.793544],[-96.717162,32.79069],[-96.713572,32.78902],[-96.712325,32.789465],[-96.712332,32.792803],[-96.700078,32.791972],[-96.700127,32.789631],[-96.698475,32.79068],[-96.698839,32.788558],[-96.697502,32.788531],[-96.69736,32.790243],[-96.695705,32.790723],[-96.696067,32.792459],[-96.677149,32.792271],[-96.677139,32.791773],[-96.675143,32.791783],[-96.674696,32.788846],[-96.669895,32.784565],[-96.670926,32.784035],[-96.66898,32.784024],[-96.666197,32.7815],[-96.665372,32.779581],[-96.663177,32.779522],[-96.644377,32.76341],[-96.64315,32.75911],[-96.639274,32.755732],[-96.63927,32.748607],[-96.652621,32.748767],[-96.65265,32.750763],[-96.654669,32.750823],[-96.656086,32.748753],[-96.662849,32.748627],[-96.663182,32.750762],[-96.664809,32.75152],[-96.665455,32.748754]]]},"properties":{"zip":"75227","city":"Dallas","county":"Dallas","u2015":18800,"u2023":19605,"added":805,"growth":4.3,"moe":968,"certain":false,"peak_month":"2024-04","from_peak":-10.0,"value":226845}},{"type":"Feature","geometry":{"type":"Polygon","coordinates":[[[-96.667889,32.868031],[-96.645719,32.853855],[-96.634854,32.843785],[-96.639905,32.839471],[-96.641271,32.839638],[-96.646982,32.837327],[-96.648737,32.838553],[-96.65217,32.835626],[-96.654854,32.838011],[-96.658996,32.834383],[-96.66017,32.834753],[-96.660063,32.830822],[-96.658194,32.83092],[-96.657871,32.821396],[-96.661683,32.821391],[-96.661622,32.819063],[-96.662321,32.819025],[-96.662264,32.815541],[-96.665424,32.81539],[-96.665424,32.807143],[-96.674098,32.806871],[-96.674154,32.801356],[-96.668195,32.803697],[-96.676428,32.79973],[-96.675716,32.799659],[-96.675827,32.799115],[-96.668296,32.797221],[-96.668742,32.797154],[-96.668428,32.792356],[-96.671343,32.792392],[-96.671524,32.797576],[-96.67512,32.798423],[-96.682583,32.797255],[-96.684645,32.794101],[-96.685016,32.792372],[-96.696067,32.792459],[-96.695705,32.790723],[-96.69736,32.790243],[-96.697502,32.788531],[-96.698839,32.788558],[-96.698475,32.79068],[-96.700127,32.789631],[-96.700078,32.791972],[-96.712332,32.792803],[-96.712325,32.789465],[-96.713572,32.78902],[-96.717162,32.79069],[-96.717192,32.793544],[-96.727094,32.792991],[-96.729189,32.791893],[-96.731899,32.791508],[-96.731474,32.792949],[-96.729142,32.792958],[-96.72897,32.795453],[-96.727722,32.795524],[-96.728469,32.797114],[-96.726115,32.796897],[-96.726494,32.797987],[-96.726012,32.798454],[-96.727856,32.799095],[-96.726852,32.799321],[-96.726983,32.800687],[-96.725211,32.801088],[-96.726179,32.802943],[-96.724771,32.803367],[-96.725816,32.804378],[-96.720914,32.805049],[-96.718848,32.80601],[-96.697719,32.820549],[-96.684485,32.844237],[-96.667889,32.868031]]]},"properties":{"zip":"75228","city":"Dallas","county":"Dallas","u2015":27504,"u2023":27329,"added":-175,"growth":-0.6,"moe":821,"certain":false,"peak_month":"2024-05","from_peak":-9.4,"value":280476}},{"type":"Feature","geometry":{"type":"Polygon","coordinates":[[[-96.918517,32.895634],[-96.911491,32.895688],[-96.909018,32.907916],[-96.892207,32.908842],[-96.89185,32.907715],[-96.888183,32.909093],[-96.881603,32.909336],[-96.880841,32.908386],[-96.875753,32.908132],[-96.873996,32.909636],[-96.868737,32.909776],[-96.867117,32.908552],[-96.864006,32.909348],[-96.863999,32.907674],[-96.861122,32.907438],[-96.861603,32.906872],[-96.864,32.906889],[-96.864006,32.905319],[-96.860803,32.905047],[-96.860419,32.906534],[-96.859463,32.906531],[-96.858804,32.907575],[-96.856222,32.907612],[-96.85616,32.909652],[-96.818365,32.909615],[-96.818365,32.908324],[-96.814629,32.908357],[-96.814919,32.909135],[-96.813876,32.907479],[-96.814485,32.90958],[-96.809078,32.894416],[-96.808477,32.889454],[-96.809576,32.880068],[-96.818181,32.880043],[-96.818825,32.878724],[-96.821057,32.877949],[-96.821076,32.876908],[-96.821126,32.880119],[-96.828775,32.880097],[-96.828787,32.879317],[-96.830688,32.878489],[-96.833598,32.878264],[-96.834673,32.879049],[-96.834672,32.880178],[-96.853092,32.880291],[-96.853073,32.879455],[-96.854115,32.879407],[-96.854198,32.878528],[-96.856114,32.878524],[-96.856137,32.880381],[-96.857159,32.880573],[-96.877001,32.880909],[-96.876697,32.880032],[-96.877113,32.880912],[-96.878271,32.880921],[-96.878118,32.879346],[-96.883058,32.879295],[-96.883884,32.881149],[-96.900549,32.881],[-96.900578,32.878011],[-96.902343,32.87531],[-96.914203,32.875345],[-96.915881,32.874026],[-96.913439,32.886099],[-96.917637,32.886279],[-96.917568,32.888624],[-96.918757,32.88862],[-96.918817,32.886018],[-96.93114,32.886088],[-96.929939,32.887495],[-96.930999,32.890245],[-96.93041,32.890918],[-96.928195,32.891036],[-96.927158,32.89173],[-96.927017,32.893095],[-96.928376,32.895688],[-96.918753,32.895636],[-96.918629,32.899807],[-96.918517,32.895634]]]},"properties":{"zip":"75229","city":"Dallas","county":"Dallas","u2015":11808,"u2023":12542,"added":734,"growth":6.2,"moe":593,"certain":true,"peak_month":"2026-06","from_peak":0.0,"value":756095}},{"type":"Feature","geometry":{"type":"Polygon","coordinates":[[[-96.818827,32.921478],[-96.815044,32.922232],[-96.81503,32.924484],[-96.811233,32.924469],[-96.811322,32.926054],[-96.805884,32.925947],[-96.795541,32.924476],[-96.803578,32.924999],[-96.803552,32.922545],[-96.797251,32.922536],[-96.797231,32.924153],[-96.786156,32.924022],[-96.786158,32.924853],[-96.780953,32.924318],[-96.779884,32.922547],[-96.777509,32.921593],[-96.777138,32.918883],[-96.775666,32.916998],[-96.775988,32.913552],[-96.771013,32.913542],[-96.770951,32.9105],[-96.771712,32.910319],[-96.771511,32.909744],[-96.769347,32.910404],[-96.769032,32.909357],[-96.769205,32.898162],[-96.769489,32.896372],[-96.770851,32.896237],[-96.77108,32.895279],[-96.770534,32.893843],[-96.769555,32.893845],[-96.770285,32.887769],[-96.770252,32.880018],[-96.771407,32.880024],[-96.770976,32.879103],[-96.772683,32.878771],[-96.773626,32.877051],[-96.774466,32.8767],[-96.775145,32.877192],[-96.773922,32.877282],[-96.773697,32.878177],[-96.775084,32.878707],[-96.774908,32.880018],[-96.793215,32.879747],[-96.79361,32.879044],[-96.796237,32.879129],[-96.796481,32.879967],[-96.809576,32.880068],[-96.808477,32.889454],[-96.808771,32.893268],[-96.818827,32.921478]]]},"properties":{"zip":"75230","city":"Dallas","county":"Dallas","u2015":13635,"u2023":14981,"added":1346,"growth":9.9,"moe":930,"certain":true,"peak_month":"2026-04","from_peak":-0.3,"value":1086357}},{"type":"Feature","geometry":{"type":"MultiPolygon","coordinates":[[[[-96.770858,32.878498],[-96.770922,32.879593],[-96.771407,32.880024],[-96.770712,32.88001],[-96.770858,32.878498]]],[[[-96.761028,32.864922],[-96.770399,32.865592],[-96.77042,32.868913],[-96.770285,32.887769],[-96.769555,32.893845],[-96.770534,32.893843],[-96.77108,32.895279],[-96.770851,32.896237],[-96.769489,32.896372],[-96.769205,32.898713],[-96.76606,32.898649],[-96.765421,32.901172],[-96.764459,32.900779],[-96.763326,32.898511],[-96.761457,32.898078],[-96.753134,32.893554],[-96.745331,32.893977],[-96.74073,32.893122],[-96.741781,32.890338],[-96.741011,32.890346],[-96.740765,32.891292],[-96.736812,32.891253],[-96.736763,32.892992],[-96.734284,32.894343],[-96.728503,32.894568],[-96.728027,32.896964],[-96.726607,32.896915],[-96.727188,32.894578],[-96.721868,32.894548],[-96.726092,32.891044],[-96.729514,32.889255],[-96.730887,32.887507],[-96.731089,32.886032],[-96.730022,32.8812],[-96.73091,32.873858],[-96.733619,32.866996],[-96.734071,32.861235],[-96.732724,32.855562],[-96.733166,32.854963],[-96.732578,32.854338],[-96.733765,32.851753],[-96.733663,32.854616],[-96.736012,32.854111],[-96.741051,32.855009],[-96.743212,32.852876],[-96.744426,32.855642],[-96.750809,32.857472],[-96.761028,32.864922]]]]},"properties":{"zip":"75231","city":"Dallas","county":"Dallas","u2015":18490,"u2023":21412,"added":2922,"growth":15.8,"moe":921,"certain":true,"peak_month":"2023-09","from_peak":-11.6,"value":301420}},{"type":"Feature","geometry":{"type":"MultiPolygon","coordinates":[[[[-96.839422,32.624983],[-96.844503,32.625135],[-96.844503,32.629171],[-96.839462,32.629506],[-96.839409,32.626192],[-96.83865,32.625715],[-96.839352,32.62572],[-96.839422,32.624983]]],[[[-96.822522,32.684646],[-96.822403,32.68027],[-96.821332,32.680315],[-96.82128,32.679307],[-96.821316,32.678292],[-96.822236,32.678269],[-96.822808,32.666278],[-96.822497,32.663902],[-96.822321,32.668444],[-96.821279,32.668439],[-96.821294,32.662317],[-96.822839,32.662174],[-96.822895,32.659534],[-96.822565,32.661144],[-96.816906,32.661225],[-96.816899,32.662195],[-96.81455,32.662216],[-96.817845,32.660187],[-96.821585,32.659714],[-96.822887,32.658172],[-96.823105,32.633232],[-96.831588,32.633195],[-96.831348,32.625425],[-96.834364,32.625366],[-96.834358,32.632664],[-96.857161,32.633069],[-96.857192,32.640287],[-96.859292,32.640287],[-96.859449,32.64271],[-96.861766,32.644016],[-96.860547,32.646],[-96.857119,32.645026],[-96.857126,32.645632],[-96.862837,32.647575],[-96.858752,32.64762],[-96.859352,32.649807],[-96.857197,32.649842],[-96.857138,32.691234],[-96.841324,32.691212],[-96.841291,32.689664],[-96.840691,32.689174],[-96.840111,32.689175],[-96.840378,32.691217],[-96.83411,32.691109],[-96.827078,32.688167],[-96.821303,32.686538],[-96.822522,32.684646]]]]},"properties":{"zip":"75232","city":"Dallas","county":"Dallas","u2015":11124,"u2023":11421,"added":297,"growth":2.7,"moe":677,"certain":false,"peak_month":"2024-05","from_peak":-8.4,"value":240152}},{"type":"Feature","geometry":{"type":"Polygon","coordinates":[[[-96.857079,32.72533],[-96.856976,32.691232],[-96.880843,32.691263],[-96.881759,32.689563],[-96.891389,32.689569],[-96.890937,32.699109],[-96.891314,32.706784],[-96.889601,32.707225],[-96.885667,32.710895],[-96.882054,32.710154],[-96.881781,32.708632],[-96.880928,32.707828],[-96.882026,32.712622],[-96.881095,32.716669],[-96.861053,32.723402],[-96.857079,32.72533]],[[-96.857637,32.714678],[-96.859087,32.714964],[-96.8632,32.713813],[-96.865846,32.711318],[-96.865904,32.705342],[-96.862229,32.706828],[-96.858608,32.705799],[-96.86025,32.714206],[-96.857577,32.714191],[-96.857637,32.714678]]]},"properties":{"zip":"75233","city":"Dallas","county":"Dallas","u2015":5422,"u2023":4970,"added":-452,"growth":-8.3,"moe":373,"certain":true,"peak_month":"2022-07","from_peak":-6.2,"value":291703}},{"type":"Feature","geometry":{"type":"Polygon","coordinates":[[[-96.915271,32.930633],[-96.914845,32.926994],[-96.911618,32.928334],[-96.909705,32.928438],[-96.910073,32.939176],[-96.906033,32.938473],[-96.90605,32.939377],[-96.902235,32.939262],[-96.902135,32.938685],[-96.900618,32.939158],[-96.890569,32.939084],[-96.890418,32.946374],[-96.871899,32.94635],[-96.870915,32.948805],[-96.870721,32.953381],[-96.855801,32.953083],[-96.856222,32.907612],[-96.858804,32.907575],[-96.859463,32.906531],[-96.860419,32.906534],[-96.860803,32.905047],[-96.864006,32.905319],[-96.864,32.906889],[-96.861603,32.906872],[-96.861122,32.907438],[-96.863999,32.907674],[-96.864006,32.909348],[-96.867117,32.908552],[-96.868737,32.909776],[-96.873996,32.909636],[-96.875753,32.908132],[-96.880841,32.908386],[-96.881603,32.909336],[-96.888183,32.909093],[-96.89185,32.907715],[-96.892207,32.908842],[-96.909018,32.907916],[-96.911491,32.895688],[-96.918517,32.895634],[-96.918629,32.899807],[-96.918753,32.895636],[-96.928376,32.895688],[-96.928068,32.899545],[-96.927307,32.900104],[-96.927519,32.901381],[-96.926822,32.902693],[-96.929257,32.90433],[-96.931813,32.907334],[-96.931153,32.909384],[-96.930244,32.909249],[-96.930675,32.910735],[-96.933267,32.912618],[-96.936103,32.912832],[-96.937696,32.913851],[-96.937279,32.917147],[-96.937943,32.91879],[-96.937284,32.921025],[-96.929675,32.921038],[-96.929632,32.918188],[-96.925229,32.918028],[-96.925294,32.92075],[-96.924378,32.920802],[-96.924547,32.923896],[-96.919537,32.923834],[-96.91952,32.924473],[-96.920128,32.924422],[-96.920311,32.930629],[-96.915271,32.930633]]]},"properties":{"zip":"75234","city":"Farmers Branch","county":"Dallas","u2015":11682,"u2023":13775,"added":2093,"growth":17.9,"moe":676,"certain":true,"peak_month":"2024-05","from_peak":-3.8,"value":366279}},{"type":"Feature","geometry":{"type":"Polygon","coordinates":[[[-96.865342,32.826434],[-96.869827,32.827818],[-96.87131,32.829133],[-96.872841,32.832862],[-96.872746,32.836726],[-96.873861,32.835791],[-96.874916,32.835572],[-96.874765,32.838293],[-96.87362,32.838504],[-96.872802,32.836841],[-96.865474,32.837289],[-96.873104,32.843867],[-96.871722,32.845478],[-96.870083,32.845886],[-96.873903,32.849005],[-96.872827,32.848384],[-96.871253,32.848666],[-96.87256,32.84897],[-96.873873,32.85193],[-96.87302,32.852627],[-96.869937,32.853201],[-96.866213,32.853142],[-96.862176,32.85584],[-96.860709,32.858219],[-96.857986,32.859416],[-96.853551,32.859758],[-96.850604,32.858822],[-96.835232,32.845585],[-96.834491,32.844118],[-96.83441,32.836875],[-96.831803,32.836627],[-96.827138,32.830482],[-96.81799,32.822453],[-96.819436,32.820408],[-96.821868,32.821565],[-96.822257,32.819854],[-96.823429,32.819305],[-96.824704,32.817177],[-96.826069,32.816827],[-96.826867,32.814858],[-96.827438,32.814959],[-96.827532,32.812649],[-96.829271,32.809277],[-96.827323,32.807237],[-96.828903,32.805805],[-96.829905,32.80615],[-96.829943,32.805675],[-96.840371,32.808981],[-96.847315,32.811949],[-96.848772,32.812341],[-96.849351,32.811295],[-96.848869,32.812365],[-96.849558,32.812539],[-96.865229,32.813263],[-96.8677,32.815528],[-96.868094,32.816083],[-96.867018,32.815292],[-96.868003,32.816729],[-96.8668,32.815573],[-96.865649,32.815959],[-96.864361,32.815385],[-96.861401,32.816609],[-96.859084,32.816791],[-96.857936,32.818022],[-96.856119,32.8173],[-96.856223,32.819308],[-96.861559,32.819495],[-96.862173,32.820757],[-96.861679,32.822271],[-96.865342,32.826434]],[[-96.840602,32.813486],[-96.839475,32.813587],[-96.841139,32.814878],[-96.842343,32.814906],[-96.840602,32.813486]]]},"properties":{"zip":"75235","city":"Dallas","county":"Dallas","u2015":7839,"u2023":9983,"added":2144,"growth":27.4,"moe":829,"certain":true,"peak_month":"2024-05","from_peak":-9.9,"value":282796}},{"type":"Feature","geometry":{"type":"MultiPolygon","coordinates":[[[[-96.884099,32.66196],[-96.889169,32.662035],[-96.884096,32.662076],[-96.884099,32.66196]]],[[[-96.952381,32.665709],[-96.951695,32.665349],[-96.951658,32.662928],[-96.952919,32.661381],[-96.958343,32.66294],[-96.958738,32.663829],[-96.957379,32.665577],[-96.95854,32.665584],[-96.963023,32.662591],[-96.968725,32.661532],[-96.985452,32.653519],[-96.990085,32.652057],[-96.988134,32.653298],[-96.987665,32.655481],[-96.984855,32.655754],[-96.982711,32.662032],[-96.980988,32.664203],[-96.980416,32.66626],[-96.97442,32.672604],[-96.974356,32.675075],[-96.97283,32.676811],[-96.971458,32.681429],[-96.971973,32.68291],[-96.971035,32.684398],[-96.970768,32.687146],[-96.971603,32.68988],[-96.973337,32.691405],[-96.973184,32.69733],[-96.970813,32.699066],[-96.966132,32.706977],[-96.954977,32.708024],[-96.950444,32.705896],[-96.942162,32.705607],[-96.941268,32.699469],[-96.941941,32.69785],[-96.939738,32.694688],[-96.937515,32.693545],[-96.934484,32.705501],[-96.928546,32.706167],[-96.90288,32.705804],[-96.900196,32.707853],[-96.88888,32.712007],[-96.881364,32.715818],[-96.882026,32.712622],[-96.880928,32.707828],[-96.881781,32.708632],[-96.882054,32.710154],[-96.885667,32.710895],[-96.889601,32.707225],[-96.891314,32.706784],[-96.891362,32.682461],[-96.887187,32.682406],[-96.887136,32.680269],[-96.888326,32.676678],[-96.891319,32.676487],[-96.89132,32.669246],[-96.887967,32.66892],[-96.888478,32.667431],[-96.889321,32.667133],[-96.89061,32.667097],[-96.890702,32.668104],[-96.891205,32.668112],[-96.891115,32.661915],[-96.891485,32.674203],[-96.892562,32.674197],[-96.892518,32.676492],[-96.891468,32.676629],[-96.903917,32.676161],[-96.905674,32.6766],[-96.905509,32.675578],[-96.90863,32.675606],[-96.90862,32.676445],[-96.92576,32.676475],[-96.925824,32.66234],[-96.943289,32.662263],[-96.946259,32.660479],[-96.948659,32.660482],[-96.948657,32.664936],[-96.952169,32.666134],[-96.952381,32.665709]]]]},"properties":{"zip":"75236","city":"Dallas","county":"Dallas","u2015":6282,"u2023":7439,"added":1157,"growth":18.4,"moe":648,"certain":true,"peak_month":"2024-04","from_peak":-5.8,"value":277045}},{"type":"Feature","geometry":{"type":"MultiPolygon","coordinates":[[[[-96.878466,32.641461],[-96.877639,32.641526],[-96.877458,32.642169],[-96.876401,32.642144],[-96.876422,32.640908],[-96.878468,32.64087],[-96.878466,32.641461]]],[[[-96.883736,32.689285],[-96.881759,32.689563],[-96.880843,32.691263],[-96.857138,32.691234],[-96.857197,32.649842],[-96.859352,32.649807],[-96.858752,32.64762],[-96.862837,32.647575],[-96.857126,32.645632],[-96.857119,32.645026],[-96.860547,32.646],[-96.861766,32.644016],[-96.859449,32.64271],[-96.859292,32.640287],[-96.857192,32.640287],[-96.857176,32.636467],[-96.859481,32.636879],[-96.862247,32.634349],[-96.862626,32.633079],[-96.865684,32.633083],[-96.865569,32.63597],[-96.87441,32.636035],[-96.874241,32.642893],[-96.878458,32.642901],[-96.878418,32.647458],[-96.891392,32.647499],[-96.891205,32.668112],[-96.890702,32.668104],[-96.89061,32.667097],[-96.889321,32.667133],[-96.888478,32.667431],[-96.887967,32.668615],[-96.888202,32.669252],[-96.89132,32.669246],[-96.891319,32.676487],[-96.888326,32.676678],[-96.887136,32.680269],[-96.887187,32.682406],[-96.891362,32.682461],[-96.891539,32.691459],[-96.891389,32.689569],[-96.883736,32.689285]],[[-96.884096,32.662076],[-96.889169,32.662035],[-96.88917,32.6619],[-96.884096,32.662076]]]]},"properties":{"zip":"75237","city":"Dallas","county":"Dallas","u2015":8953,"u2023":8790,"added":-163,"growth":-1.8,"moe":618,"certain":false,"peak_month":"2022-08","from_peak":-8.6,"value":268584}},{"type":"Feature","geometry":{"type":"Polygon","coordinates":[[[-96.683157,32.885936],[-96.68318,32.878801],[-96.689481,32.878681],[-96.683178,32.873959],[-96.683177,32.874664],[-96.680258,32.872478],[-96.676303,32.870985],[-96.677359,32.870813],[-96.677644,32.869619],[-96.67438,32.86854],[-96.674341,32.864032],[-96.678918,32.864145],[-96.678874,32.865744],[-96.681082,32.866028],[-96.683208,32.866046],[-96.683219,32.864142],[-96.685022,32.863954],[-96.699053,32.864289],[-96.70095,32.861649],[-96.700396,32.857635],[-96.700862,32.857649],[-96.700693,32.858761],[-96.701608,32.860491],[-96.700566,32.863477],[-96.707231,32.863512],[-96.707248,32.864308],[-96.708875,32.864318],[-96.710658,32.864199],[-96.710639,32.863056],[-96.710769,32.864207],[-96.712689,32.864185],[-96.732682,32.855173],[-96.734071,32.861235],[-96.733338,32.868437],[-96.730793,32.874524],[-96.730005,32.88196],[-96.731089,32.886032],[-96.730887,32.887507],[-96.729514,32.889255],[-96.726092,32.891044],[-96.721402,32.894834],[-96.691972,32.904055],[-96.69188,32.894571],[-96.6939,32.894422],[-96.693737,32.88595],[-96.683157,32.885936]]]},"properties":{"zip":"75238","city":"Dallas","county":"Dallas","u2015":13346,"u2023":14332,"added":986,"growth":7.4,"moe":682,"certain":true,"peak_month":"2026-01","from_peak":-0.5,"value":645061}},{"type":"Feature","geometry":{"type":"Polygon","coordinates":[[[-96.821705,32.93603],[-96.817917,32.936106],[-96.817927,32.939413],[-96.813895,32.939416],[-96.813405,32.934756],[-96.809821,32.934803],[-96.809706,32.938732],[-96.798318,32.938663],[-96.795592,32.939638],[-96.795889,32.938484],[-96.794863,32.937582],[-96.79077,32.937511],[-96.787211,32.936526],[-96.786741,32.935299],[-96.787612,32.933233],[-96.786266,32.933236],[-96.786116,32.939819],[-96.782814,32.940773],[-96.778379,32.939996],[-96.778528,32.939442],[-96.774175,32.939338],[-96.7739,32.937416],[-96.770411,32.939881],[-96.751937,32.939974],[-96.752054,32.938198],[-96.754264,32.9364],[-96.752754,32.935108],[-96.756639,32.932079],[-96.756764,32.932703],[-96.758444,32.932744],[-96.759974,32.92881],[-96.764173,32.923871],[-96.769167,32.923972],[-96.769182,32.923523],[-96.786158,32.924853],[-96.786156,32.924022],[-96.797231,32.924153],[-96.797251,32.922536],[-96.803552,32.922545],[-96.803578,32.924999],[-96.799694,32.924415],[-96.795541,32.924476],[-96.805884,32.925947],[-96.811322,32.926054],[-96.811233,32.924469],[-96.81503,32.924484],[-96.815044,32.922232],[-96.818827,32.921478],[-96.820932,32.926536],[-96.822509,32.932923],[-96.82552,32.939518],[-96.822255,32.939492],[-96.822176,32.932909],[-96.821902,32.939492],[-96.821705,32.93603]]]},"properties":{"zip":"75240","city":"Dallas","county":"Dallas","u2015":10956,"u2023":12014,"added":1058,"growth":9.7,"moe":742,"certain":true,"peak_month":"2024-05","from_peak":-7.6,"value":411792}},{"type":"Feature","geometry":{"type":"Polygon","coordinates":[[[-96.822403,32.68027],[-96.822522,32.684646],[-96.821303,32.686538],[-96.817015,32.683939],[-96.80984,32.68358],[-96.808512,32.683023],[-96.808945,32.682246],[-96.807905,32.681987],[-96.807827,32.679132],[-96.805905,32.679049],[-96.805888,32.680722],[-96.806833,32.680954],[-96.806838,32.682288],[-96.804663,32.6822],[-96.793897,32.685068],[-96.79252,32.684058],[-96.792935,32.682676],[-96.791132,32.683161],[-96.792343,32.685481],[-96.7899,32.686118],[-96.788513,32.683937],[-96.789622,32.686191],[-96.785347,32.68799],[-96.785027,32.687435],[-96.771935,32.694532],[-96.771533,32.691055],[-96.770557,32.691271],[-96.76514,32.693917],[-96.765968,32.696322],[-96.760177,32.698262],[-96.759219,32.696806],[-96.760085,32.696382],[-96.759016,32.690302],[-96.758041,32.691951],[-96.753725,32.694541],[-96.752741,32.69455],[-96.754991,32.700172],[-96.753271,32.700829],[-96.755879,32.707621],[-96.756027,32.708942],[-96.754834,32.70668],[-96.755603,32.709545],[-96.754673,32.709483],[-96.756122,32.712743],[-96.752764,32.71166],[-96.749339,32.705955],[-96.749273,32.706167],[-96.751484,32.710808],[-96.755239,32.715638],[-96.751632,32.717413],[-96.740096,32.697442],[-96.732704,32.697843],[-96.727691,32.695586],[-96.726058,32.695591],[-96.732604,32.693188],[-96.729641,32.688941],[-96.720395,32.693292],[-96.714555,32.694648],[-96.713051,32.696408],[-96.708816,32.698698],[-96.704771,32.69912],[-96.703634,32.701248],[-96.702448,32.701132],[-96.701848,32.699357],[-96.700715,32.698721],[-96.696494,32.699967],[-96.694595,32.697234],[-96.691946,32.697918],[-96.689826,32.681071],[-96.693689,32.680645],[-96.695339,32.677284],[-96.693019,32.674487],[-96.696785,32.673491],[-96.6949,32.671393],[-96.691789,32.66957],[-96.71033,32.660567],[-96.713618,32.665664],[-96.724097,32.660573],[-96.726345,32.66173],[-96.73017,32.659813],[-96.721138,32.646735],[-96.729231,32.636096],[-96.731747,32.629648],[-96.729768,32.635496],[-96.733205,32.640912],[-96.733875,32.64146],[-96.740892,32.641112],[-96.742225,32.638256],[-96.745437,32.618574],[-96.766206,32.61858],[-96.767519,32.618659],[-96.770574,32.624221],[-96.771901,32.62727],[-96.770505,32.627894],[-96.777351,32.641495],[-96.783571,32.638483],[-96.78806,32.645263],[-96.788679,32.64509],[-96.78823,32.644437],[-96.795698,32.640815],[-96.791507,32.634659],[-96.800743,32.630164],[-96.805779,32.630136],[-96.805697,32.643864],[-96.794985,32.649658],[-96.802789,32.649558],[-96.805728,32.647737],[-96.814281,32.647718],[-96.814279,32.642052],[-96.823122,32.642086],[-96.822887,32.658172],[-96.821585,32.659714],[-96.817845,32.660187],[-96.81455,32.662216],[-96.816899,32.662195],[-96.816906,32.661225],[-96.822565,32.661144],[-96.822895,32.659534],[-96.822839,32.662174],[-96.821294,32.662317],[-96.821279,32.668439],[-96.822321,32.668444],[-96.822497,32.663902],[-96.822808,32.666278],[-96.822236,32.678269],[-96.821316,32.678292],[-96.82128,32.679307],[-96.821332,32.680315],[-96.822403,32.68027]]]},"properties":{"zip":"75241","city":"Dallas","county":"Dallas","u2015":11010,"u2023":11151,"added":141,"growth":1.3,"moe":601,"certain":false,"peak_month":"2022-10","from_peak":-10.6,"value":215576}},{"type":"Feature","geometry":{"type":"Polygon","coordinates":[[[-96.769205,32.898713],[-96.768586,32.913179],[-96.769029,32.912928],[-96.769319,32.913552],[-96.769118,32.918121],[-96.766908,32.918193],[-96.768077,32.914718],[-96.76447,32.923341],[-96.759974,32.92881],[-96.758444,32.932744],[-96.756764,32.932703],[-96.756639,32.932079],[-96.752754,32.935108],[-96.754264,32.9364],[-96.752054,32.938198],[-96.751937,32.939974],[-96.748136,32.939974],[-96.748384,32.934137],[-96.744333,32.933917],[-96.743186,32.934888],[-96.741229,32.934732],[-96.740427,32.935964],[-96.739324,32.936043],[-96.742278,32.932848],[-96.744501,32.929208],[-96.74419,32.928024],[-96.744799,32.927653],[-96.744336,32.927499],[-96.745825,32.92537],[-96.745706,32.923074],[-96.737641,32.923211],[-96.732139,32.925371],[-96.718147,32.925432],[-96.718125,32.931291],[-96.705904,32.931232],[-96.70588,32.916604],[-96.70039,32.916562],[-96.700544,32.909025],[-96.69784,32.908886],[-96.697977,32.902268],[-96.721868,32.894548],[-96.727188,32.894578],[-96.726607,32.896915],[-96.728027,32.896964],[-96.728503,32.894568],[-96.734284,32.894343],[-96.736763,32.892992],[-96.736812,32.891253],[-96.740765,32.891292],[-96.741011,32.890346],[-96.741781,32.890338],[-96.74073,32.893122],[-96.745331,32.893977],[-96.753134,32.893554],[-96.761457,32.898078],[-96.763326,32.898511],[-96.76471,32.901014],[-96.765421,32.901172],[-96.76606,32.898649],[-96.769205,32.898713]]]},"properties":{"zip":"75243","city":"Dallas","county":"Dallas","u2015":29568,"u2023":31577,"added":2009,"growth":6.8,"moe":1036,"certain":true,"peak_month":"2024-05","from_peak":-8.0,"value":302101}},{"type":"Feature","geometry":{"type":"Polygon","coordinates":[[[-96.85616,32.909652],[-96.855914,32.933293],[-96.847031,32.933154],[-96.846934,32.939873],[-96.839023,32.939859],[-96.8388,32.951326],[-96.831875,32.951323],[-96.831986,32.947325],[-96.828281,32.94722],[-96.822509,32.932923],[-96.820932,32.926536],[-96.813876,32.907479],[-96.814919,32.909135],[-96.814629,32.908357],[-96.818365,32.908324],[-96.818365,32.909615],[-96.85616,32.909652]]]},"properties":{"zip":"75244","city":"Farmers Branch","county":"Dallas","u2015":6362,"u2023":6346,"added":-16,"growth":-0.3,"moe":434,"certain":false,"peak_month":"2026-06","from_peak":0.0,"value":744746}},{"type":"Feature","geometry":{"type":"Polygon","coordinates":[[[-96.764208,32.795665],[-96.77164,32.789355],[-96.772199,32.789868],[-96.776062,32.786544],[-96.779458,32.786963],[-96.782866,32.790248],[-96.779482,32.793069],[-96.778703,32.792386],[-96.77522,32.795299],[-96.775971,32.795962],[-96.774732,32.796729],[-96.773927,32.796361],[-96.770881,32.798842],[-96.770443,32.800117],[-96.769486,32.800285],[-96.764208,32.795665]]]},"properties":{"zip":"75246","city":"Dallas","county":"Dallas","u2015":1561,"u2023":1545,"added":-16,"growth":-1.0,"moe":299,"certain":false,"peak_month":"2022-07","from_peak":-5.1,"value":384982}},{"type":"Feature","geometry":{"type":"Polygon","coordinates":[[[-96.810201,32.960369],[-96.811306,32.959378],[-96.811942,32.956777],[-96.810648,32.955176],[-96.808503,32.954741],[-96.808109,32.953944],[-96.813664,32.954113],[-96.813839,32.955471],[-96.814496,32.955444],[-96.8154,32.954106],[-96.818524,32.954144],[-96.818247,32.954841],[-96.819578,32.956069],[-96.821453,32.956103],[-96.821728,32.954155],[-96.822287,32.954022],[-96.822407,32.955925],[-96.82115,32.959482],[-96.822185,32.964415],[-96.821621,32.96709],[-96.821808,32.973017],[-96.822766,32.974565],[-96.828548,32.979546],[-96.828927,32.983303],[-96.830244,32.983303],[-96.829862,32.987402],[-96.813383,32.987136],[-96.813017,32.985767],[-96.813666,32.984537],[-96.809627,32.977853],[-96.810837,32.97647],[-96.809617,32.9763],[-96.808398,32.974848],[-96.808383,32.976197],[-96.806565,32.978904],[-96.806845,32.981447],[-96.80775,32.982711],[-96.806134,32.983863],[-96.80514,32.983233],[-96.805207,32.986983],[-96.803455,32.986873],[-96.800622,32.984903],[-96.794069,32.985447],[-96.790677,32.987882],[-96.785841,32.987903],[-96.785613,32.986765],[-96.783848,32.986742],[-96.781781,32.987937],[-96.778675,32.987938],[-96.778672,32.986674],[-96.768152,32.986535],[-96.768224,32.976901],[-96.768923,32.973847],[-96.768983,32.950985],[-96.780568,32.949986],[-96.798067,32.949824],[-96.799052,32.950224],[-96.799001,32.954054],[-96.800057,32.953926],[-96.800993,32.952468],[-96.803248,32.953981],[-96.807072,32.954085],[-96.810124,32.95852],[-96.810124,32.959305],[-96.808968,32.960417],[-96.810201,32.960369]]]},"properties":{"zip":"75248","city":"Dallas","county":"Dallas","u2015":16705,"u2023":18531,"added":1826,"growth":10.9,"moe":890,"certain":true,"peak_month":"2024-11","from_peak":-2.3,"value":638979}},{"type":"Feature","geometry":{"type":"Polygon","coordinates":[[[-96.979868,32.656216],[-96.968725,32.661532],[-96.963023,32.662591],[-96.958278,32.665613],[-96.957379,32.665577],[-96.957379,32.66509],[-96.958738,32.663829],[-96.958343,32.66294],[-96.956147,32.662699],[-96.953378,32.661397],[-96.951658,32.662928],[-96.952169,32.666134],[-96.948657,32.664936],[-96.948659,32.660482],[-96.946259,32.660479],[-96.943226,32.662227],[-96.942866,32.634846],[-96.943314,32.631886],[-96.942808,32.624634],[-96.945732,32.62115],[-96.949166,32.620704],[-96.953175,32.62661],[-96.953251,32.632634],[-96.953738,32.632685],[-96.957627,32.632675],[-96.956839,32.631498],[-96.97584,32.622069],[-96.974407,32.630226],[-96.972246,32.636004],[-96.972026,32.639178],[-96.972763,32.641847],[-96.979868,32.656216]]]},"properties":{"zip":"75249","city":"Dallas","county":"Dallas","u2015":4765,"u2023":5188,"added":423,"growth":8.9,"moe":589,"certain":false,"peak_month":"2022-08","from_peak":-7.3,"value":291569}},{"type":"Feature","geometry":{"type":"Polygon","coordinates":[[[-96.812713,32.994974],[-96.814916,33.000915],[-96.813678,33.003321],[-96.814354,33.006858],[-96.817189,33.009255],[-96.816247,33.01243],[-96.815144,33.013329],[-96.803329,33.013379],[-96.795472,33.013149],[-96.786423,33.011775],[-96.783758,33.009608],[-96.783399,33.007241],[-96.775278,33.001458],[-96.76781,32.999314],[-96.761182,32.999525],[-96.756858,33.000422],[-96.756459,32.997481],[-96.755095,32.996918],[-96.756409,32.995193],[-96.756464,32.986398],[-96.778672,32.986674],[-96.778675,32.987938],[-96.781781,32.987937],[-96.783848,32.986742],[-96.785613,32.986765],[-96.785841,32.987903],[-96.790677,32.987882],[-96.794069,32.985447],[-96.800622,32.984903],[-96.803455,32.986873],[-96.805207,32.986983],[-96.80514,32.983233],[-96.806134,32.983863],[-96.80775,32.982711],[-96.806845,32.981447],[-96.806565,32.978904],[-96.808383,32.976197],[-96.808398,32.974848],[-96.809617,32.9763],[-96.810837,32.97647],[-96.809662,32.977725],[-96.809986,32.979157],[-96.811196,32.980029],[-96.812662,32.98363],[-96.813641,32.984477],[-96.813013,32.985851],[-96.813507,32.987467],[-96.815759,32.989424],[-96.815956,32.991304],[-96.814979,32.992344],[-96.813136,32.992382],[-96.811798,32.994047],[-96.812713,32.994974]]]},"properties":{"zip":"75252","city":"Dallas","county":"Collin","u2015":13367,"u2023":14592,"added":1225,"growth":9.2,"moe":616,"certain":true,"peak_month":"2024-05","from_peak":-4.9,"value":616125}},{"type":"Feature","geometry":{"type":"Polygon","coordinates":[[[-96.630304,32.690353],[-96.622935,32.690437],[-96.622879,32.694437],[-96.622165,32.694445],[-96.622163,32.695019],[-96.617636,32.695138],[-96.617618,32.69652],[-96.614331,32.696488],[-96.614176,32.701266],[-96.582985,32.704365],[-96.563505,32.703195],[-96.568625,32.702931],[-96.56643,32.70288],[-96.565536,32.702061],[-96.565562,32.701207],[-96.56342,32.701229],[-96.562622,32.698153],[-96.555516,32.691876],[-96.558512,32.689058],[-96.556085,32.687002],[-96.562714,32.681186],[-96.573488,32.680162],[-96.57469,32.680943],[-96.57594,32.679938],[-96.574756,32.678809],[-96.577313,32.676351],[-96.575098,32.674297],[-96.57752,32.676398],[-96.578959,32.675172],[-96.580721,32.67596],[-96.582841,32.674237],[-96.583871,32.675126],[-96.585794,32.673551],[-96.58645,32.674104],[-96.585194,32.675153],[-96.587878,32.677217],[-96.587713,32.678793],[-96.588428,32.678873],[-96.588833,32.677294],[-96.587722,32.675761],[-96.58853,32.67532],[-96.588717,32.674326],[-96.590284,32.673762],[-96.589648,32.671913],[-96.590413,32.670945],[-96.588175,32.669909],[-96.590653,32.6706],[-96.588356,32.66929],[-96.590784,32.670415],[-96.591871,32.669145],[-96.592316,32.667957],[-96.591162,32.667417],[-96.59378,32.665214],[-96.591666,32.663338],[-96.59459,32.660955],[-96.592258,32.659762],[-96.590223,32.659518],[-96.586938,32.656574],[-96.599804,32.656717],[-96.604027,32.659701],[-96.606851,32.658248],[-96.609619,32.657999],[-96.612019,32.654536],[-96.613171,32.650204],[-96.617213,32.652532],[-96.61833,32.655744],[-96.623714,32.654758],[-96.64546,32.636566],[-96.651121,32.639242],[-96.654495,32.636566],[-96.656379,32.637096],[-96.656934,32.637464],[-96.652987,32.640822],[-96.661377,32.64399],[-96.65662,32.647772],[-96.670692,32.659234],[-96.669059,32.664153],[-96.667617,32.662955],[-96.666825,32.663153],[-96.662734,32.659665],[-96.655665,32.665452],[-96.652498,32.664546],[-96.641105,32.675962],[-96.64012,32.678721],[-96.640108,32.686428],[-96.634418,32.688474],[-96.637865,32.690987],[-96.637504,32.694308],[-96.630304,32.690353]]]},"properties":{"zip":"75253","city":"Dallas","county":"Dallas","u2015":6274,"u2023":7374,"added":1100,"growth":17.5,"moe":649,"certain":true,"peak_month":"2022-08","from_peak":-9.2,"value":260022}},{"type":"Feature","geometry":{"type":"Polygon","coordinates":[[[-96.768983,32.950985],[-96.768987,32.939867],[-96.770411,32.939881],[-96.7739,32.937416],[-96.774175,32.939338],[-96.778528,32.939442],[-96.778379,32.939996],[-96.780835,32.940697],[-96.786116,32.939819],[-96.786266,32.933236],[-96.787612,32.933233],[-96.786741,32.935299],[-96.787211,32.936526],[-96.79077,32.937511],[-96.794863,32.937582],[-96.795889,32.938484],[-96.795592,32.939638],[-96.798318,32.938663],[-96.809706,32.938732],[-96.809821,32.934803],[-96.813405,32.934756],[-96.813895,32.939416],[-96.817927,32.939413],[-96.817917,32.936106],[-96.821705,32.93603],[-96.821759,32.939495],[-96.822176,32.932909],[-96.822255,32.939492],[-96.82552,32.939518],[-96.830187,32.953105],[-96.829909,32.954161],[-96.822096,32.95402],[-96.821453,32.956103],[-96.819578,32.956069],[-96.818247,32.954841],[-96.818524,32.954144],[-96.8154,32.954106],[-96.814496,32.955444],[-96.813839,32.955471],[-96.813664,32.954113],[-96.808109,32.953944],[-96.808347,32.954661],[-96.811076,32.955503],[-96.811988,32.956971],[-96.81126,32.959443],[-96.810201,32.960369],[-96.808968,32.960417],[-96.810124,32.959305],[-96.810124,32.95852],[-96.807072,32.954085],[-96.803248,32.953981],[-96.800993,32.952468],[-96.800057,32.953926],[-96.799001,32.954054],[-96.799052,32.950224],[-96.798067,32.949824],[-96.780568,32.949986],[-96.768983,32.950985]]]},"properties":{"zip":"75254","city":"Dallas","county":"Dallas","u2015":12495,"u2023":13935,"added":1440,"growth":11.5,"moe":779,"certain":true,"peak_month":"2022-10","from_peak":-12.6,"value":306254}},{"type":"Feature","geometry":{"type":"Polygon","coordinates":[[[-96.86599,33.01176],[-96.85928,33.011789],[-96.85926,33.01111],[-96.85812,33.0111],[-96.857962,33.010264],[-96.857211,33.010344],[-96.857192,33.011823],[-96.848629,33.011488],[-96.843703,33.012604],[-96.843521,33.016492],[-96.815144,33.013329],[-96.816247,33.01243],[-96.817189,33.009255],[-96.814354,33.006858],[-96.813678,33.003321],[-96.814916,33.000915],[-96.812713,32.994974],[-96.811786,32.994104],[-96.813445,32.992205],[-96.815127,32.992261],[-96.816017,32.990814],[-96.815642,32.989137],[-96.813383,32.987136],[-96.854689,32.98775],[-96.85466,32.98969],[-96.85661,32.98972],[-96.864084,32.989735],[-96.866005,32.987844],[-96.868305,32.98787],[-96.86728,32.98975],[-96.87478,32.989781],[-96.871754,33.000615],[-96.870399,33.001264],[-96.866877,33.001094],[-96.866085,33.001793],[-96.86599,33.01176]]]},"properties":{"zip":"75287","city":"Dallas","county":"Collin","u2015":29469,"u2023":30143,"added":674,"growth":2.3,"moe":1145,"certain":false,"peak_month":"2024-05","from_peak":-7.6,"value":467179}},{"type":"Feature","geometry":{"type":"Polygon","coordinates":[[[-96.115993,33.121276],[-96.12431,33.12406],[-96.127004,33.121211],[-96.135393,33.121465],[-96.135273,33.125712],[-96.139345,33.126602],[-96.146227,33.121702],[-96.147829,33.121724],[-96.14513,33.124623],[-96.143377,33.128133],[-96.142072,33.128838],[-96.142536,33.130586],[-96.141952,33.132657],[-96.150171,33.132026],[-96.149915,33.133657],[-96.150729,33.133656],[-96.150085,33.134248],[-96.149934,33.136462],[-96.164037,33.137008],[-96.165542,33.137036],[-96.164927,33.133889],[-96.16577,33.132469],[-96.165642,33.128451],[-96.182935,33.122931],[-96.1826,33.13749],[-96.208339,33.138043],[-96.208654,33.130729],[-96.210022,33.130516],[-96.214037,33.133962],[-96.217193,33.138376],[-96.229323,33.13918],[-96.241468,33.147184],[-96.25223,33.14959],[-96.272125,33.151635],[-96.272031,33.152577],[-96.273132,33.152969],[-96.272263,33.153306],[-96.274621,33.154318],[-96.274106,33.155533],[-96.275097,33.155863],[-96.275532,33.156774],[-96.274951,33.15734],[-96.275769,33.157486],[-96.27548,33.158054],[-96.276027,33.158417],[-96.275604,33.159381],[-96.273662,33.159748],[-96.274125,33.160635],[-96.273108,33.160594],[-96.273395,33.16138],[-96.271768,33.162845],[-96.272916,33.16307],[-96.272283,33.164074],[-96.272903,33.164654],[-96.272801,33.165987],[-96.274496,33.167107],[-96.273354,33.16751],[-96.273512,33.16883],[-96.275216,33.169832],[-96.275322,33.170731],[-96.276128,33.170599],[-96.276861,33.172309],[-96.275751,33.173035],[-96.275385,33.175328],[-96.275827,33.176206],[-96.275147,33.176623],[-96.275398,33.178829],[-96.276032,33.178947],[-96.276647,33.180314],[-96.276158,33.181317],[-96.276845,33.182228],[-96.275797,33.18336],[-96.276262,33.183857],[-96.273793,33.184835],[-96.273363,33.186016],[-96.270851,33.188203],[-96.265356,33.177373],[-96.264445,33.189421],[-96.241207,33.188724],[-96.24056,33.187134],[-96.22279,33.187066],[-96.221273,33.18759],[-96.215343,33.186691],[-96.215327,33.187998],[-96.206239,33.187921],[-96.206172,33.210766],[-96.203627,33.211101],[-96.20297,33.220394],[-96.203906,33.220867],[-96.203791,33.226329],[-96.195896,33.226894],[-96.191425,33.225098],[-96.190928,33.226885],[-96.189235,33.22796],[-96.189136,33.229961],[-96.187807,33.23003],[-96.187406,33.231149],[-96.180751,33.231183],[-96.180734,33.23709],[-96.181505,33.238473],[-96.179761,33.243052],[-96.176508,33.243305],[-96.176465,33.246315],[-96.177906,33.246713],[-96.177647,33.250856],[-96.176432,33.251393],[-96.175392,33.250825],[-96.176672,33.25303],[-96.171859,33.255119],[-96.169657,33.258001],[-96.144508,33.258097],[-96.143744,33.270009],[-96.129362,33.269863],[-96.125899,33.268881],[-96.119983,33.268796],[-96.121051,33.26039],[-96.122313,33.258978],[-96.122599,33.252294],[-96.123767,33.251534],[-96.124833,33.248782],[-96.126333,33.24839],[-96.126318,33.241825],[-96.10816,33.241312],[-96.101276,33.241712],[-96.101316,33.237828],[-96.098676,33.237782],[-96.095626,33.235199],[-96.093629,33.235123],[-96.0935,33.23776],[-96.082618,33.237814],[-96.082402,33.239148],[-96.059761,33.238678],[-96.058888,33.24152],[-96.057535,33.242362],[-96.039347,33.242227],[-96.032118,33.243131],[-96.031225,33.242274],[-96.031658,33.241818],[-96.02991,33.241909],[-96.030524,33.240414],[-96.02925,33.239575],[-96.029943,33.239313],[-96.029575,33.237561],[-96.025192,33.23688],[-96.02665,33.236241],[-96.025989,33.235422],[-96.027376,33.235186],[-96.026097,33.234555],[-96.025451,33.233036],[-96.02647,33.230601],[-96.024771,33.230755],[-96.026027,33.228695],[-96.025625,33.227773],[-96.026793,33.226906],[-96.024082,33.226519],[-96.023446,33.224386],[-96.021976,33.223785],[-96.022674,33.222572],[-96.021125,33.222868],[-96.019015,33.221548],[-96.01793,33.221868],[-96.016948,33.221325],[-96.016527,33.221856],[-96.015864,33.220671],[-96.016482,33.219944],[-96.015319,33.219924],[-96.015546,33.219025],[-96.0149,33.218777],[-96.015135,33.217581],[-96.013477,33.218297],[-96.013215,33.21905],[-96.012406,33.218275],[-96.01152,33.218624],[-96.010985,33.217585],[-96.010405,33.21848],[-96.009088,33.218442],[-96.008138,33.219186],[-96.005113,33.219053],[-96.003177,33.216966],[-96.001956,33.21802],[-96.000386,33.215623],[-95.997735,33.214764],[-95.998122,33.214066],[-95.999282,33.213896],[-95.999248,33.213279],[-95.997365,33.213262],[-95.996477,33.212076],[-95.994689,33.212581],[-95.992691,33.211838],[-95.983278,33.212446],[-95.977855,33.210121],[-95.989653,33.200234],[-96.006772,33.195608],[-96.006023,33.193254],[-95.997322,33.186967],[-95.997361,33.181398],[-96.000863,33.1805],[-96.001027,33.174585],[-96.003952,33.174371],[-96.004151,33.161123],[-96.003145,33.159812],[-96.003395,33.148437],[-95.997454,33.148367],[-95.9971,33.146351],[-95.988069,33.146076],[-95.988786,33.139439],[-95.987525,33.136457],[-95.99153,33.129379],[-96.002849,33.129941],[-96.015535,33.132542],[-96.049505,33.133358],[-96.05256,33.135953],[-96.052732,33.136924],[-96.053958,33.136997],[-96.055372,33.138059],[-96.056251,33.138008],[-96.056658,33.133643],[-96.059406,33.133816],[-96.074878,33.137435],[-96.076748,33.138495],[-96.076767,33.139425],[-96.0777,33.138545],[-96.075731,33.136989],[-96.07564,33.135145],[-96.081081,33.129953],[-96.084118,33.125881],[-96.087463,33.123707],[-96.09602,33.120966],[-96.097167,33.120036],[-96.096817,33.119605],[-96.097283,33.119949],[-96.099891,33.117258],[-96.100038,33.116332],[-96.106051,33.120489],[-96.115993,33.121276]]]},"properties":{"zip":"75401","city":"Greenville","county":"Hunt","u2015":7504,"u2023":9067,"added":1563,"growth":20.8,"moe":672,"certain":true,"peak_month":"2022-07","from_peak":-10.3,"value":202625}},{"type":"Feature","geometry":{"type":"Polygon","coordinates":[[[-96.144467,33.03783],[-96.144198,33.04263],[-96.178817,33.043056],[-96.179652,33.043515],[-96.175049,33.049419],[-96.172058,33.05211],[-96.171646,33.065379],[-96.166379,33.065333],[-96.165693,33.065705],[-96.165872,33.06639],[-96.165208,33.066477],[-96.166055,33.066716],[-96.165656,33.067579],[-96.166401,33.067901],[-96.165778,33.06962],[-96.167785,33.070376],[-96.16717,33.071795],[-96.167941,33.073329],[-96.167182,33.073918],[-96.16751,33.074297],[-96.166286,33.074678],[-96.167222,33.07583],[-96.165941,33.076859],[-96.167197,33.076898],[-96.167721,33.077648],[-96.167371,33.079124],[-96.168272,33.07911],[-96.167824,33.082652],[-96.168527,33.084363],[-96.167199,33.086081],[-96.168029,33.086686],[-96.167228,33.089027],[-96.167945,33.08925],[-96.167928,33.093409],[-96.180169,33.093778],[-96.180127,33.097299],[-96.189319,33.090667],[-96.18932,33.091366],[-96.197119,33.086202],[-96.196786,33.088186],[-96.197911,33.095577],[-96.198017,33.107132],[-96.197177,33.113822],[-96.197556,33.115595],[-96.199759,33.115667],[-96.200694,33.117179],[-96.205527,33.115648],[-96.207448,33.119003],[-96.209048,33.122802],[-96.209208,33.128307],[-96.210022,33.130516],[-96.208654,33.130729],[-96.208339,33.138043],[-96.1826,33.13749],[-96.182935,33.122931],[-96.165642,33.128451],[-96.16577,33.132469],[-96.164927,33.133889],[-96.165542,33.137036],[-96.149934,33.136462],[-96.150085,33.134248],[-96.150729,33.133656],[-96.149915,33.133657],[-96.150171,33.132026],[-96.141952,33.132657],[-96.142536,33.130586],[-96.142072,33.128838],[-96.143377,33.128133],[-96.14513,33.124623],[-96.147829,33.121724],[-96.146227,33.121702],[-96.139345,33.126602],[-96.135273,33.125712],[-96.135393,33.121465],[-96.127004,33.121211],[-96.12431,33.12406],[-96.115394,33.121158],[-96.106051,33.120489],[-96.100038,33.116332],[-96.099891,33.117258],[-96.097283,33.119949],[-96.096817,33.119605],[-96.097167,33.120036],[-96.09602,33.120966],[-96.087463,33.123707],[-96.084118,33.125881],[-96.081081,33.129953],[-96.07564,33.135145],[-96.075731,33.136989],[-96.0777,33.138545],[-96.076767,33.139425],[-96.076748,33.138495],[-96.074878,33.137435],[-96.059406,33.133816],[-96.056658,33.133643],[-96.056251,33.138008],[-96.055372,33.138059],[-96.053958,33.136997],[-96.052732,33.136924],[-96.05256,33.135953],[-96.049505,33.133358],[-96.015535,33.132542],[-95.998931,33.12966],[-95.999029,33.126666],[-95.999876,33.1253],[-95.998827,33.123728],[-95.999735,33.121746],[-95.99745,33.119788],[-95.998495,33.119143],[-95.998736,33.117893],[-95.993221,33.112321],[-95.993047,33.109181],[-95.992041,33.107464],[-95.990849,33.107017],[-95.990953,33.10624],[-95.990187,33.106004],[-95.991044,33.10539],[-95.989766,33.104405],[-95.99059,33.103831],[-95.989802,33.102322],[-95.990947,33.101967],[-95.990445,33.101334],[-95.992061,33.10085],[-95.992666,33.098923],[-95.991082,33.098636],[-95.990603,33.097535],[-95.990588,33.093348],[-95.991507,33.092401],[-95.991307,33.091293],[-95.993554,33.091295],[-95.994215,33.090024],[-95.993995,33.089205],[-95.994553,33.088759],[-95.993734,33.088554],[-95.994319,33.086637],[-95.993513,33.0856],[-95.994236,33.080886],[-95.995414,33.08112],[-95.99582,33.079957],[-95.994989,33.079531],[-95.996292,33.079661],[-95.996284,33.078319],[-95.997219,33.078395],[-95.99704,33.077171],[-95.997869,33.076639],[-95.997458,33.07613],[-95.998412,33.075873],[-95.997466,33.075211],[-95.998445,33.073714],[-95.998893,33.074323],[-95.99953,33.07363],[-96.00004,33.073943],[-96.001927,33.072777],[-96.001718,33.071965],[-96.00229,33.072235],[-96.00262,33.071236],[-96.001368,33.070328],[-96.002602,33.069816],[-96.002467,33.068724],[-96.003596,33.067504],[-96.002996,33.065283],[-96.003922,33.064704],[-96.003988,33.063449],[-96.004955,33.063411],[-96.005205,33.062793],[-96.004339,33.062222],[-96.004759,33.061447],[-96.003186,33.061632],[-96.002379,33.06241],[-96.001681,33.06154],[-96.000511,33.062023],[-96.00222,33.060218],[-96.001038,33.058621],[-95.999117,33.059629],[-95.998909,33.060496],[-95.998357,33.058833],[-95.997471,33.059441],[-95.994215,33.059503],[-95.995232,33.057935],[-95.993275,33.057488],[-95.993409,33.056265],[-95.994378,33.055739],[-95.992405,33.054962],[-95.991702,33.053621],[-95.992022,33.05265],[-95.991462,33.051775],[-95.992899,33.05126],[-95.992858,33.050434],[-95.99184,33.049858],[-95.992661,33.048831],[-95.990402,33.049495],[-95.990329,33.050708],[-95.98901,33.049236],[-95.991622,33.047787],[-95.99014,33.0465],[-95.991406,33.045495],[-95.989918,33.044559],[-95.991941,33.043244],[-95.990706,33.041755],[-95.994608,33.04045],[-95.994329,33.039689],[-95.992158,33.040526],[-95.991604,33.040118],[-95.99542,33.038206],[-95.994534,33.037079],[-95.996274,33.036507],[-95.995214,33.034376],[-95.995921,33.033817],[-95.995863,33.032767],[-95.997218,33.032718],[-95.996688,33.032048],[-95.997254,33.031619],[-95.998629,33.03275],[-96.000472,33.031895],[-95.999889,33.030268],[-95.998107,33.028722],[-95.998334,33.026007],[-95.996689,33.025202],[-95.996881,33.024012],[-95.996223,33.023288],[-95.997939,33.01964],[-95.995848,33.020066],[-95.995238,33.019653],[-95.998247,33.018538],[-95.998217,33.016601],[-95.999632,33.016032],[-95.999114,33.015161],[-95.999583,33.013731],[-96.001644,33.012293],[-96.00115,33.010505],[-96.002981,33.010213],[-96.003453,33.008471],[-96.002055,33.008018],[-96.002762,33.006621],[-96.003775,33.006327],[-96.003835,33.005419],[-96.005296,33.00526],[-96.004315,33.00421],[-96.004568,33.003183],[-96.003689,33.000569],[-96.014815,32.983651],[-96.016694,32.978973],[-96.021159,32.978743],[-96.020883,32.982115],[-96.019178,32.98445],[-96.021733,32.986559],[-96.022695,32.989399],[-96.021587,32.991159],[-96.019193,32.991977],[-96.01779,32.994714],[-96.01615,32.996101],[-96.015757,32.99756],[-96.014606,32.99821],[-96.01555,33.001016],[-96.023065,32.994894],[-96.024904,32.985267],[-96.025936,32.989569],[-96.032099,32.989618],[-96.031935,32.998052],[-96.03855,32.998306],[-96.038333,33.006462],[-96.045729,33.004879],[-96.05481,33.004416],[-96.054947,33.005812],[-96.059765,33.005749],[-96.060016,33.007258],[-96.063829,33.007333],[-96.064061,33.008495],[-96.068203,33.008547],[-96.068104,33.014688],[-96.07963,33.01495],[-96.084295,33.01856],[-96.090828,33.019164],[-96.094597,33.022444],[-96.098491,33.02293],[-96.098815,33.006361],[-96.094863,33.00629],[-96.094924,33.003566],[-96.086559,33.003483],[-96.087103,33.002969],[-96.087399,32.990184],[-96.101227,32.990387],[-96.102315,32.992113],[-96.108113,32.992133],[-96.108377,32.984157],[-96.131985,32.984464],[-96.131176,32.977604],[-96.141027,32.977632],[-96.141057,32.978308],[-96.143669,32.979925],[-96.14294,32.980714],[-96.143334,32.981433],[-96.144349,32.982295],[-96.145736,32.982304],[-96.145146,32.98274],[-96.146279,32.983815],[-96.146919,32.986072],[-96.14269,32.986258],[-96.143085,32.987305],[-96.142268,32.987059],[-96.141212,32.990585],[-96.140528,32.990094],[-96.14035,32.990811],[-96.137407,32.992728],[-96.136927,32.993845],[-96.137668,32.994549],[-96.136537,32.994749],[-96.136925,32.996743],[-96.135861,32.998147],[-96.135961,32.999003],[-96.134737,32.999029],[-96.134003,32.999982],[-96.13504,33.000252],[-96.134399,33.001477],[-96.148053,33.000693],[-96.148166,33.003487],[-96.149474,33.003698],[-96.149294,33.010675],[-96.138653,33.012895],[-96.130753,33.012799],[-96.132218,33.014004],[-96.119611,33.013945],[-96.119444,33.023113],[-96.132079,33.023767],[-96.132586,33.025649],[-96.137202,33.025649],[-96.137588,33.02461],[-96.148333,33.024617],[-96.147413,33.037577],[-96.144467,33.03783]]]},"properties":{"zip":"75402","city":"Greenville","county":"Hunt","u2015":7174,"u2023":8024,"added":850,"growth":11.8,"moe":569,"certain":true,"peak_month":"2022-08","from_peak":-9.5,"value":270208}},{"type":"Feature","geometry":{"type":"Polygon","coordinates":[[[-96.532225,33.207122],[-96.532262,33.211352],[-96.531664,33.2118],[-96.520597,33.21147],[-96.520352,33.221114],[-96.518371,33.221089],[-96.518319,33.222617],[-96.510284,33.222522],[-96.509576,33.233154],[-96.507851,33.234755],[-96.502005,33.234524],[-96.498037,33.235526],[-96.493566,33.234235],[-96.484183,33.23438],[-96.478485,33.23305],[-96.478602,33.234447],[-96.480219,33.234544],[-96.479975,33.235349],[-96.480658,33.236016],[-96.479896,33.23796],[-96.480743,33.238453],[-96.479551,33.238597],[-96.479471,33.240032],[-96.480031,33.240659],[-96.478138,33.242241],[-96.47789,33.243373],[-96.476326,33.243675],[-96.476388,33.245005],[-96.47582,33.245075],[-96.474734,33.247135],[-96.469677,33.24841],[-96.462833,33.248382],[-96.45969,33.249326],[-96.457052,33.249336],[-96.45725,33.241773],[-96.447384,33.241503],[-96.447612,33.234294],[-96.439933,33.234179],[-96.439708,33.230483],[-96.44077,33.227772],[-96.439581,33.227712],[-96.439797,33.220092],[-96.441611,33.22011],[-96.441941,33.209018],[-96.439006,33.208879],[-96.439134,33.204955],[-96.433617,33.204816],[-96.433983,33.199284],[-96.432976,33.198473],[-96.432737,33.19633],[-96.43141,33.194777],[-96.431744,33.193514],[-96.427723,33.190054],[-96.426744,33.19113],[-96.423923,33.189977],[-96.421219,33.186686],[-96.419662,33.183605],[-96.418498,33.174346],[-96.419945,33.171992],[-96.428761,33.164569],[-96.429245,33.162567],[-96.429724,33.16264],[-96.429546,33.156322],[-96.432504,33.150925],[-96.452133,33.128521],[-96.456718,33.120682],[-96.461104,33.098084],[-96.463459,33.092068],[-96.470408,33.078521],[-96.473103,33.068213],[-96.473215,33.060071],[-96.471997,33.055318],[-96.471359,33.054369],[-96.465057,33.051392],[-96.463866,33.050012],[-96.46379,33.048618],[-96.465973,33.046651],[-96.473469,33.044581],[-96.474231,33.043064],[-96.48137,33.043931],[-96.484545,33.046199],[-96.489922,33.047006],[-96.499879,33.047008],[-96.513133,33.045479],[-96.519375,33.046335],[-96.521484,33.047475],[-96.522489,33.048782],[-96.524677,33.056587],[-96.533136,33.070296],[-96.533782,33.073487],[-96.533411,33.079389],[-96.531894,33.083253],[-96.529258,33.085904],[-96.528223,33.087925],[-96.528277,33.093167],[-96.52935,33.094698],[-96.530786,33.10219],[-96.532166,33.104196],[-96.532376,33.114379],[-96.534135,33.115887],[-96.534491,33.116957],[-96.535452,33.124195],[-96.538656,33.127066],[-96.540313,33.127077],[-96.539578,33.128686],[-96.541073,33.129647],[-96.540722,33.130252],[-96.539891,33.129761],[-96.538392,33.130017],[-96.539326,33.131543],[-96.53872,33.132436],[-96.54008,33.133544],[-96.537249,33.133681],[-96.537633,33.135091],[-96.536458,33.135455],[-96.537514,33.135983],[-96.537734,33.136974],[-96.539411,33.137737],[-96.539862,33.139225],[-96.540322,33.138433],[-96.541391,33.138419],[-96.5419,33.140327],[-96.54108,33.140971],[-96.542021,33.141723],[-96.541359,33.14297],[-96.542941,33.14345],[-96.544748,33.14517],[-96.54334,33.146952],[-96.544766,33.148804],[-96.544205,33.15141],[-96.546966,33.151905],[-96.549544,33.154342],[-96.54083,33.153634],[-96.540816,33.15427],[-96.535966,33.153274],[-96.535863,33.155167],[-96.527929,33.155029],[-96.527811,33.160664],[-96.533727,33.16086],[-96.533335,33.172597],[-96.537176,33.17266],[-96.536845,33.1764],[-96.539915,33.176461],[-96.538904,33.180854],[-96.542981,33.180961],[-96.542877,33.178718],[-96.545724,33.178809],[-96.545692,33.180216],[-96.547267,33.181339],[-96.547791,33.183096],[-96.547912,33.191992],[-96.5457,33.191108],[-96.541499,33.190925],[-96.541396,33.196452],[-96.538482,33.196306],[-96.538386,33.199131],[-96.531332,33.199096],[-96.531354,33.203233],[-96.534576,33.203247],[-96.534494,33.206839],[-96.532225,33.207122]]]},"properties":{"zip":"75407","city":"Princeton","county":"Collin","u2015":5827,"u2023":10095,"added":4268,"growth":73.2,"moe":652,"certain":true,"peak_month":"2022-08","from_peak":-24.6,"value":289544}},{"type":"Feature","geometry":{"type":"Polygon","coordinates":[[[-96.549606,33.320492],[-96.579999,33.320787],[-96.581093,33.319167],[-96.582514,33.318689],[-96.581919,33.318257],[-96.581619,33.3149],[-96.583414,33.313326],[-96.581694,33.313021],[-96.582258,33.312348],[-96.58199,33.311396],[-96.58378,33.309793],[-96.583094,33.308722],[-96.583491,33.308019],[-96.585339,33.30746],[-96.585513,33.309072],[-96.590829,33.309482],[-96.592161,33.285012],[-96.60467,33.285286],[-96.605223,33.28759],[-96.60343,33.289031],[-96.604438,33.289212],[-96.60441,33.290601],[-96.605567,33.291079],[-96.604914,33.29242],[-96.607378,33.293275],[-96.606098,33.294286],[-96.6078,33.295833],[-96.606561,33.296481],[-96.608262,33.297233],[-96.606779,33.297392],[-96.606724,33.298814],[-96.604097,33.299804],[-96.60505,33.300702],[-96.60476,33.302273],[-96.606234,33.302852],[-96.606289,33.30498],[-96.607568,33.304923],[-96.607901,33.306863],[-96.610285,33.305889],[-96.6101,33.307073],[-96.611038,33.306617],[-96.611806,33.306793],[-96.61192,33.307693],[-96.61423,33.307499],[-96.616462,33.310097],[-96.617537,33.310056],[-96.617286,33.310909],[-96.619658,33.311028],[-96.619798,33.311676],[-96.618347,33.312894],[-96.619213,33.313395],[-96.619702,33.315691],[-96.621714,33.316057],[-96.621472,33.317656],[-96.622455,33.317068],[-96.623196,33.317599],[-96.620295,33.318696],[-96.620107,33.319552],[-96.621631,33.319048],[-96.623767,33.319985],[-96.623548,33.321267],[-96.624904,33.323047],[-96.623641,33.323956],[-96.624753,33.324581],[-96.627188,33.323929],[-96.627436,33.325311],[-96.630257,33.326769],[-96.628366,33.327897],[-96.628259,33.328981],[-96.630708,33.328927],[-96.631502,33.33055],[-96.632472,33.33052],[-96.63283,33.332503],[-96.633678,33.332703],[-96.632964,33.335257],[-96.63393,33.33543],[-96.634347,33.336267],[-96.633071,33.337477],[-96.634556,33.337411],[-96.63522,33.33863],[-96.633323,33.3388],[-96.633035,33.339405],[-96.634448,33.340099],[-96.633869,33.341396],[-96.635216,33.341302],[-96.635769,33.342071],[-96.635332,33.342585],[-96.634019,33.342461],[-96.634741,33.343085],[-96.634119,33.343975],[-96.634397,33.344647],[-96.635982,33.344853],[-96.635895,33.346649],[-96.634982,33.347057],[-96.635745,33.348278],[-96.63732,33.348728],[-96.637564,33.349575],[-96.636495,33.350004],[-96.636832,33.350934],[-96.635207,33.352229],[-96.636213,33.354376],[-96.638645,33.354149],[-96.639183,33.354723],[-96.63742,33.354964],[-96.63857,33.356239],[-96.636657,33.355612],[-96.63627,33.356698],[-96.638273,33.357363],[-96.637376,33.359298],[-96.639345,33.358632],[-96.639021,33.35961],[-96.640204,33.360111],[-96.639502,33.361452],[-96.641204,33.361347],[-96.640977,33.363377],[-96.641654,33.364233],[-96.642623,33.364092],[-96.642244,33.36488],[-96.643639,33.365599],[-96.641577,33.368889],[-96.643708,33.369269],[-96.643578,33.370035],[-96.642556,33.369698],[-96.64242,33.370559],[-96.643407,33.371073],[-96.643339,33.373858],[-96.645432,33.373263],[-96.644563,33.375736],[-96.645639,33.376272],[-96.645003,33.377164],[-96.646103,33.378856],[-96.649198,33.38026],[-96.650367,33.381513],[-96.650389,33.382627],[-96.654769,33.384013],[-96.653982,33.386642],[-96.6545,33.387922],[-96.653364,33.389654],[-96.656251,33.392716],[-96.655915,33.395594],[-96.656681,33.398116],[-96.657566,33.398938],[-96.656901,33.400841],[-96.656486,33.401331],[-96.63952,33.400447],[-96.638955,33.400695],[-96.639366,33.400953],[-96.564931,33.399934],[-96.559331,33.388077],[-96.544239,33.387573],[-96.54489,33.388444],[-96.544803,33.394392],[-96.552909,33.394123],[-96.552838,33.399635],[-96.520711,33.399339],[-96.521514,33.399143],[-96.520725,33.398585],[-96.521522,33.397674],[-96.520532,33.396624],[-96.519554,33.396545],[-96.519891,33.395592],[-96.518178,33.395033],[-96.516963,33.395488],[-96.516772,33.394299],[-96.515822,33.39461],[-96.515727,33.393915],[-96.513748,33.393866],[-96.511814,33.391377],[-96.512318,33.390676],[-96.511876,33.390324],[-96.511113,33.390904],[-96.510168,33.389961],[-96.510678,33.389364],[-96.509912,33.388427],[-96.508139,33.388264],[-96.508177,33.387566],[-96.507195,33.386887],[-96.505073,33.386559],[-96.505733,33.382686],[-96.490535,33.38288],[-96.489961,33.385016],[-96.475004,33.384731],[-96.47402,33.385486],[-96.473522,33.396],[-96.460198,33.395769],[-96.460024,33.398902],[-96.402353,33.39808],[-96.401954,33.397374],[-96.401417,33.383969],[-96.409685,33.379697],[-96.409932,33.373233],[-96.408911,33.372808],[-96.408925,33.368747],[-96.409633,33.368496],[-96.409376,33.352494],[-96.417916,33.352329],[-96.417922,33.350988],[-96.418979,33.350306],[-96.419776,33.348272],[-96.418576,33.346801],[-96.419445,33.344709],[-96.420349,33.344627],[-96.419692,33.343742],[-96.419928,33.34019],[-96.418693,33.337069],[-96.417191,33.335953],[-96.417747,33.335279],[-96.41836,33.335687],[-96.418911,33.333359],[-96.419715,33.332676],[-96.418514,33.332015],[-96.420132,33.331826],[-96.420028,33.330396],[-96.420657,33.329886],[-96.420196,33.329278],[-96.41946,33.329971],[-96.418264,33.329233],[-96.419288,33.328636],[-96.41838,33.328187],[-96.419217,33.32748],[-96.418123,33.327042],[-96.418626,33.326497],[-96.418,33.325806],[-96.419303,33.325532],[-96.418949,33.324309],[-96.419697,33.323411],[-96.418797,33.322996],[-96.419914,33.322159],[-96.419195,33.3204],[-96.42048,33.319467],[-96.419539,33.319629],[-96.418699,33.31881],[-96.41871,33.312596],[-96.427637,33.312756],[-96.427493,33.318162],[-96.429474,33.318589],[-96.42946,33.32273],[-96.445318,33.322922],[-96.445303,33.31112],[-96.443383,33.308445],[-96.443567,33.306936],[-96.465941,33.307471],[-96.4661,33.309801],[-96.472501,33.310021],[-96.473054,33.311034],[-96.473646,33.310102],[-96.4734,33.308861],[-96.474169,33.308286],[-96.473505,33.307371],[-96.474464,33.306959],[-96.472359,33.306271],[-96.4723,33.305173],[-96.474429,33.305751],[-96.474796,33.305118],[-96.475641,33.305327],[-96.474888,33.304383],[-96.475929,33.303987],[-96.474054,33.302719],[-96.476437,33.302045],[-96.474313,33.30151],[-96.474121,33.300734],[-96.474752,33.300299],[-96.476087,33.30086],[-96.477053,33.298641],[-96.479284,33.298263],[-96.480264,33.296602],[-96.482226,33.295853],[-96.48366,33.293931],[-96.483342,33.292566],[-96.482407,33.292104],[-96.481099,33.293183],[-96.480987,33.290902],[-96.480187,33.290843],[-96.48088,33.289135],[-96.47982,33.288168],[-96.481044,33.287087],[-96.478496,33.286693],[-96.478387,33.285531],[-96.477368,33.284546],[-96.477699,33.283398],[-96.478908,33.283938],[-96.479238,33.282496],[-96.480684,33.282527],[-96.480605,33.281728],[-96.479242,33.280833],[-96.480092,33.278146],[-96.47893,33.277607],[-96.479511,33.275987],[-96.4805,33.275503],[-96.478731,33.273923],[-96.47959,33.273186],[-96.491084,33.272658],[-96.493576,33.274493],[-96.496489,33.278567],[-96.501925,33.278863],[-96.501984,33.279432],[-96.503274,33.279611],[-96.506296,33.278958],[-96.506835,33.279814],[-96.507103,33.279271],[-96.51207,33.279356],[-96.512037,33.290623],[-96.507926,33.290537],[-96.504908,33.291457],[-96.502928,33.292886],[-96.502225,33.294977],[-96.49794,33.295364],[-96.499176,33.297355],[-96.501882,33.298896],[-96.503658,33.301228],[-96.503212,33.310792],[-96.510322,33.311006],[-96.511171,33.307701],[-96.519964,33.307986],[-96.546242,33.292388],[-96.546062,33.296923],[-96.539088,33.296947],[-96.539013,33.300075],[-96.538259,33.300033],[-96.537812,33.315313],[-96.549113,33.315542],[-96.550404,33.317121],[-96.549606,33.320492]]]},"properties":{"zip":"75409","city":"Anna","county":"Collin","u2015":4451,"u2023":8558,"added":4107,"growth":92.3,"moe":662,"certain":true,"peak_month":"2022-07","from_peak":-20.2,"value":343678}},{"type":"Feature","geometry":{"type":"Polygon","coordinates":[[[-95.887128,33.212291],[-95.861778,33.21933],[-95.862914,33.088727],[-95.867858,33.088233],[-95.86952,33.086467],[-95.872325,33.085323],[-95.876199,33.08565],[-95.876537,33.084716],[-95.893322,33.084691],[-95.893796,33.083294],[-95.912455,33.08344],[-95.912551,33.085825],[-95.926024,33.085817],[-95.926239,33.078707],[-95.935609,33.078698],[-95.935148,33.077911],[-95.935415,33.06836],[-95.934981,33.066614],[-95.935736,33.055479],[-95.93688,33.05015],[-95.937775,33.04873],[-95.955101,33.049051],[-95.955111,33.051713],[-95.954259,33.052017],[-95.953907,33.053375],[-95.953788,33.058418],[-95.955126,33.059635],[-95.994217,33.058791],[-95.994279,33.059527],[-95.997471,33.059441],[-95.998236,33.058822],[-95.998909,33.060496],[-95.999117,33.059629],[-96.001038,33.058621],[-96.00222,33.060218],[-96.000511,33.062023],[-96.001681,33.06154],[-96.002379,33.06241],[-96.003186,33.061632],[-96.004759,33.061447],[-96.004339,33.062222],[-96.005171,33.063144],[-96.003988,33.063449],[-96.003922,33.064704],[-96.002996,33.065283],[-96.003596,33.067504],[-96.002467,33.068724],[-96.002602,33.069816],[-96.001332,33.07047],[-96.00262,33.071236],[-96.00229,33.072235],[-96.001718,33.071965],[-96.001927,33.072777],[-96.00004,33.073943],[-95.99953,33.07363],[-95.998893,33.074323],[-95.998445,33.073714],[-95.997466,33.075211],[-95.998412,33.075873],[-95.997458,33.07613],[-95.997869,33.076639],[-95.99704,33.077171],[-95.997219,33.078395],[-95.996284,33.078319],[-95.996292,33.079661],[-95.994989,33.079531],[-95.99582,33.079957],[-95.995414,33.08112],[-95.99421,33.080956],[-95.993513,33.0856],[-95.994319,33.086637],[-95.993734,33.088554],[-95.994553,33.088759],[-95.993995,33.089205],[-95.994215,33.090024],[-95.993554,33.091295],[-95.991307,33.091293],[-95.991507,33.092401],[-95.990588,33.093348],[-95.990603,33.097535],[-95.991082,33.098636],[-95.992656,33.099018],[-95.99207,33.099598],[-95.992202,33.100682],[-95.990359,33.101393],[-95.990947,33.101967],[-95.989779,33.102463],[-95.99059,33.103831],[-95.989766,33.104405],[-95.991044,33.10539],[-95.990194,33.106053],[-95.990953,33.10624],[-95.990991,33.107219],[-95.992041,33.107464],[-95.993047,33.109181],[-95.993221,33.112321],[-95.998736,33.117893],[-95.998495,33.119143],[-95.99745,33.119788],[-95.999735,33.121746],[-95.998827,33.123728],[-95.999876,33.1253],[-95.999029,33.126666],[-95.998931,33.12966],[-95.99153,33.129379],[-95.987525,33.136457],[-95.988786,33.139439],[-95.988069,33.146076],[-95.9971,33.146351],[-95.997454,33.148367],[-96.003395,33.148437],[-96.003145,33.159812],[-96.004151,33.161123],[-96.003952,33.174371],[-96.001027,33.174585],[-96.000863,33.1805],[-95.997361,33.181398],[-95.997322,33.186967],[-96.006023,33.193254],[-96.006772,33.195608],[-95.98999,33.200066],[-95.977795,33.209984],[-95.957008,33.196205],[-95.955361,33.195377],[-95.952929,33.195326],[-95.949866,33.196095],[-95.923865,33.211035],[-95.910607,33.212223],[-95.896017,33.211146],[-95.887128,33.212291]]]},"properties":{"zip":"75422","city":"Campbell","county":"Hunt","u2015":1053,"u2023":1226,"added":173,"growth":16.4,"moe":285,"certain":false,"peak_month":"2024-09","from_peak":-4.4,"value":365756}},{"type":"Feature","geometry":{"type":"Polygon","coordinates":[[[-96.280845,33.211774],[-96.287341,33.216579],[-96.285346,33.21822],[-96.285587,33.218781],[-96.286266,33.218218],[-96.288682,33.220363],[-96.290249,33.219625],[-96.290019,33.226875],[-96.282836,33.236133],[-96.282026,33.268226],[-96.28915,33.268749],[-96.289188,33.269647],[-96.295248,33.269923],[-96.295304,33.291409],[-96.274776,33.291127],[-96.271369,33.293478],[-96.267748,33.302656],[-96.262711,33.302132],[-96.262368,33.304715],[-96.26514,33.3056],[-96.264914,33.312209],[-96.265823,33.312514],[-96.265439,33.313175],[-96.254247,33.324624],[-96.253018,33.328417],[-96.247714,33.32913],[-96.244977,33.331387],[-96.241095,33.331302],[-96.240721,33.337788],[-96.239048,33.337711],[-96.237925,33.341301],[-96.237874,33.344873],[-96.227097,33.344478],[-96.226968,33.347696],[-96.220112,33.347486],[-96.22515,33.357343],[-96.228406,33.360867],[-96.214322,33.362716],[-96.213607,33.374774],[-96.2025,33.374367],[-96.201708,33.374958],[-96.201232,33.377969],[-96.197566,33.378193],[-96.195322,33.377347],[-96.191781,33.377195],[-96.19168,33.376385],[-96.177579,33.376046],[-96.177862,33.367525],[-96.157309,33.370233],[-96.158058,33.351335],[-96.160116,33.349558],[-96.160196,33.343691],[-96.157474,33.341777],[-96.156926,33.340683],[-96.154096,33.339078],[-96.154004,33.337356],[-96.151933,33.336295],[-96.151936,33.33485],[-96.150193,33.333323],[-96.150349,33.331986],[-96.148663,33.329366],[-96.146675,33.328038],[-96.143747,33.329403],[-96.139948,33.32855],[-96.137017,33.327139],[-96.135582,33.324927],[-96.132779,33.324899],[-96.132793,33.323991],[-96.131609,33.32385],[-96.130292,33.32133],[-96.126987,33.32107],[-96.126643,33.32197],[-96.12573,33.32123],[-96.12534,33.322066],[-96.122826,33.32125],[-96.120773,33.323343],[-96.119601,33.323251],[-96.119022,33.322483],[-96.118623,33.323295],[-96.11713,33.32341],[-96.117283,33.31512],[-96.114139,33.311568],[-96.098216,33.311309],[-96.092011,33.311802],[-96.092895,33.289462],[-96.101556,33.25831],[-96.101276,33.241712],[-96.10816,33.241312],[-96.126318,33.241825],[-96.126333,33.24839],[-96.124833,33.248782],[-96.123767,33.251534],[-96.122599,33.252294],[-96.122313,33.258978],[-96.121051,33.26039],[-96.119983,33.268796],[-96.125899,33.268881],[-96.129362,33.269863],[-96.143744,33.270009],[-96.144508,33.258097],[-96.169657,33.258001],[-96.171859,33.255119],[-96.176672,33.25303],[-96.175392,33.250825],[-96.176432,33.251393],[-96.177647,33.250856],[-96.177906,33.246713],[-96.176465,33.246315],[-96.176508,33.243305],[-96.179761,33.243052],[-96.181505,33.238473],[-96.180734,33.23709],[-96.180751,33.231183],[-96.187406,33.231149],[-96.187807,33.23003],[-96.189136,33.229961],[-96.189235,33.22796],[-96.190928,33.226885],[-96.191425,33.225098],[-96.195896,33.226894],[-96.203791,33.226329],[-96.203906,33.220867],[-96.20297,33.220394],[-96.203627,33.211101],[-96.206151,33.210875],[-96.206263,33.20479],[-96.21496,33.20481],[-96.215197,33.196603],[-96.215748,33.195849],[-96.215257,33.193297],[-96.2178,33.193364],[-96.217827,33.196379],[-96.223313,33.196559],[-96.225966,33.197834],[-96.227128,33.199354],[-96.227292,33.202222],[-96.232909,33.202439],[-96.23818,33.20465],[-96.249148,33.20552],[-96.249137,33.208156],[-96.247884,33.209341],[-96.24758,33.215584],[-96.248327,33.217256],[-96.249673,33.217452],[-96.250203,33.218921],[-96.25085,33.222484],[-96.250344,33.224643],[-96.263243,33.224739],[-96.263721,33.218719],[-96.266796,33.213918],[-96.26635,33.211827],[-96.267689,33.204891],[-96.278029,33.205129],[-96.278836,33.208258],[-96.280845,33.211774]]]},"properties":{"zip":"75423","city":"Celeste","county":"Hunt","u2015":1241,"u2023":1213,"added":-28,"growth":-2.3,"moe":177,"certain":false,"peak_month":"2024-08","from_peak":-2.4,"value":375820}},{"type":"Feature","geometry":{"type":"Polygon","coordinates":[[[-96.465941,33.307471],[-96.443567,33.306936],[-96.443383,33.308445],[-96.445303,33.31112],[-96.445318,33.322922],[-96.42946,33.32273],[-96.429474,33.318589],[-96.427493,33.318162],[-96.427637,33.312756],[-96.41871,33.312596],[-96.418699,33.31881],[-96.419539,33.319629],[-96.42048,33.319467],[-96.419195,33.3204],[-96.419914,33.322159],[-96.418797,33.322996],[-96.419697,33.323411],[-96.418949,33.324309],[-96.419303,33.325532],[-96.418,33.325806],[-96.418626,33.326497],[-96.418123,33.327042],[-96.419217,33.32748],[-96.41838,33.328187],[-96.419288,33.328636],[-96.418264,33.329233],[-96.41946,33.329971],[-96.420196,33.329278],[-96.420657,33.329886],[-96.420028,33.330396],[-96.420132,33.331826],[-96.418514,33.332015],[-96.419715,33.332676],[-96.418911,33.333359],[-96.41836,33.335687],[-96.417747,33.335279],[-96.417191,33.335953],[-96.418693,33.337069],[-96.419928,33.34019],[-96.419692,33.343742],[-96.420349,33.344627],[-96.419445,33.344709],[-96.418576,33.346801],[-96.419776,33.348272],[-96.418979,33.350306],[-96.417922,33.350988],[-96.417916,33.352329],[-96.409376,33.352494],[-96.409633,33.368496],[-96.408925,33.368747],[-96.408911,33.372808],[-96.409932,33.373233],[-96.409685,33.379697],[-96.401417,33.383969],[-96.401778,33.396625],[-96.402353,33.39808],[-96.393363,33.398395],[-96.386474,33.398075],[-96.38415,33.39739],[-96.374677,33.406939],[-96.363749,33.406442],[-96.364621,33.391774],[-96.363837,33.389075],[-96.363802,33.383506],[-96.367312,33.383029],[-96.367421,33.379872],[-96.366314,33.379464],[-96.366957,33.361305],[-96.347629,33.360747],[-96.347337,33.359207],[-96.348012,33.357388],[-96.348989,33.357276],[-96.348719,33.353804],[-96.349694,33.353583],[-96.349963,33.345198],[-96.3172,33.349381],[-96.318311,33.340727],[-96.33031,33.341139],[-96.330506,33.335352],[-96.313815,33.335064],[-96.313541,33.340522],[-96.311574,33.340172],[-96.312594,33.336051],[-96.313646,33.335479],[-96.312299,33.331708],[-96.312223,33.329559],[-96.312985,33.32727],[-96.314096,33.327228],[-96.314425,33.326367],[-96.314772,33.32712],[-96.315289,33.326732],[-96.314943,33.326161],[-96.315855,33.324321],[-96.30513,33.324031],[-96.303447,33.324595],[-96.302205,33.340156],[-96.295378,33.339993],[-96.295248,33.269923],[-96.316919,33.269934],[-96.317151,33.269301],[-96.316092,33.268676],[-96.316233,33.267615],[-96.317273,33.266472],[-96.317148,33.2655],[-96.318794,33.265161],[-96.319663,33.263229],[-96.322131,33.26363],[-96.324117,33.261075],[-96.325312,33.261321],[-96.326275,33.26023],[-96.327868,33.260821],[-96.328294,33.260136],[-96.329568,33.260089],[-96.329868,33.260689],[-96.329203,33.261474],[-96.329889,33.262082],[-96.333989,33.259898],[-96.336069,33.261342],[-96.33647,33.261028],[-96.335773,33.257505],[-96.342822,33.256287],[-96.343506,33.263661],[-96.35137,33.264],[-96.355104,33.265293],[-96.377247,33.266218],[-96.379427,33.267764],[-96.385328,33.267964],[-96.385523,33.268939],[-96.388101,33.269053],[-96.387259,33.263033],[-96.385226,33.258322],[-96.386683,33.258381],[-96.385883,33.253819],[-96.410129,33.253901],[-96.419256,33.251604],[-96.42176,33.25163],[-96.42228,33.249282],[-96.420297,33.242803],[-96.421706,33.236457],[-96.417228,33.236078],[-96.417086,33.23465],[-96.421757,33.234467],[-96.422127,33.230279],[-96.432352,33.230444],[-96.432282,33.234163],[-96.447612,33.234294],[-96.447384,33.241503],[-96.45725,33.241773],[-96.457052,33.249336],[-96.45969,33.249326],[-96.462833,33.248382],[-96.469677,33.24841],[-96.474734,33.247135],[-96.474102,33.247892],[-96.475602,33.249556],[-96.474156,33.25016],[-96.473274,33.252516],[-96.474779,33.253012],[-96.474096,33.25414],[-96.476105,33.256208],[-96.477106,33.255961],[-96.47654,33.254706],[-96.477011,33.254297],[-96.47783,33.254706],[-96.477593,33.255564],[-96.47894,33.256295],[-96.477816,33.25768],[-96.479675,33.259836],[-96.479755,33.2605],[-96.478881,33.260612],[-96.479199,33.262504],[-96.477259,33.262768],[-96.476517,33.264643],[-96.477517,33.265422],[-96.475245,33.267398],[-96.476417,33.269893],[-96.476431,33.272779],[-96.478457,33.273237],[-96.478199,33.273884],[-96.479683,33.274244],[-96.479748,33.275053],[-96.480457,33.275377],[-96.479511,33.275987],[-96.47893,33.277607],[-96.480092,33.278146],[-96.479242,33.280833],[-96.48075,33.282153],[-96.480363,33.282729],[-96.479238,33.282496],[-96.479078,33.283882],[-96.477699,33.283398],[-96.477368,33.284546],[-96.478387,33.285531],[-96.478496,33.286693],[-96.481044,33.287087],[-96.47982,33.288168],[-96.48088,33.289135],[-96.480187,33.290843],[-96.480987,33.290902],[-96.481099,33.293183],[-96.482407,33.292104],[-96.483342,33.292566],[-96.48366,33.293931],[-96.482226,33.295853],[-96.480264,33.296602],[-96.479284,33.298263],[-96.477053,33.298641],[-96.476087,33.30086],[-96.474752,33.300299],[-96.474121,33.300734],[-96.474313,33.30151],[-96.476437,33.302045],[-96.474054,33.302719],[-96.475929,33.303987],[-96.474888,33.304383],[-96.475641,33.305327],[-96.474796,33.305118],[-96.474429,33.305751],[-96.4723,33.305173],[-96.472359,33.306271],[-96.474464,33.306959],[-96.473505,33.307371],[-96.474169,33.308286],[-96.4734,33.308861],[-96.473646,33.310102],[-96.473054,33.311034],[-96.472501,33.310021],[-96.4661,33.309801],[-96.465941,33.307471]]]},"properties":{"zip":"75424","city":"Blue Ridge","county":"Collin","u2015":1357,"u2023":1387,"added":30,"growth":2.2,"moe":237,"certain":false,"peak_month":"2025-03","from_peak":-1.9,"value":447602}},{"type":"Feature","geometry":{"type":"MultiPolygon","coordinates":[[[[-95.859557,33.348598],[-95.859221,33.363708],[-95.85275,33.363767],[-95.852757,33.365563],[-95.849146,33.365554],[-95.849175,33.363774],[-95.842389,33.363781],[-95.84231,33.362135],[-95.836887,33.362048],[-95.836322,33.349992],[-95.828072,33.349791],[-95.828072,33.345477],[-95.836342,33.344132],[-95.836382,33.345111],[-95.842902,33.346989],[-95.846875,33.347154],[-95.850228,33.348225],[-95.859557,33.348598]]],[[[-95.902914,33.331708],[-95.872563,33.331294],[-95.867471,33.333267],[-95.860199,33.333334],[-95.860262,33.341866],[-95.856505,33.341793],[-95.848931,33.341636],[-95.848981,33.336782],[-95.842207,33.336637],[-95.842104,33.330925],[-95.83969,33.330606],[-95.839836,33.323704],[-95.84793,33.323822],[-95.848122,33.320414],[-95.860294,33.320617],[-95.861421,33.264333],[-95.841997,33.264316],[-95.841807,33.261521],[-95.835431,33.261437],[-95.834925,33.269181],[-95.823242,33.269146],[-95.824352,33.27273],[-95.824321,33.277771],[-95.823637,33.278832],[-95.822761,33.278678],[-95.822891,33.277909],[-95.821596,33.278744],[-95.820609,33.278393],[-95.819255,33.279728],[-95.820472,33.28049],[-95.821041,33.280051],[-95.821093,33.280607],[-95.819582,33.281464],[-95.819033,33.280689],[-95.818856,33.28181],[-95.816933,33.282915],[-95.808489,33.284382],[-95.803471,33.286409],[-95.796923,33.286451],[-95.794614,33.287732],[-95.790743,33.293847],[-95.78936,33.293137],[-95.787593,33.293405],[-95.78671,33.294406],[-95.785388,33.294987],[-95.786913,33.293615],[-95.781974,33.292904],[-95.781713,33.292142],[-95.782602,33.29168],[-95.781445,33.290498],[-95.78223,33.290279],[-95.780425,33.289558],[-95.779365,33.289696],[-95.77905,33.290641],[-95.775609,33.292364],[-95.774712,33.293656],[-95.773358,33.292996],[-95.773843,33.292288],[-95.773019,33.291209],[-95.765332,33.290495],[-95.75964,33.287401],[-95.763497,33.28712],[-95.762646,33.284658],[-95.76374,33.282941],[-95.766063,33.284101],[-95.767717,33.283811],[-95.766303,33.280577],[-95.766633,33.279001],[-95.767908,33.279683],[-95.767844,33.278523],[-95.769806,33.278304],[-95.771081,33.279673],[-95.772331,33.278875],[-95.771278,33.278145],[-95.771749,33.276805],[-95.774313,33.276877],[-95.77364,33.275525],[-95.771848,33.274492],[-95.772719,33.273525],[-95.777082,33.272944],[-95.776578,33.271922],[-95.775636,33.272153],[-95.7751,33.271565],[-95.77654,33.270296],[-95.776076,33.269126],[-95.777731,33.268169],[-95.778374,33.262093],[-95.779212,33.259918],[-95.781194,33.259556],[-95.781658,33.258468],[-95.783771,33.257606],[-95.783954,33.256233],[-95.787048,33.254778],[-95.786557,33.25419],[-95.787473,33.253574],[-95.788402,33.253921],[-95.788682,33.255058],[-95.791815,33.25508],[-95.792142,33.254762],[-95.790828,33.253982],[-95.792404,33.25296],[-95.792829,33.253712],[-95.794176,33.253113],[-95.794051,33.254058],[-95.79549,33.255169],[-95.795372,33.253597],[-95.796346,33.254038],[-95.796935,33.252587],[-95.798779,33.252339],[-95.799603,33.250978],[-95.800355,33.251092],[-95.80129,33.252581],[-95.801415,33.251779],[-95.803906,33.251962],[-95.803853,33.250984],[-95.805842,33.249813],[-95.805573,33.249065],[-95.806744,33.249291],[-95.807116,33.248181],[-95.80796,33.248064],[-95.807214,33.24729],[-95.807999,33.246934],[-95.808332,33.244373],[-95.810156,33.243363],[-95.810111,33.242044],[-95.812288,33.242538],[-95.812105,33.241407],[-95.81285,33.241169],[-95.814851,33.242527],[-95.814354,33.240461],[-95.81623,33.241472],[-95.815537,33.240384],[-95.815929,33.23939],[-95.816505,33.240274],[-95.817655,33.239461],[-95.81863,33.241005],[-95.822193,33.240921],[-95.822964,33.240333],[-95.82267,33.239268],[-95.82452,33.23957],[-95.823016,33.238016],[-95.824585,33.238054],[-95.824323,33.237372],[-95.825186,33.235917],[-95.826559,33.235795],[-95.826775,33.236845],[-95.828723,33.235987],[-95.830468,33.236707],[-95.830069,33.235405],[-95.832279,33.23569],[-95.831887,33.234662],[-95.830919,33.234399],[-95.831141,33.233525],[-95.831873,33.233218],[-95.83307,33.235084],[-95.833612,33.234634],[-95.833004,33.233289],[-95.834095,33.232239],[-95.835736,33.232514],[-95.834893,33.233931],[-95.835352,33.235272],[-95.83643,33.234969],[-95.836953,33.23388],[-95.839424,33.234512],[-95.840208,33.233803],[-95.841189,33.234715],[-95.842849,33.233621],[-95.844222,33.233852],[-95.845065,33.233241],[-95.844973,33.23256],[-95.843659,33.232445],[-95.843352,33.23106],[-95.84679,33.230747],[-95.845959,33.229917],[-95.84658,33.228802],[-95.845696,33.227209],[-95.847305,33.227576],[-95.847363,33.225599],[-95.848264,33.225],[-95.849925,33.226246],[-95.850644,33.224877],[-95.852467,33.224525],[-95.852748,33.223224],[-95.854493,33.223756],[-95.85565,33.222898],[-95.856572,33.223348],[-95.856765,33.22245],[-95.858742,33.222507],[-95.859185,33.221787],[-95.858584,33.221842],[-95.858106,33.220821],[-95.859008,33.220567],[-95.85872,33.219732],[-95.860085,33.218308],[-95.86078,33.219367],[-95.862159,33.219338],[-95.887128,33.212291],[-95.896017,33.211146],[-95.910607,33.212223],[-95.923865,33.211035],[-95.951751,33.19547],[-95.955361,33.195377],[-95.957008,33.196205],[-95.977285,33.209251],[-95.978091,33.210335],[-95.982003,33.212182],[-95.992691,33.211838],[-95.994689,33.212581],[-95.996477,33.212076],[-95.997365,33.213262],[-95.999248,33.213279],[-95.999282,33.213896],[-95.998122,33.214066],[-95.997735,33.214764],[-96.000386,33.215623],[-96.001956,33.21802],[-96.003177,33.216966],[-96.005113,33.219053],[-96.008138,33.219186],[-96.009088,33.218442],[-96.010405,33.21848],[-96.010985,33.217585],[-96.01152,33.218624],[-96.012406,33.218275],[-96.013215,33.21905],[-96.013477,33.218297],[-96.015042,33.217537],[-96.015272,33.219851],[-96.016482,33.219944],[-96.015864,33.220671],[-96.016527,33.221856],[-96.016948,33.221325],[-96.01793,33.221868],[-96.019015,33.221548],[-96.021125,33.222868],[-96.022674,33.222572],[-96.021976,33.223785],[-96.023446,33.224386],[-96.024082,33.226519],[-96.026793,33.226906],[-96.025625,33.227773],[-96.026027,33.228695],[-96.024771,33.230755],[-96.02647,33.230601],[-96.025451,33.233036],[-96.026097,33.234555],[-96.027376,33.235186],[-96.025989,33.235422],[-96.02665,33.236241],[-96.025192,33.23688],[-96.029575,33.237561],[-96.029943,33.239313],[-96.02925,33.239575],[-96.030524,33.240414],[-96.02991,33.241909],[-96.031658,33.241818],[-96.031225,33.242274],[-96.032118,33.243131],[-96.024039,33.243014],[-96.022332,33.243519],[-96.020955,33.244999],[-96.020503,33.249378],[-96.019641,33.250849],[-96.024412,33.251268],[-96.025831,33.252667],[-96.030686,33.253003],[-96.030389,33.267197],[-96.023524,33.267162],[-96.016699,33.265037],[-96.016343,33.261781],[-96.010061,33.265318],[-96.009276,33.268213],[-96.009712,33.281504],[-96.012498,33.286541],[-96.006143,33.286605],[-96.005937,33.296368],[-96.003896,33.296501],[-96.001852,33.297514],[-95.996237,33.304661],[-95.991793,33.306444],[-95.98913,33.30679],[-95.990175,33.308742],[-95.99247,33.310451],[-95.992045,33.312441],[-95.993387,33.312713],[-95.993068,33.318269],[-95.995231,33.319363],[-95.995182,33.32032],[-95.994305,33.320661],[-95.995756,33.322352],[-95.994613,33.323031],[-95.993693,33.326095],[-95.994676,33.328409],[-95.975081,33.327455],[-95.974265,33.32661],[-95.974308,33.323166],[-95.972821,33.322964],[-95.972818,33.322011],[-95.968335,33.321953],[-95.967273,33.322623],[-95.967064,33.321875],[-95.963564,33.321823],[-95.963205,33.322511],[-95.950638,33.322271],[-95.950359,33.326298],[-95.939758,33.326217],[-95.939164,33.328226],[-95.932445,33.328104],[-95.932139,33.330211],[-95.912471,33.329295],[-95.902914,33.331708]]]]},"properties":{"zip":"75428","city":"Commerce","county":"Hunt","u2015":4441,"u2023":4616,"added":175,"growth":3.9,"moe":398,"certain":false,"peak_month":"2024-08","from_peak":-9.9,"value":210917}},{"type":"Feature","geometry":{"type":"Polygon","coordinates":[[[-96.287341,33.216579],[-96.280845,33.211774],[-96.278836,33.208258],[-96.278029,33.205129],[-96.267689,33.204891],[-96.26635,33.211827],[-96.266796,33.213918],[-96.263721,33.218719],[-96.263243,33.224739],[-96.250344,33.224643],[-96.25085,33.222484],[-96.250203,33.218921],[-96.249673,33.217452],[-96.248327,33.217256],[-96.24758,33.215584],[-96.247884,33.209341],[-96.249137,33.208156],[-96.249148,33.20552],[-96.23818,33.20465],[-96.232909,33.202439],[-96.227292,33.202222],[-96.227211,33.19964],[-96.226197,33.19802],[-96.223313,33.196559],[-96.217827,33.196379],[-96.217566,33.193305],[-96.215257,33.193297],[-96.215748,33.195849],[-96.215197,33.196603],[-96.21496,33.20481],[-96.206263,33.20479],[-96.206239,33.187921],[-96.215327,33.187998],[-96.215343,33.186691],[-96.221273,33.18759],[-96.22279,33.187066],[-96.24056,33.187134],[-96.241207,33.188724],[-96.264445,33.189421],[-96.265356,33.177373],[-96.270851,33.188203],[-96.273363,33.186016],[-96.273793,33.184835],[-96.276167,33.18401],[-96.275797,33.18336],[-96.276845,33.182228],[-96.276158,33.181317],[-96.276647,33.180314],[-96.276032,33.178947],[-96.275398,33.178829],[-96.275147,33.176623],[-96.275827,33.176206],[-96.275385,33.175328],[-96.275751,33.173035],[-96.276861,33.172309],[-96.276128,33.170599],[-96.275322,33.170731],[-96.275216,33.169832],[-96.273512,33.16883],[-96.273354,33.16751],[-96.274496,33.167107],[-96.272801,33.165987],[-96.272903,33.164654],[-96.272283,33.164074],[-96.272916,33.16307],[-96.271768,33.162845],[-96.273395,33.16138],[-96.273108,33.160594],[-96.274125,33.160635],[-96.273662,33.159748],[-96.275604,33.159381],[-96.276027,33.158417],[-96.27548,33.158054],[-96.275769,33.157486],[-96.274951,33.15734],[-96.275532,33.156774],[-96.275097,33.155863],[-96.274106,33.155533],[-96.274621,33.154318],[-96.272263,33.153306],[-96.273132,33.152969],[-96.272031,33.152577],[-96.272125,33.151635],[-96.278487,33.152313],[-96.279079,33.139912],[-96.295917,33.140335],[-96.296046,33.131676],[-96.295403,33.131788],[-96.29531,33.132893],[-96.289651,33.132401],[-96.289631,33.127713],[-96.288805,33.126537],[-96.282719,33.126331],[-96.283694,33.100262],[-96.282366,33.100225],[-96.283838,33.097135],[-96.296183,33.0974],[-96.296199,33.075403],[-96.297902,33.077201],[-96.297299,33.078021],[-96.301785,33.08084],[-96.30211,33.083033],[-96.304718,33.086295],[-96.30483,33.078156],[-96.326155,33.078544],[-96.336609,33.07934],[-96.335993,33.100443],[-96.334634,33.102561],[-96.348187,33.111414],[-96.35409,33.111465],[-96.354443,33.101784],[-96.362716,33.101934],[-96.362924,33.101291],[-96.364688,33.102141],[-96.380181,33.102381],[-96.381132,33.080422],[-96.384395,33.080498],[-96.384889,33.075165],[-96.386134,33.075096],[-96.387734,33.076728],[-96.388151,33.075904],[-96.389211,33.076136],[-96.394185,33.072966],[-96.401954,33.070538],[-96.406776,33.065643],[-96.423814,33.066131],[-96.423646,33.071548],[-96.41761,33.068309],[-96.416693,33.07311],[-96.409266,33.072902],[-96.409207,33.080156],[-96.414828,33.080309],[-96.415611,33.081279],[-96.41777,33.08034],[-96.424381,33.080529],[-96.420795,33.086782],[-96.41214,33.098837],[-96.410903,33.102483],[-96.410645,33.106694],[-96.411419,33.106391],[-96.412199,33.102044],[-96.420247,33.09655],[-96.422656,33.096499],[-96.424047,33.095542],[-96.434441,33.093888],[-96.439874,33.094363],[-96.443654,33.097138],[-96.449698,33.096761],[-96.461228,33.097738],[-96.457138,33.119049],[-96.455381,33.123394],[-96.452133,33.128521],[-96.432504,33.150925],[-96.429546,33.156322],[-96.429724,33.16264],[-96.429245,33.162567],[-96.428761,33.164569],[-96.419945,33.171992],[-96.418498,33.174346],[-96.419662,33.183605],[-96.421219,33.186686],[-96.425317,33.190942],[-96.427229,33.19106],[-96.427723,33.190054],[-96.431744,33.193514],[-96.43141,33.194777],[-96.432737,33.19633],[-96.432976,33.198473],[-96.433983,33.199284],[-96.433617,33.204816],[-96.439134,33.204955],[-96.439006,33.208879],[-96.441941,33.209018],[-96.441611,33.22011],[-96.439797,33.220092],[-96.439581,33.227712],[-96.44077,33.227772],[-96.439708,33.230483],[-96.439933,33.234179],[-96.432282,33.234163],[-96.432352,33.230444],[-96.422127,33.230279],[-96.421757,33.234467],[-96.417086,33.23465],[-96.417228,33.236078],[-96.421706,33.236457],[-96.420297,33.242803],[-96.42228,33.249282],[-96.42176,33.25163],[-96.419256,33.251604],[-96.410129,33.253901],[-96.385883,33.253819],[-96.386683,33.258381],[-96.385226,33.258322],[-96.387259,33.263033],[-96.388101,33.269053],[-96.385523,33.268939],[-96.385328,33.267964],[-96.379427,33.267764],[-96.377247,33.266218],[-96.355104,33.265293],[-96.35137,33.264],[-96.343506,33.263661],[-96.342822,33.256287],[-96.335773,33.257505],[-96.33647,33.261028],[-96.336069,33.261342],[-96.333989,33.259898],[-96.329889,33.262082],[-96.329203,33.261474],[-96.329868,33.260689],[-96.329568,33.260089],[-96.328294,33.260136],[-96.327868,33.260821],[-96.326275,33.26023],[-96.325312,33.261321],[-96.324117,33.261075],[-96.322131,33.26363],[-96.319663,33.263229],[-96.318794,33.265161],[-96.317148,33.2655],[-96.317273,33.266472],[-96.316233,33.267615],[-96.316092,33.268676],[-96.317151,33.269301],[-96.316919,33.269934],[-96.295691,33.270072],[-96.289188,33.269647],[-96.28915,33.268749],[-96.282026,33.268226],[-96.282836,33.236133],[-96.290019,33.226875],[-96.290249,33.219625],[-96.288682,33.220363],[-96.286266,33.218218],[-96.285587,33.218781],[-96.285346,33.21822],[-96.287341,33.216579]]]},"properties":{"zip":"75442","city":"Farmersville","county":"Collin","u2015":3707,"u2023":4060,"added":353,"growth":9.5,"moe":523,"certain":false,"peak_month":"2022-07","from_peak":-10.6,"value":338577}},{"type":"Feature","geometry":{"type":"Polygon","coordinates":[[[-96.004008,32.999972],[-96.004315,33.00421],[-96.005296,33.00526],[-96.003835,33.005419],[-96.003775,33.006327],[-96.002762,33.006621],[-96.002055,33.008018],[-96.003453,33.008471],[-96.002981,33.010213],[-96.00115,33.010505],[-96.001644,33.012293],[-95.999583,33.013731],[-95.999114,33.015161],[-95.999632,33.016032],[-95.998217,33.016601],[-95.998247,33.018538],[-95.995198,33.019802],[-95.997939,33.01964],[-95.996223,33.023288],[-95.996881,33.024012],[-95.996689,33.025202],[-95.998334,33.026007],[-95.998107,33.028722],[-95.999889,33.030268],[-96.000472,33.031895],[-95.998629,33.03275],[-95.997254,33.031619],[-95.996688,33.032048],[-95.997218,33.032718],[-95.995863,33.032767],[-95.995921,33.033817],[-95.995214,33.034376],[-95.996274,33.036507],[-95.994534,33.037079],[-95.99542,33.038206],[-95.991604,33.040118],[-95.992158,33.040526],[-95.994329,33.039689],[-95.994608,33.04045],[-95.990706,33.041755],[-95.991941,33.043244],[-95.989918,33.044559],[-95.991406,33.045495],[-95.99014,33.0465],[-95.991622,33.047787],[-95.98901,33.049236],[-95.990329,33.050708],[-95.990402,33.049495],[-95.992661,33.048831],[-95.99184,33.049858],[-95.992858,33.050434],[-95.992899,33.05126],[-95.991462,33.051775],[-95.992022,33.05265],[-95.991702,33.053621],[-95.992405,33.054962],[-95.994378,33.055739],[-95.993409,33.056265],[-95.993338,33.05767],[-95.995212,33.058183],[-95.994217,33.058791],[-95.955126,33.059635],[-95.953788,33.058418],[-95.953907,33.053375],[-95.954259,33.052017],[-95.955111,33.051713],[-95.955101,33.049051],[-95.937775,33.04873],[-95.93688,33.05015],[-95.935736,33.055479],[-95.934981,33.066614],[-95.935415,33.06836],[-95.935148,33.077911],[-95.935609,33.078698],[-95.926239,33.078707],[-95.926024,33.085817],[-95.912551,33.085825],[-95.912455,33.08344],[-95.893796,33.083294],[-95.893322,33.084691],[-95.876537,33.084716],[-95.876199,33.08565],[-95.872325,33.085323],[-95.86952,33.086467],[-95.867858,33.088233],[-95.862914,33.088727],[-95.863308,33.018821],[-95.845982,33.018337],[-95.834356,33.019284],[-95.832547,33.017477],[-95.833063,33.015442],[-95.829394,33.01238],[-95.830317,33.008128],[-95.829176,33.006849],[-95.827953,33.007286],[-95.826621,33.003285],[-95.828794,33.000112],[-95.828773,32.996031],[-95.82956,32.994151],[-95.828971,32.993791],[-95.833538,32.993644],[-95.833924,32.990661],[-95.837432,32.989759],[-95.858842,32.989708],[-95.858689,32.979534],[-95.92355,32.979796],[-95.915003,32.971637],[-95.915713,32.970914],[-95.92299,32.970871],[-95.921925,32.96627],[-95.921754,32.959047],[-95.916333,32.949256],[-95.903582,32.946469],[-95.897741,32.946613],[-95.88252,32.939203],[-95.882417,32.928925],[-95.903404,32.928877],[-95.903284,32.925964],[-95.909212,32.925882],[-95.909442,32.926969],[-95.917004,32.926969],[-95.917041,32.918681],[-95.917745,32.915492],[-95.917885,32.907072],[-95.918772,32.903318],[-95.919117,32.896472],[-95.925071,32.896579],[-95.924956,32.902572],[-95.927957,32.902548],[-95.92791,32.904176],[-95.929371,32.905501],[-95.930295,32.90558],[-95.930063,32.904083],[-95.933042,32.904161],[-95.935425,32.902018],[-95.936492,32.901821],[-95.938798,32.903018],[-95.939415,32.900523],[-95.943242,32.902465],[-95.94621,32.904649],[-95.946936,32.905879],[-95.953064,32.908884],[-95.956115,32.909581],[-95.956358,32.908245],[-95.961106,32.908586],[-95.961108,32.912197],[-95.967729,32.912008],[-95.969277,32.908062],[-95.986043,32.905808],[-96.000246,32.929536],[-96.004239,32.944195],[-96.009854,32.958582],[-96.015541,32.970806],[-96.01673,32.975731],[-96.016306,32.980691],[-96.007748,32.99486],[-96.004008,32.999972]]]},"properties":{"zip":"75453","city":"Lone Oak","county":"Hunt","u2015":1579,"u2023":1298,"added":-281,"growth":-17.8,"moe":282,"certain":false,"peak_month":"2022-07","from_peak":-10.4,"value":287078}},{"type":"Feature","geometry":{"type":"Polygon","coordinates":[[[-96.60926,33.243976],[-96.610549,33.24355],[-96.617162,33.244024],[-96.61838,33.243318],[-96.61927,33.24416],[-96.622495,33.244487],[-96.623521,33.24628],[-96.609368,33.257133],[-96.610028,33.259085],[-96.611679,33.260171],[-96.611011,33.261133],[-96.612467,33.261535],[-96.610796,33.263689],[-96.612221,33.265075],[-96.610993,33.265473],[-96.611258,33.266295],[-96.609417,33.267342],[-96.611324,33.268362],[-96.611426,33.269109],[-96.610174,33.269153],[-96.609862,33.270093],[-96.607852,33.270759],[-96.607626,33.271914],[-96.605394,33.272756],[-96.605555,33.274194],[-96.606964,33.275204],[-96.606475,33.276815],[-96.605176,33.27729],[-96.605945,33.277754],[-96.605634,33.27845],[-96.606353,33.279353],[-96.604694,33.280428],[-96.606058,33.281156],[-96.60461,33.282683],[-96.606286,33.284343],[-96.60467,33.285286],[-96.592161,33.285012],[-96.590829,33.309482],[-96.585513,33.309072],[-96.585339,33.30746],[-96.583491,33.308019],[-96.583094,33.308722],[-96.58378,33.309793],[-96.58199,33.311396],[-96.582258,33.312348],[-96.581694,33.313021],[-96.583414,33.313326],[-96.581619,33.3149],[-96.581919,33.318257],[-96.582514,33.318689],[-96.581093,33.319167],[-96.579615,33.321058],[-96.549606,33.320492],[-96.550404,33.317121],[-96.549113,33.315542],[-96.537812,33.315313],[-96.538259,33.300033],[-96.539013,33.300075],[-96.539088,33.296947],[-96.546062,33.296923],[-96.546242,33.292388],[-96.519964,33.307986],[-96.511171,33.307701],[-96.510322,33.311006],[-96.503212,33.310792],[-96.503658,33.301228],[-96.501882,33.298896],[-96.499176,33.297355],[-96.49794,33.295364],[-96.502225,33.294977],[-96.502875,33.29296],[-96.504139,33.291863],[-96.507926,33.290537],[-96.526533,33.29081],[-96.527112,33.290204],[-96.527375,33.285704],[-96.530849,33.282857],[-96.529182,33.282418],[-96.529027,33.279199],[-96.523552,33.279064],[-96.523549,33.276912],[-96.519693,33.276742],[-96.519568,33.271444],[-96.514113,33.270698],[-96.51454,33.268937],[-96.512892,33.268769],[-96.512986,33.266319],[-96.519246,33.25969],[-96.549442,33.260232],[-96.54802,33.262054],[-96.547553,33.272832],[-96.549775,33.272987],[-96.551275,33.276491],[-96.553409,33.27649],[-96.553356,33.272837],[-96.554793,33.269596],[-96.556677,33.269072],[-96.557111,33.269913],[-96.568821,33.270213],[-96.568733,33.263238],[-96.577058,33.263489],[-96.576798,33.26227],[-96.578425,33.260931],[-96.577575,33.260106],[-96.577492,33.258566],[-96.578903,33.257095],[-96.576389,33.25316],[-96.577038,33.251907],[-96.578764,33.251914],[-96.578319,33.251282],[-96.580022,33.250447],[-96.581524,33.251035],[-96.583591,33.250175],[-96.584771,33.250442],[-96.585664,33.249358],[-96.586685,33.24917],[-96.586627,33.250774],[-96.587133,33.251118],[-96.596444,33.24272],[-96.599612,33.235203],[-96.601219,33.235135],[-96.601546,33.235912],[-96.603299,33.235643],[-96.603545,33.236354],[-96.601901,33.237622],[-96.60399,33.238182],[-96.606299,33.241352],[-96.608733,33.241137],[-96.608594,33.24269],[-96.60926,33.243976]]]},"properties":{"zip":"75454","city":"Melissa","county":"Collin","u2015":2121,"u2023":6289,"added":4168,"growth":196.5,"moe":436,"certain":true,"peak_month":"2022-07","from_peak":-17.6,"value":431329}},{"type":"Feature","geometry":{"type":"Polygon","coordinates":[[[-96.223008,32.934343],[-96.222466,32.934399],[-96.22243,32.935878],[-96.216529,32.940569],[-96.210967,32.941543],[-96.210091,32.942511],[-96.207481,32.942965],[-96.208156,32.943821],[-96.206735,32.945455],[-96.203564,32.945554],[-96.20354,32.947958],[-96.207931,32.948154],[-96.207522,32.97381],[-96.213197,32.973751],[-96.21305,32.978578],[-96.208491,32.978571],[-96.208308,32.990811],[-96.207235,32.990699],[-96.206945,32.989826],[-96.204725,32.989773],[-96.204612,32.989268],[-96.204085,32.989787],[-96.204738,32.990599],[-96.202195,32.990071],[-96.201044,32.991576],[-96.199821,32.990893],[-96.199278,32.991546],[-96.198299,32.990845],[-96.197686,32.991524],[-96.19641,32.991349],[-96.195477,32.992336],[-96.194438,32.991439],[-96.192978,32.993025],[-96.191817,32.993167],[-96.191133,32.995207],[-96.189734,32.996336],[-96.188392,32.996007],[-96.188035,32.995232],[-96.187269,32.99562],[-96.187092,32.994793],[-96.184096,32.994977],[-96.182169,32.993474],[-96.180861,32.993305],[-96.180072,32.992041],[-96.179461,32.993609],[-96.17875,32.992696],[-96.176809,32.993893],[-96.176328,32.99324],[-96.175678,32.993798],[-96.173879,32.99306],[-96.173596,32.994016],[-96.173286,32.992897],[-96.172263,32.992748],[-96.171475,32.993986],[-96.17106,32.992458],[-96.170155,32.993012],[-96.169833,32.992319],[-96.168824,32.993053],[-96.168376,32.992418],[-96.167743,32.992905],[-96.166923,32.990826],[-96.165281,32.991315],[-96.165121,32.991925],[-96.16362,32.991197],[-96.162731,32.992842],[-96.165699,32.994535],[-96.168341,32.997861],[-96.172126,32.998344],[-96.172743,32.999623],[-96.134399,33.001477],[-96.13504,33.000252],[-96.133996,32.999916],[-96.134737,32.999029],[-96.135961,32.999003],[-96.135861,32.998147],[-96.136925,32.996743],[-96.136537,32.994749],[-96.137668,32.994549],[-96.136927,32.993845],[-96.137407,32.992728],[-96.14035,32.990811],[-96.140528,32.990094],[-96.141212,32.990585],[-96.142268,32.987059],[-96.143085,32.987305],[-96.14269,32.986258],[-96.146411,32.986376],[-96.14694,32.985787],[-96.146215,32.983705],[-96.145146,32.98274],[-96.145736,32.982304],[-96.144349,32.982295],[-96.143334,32.981433],[-96.14294,32.980714],[-96.143669,32.979925],[-96.141057,32.978308],[-96.141027,32.977632],[-96.131176,32.977604],[-96.131985,32.984464],[-96.108377,32.984157],[-96.108113,32.992133],[-96.102315,32.992113],[-96.101227,32.990387],[-96.087399,32.990184],[-96.087103,33.002969],[-96.086559,33.003483],[-96.094924,33.003566],[-96.094863,33.00629],[-96.098815,33.006361],[-96.098491,33.02293],[-96.095944,33.022879],[-96.093874,33.021957],[-96.091243,33.019318],[-96.08409,33.018469],[-96.07963,33.01495],[-96.068104,33.014688],[-96.068203,33.008547],[-96.064061,33.008495],[-96.063829,33.007333],[-96.060016,33.007258],[-96.059765,33.005749],[-96.054947,33.005812],[-96.05481,33.004416],[-96.045729,33.004879],[-96.038333,33.006462],[-96.03855,32.998306],[-96.031935,32.998052],[-96.032099,32.989618],[-96.025936,32.989569],[-96.024904,32.985267],[-96.023065,32.994894],[-96.01555,33.001016],[-96.014606,32.99821],[-96.015757,32.99756],[-96.01615,32.996101],[-96.01779,32.994714],[-96.019193,32.991977],[-96.021296,32.991368],[-96.022681,32.989486],[-96.021733,32.986559],[-96.019178,32.98445],[-96.020854,32.982196],[-96.021474,32.979388],[-96.021159,32.978743],[-96.016694,32.978973],[-96.01673,32.975731],[-96.015541,32.970806],[-96.009854,32.958582],[-96.004239,32.944195],[-96.000246,32.929536],[-95.986043,32.905808],[-95.970436,32.907908],[-95.972851,32.901682],[-95.972119,32.900731],[-95.973744,32.899863],[-95.972662,32.899092],[-95.972827,32.898176],[-95.974561,32.897607],[-95.97452,32.895289],[-95.976112,32.894776],[-95.977612,32.893344],[-95.977501,32.892473],[-95.976345,32.891801],[-95.97737,32.891029],[-95.976813,32.889694],[-95.977365,32.887521],[-95.978302,32.886121],[-95.979739,32.886491],[-95.982932,32.885427],[-95.983335,32.884542],[-95.9828,32.881808],[-95.986635,32.879888],[-95.986106,32.877511],[-95.987358,32.876131],[-95.986282,32.875121],[-95.9866,32.873064],[-95.990498,32.868755],[-96.004647,32.862904],[-96.006828,32.862838],[-96.025085,32.868916],[-96.031848,32.869585],[-96.03688,32.869726],[-96.044482,32.868327],[-96.051105,32.866258],[-96.050725,32.860714],[-96.051484,32.861094],[-96.058995,32.859344],[-96.058105,32.857581],[-96.058822,32.856216],[-96.0596,32.855632],[-96.061652,32.855953],[-96.059656,32.855092],[-96.059762,32.854461],[-96.058085,32.854116],[-96.059737,32.854166],[-96.059024,32.85353],[-96.060415,32.853088],[-96.058396,32.851619],[-96.060447,32.852767],[-96.061788,32.851934],[-96.06415,32.85264],[-96.063233,32.85098],[-96.064549,32.848286],[-96.06602,32.84722],[-96.069363,32.846503],[-96.070415,32.845508],[-96.07035,32.845018],[-96.069108,32.845225],[-96.069895,32.84472],[-96.069525,32.84337],[-96.066647,32.841862],[-96.066929,32.840577],[-96.066393,32.83966],[-96.064682,32.839984],[-96.062945,32.838502],[-96.076801,32.838489],[-96.076619,32.823653],[-96.104433,32.823913],[-96.10495,32.838886],[-96.103497,32.838987],[-96.130634,32.83944],[-96.130496,32.824347],[-96.135387,32.828465],[-96.139078,32.825747],[-96.143793,32.829679],[-96.152354,32.82197],[-96.15822,32.826963],[-96.162285,32.824768],[-96.16363,32.825696],[-96.167004,32.825536],[-96.165972,32.827821],[-96.162272,32.828893],[-96.164227,32.838059],[-96.162694,32.839275],[-96.163417,32.840057],[-96.198911,32.840609],[-96.197,32.84256],[-96.19522,32.847851],[-96.193755,32.849795],[-96.194227,32.850679],[-96.193573,32.850836],[-96.194292,32.851425],[-96.192545,32.854051],[-96.191398,32.853921],[-96.19104,32.854611],[-96.191519,32.855522],[-96.190711,32.855248],[-96.190455,32.85604],[-96.189639,32.855972],[-96.189764,32.857349],[-96.187863,32.856769],[-96.187994,32.857962],[-96.186817,32.857985],[-96.187208,32.858714],[-96.18623,32.858592],[-96.186363,32.85933],[-96.184537,32.85964],[-96.184771,32.860378],[-96.182107,32.863402],[-96.17868,32.865734],[-96.175647,32.865641],[-96.174452,32.867259],[-96.166789,32.872567],[-96.166222,32.871715],[-96.165286,32.871917],[-96.164689,32.870341],[-96.161907,32.869494],[-96.161303,32.868582],[-96.159313,32.870301],[-96.159821,32.870605],[-96.159091,32.871194],[-96.160667,32.872394],[-96.161029,32.873517],[-96.159906,32.873907],[-96.160634,32.874995],[-96.170269,32.874625],[-96.171007,32.875359],[-96.170449,32.875939],[-96.172466,32.877786],[-96.1713,32.877831],[-96.170702,32.878921],[-96.17217,32.87916],[-96.171723,32.880222],[-96.173555,32.880287],[-96.174469,32.881842],[-96.177529,32.880401],[-96.177744,32.881392],[-96.178941,32.880949],[-96.180101,32.882095],[-96.180892,32.881635],[-96.181187,32.880381],[-96.182084,32.881501],[-96.183796,32.881878],[-96.185177,32.880448],[-96.187641,32.883387],[-96.189999,32.883761],[-96.19061,32.882968],[-96.191263,32.883786],[-96.192064,32.883046],[-96.191824,32.884316],[-96.192643,32.883946],[-96.193013,32.884639],[-96.193603,32.884231],[-96.193794,32.885039],[-96.195145,32.884971],[-96.194563,32.885702],[-96.195167,32.886238],[-96.197528,32.885589],[-96.198916,32.88599],[-96.198443,32.885451],[-96.199078,32.884996],[-96.200402,32.885973],[-96.201126,32.884897],[-96.202287,32.885334],[-96.203159,32.884293],[-96.204024,32.884894],[-96.204737,32.884462],[-96.204885,32.885179],[-96.20581,32.884968],[-96.206791,32.886342],[-96.208006,32.884862],[-96.209112,32.884704],[-96.210056,32.885391],[-96.210568,32.884439],[-96.21164,32.884867],[-96.212862,32.8834],[-96.214732,32.88441],[-96.214504,32.883089],[-96.216199,32.88346],[-96.216024,32.882466],[-96.217018,32.882607],[-96.217809,32.884115],[-96.218671,32.883274],[-96.219627,32.88433],[-96.220298,32.88378],[-96.220891,32.884697],[-96.221293,32.883635],[-96.222271,32.884503],[-96.22339,32.884096],[-96.223397,32.884912],[-96.225896,32.884189],[-96.226722,32.885543],[-96.226016,32.885962],[-96.226899,32.888095],[-96.227911,32.887542],[-96.225756,32.892918],[-96.22742,32.898809],[-96.228586,32.899234],[-96.230757,32.897548],[-96.23293,32.898355],[-96.235392,32.900688],[-96.234928,32.901471],[-96.238286,32.904389],[-96.23594,32.906356],[-96.242089,32.911744],[-96.237411,32.91565],[-96.238591,32.916067],[-96.23857,32.916766],[-96.244608,32.921846],[-96.244325,32.926389],[-96.247411,32.926389],[-96.247569,32.935554],[-96.250319,32.935599],[-96.250141,32.938948],[-96.231216,32.938776],[-96.231162,32.941522],[-96.223796,32.941039],[-96.223796,32.935035],[-96.223039,32.935035],[-96.223008,32.934343]]]},"properties":{"zip":"75474","city":"Quinlan","county":"Hunt","u2015":6713,"u2023":7115,"added":402,"growth":6.0,"moe":553,"certain":false,"peak_month":"2022-07","from_peak":-7.3,"value":244348}},{"type":"Feature","geometry":{"type":"Polygon","coordinates":[[[-97.183204,32.649262],[-97.128382,32.648622],[-97.126242,32.6477],[-97.123332,32.644975],[-97.115545,32.644714],[-97.115377,32.618802],[-97.11754,32.612599],[-97.117533,32.610247],[-97.119782,32.61354],[-97.125846,32.610937],[-97.125741,32.611435],[-97.132194,32.611452],[-97.133438,32.612364],[-97.142195,32.611767],[-97.139753,32.616014],[-97.150267,32.616219],[-97.154672,32.616149],[-97.154714,32.613995],[-97.169903,32.613885],[-97.182131,32.607998],[-97.185229,32.609347],[-97.188613,32.615946],[-97.192306,32.619315],[-97.190066,32.619289],[-97.190032,32.623025],[-97.188256,32.627209],[-97.188044,32.631193],[-97.187157,32.633383],[-97.182143,32.633719],[-97.181963,32.634459],[-97.182184,32.635378],[-97.185287,32.63694],[-97.190781,32.633181],[-97.192932,32.63319],[-97.192852,32.634659],[-97.188889,32.634817],[-97.189004,32.646212],[-97.183455,32.646316],[-97.183204,32.649262]]]},"properties":{"zip":"76001","city":"Arlington","county":"Tarrant","u2015":10380,"u2023":12038,"added":1658,"growth":16.0,"moe":765,"certain":true,"peak_month":"2022-08","from_peak":-7.8,"value":354728}},{"type":"Feature","geometry":{"type":"Polygon","coordinates":[[[-97.095628,32.641354],[-97.07319,32.641069],[-97.067832,32.643299],[-97.063594,32.643399],[-97.066165,32.632117],[-97.07468,32.621008],[-97.076637,32.617106],[-97.078174,32.609085],[-97.077615,32.606934],[-97.078516,32.590187],[-97.082736,32.588783],[-97.083098,32.586565],[-97.090724,32.597973],[-97.09389,32.596485],[-97.098662,32.603528],[-97.099246,32.60629],[-97.102381,32.607362],[-97.106334,32.61311],[-97.116416,32.608227],[-97.117696,32.61132],[-97.115377,32.618802],[-97.115545,32.644714],[-97.09968,32.644759],[-97.099186,32.643213],[-97.095628,32.641354]]]},"properties":{"zip":"76002","city":"Arlington","county":"Tarrant","u2015":9824,"u2023":10030,"added":206,"growth":2.1,"moe":701,"certain":false,"peak_month":"2022-08","from_peak":-9.3,"value":341513}},{"type":"Feature","geometry":{"type":"Polygon","coordinates":[[[-97.139805,32.779271],[-97.140163,32.80353],[-97.125333,32.802816],[-97.099517,32.80876],[-97.099695,32.794223],[-97.096003,32.786011],[-97.088576,32.787948],[-97.088841,32.784429],[-97.086688,32.782943],[-97.084172,32.783172],[-97.083255,32.781553],[-97.081838,32.782701],[-97.081399,32.784875],[-97.078032,32.783189],[-97.075327,32.783943],[-97.073473,32.785297],[-97.073474,32.790673],[-97.070042,32.791404],[-97.069386,32.794829],[-97.066942,32.79386],[-97.06634,32.796401],[-97.064144,32.796253],[-97.06346,32.797818],[-97.06535,32.79987],[-97.064852,32.80048],[-97.063253,32.800365],[-97.062681,32.802114],[-97.062571,32.78519],[-97.059949,32.785366],[-97.060837,32.781931],[-97.062692,32.781912],[-97.062526,32.779027],[-97.061388,32.779017],[-97.06369,32.7637],[-97.065054,32.761989],[-97.063463,32.761947],[-97.063444,32.759763],[-97.085337,32.759774],[-97.085342,32.773023],[-97.091583,32.77529],[-97.114188,32.775677],[-97.11483,32.782879],[-97.120638,32.781968],[-97.125474,32.779128],[-97.133571,32.779275],[-97.135277,32.778666],[-97.139805,32.779271]]]},"properties":{"zip":"76006","city":"Arlington","county":"Tarrant","u2015":13315,"u2023":13815,"added":500,"growth":3.8,"moe":591,"certain":false,"peak_month":"2022-08","from_peak":-2.5,"value":390510}},{"type":"Feature","geometry":{"type":"Polygon","coordinates":[[[-97.693184,32.663591],[-97.701752,32.664044],[-97.701742,32.665239],[-97.704604,32.665227],[-97.704609,32.666724],[-97.705576,32.666721],[-97.705537,32.67558],[-97.705942,32.664936],[-97.714342,32.664945],[-97.713979,32.669266],[-97.714713,32.674384],[-97.709972,32.67394],[-97.707009,32.674662],[-97.70556,32.675677],[-97.705687,32.678989],[-97.708663,32.681563],[-97.71103,32.681722],[-97.729812,32.690133],[-97.728452,32.693113],[-97.727875,32.701306],[-97.729442,32.703413],[-97.735839,32.705415],[-97.73557,32.707719],[-97.733778,32.710777],[-97.736617,32.711303],[-97.735955,32.713522],[-97.736513,32.715016],[-97.7376,32.715531],[-97.739324,32.714823],[-97.741718,32.718283],[-97.750782,32.716319],[-97.75079,32.716557],[-97.73901,32.718833],[-97.734209,32.718092],[-97.734785,32.719074],[-97.734441,32.720361],[-97.736602,32.720438],[-97.736728,32.725805],[-97.732823,32.725919],[-97.736863,32.726219],[-97.736766,32.733842],[-97.7223,32.731708],[-97.722306,32.733043],[-97.721705,32.733056],[-97.72094,32.73149],[-97.714453,32.730191],[-97.712692,32.732658],[-97.717593,32.735255],[-97.713925,32.735259],[-97.711938,32.73411],[-97.710878,32.734732],[-97.711222,32.735209],[-97.710191,32.735165],[-97.709349,32.734265],[-97.708705,32.734886],[-97.706103,32.733517],[-97.706643,32.7325],[-97.70568,32.732407],[-97.705764,32.731538],[-97.704001,32.729812],[-97.703156,32.730285],[-97.702642,32.729707],[-97.702069,32.730296],[-97.701659,32.729537],[-97.700814,32.729752],[-97.70084,32.728635],[-97.699402,32.728146],[-97.697737,32.726167],[-97.698296,32.725562],[-97.696371,32.72532],[-97.695675,32.723841],[-97.694693,32.723913],[-97.693177,32.72537],[-97.692364,32.72515],[-97.693106,32.72421],[-97.691369,32.723561],[-97.691642,32.725227],[-97.690588,32.72498],[-97.690875,32.7241],[-97.689892,32.723847],[-97.689431,32.724479],[-97.6888,32.723896],[-97.687304,32.724859],[-97.686504,32.724127],[-97.684019,32.725199],[-97.682087,32.724688],[-97.681957,32.725881],[-97.681307,32.72587],[-97.68119,32.725062],[-97.679928,32.725639],[-97.678484,32.725281],[-97.67864,32.723368],[-97.67717,32.724193],[-97.675096,32.722983],[-97.675707,32.722114],[-97.676357,32.72256],[-97.676525,32.721127],[-97.673082,32.72253],[-97.673879,32.722587],[-97.677128,32.732518],[-97.676797,32.73214],[-97.676951,32.734758],[-97.673229,32.734699],[-97.672969,32.738479],[-97.670341,32.739543],[-97.658195,32.741371],[-97.653908,32.737989],[-97.652671,32.737676],[-97.647041,32.737282],[-97.645747,32.737759],[-97.622395,32.731509],[-97.610406,32.730275],[-97.635993,32.76519],[-97.629176,32.76521],[-97.628813,32.762412],[-97.627058,32.76005],[-97.626793,32.75785],[-97.62449,32.755378],[-97.622574,32.755446],[-97.619372,32.753614],[-97.618148,32.751522],[-97.61245,32.751658],[-97.609021,32.750234],[-97.604867,32.75068],[-97.603081,32.752262],[-97.600238,32.751885],[-97.600419,32.754734],[-97.601953,32.759419],[-97.601716,32.772021],[-97.601248,32.773546],[-97.598953,32.776319],[-97.5986,32.775813],[-97.599328,32.774636],[-97.597591,32.773637],[-97.596153,32.773983],[-97.59394,32.772939],[-97.592885,32.77085],[-97.593333,32.769437],[-97.592565,32.768794],[-97.587805,32.767588],[-97.584975,32.766179],[-97.583605,32.764711],[-97.582594,32.764973],[-97.580064,32.764084],[-97.580107,32.757384],[-97.572784,32.757451],[-97.572695,32.747519],[-97.567276,32.746506],[-97.56642,32.745363],[-97.56459,32.744688],[-97.555588,32.745912],[-97.551359,32.744247],[-97.549649,32.744],[-97.548601,32.744518],[-97.548998,32.720873],[-97.52183,32.720765],[-97.503797,32.729371],[-97.503805,32.723936],[-97.503263,32.722282],[-97.510954,32.720546],[-97.509648,32.718807],[-97.506967,32.719368],[-97.504286,32.717559],[-97.505819,32.716119],[-97.506583,32.711706],[-97.508049,32.711882],[-97.50997,32.71089],[-97.512807,32.711033],[-97.511815,32.705102],[-97.5214,32.69512],[-97.537489,32.69637],[-97.537618,32.694692],[-97.539338,32.694187],[-97.540209,32.69603],[-97.54488,32.696193],[-97.547904,32.697094],[-97.54919,32.698875],[-97.549569,32.681079],[-97.564112,32.679615],[-97.566722,32.678134],[-97.571629,32.67215],[-97.571594,32.667878],[-97.572147,32.666469],[-97.573121,32.666557],[-97.572809,32.663858],[-97.574298,32.662973],[-97.574681,32.661999],[-97.574434,32.66056],[-97.57392,32.660449],[-97.57457,32.660125],[-97.574466,32.659311],[-97.573635,32.659207],[-97.573979,32.658344],[-97.572776,32.65736],[-97.57275,32.656128],[-97.573776,32.655043],[-97.574088,32.651487],[-97.574953,32.650602],[-97.574289,32.64936],[-97.574601,32.64743],[-97.570565,32.646672],[-97.569377,32.647925],[-97.56488,32.64339],[-97.564477,32.640927],[-97.56638,32.638128],[-97.564847,32.637161],[-97.564892,32.634258],[-97.567998,32.633729],[-97.568147,32.632235],[-97.565522,32.629585],[-97.560019,32.630569],[-97.558193,32.62937],[-97.55765,32.628137],[-97.561155,32.624624],[-97.56209,32.626432],[-97.561536,32.626782],[-97.562135,32.626716],[-97.562193,32.626592],[-97.561165,32.624615],[-97.57802,32.607733],[-97.577741,32.606253],[-97.574918,32.602183],[-97.571552,32.598926],[-97.57594,32.59715],[-97.576236,32.597934],[-97.575443,32.599253],[-97.576476,32.601309],[-97.578834,32.602062],[-97.580335,32.604288],[-97.582295,32.603481],[-97.583631,32.604446],[-97.584525,32.605635],[-97.583116,32.607895],[-97.586962,32.611985],[-97.592022,32.612484],[-97.593086,32.615225],[-97.595461,32.614972],[-97.599001,32.617679],[-97.600413,32.617909],[-97.601005,32.62007],[-97.605579,32.623173],[-97.609238,32.624032],[-97.610612,32.626703],[-97.612734,32.628222],[-97.613139,32.62958],[-97.615066,32.630718],[-97.625457,32.633864],[-97.62795,32.635259],[-97.628794,32.634583],[-97.631146,32.634864],[-97.635654,32.637027],[-97.638019,32.636363],[-97.639416,32.637298],[-97.645452,32.638746],[-97.647797,32.641012],[-97.65143,32.639902],[-97.652741,32.641789],[-97.655568,32.642174],[-97.657093,32.644324],[-97.661226,32.638275],[-97.670047,32.638128],[-97.670196,32.64159],[-97.668077,32.644863],[-97.672368,32.644953],[-97.672334,32.646314],[-97.674513,32.645814],[-97.676419,32.646388],[-97.676332,32.644856],[-97.67887,32.644944],[-97.678757,32.649636],[-97.681033,32.650866],[-97.679697,32.653068],[-97.681413,32.654784],[-97.684251,32.654819],[-97.687455,32.653241],[-97.689151,32.653593],[-97.691205,32.652636],[-97.692109,32.652938],[-97.692219,32.6523],[-97.693048,32.652135],[-97.694978,32.6549],[-97.693044,32.656433],[-97.687633,32.658078],[-97.687033,32.658942],[-97.687845,32.659085],[-97.688866,32.661108],[-97.690335,32.662214],[-97.68921,32.663077],[-97.689516,32.663632],[-97.690478,32.663544],[-97.690998,32.664743],[-97.692486,32.664737],[-97.693184,32.663591]]]},"properties":{"zip":"76008","city":"Aledo","county":"Parker","u2015":5329,"u2023":8127,"added":2798,"growth":52.5,"moe":661,"certain":true,"peak_month":"2022-08","from_peak":-5.8,"value":542912}},{"type":"Feature","geometry":{"type":"Polygon","coordinates":[[[-97.285564,32.347186],[-97.287747,32.350695],[-97.282603,32.353368],[-97.287124,32.360333],[-97.285927,32.361019],[-97.287534,32.363646],[-97.286757,32.362783],[-97.284781,32.363646],[-97.281585,32.367955],[-97.279772,32.368246],[-97.279129,32.371077],[-97.277846,32.371884],[-97.278429,32.37189],[-97.278139,32.372706],[-97.2801,32.375788],[-97.280078,32.378276],[-97.28218,32.382365],[-97.282413,32.385045],[-97.284087,32.385058],[-97.284087,32.388411],[-97.285654,32.38845],[-97.288021,32.390924],[-97.289844,32.389778],[-97.293698,32.389287],[-97.294001,32.39105],[-97.291833,32.391387],[-97.291648,32.39511],[-97.291926,32.396252],[-97.29617,32.394647],[-97.29644,32.410806],[-97.297822,32.411296],[-97.297644,32.414444],[-97.294309,32.414637],[-97.294031,32.413691],[-97.289662,32.413646],[-97.289888,32.419174],[-97.286571,32.419237],[-97.2865,32.422071],[-97.289313,32.42215],[-97.289113,32.423373],[-97.286506,32.42341],[-97.286807,32.427466],[-97.283876,32.427449],[-97.285017,32.436028],[-97.282032,32.436206],[-97.282205,32.441463],[-97.283393,32.443261],[-97.285002,32.443637],[-97.279357,32.447241],[-97.279097,32.454726],[-97.273719,32.454689],[-97.263455,32.459591],[-97.266188,32.463841],[-97.267679,32.464781],[-97.256944,32.465205],[-97.260736,32.472383],[-97.257239,32.474638],[-97.261843,32.481515],[-97.238346,32.493076],[-97.23986,32.495597],[-97.237834,32.49655],[-97.231764,32.487479],[-97.228586,32.494942],[-97.219178,32.499707],[-97.221627,32.503338],[-97.217619,32.505286],[-97.219844,32.508649],[-97.217934,32.509521],[-97.215703,32.506203],[-97.216999,32.505288],[-97.215813,32.503574],[-97.216746,32.502974],[-97.216522,32.500985],[-97.212793,32.502752],[-97.211616,32.502276],[-97.209418,32.502783],[-97.204591,32.506473],[-97.197246,32.510036],[-97.197524,32.506754],[-97.199027,32.506653],[-97.199418,32.505381],[-97.199435,32.50389],[-97.197919,32.501981],[-97.199937,32.500481],[-97.201037,32.498269],[-97.199504,32.496374],[-97.200189,32.496222],[-97.200716,32.494994],[-97.199925,32.493952],[-97.20065,32.493187],[-97.199638,32.49055],[-97.20149,32.487972],[-97.201388,32.487245],[-97.199255,32.489548],[-97.185285,32.496229],[-97.181144,32.498854],[-97.179817,32.50132],[-97.178491,32.50716],[-97.173794,32.509745],[-97.177477,32.516768],[-97.16749,32.521696],[-97.161099,32.522348],[-97.158643,32.523412],[-97.158841,32.523958],[-97.157179,32.524343],[-97.157238,32.525103],[-97.156764,32.52474],[-97.155748,32.52536],[-97.153364,32.525401],[-97.15266,32.524379],[-97.151132,32.525079],[-97.149953,32.523227],[-97.151335,32.522511],[-97.148259,32.517894],[-97.143433,32.520407],[-97.141835,32.517919],[-97.135679,32.520833],[-97.131679,32.515212],[-97.135025,32.513512],[-97.129094,32.504255],[-97.1363,32.503299],[-97.131351,32.495987],[-97.133122,32.495133],[-97.134042,32.489191],[-97.145487,32.483538],[-97.137918,32.472821],[-97.140264,32.469479],[-97.139681,32.468421],[-97.141537,32.468601],[-97.142509,32.467204],[-97.145771,32.466811],[-97.14701,32.465963],[-97.148229,32.466594],[-97.149222,32.466276],[-97.149725,32.464298],[-97.147724,32.462189],[-97.149186,32.46078],[-97.139956,32.446953],[-97.137688,32.447761],[-97.136493,32.445988],[-97.138386,32.444767],[-97.133248,32.436766],[-97.13037,32.437482],[-97.128134,32.435598],[-97.130705,32.43431],[-97.1309,32.433517],[-97.142818,32.427773],[-97.140121,32.423619],[-97.143954,32.421917],[-97.155709,32.413249],[-97.147688,32.40146],[-97.151609,32.399558],[-97.150592,32.396449],[-97.145163,32.399005],[-97.142718,32.397244],[-97.138301,32.396602],[-97.135898,32.397056],[-97.139806,32.4029],[-97.142918,32.40383],[-97.118788,32.415576],[-97.099488,32.38674],[-97.099249,32.386328],[-97.100936,32.385522],[-97.100675,32.385078],[-97.087605,32.365316],[-97.086827,32.365398],[-97.086628,32.361104],[-97.086879,32.361582],[-97.092854,32.358715],[-97.094321,32.360944],[-97.099369,32.358535],[-97.10138,32.361593],[-97.104309,32.360269],[-97.105717,32.362212],[-97.123392,32.353746],[-97.1259,32.3574],[-97.134391,32.353726],[-97.136466,32.357061],[-97.145771,32.352565],[-97.144641,32.350883],[-97.146898,32.349784],[-97.146287,32.348878],[-97.148354,32.347923],[-97.14866,32.348328],[-97.148813,32.347666],[-97.157646,32.343638],[-97.159911,32.345639],[-97.165032,32.343413],[-97.166465,32.344997],[-97.16947,32.346037],[-97.17372,32.345408],[-97.172297,32.34619],[-97.173172,32.34796],[-97.174926,32.347102],[-97.175799,32.348337],[-97.18543,32.348844],[-97.185368,32.351034],[-97.187205,32.35365],[-97.188443,32.354362],[-97.196921,32.354025],[-97.186882,32.324771],[-97.195546,32.320591],[-97.196583,32.321572],[-97.20101,32.319384],[-97.205331,32.327936],[-97.211115,32.335141],[-97.212857,32.340462],[-97.215005,32.344158],[-97.215186,32.351447],[-97.21873,32.35076],[-97.218562,32.348886],[-97.220157,32.348877],[-97.221008,32.35014],[-97.223514,32.349173],[-97.231629,32.345312],[-97.231504,32.344338],[-97.245486,32.338085],[-97.248233,32.335341],[-97.248224,32.33464],[-97.243504,32.334138],[-97.239656,32.331814],[-97.238987,32.328339],[-97.243007,32.326414],[-97.241993,32.324749],[-97.246586,32.322549],[-97.24852,32.325491],[-97.251912,32.323894],[-97.254628,32.328024],[-97.255247,32.327838],[-97.25604,32.329017],[-97.262909,32.324765],[-97.264339,32.327948],[-97.272598,32.34023],[-97.283331,32.334955],[-97.286023,32.339134],[-97.283076,32.340617],[-97.286454,32.339785],[-97.287607,32.341622],[-97.286485,32.341403],[-97.286964,32.342464],[-97.285999,32.34337],[-97.286691,32.345222],[-97.286063,32.345762],[-97.286244,32.347093],[-97.285564,32.347186]]]},"properties":{"zip":"76009","city":"Alvarado","county":"Johnson","u2015":7123,"u2023":7648,"added":525,"growth":7.4,"moe":669,"certain":false,"peak_month":"2022-08","from_peak":-3.4,"value":323998}},{"type":"Feature","geometry":{"type":"Polygon","coordinates":[[[-97.114634,32.710625],[-97.114573,32.73756],[-97.090238,32.736807],[-97.075647,32.742573],[-97.062732,32.742413],[-97.062723,32.743617],[-97.058504,32.741881],[-97.046015,32.739486],[-97.046026,32.735111],[-97.047592,32.735101],[-97.047648,32.737634],[-97.048216,32.737564],[-97.04932,32.736291],[-97.049349,32.735111],[-97.051269,32.73516],[-97.051278,32.733745],[-97.052187,32.733662],[-97.0522,32.732354],[-97.053013,32.732359],[-97.052637,32.735205],[-97.056363,32.735227],[-97.056032,32.728089],[-97.050961,32.727993],[-97.051102,32.731926],[-97.046063,32.732],[-97.046008,32.730763],[-97.047172,32.73024],[-97.048546,32.728067],[-97.045691,32.728125],[-97.045794,32.720621],[-97.047482,32.720633],[-97.047405,32.706119],[-97.114274,32.706069],[-97.114568,32.708359],[-97.115858,32.708495],[-97.114634,32.710625]]]},"properties":{"zip":"76010","city":"Arlington","county":"Tarrant","u2015":20097,"u2023":20508,"added":411,"growth":2.0,"moe":841,"certain":false,"peak_month":"2024-06","from_peak":-5.0,"value":237953}},{"type":"Feature","geometry":{"type":"Polygon","coordinates":[[[-97.090238,32.736807],[-97.114573,32.73756],[-97.114481,32.742803],[-97.115039,32.742859],[-97.115019,32.744978],[-97.114036,32.744964],[-97.113715,32.753455],[-97.114406,32.755482],[-97.114577,32.759881],[-97.114188,32.775677],[-97.091756,32.775305],[-97.087378,32.774164],[-97.085342,32.773023],[-97.085337,32.759774],[-97.063444,32.759763],[-97.063463,32.761947],[-97.065054,32.761989],[-97.06369,32.7637],[-97.06317,32.767131],[-97.063456,32.762112],[-97.05795,32.761758],[-97.057944,32.764291],[-97.048367,32.764438],[-97.045599,32.764302],[-97.045588,32.761536],[-97.037126,32.761395],[-97.037013,32.75419],[-97.03992,32.75397],[-97.040407,32.74479],[-97.045578,32.744749],[-97.045719,32.739538],[-97.058504,32.741881],[-97.062723,32.743617],[-97.062732,32.742413],[-97.075647,32.742573],[-97.090238,32.736807]]]},"properties":{"zip":"76011","city":"Arlington","county":"Tarrant","u2015":11310,"u2023":11991,"added":681,"growth":6.0,"moe":628,"certain":true,"peak_month":"2024-07","from_peak":-2.7,"value":263290}},{"type":"Feature","geometry":{"type":"Polygon","coordinates":[[[-97.114188,32.775677],[-97.114577,32.759881],[-97.114406,32.755482],[-97.113715,32.753455],[-97.114036,32.744964],[-97.115019,32.744978],[-97.115039,32.742859],[-97.114481,32.742803],[-97.114573,32.73756],[-97.123247,32.737896],[-97.123314,32.738809],[-97.136013,32.734983],[-97.152913,32.733795],[-97.166886,32.731555],[-97.169424,32.731498],[-97.169346,32.732097],[-97.179778,32.731162],[-97.179232,32.736033],[-97.174025,32.739604],[-97.173292,32.741475],[-97.169168,32.744008],[-97.163699,32.745626],[-97.16309,32.756131],[-97.161089,32.75676],[-97.161086,32.757559],[-97.154419,32.757013],[-97.149731,32.75924],[-97.149101,32.767772],[-97.150088,32.767851],[-97.150722,32.769371],[-97.151256,32.767283],[-97.152093,32.76702],[-97.152763,32.768876],[-97.150416,32.771036],[-97.148641,32.771552],[-97.149364,32.776148],[-97.148343,32.778457],[-97.14783,32.778872],[-97.145719,32.778257],[-97.145417,32.78141],[-97.144086,32.780068],[-97.143002,32.780068],[-97.142405,32.780776],[-97.14204,32.782846],[-97.142855,32.784835],[-97.141627,32.785992],[-97.141772,32.787827],[-97.14011,32.788387],[-97.139805,32.779271],[-97.135277,32.778666],[-97.133571,32.779275],[-97.125474,32.779128],[-97.120638,32.781968],[-97.11483,32.782879],[-97.114188,32.775677]]]},"properties":{"zip":"76012","city":"Arlington","county":"Tarrant","u2015":11040,"u2023":11538,"added":498,"growth":4.5,"moe":718,"certain":false,"peak_month":"2022-08","from_peak":-5.4,"value":341940}},{"type":"Feature","geometry":{"type":"Polygon","coordinates":[[[-97.117434,32.706437],[-97.180539,32.706891],[-97.195584,32.708092],[-97.202263,32.712484],[-97.21003,32.721601],[-97.208285,32.723776],[-97.20925,32.726028],[-97.207801,32.72515],[-97.207238,32.727727],[-97.199675,32.727998],[-97.198841,32.728672],[-97.174992,32.731817],[-97.169346,32.732097],[-97.169424,32.731498],[-97.166886,32.731555],[-97.152913,32.733795],[-97.136013,32.734983],[-97.123314,32.738809],[-97.123247,32.737896],[-97.114573,32.73756],[-97.114625,32.71078],[-97.115858,32.708495],[-97.114568,32.708359],[-97.114673,32.705458],[-97.118168,32.705146],[-97.117434,32.706437]]]},"properties":{"zip":"76013","city":"Arlington","county":"Tarrant","u2015":13719,"u2023":14431,"added":712,"growth":5.2,"moe":699,"certain":true,"peak_month":"2022-08","from_peak":-5.8,"value":316723}},{"type":"Feature","geometry":{"type":"Polygon","coordinates":[[[-97.062762,32.677202],[-97.10423,32.67772],[-97.109308,32.678525],[-97.104911,32.678358],[-97.10488,32.679147],[-97.106034,32.679173],[-97.106004,32.680386],[-97.109058,32.680356],[-97.109265,32.681407],[-97.111397,32.681502],[-97.111226,32.682525],[-97.114804,32.682622],[-97.115009,32.690965],[-97.113588,32.690993],[-97.113593,32.69263],[-97.114789,32.692649],[-97.114759,32.69625],[-97.113729,32.696913],[-97.114579,32.698335],[-97.112318,32.699956],[-97.112169,32.700992],[-97.11336,32.701399],[-97.112655,32.703069],[-97.113272,32.705267],[-97.1111,32.706327],[-97.062961,32.70603],[-97.062762,32.677202]]]},"properties":{"zip":"76014","city":"Arlington","county":"Tarrant","u2015":11819,"u2023":11274,"added":-545,"growth":-4.6,"moe":498,"certain":true,"peak_month":"2022-09","from_peak":-5.0,"value":263310}},{"type":"Feature","geometry":{"type":"Polygon","coordinates":[[[-97.149216,32.703128],[-97.149196,32.706792],[-97.117434,32.706437],[-97.118,32.705111],[-97.114673,32.705458],[-97.114648,32.706187],[-97.112095,32.706066],[-97.113272,32.705267],[-97.112655,32.703069],[-97.11336,32.701399],[-97.112219,32.701405],[-97.112318,32.699956],[-97.114579,32.698335],[-97.113729,32.696913],[-97.114759,32.69625],[-97.114789,32.692649],[-97.113593,32.69263],[-97.113588,32.690993],[-97.115009,32.690965],[-97.115046,32.684677],[-97.114804,32.682622],[-97.114215,32.682521],[-97.114807,32.681482],[-97.114854,32.678247],[-97.115041,32.682467],[-97.115808,32.682454],[-97.121294,32.67989],[-97.123889,32.679851],[-97.123687,32.678542],[-97.126542,32.678525],[-97.128742,32.677149],[-97.131698,32.677031],[-97.132399,32.677655],[-97.132454,32.678823],[-97.134856,32.679062],[-97.134539,32.675334],[-97.142757,32.674377],[-97.149495,32.674394],[-97.149421,32.689998],[-97.15224,32.697688],[-97.154648,32.699309],[-97.155535,32.703128],[-97.149216,32.703128]]]},"properties":{"zip":"76015","city":"Arlington","county":"Tarrant","u2015":7115,"u2023":7027,"added":-88,"growth":-1.2,"moe":408,"certain":false,"peak_month":"2022-08","from_peak":-5.7,"value":284578}},{"type":"Feature","geometry":{"type":"Polygon","coordinates":[[[-97.20271,32.713348],[-97.195914,32.708207],[-97.190756,32.707594],[-97.180539,32.706891],[-97.149196,32.706792],[-97.149216,32.703128],[-97.155535,32.703128],[-97.154648,32.699309],[-97.15224,32.697688],[-97.149421,32.689998],[-97.149495,32.674394],[-97.185996,32.676142],[-97.193376,32.675043],[-97.216597,32.668567],[-97.222901,32.667955],[-97.231466,32.668113],[-97.231462,32.669078],[-97.232713,32.66979],[-97.233694,32.67175],[-97.232918,32.673641],[-97.230989,32.67508],[-97.229264,32.677894],[-97.225912,32.690075],[-97.223686,32.69153],[-97.215176,32.693267],[-97.212332,32.695447],[-97.20945,32.701323],[-97.20883,32.713174],[-97.20271,32.713348]],[[-97.202444,32.674971],[-97.203179,32.674096],[-97.203032,32.673029],[-97.200607,32.673732],[-97.200705,32.674312],[-97.202444,32.674971]]]},"properties":{"zip":"76016","city":"Arlington","county":"Tarrant","u2015":11975,"u2023":11609,"added":-366,"growth":-3.1,"moe":536,"certain":false,"peak_month":"2022-08","from_peak":-6.8,"value":347565}},{"type":"Feature","geometry":{"type":"MultiPolygon","coordinates":[[[[-97.202444,32.674971],[-97.200705,32.674312],[-97.200607,32.673732],[-97.203032,32.673029],[-97.203179,32.674096],[-97.202444,32.674971]]],[[[-97.216597,32.668567],[-97.193376,32.675043],[-97.185996,32.676142],[-97.147176,32.674324],[-97.134539,32.675334],[-97.134856,32.679062],[-97.132454,32.678823],[-97.132399,32.677655],[-97.131698,32.677031],[-97.128742,32.677149],[-97.126542,32.678525],[-97.123687,32.678542],[-97.123889,32.679851],[-97.121294,32.67989],[-97.115041,32.682467],[-97.115076,32.67766],[-97.116592,32.677625],[-97.116568,32.673988],[-97.11941,32.674045],[-97.119417,32.677585],[-97.123275,32.676888],[-97.123316,32.67043],[-97.115089,32.670448],[-97.117528,32.670333],[-97.117391,32.668148],[-97.115068,32.667895],[-97.115545,32.644714],[-97.123332,32.644975],[-97.12654,32.647899],[-97.129239,32.648676],[-97.183204,32.649262],[-97.183578,32.646276],[-97.193536,32.646219],[-97.196058,32.646734],[-97.196161,32.649163],[-97.20032,32.649199],[-97.197835,32.651896],[-97.198193,32.654471],[-97.20256,32.653976],[-97.202454,32.656216],[-97.206849,32.656184],[-97.207322,32.656962],[-97.206775,32.664229],[-97.209448,32.664243],[-97.20899,32.659713],[-97.211618,32.659959],[-97.211686,32.65667],[-97.216995,32.656371],[-97.216996,32.660393],[-97.224258,32.66026],[-97.223425,32.660899],[-97.223359,32.667957],[-97.216597,32.668567]]]]},"properties":{"zip":"76017","city":"Arlington","county":"Tarrant","u2015":18281,"u2023":17211,"added":-1070,"growth":-5.9,"moe":703,"certain":true,"peak_month":"2022-08","from_peak":-7.6,"value":318033}},{"type":"Feature","geometry":{"type":"Polygon","coordinates":[[[-97.094794,32.641264],[-97.099186,32.643213],[-97.09968,32.644759],[-97.115545,32.644714],[-97.115068,32.667895],[-97.117391,32.668148],[-97.117528,32.670333],[-97.115089,32.670448],[-97.123316,32.67043],[-97.123275,32.676888],[-97.119417,32.677585],[-97.11941,32.674045],[-97.116568,32.673988],[-97.116592,32.677625],[-97.115076,32.67766],[-97.114551,32.682257],[-97.113452,32.682525],[-97.111226,32.682525],[-97.111397,32.681502],[-97.109265,32.681407],[-97.109058,32.680356],[-97.106004,32.680386],[-97.106034,32.679173],[-97.10488,32.679147],[-97.104911,32.678358],[-97.109308,32.678525],[-97.10423,32.67772],[-97.062762,32.677202],[-97.063314,32.661853],[-97.062268,32.651643],[-97.063799,32.648411],[-97.063594,32.643399],[-97.067832,32.643299],[-97.07319,32.641069],[-97.094794,32.641264]]]},"properties":{"zip":"76018","city":"Arlington","county":"Tarrant","u2015":9323,"u2023":8842,"added":-481,"growth":-5.2,"moe":590,"certain":false,"peak_month":"2022-08","from_peak":-7.8,"value":292868}},{"type":"Feature","geometry":{"type":"Polygon","coordinates":[[[-97.520453,32.870316],[-97.517461,32.872157],[-97.516137,32.87041],[-97.516282,32.872438],[-97.513557,32.872118],[-97.513622,32.870627],[-97.512898,32.871145],[-97.512778,32.860526],[-97.518921,32.860295],[-97.512328,32.860153],[-97.512339,32.867195],[-97.510821,32.866885],[-97.512777,32.856485],[-97.517428,32.859327],[-97.518319,32.859172],[-97.513177,32.855877],[-97.513563,32.855418],[-97.515284,32.855862],[-97.52073,32.854868],[-97.522379,32.855255],[-97.524635,32.853479],[-97.523174,32.852736],[-97.523741,32.85026],[-97.533801,32.849064],[-97.537474,32.845788],[-97.539339,32.845607],[-97.538765,32.844655],[-97.534085,32.842625],[-97.53111,32.842126],[-97.530972,32.837653],[-97.534546,32.834474],[-97.538404,32.834591],[-97.537146,32.832213],[-97.536908,32.825355],[-97.543592,32.825342],[-97.547591,32.826847],[-97.547699,32.821905],[-97.549054,32.821712],[-97.550637,32.82218],[-97.550721,32.823247],[-97.55257,32.822923],[-97.554328,32.825188],[-97.556665,32.826579],[-97.557108,32.826282],[-97.556842,32.825034],[-97.557844,32.824176],[-97.559492,32.824006],[-97.562135,32.82532],[-97.563847,32.824853],[-97.563242,32.823418],[-97.566035,32.822703],[-97.566751,32.824473],[-97.568335,32.824918],[-97.568437,32.828062],[-97.576229,32.828839],[-97.576813,32.829693],[-97.578809,32.829928],[-97.585182,32.828052],[-97.585496,32.826474],[-97.597332,32.826434],[-97.59737,32.821437],[-97.599939,32.816825],[-97.600278,32.81229],[-97.603015,32.812375],[-97.606678,32.811502],[-97.607437,32.81226],[-97.611726,32.812382],[-97.614692,32.816432],[-97.616808,32.813285],[-97.617096,32.809721],[-97.618997,32.808076],[-97.622717,32.807089],[-97.623167,32.804315],[-97.626503,32.802235],[-97.628193,32.802281],[-97.628729,32.799982],[-97.632582,32.797716],[-97.641255,32.809606],[-97.637346,32.813388],[-97.632274,32.812584],[-97.631166,32.813385],[-97.635276,32.816091],[-97.653506,32.816347],[-97.654198,32.818267],[-97.656951,32.820547],[-97.664521,32.820762],[-97.664564,32.808063],[-97.665125,32.808059],[-97.665479,32.809765],[-97.670924,32.810012],[-97.676799,32.816153],[-97.659421,32.835866],[-97.659556,32.837607],[-97.657523,32.84166],[-97.658236,32.845264],[-97.657328,32.853982],[-97.654861,32.856749],[-97.652918,32.862744],[-97.645963,32.863127],[-97.644955,32.86229],[-97.641666,32.862473],[-97.640504,32.861927],[-97.640529,32.860545],[-97.637661,32.856492],[-97.632603,32.856372],[-97.630598,32.854881],[-97.623763,32.863883],[-97.622441,32.86392],[-97.622774,32.865184],[-97.617813,32.871719],[-97.617941,32.873756],[-97.617171,32.873501],[-97.617092,32.877486],[-97.595758,32.877446],[-97.595773,32.881551],[-97.588609,32.879613],[-97.582554,32.900675],[-97.582101,32.904148],[-97.588433,32.904896],[-97.587345,32.907755],[-97.587509,32.909135],[-97.590781,32.909568],[-97.590818,32.908573],[-97.595521,32.90858],[-97.595527,32.914612],[-97.597906,32.914544],[-97.597792,32.919114],[-97.595619,32.917979],[-97.595443,32.922417],[-97.58847,32.922389],[-97.588528,32.928946],[-97.574288,32.928836],[-97.574298,32.9318],[-97.571206,32.931885],[-97.571832,32.932716],[-97.574821,32.932833],[-97.577037,32.933739],[-97.580365,32.936593],[-97.581475,32.938314],[-97.582265,32.943887],[-97.583239,32.944548],[-97.58278,32.94762],[-97.585611,32.951487],[-97.586024,32.95464],[-97.593689,32.95666],[-97.593591,32.958367],[-97.594957,32.959339],[-97.595227,32.960573],[-97.597969,32.960802],[-97.598804,32.961478],[-97.599167,32.967616],[-97.594536,32.967616],[-97.594231,32.972612],[-97.601509,32.972548],[-97.601759,32.979468],[-97.603261,32.979636],[-97.582118,32.979486],[-97.581939,32.986545],[-97.578218,32.986661],[-97.578037,32.98903],[-97.5816,32.995125],[-97.584465,32.995142],[-97.578172,33.001417],[-97.569899,33.00112],[-97.568606,33.001356],[-97.568591,33.002446],[-97.566804,33.001363],[-97.563607,33.001363],[-97.563418,33.00549],[-97.553469,33.004241],[-97.548536,33.004187],[-97.546385,33.004926],[-97.54649,33.00371],[-97.544337,33.004931],[-97.544354,32.998162],[-97.541584,32.998117],[-97.536341,33.002245],[-97.537658,33.006272],[-97.526531,33.006246],[-97.526932,33.006934],[-97.526049,33.007115],[-97.522955,33.006253],[-97.520147,33.008815],[-97.517327,33.008833],[-97.514344,33.004931],[-97.516227,33.002333],[-97.515922,32.994946],[-97.512607,32.993935],[-97.515026,32.993995],[-97.510209,32.992368],[-97.507831,32.989821],[-97.507855,32.986445],[-97.510771,32.982539],[-97.510495,32.981698],[-97.508141,32.980489],[-97.507693,32.979588],[-97.507979,32.977967],[-97.509551,32.976176],[-97.510247,32.973951],[-97.509504,32.972264],[-97.505081,32.96738],[-97.504452,32.964835],[-97.504767,32.963107],[-97.506168,32.960901],[-97.509037,32.959024],[-97.511441,32.955466],[-97.511638,32.953755],[-97.514108,32.949452],[-97.514155,32.945175],[-97.512554,32.941266],[-97.509151,32.936551],[-97.505205,32.933826],[-97.504625,32.931472],[-97.503454,32.929875],[-97.499025,32.927263],[-97.497139,32.925041],[-97.496015,32.920676],[-97.497186,32.915093],[-97.497072,32.912348],[-97.493634,32.905231],[-97.493329,32.902113],[-97.494367,32.899485],[-97.497834,32.896091],[-97.499587,32.893103],[-97.503149,32.884912],[-97.505178,32.877401],[-97.504711,32.876078],[-97.503396,32.875341],[-97.508049,32.872725],[-97.51558,32.87416],[-97.520453,32.870316]]]},"properties":{"zip":"76020","city":"Azle","county":"Parker","u2015":11263,"u2023":13355,"added":2092,"growth":18.6,"moe":818,"certain":true,"peak_month":"2022-08","from_peak":-6.3,"value":334992}},{"type":"Feature","geometry":{"type":"Polygon","coordinates":[[[-97.166911,32.850263],[-97.168628,32.85227],[-97.16765,32.852781],[-97.168111,32.853481],[-97.167429,32.853853],[-97.167792,32.860532],[-97.159877,32.860504],[-97.159925,32.867773],[-97.155582,32.86778],[-97.155573,32.864372],[-97.151065,32.86441],[-97.15108,32.866743],[-97.149799,32.867404],[-97.147751,32.86679],[-97.109778,32.86663],[-97.104423,32.865502],[-97.099728,32.866221],[-97.099829,32.837577],[-97.123956,32.837666],[-97.130703,32.836821],[-97.145283,32.837066],[-97.15272,32.83992],[-97.159453,32.840031],[-97.159274,32.849084],[-97.16692,32.849109],[-97.166911,32.850263]]]},"properties":{"zip":"76021","city":"Bedford","county":"Tarrant","u2015":16246,"u2023":15410,"added":-836,"growth":-5.1,"moe":637,"certain":true,"peak_month":"2024-12","from_peak":-2.1,"value":405383}},{"type":"Feature","geometry":{"type":"Polygon","coordinates":[[[-97.126563,32.822096],[-97.151246,32.822094],[-97.15547,32.82341],[-97.164485,32.823563],[-97.164335,32.827293],[-97.166432,32.827215],[-97.165814,32.830406],[-97.166433,32.830393],[-97.166444,32.833963],[-97.16787,32.833942],[-97.167628,32.835697],[-97.166123,32.835706],[-97.166186,32.839555],[-97.153351,32.840018],[-97.146155,32.837282],[-97.14349,32.836858],[-97.128763,32.836866],[-97.123956,32.837666],[-97.121382,32.837246],[-97.12288,32.837339],[-97.120437,32.833942],[-97.120982,32.833948],[-97.121211,32.829653],[-97.125505,32.829628],[-97.125786,32.825829],[-97.124587,32.825837],[-97.124594,32.823579],[-97.125298,32.824393],[-97.125333,32.823769],[-97.12666,32.823762],[-97.126563,32.822096]]]},"properties":{"zip":"76022","city":"Bedford","county":"Tarrant","u2015":6035,"u2023":6202,"added":167,"growth":2.8,"moe":451,"certain":false,"peak_month":"2024-06","from_peak":-3.7,"value":322599}},{"type":"Feature","geometry":{"type":"Polygon","coordinates":[[[-97.621353,33.003697],[-97.621375,32.995552],[-97.631869,32.99564],[-97.63918,33.003373],[-97.657622,33.00962],[-97.659229,33.011505],[-97.659567,33.010266],[-97.663773,33.010518],[-97.666265,33.010376],[-97.666854,33.009571],[-97.674624,33.009661],[-97.672751,33.016209],[-97.673649,33.016546],[-97.673443,33.01734],[-97.673253,33.017892],[-97.672277,33.017874],[-97.671336,33.021167],[-97.678773,33.020738],[-97.679057,33.01716],[-97.687485,33.01711],[-97.687428,33.026653],[-97.689058,33.03004],[-97.688652,33.038686],[-97.692251,33.043369],[-97.672376,33.043084],[-97.673759,33.049289],[-97.673367,33.050524],[-97.676661,33.056317],[-97.67578,33.056067],[-97.675265,33.05661],[-97.673441,33.061185],[-97.674627,33.065596],[-97.672784,33.067349],[-97.676937,33.07295],[-97.677064,33.077122],[-97.673003,33.076215],[-97.671422,33.079266],[-97.67041,33.079849],[-97.669462,33.082872],[-97.665229,33.086659],[-97.663059,33.091832],[-97.659885,33.093822],[-97.656403,33.094228],[-97.653934,33.096212],[-97.651732,33.097085],[-97.645681,33.102493],[-97.63826,33.103364],[-97.636797,33.102847],[-97.63274,33.105132],[-97.629989,33.105763],[-97.62281,33.106308],[-97.621883,33.107144],[-97.618675,33.107359],[-97.606481,33.110272],[-97.600863,33.110835],[-97.596316,33.107218],[-97.595628,33.101287],[-97.59792,33.099917],[-97.597978,33.098312],[-97.595143,33.095564],[-97.594195,33.095471],[-97.591889,33.092008],[-97.591954,33.090072],[-97.590229,33.090133],[-97.586369,33.087715],[-97.583737,33.08815],[-97.580204,33.089953],[-97.576208,33.089618],[-97.576207,33.08904],[-97.574909,33.088537],[-97.56821,33.087696],[-97.569045,33.089208],[-97.56999,33.089003],[-97.572129,33.09061],[-97.572949,33.090493],[-97.572461,33.089571],[-97.573407,33.088945],[-97.575561,33.090345],[-97.575645,33.092098],[-97.573974,33.092456],[-97.573924,33.093369],[-97.574625,33.093809],[-97.574164,33.0956],[-97.572237,33.096166],[-97.571839,33.09704],[-97.572257,33.09814],[-97.571591,33.099877],[-97.57065,33.100526],[-97.570938,33.101493],[-97.571728,33.101284],[-97.572492,33.101966],[-97.572159,33.102708],[-97.573864,33.105155],[-97.575204,33.10881],[-97.574524,33.110509],[-97.573702,33.111047],[-97.568792,33.106848],[-97.546879,33.107022],[-97.546676,33.099587],[-97.539821,33.099622],[-97.538953,33.098313],[-97.539358,33.097818],[-97.538509,33.09668],[-97.539711,33.09579],[-97.53936,33.093239],[-97.539987,33.092222],[-97.539556,33.091513],[-97.540536,33.090419],[-97.540177,33.08944],[-97.54083,33.089297],[-97.539158,33.088676],[-97.539191,33.087774],[-97.537898,33.087977],[-97.538003,33.087406],[-97.539205,33.087076],[-97.539479,33.086081],[-97.537873,33.085745],[-97.538043,33.084635],[-97.535983,33.083334],[-97.537163,33.081225],[-97.535963,33.078848],[-97.536321,33.077663],[-97.538718,33.075094],[-97.53911,33.07214],[-97.538426,33.07113],[-97.539175,33.068566],[-97.536885,33.068874],[-97.536543,33.067796],[-97.537706,33.067066],[-97.537758,33.066268],[-97.536329,33.06486],[-97.534643,33.065057],[-97.534375,33.064348],[-97.53529,33.063355],[-97.533025,33.063353],[-97.533476,33.060739],[-97.531323,33.059562],[-97.533211,33.058978],[-97.533385,33.056996],[-97.535545,33.056701],[-97.535379,33.055907],[-97.536969,33.056494],[-97.537956,33.05615],[-97.539267,33.057201],[-97.539398,33.058104],[-97.542138,33.05789],[-97.54375,33.059319],[-97.545357,33.059092],[-97.546545,33.060004],[-97.547614,33.059881],[-97.549806,33.061624],[-97.550948,33.060881],[-97.552706,33.061992],[-97.55254,33.06272],[-97.55468,33.062856],[-97.554766,33.061602],[-97.556016,33.062502],[-97.555808,33.063524],[-97.556413,33.06348],[-97.558485,33.061464],[-97.55959,33.0592],[-97.558557,33.058284],[-97.557393,33.058879],[-97.556775,33.058241],[-97.556487,33.054207],[-97.558128,33.052147],[-97.555279,33.049571],[-97.557117,33.047719],[-97.555743,33.046704],[-97.557634,33.046754],[-97.556735,33.045448],[-97.554962,33.045614],[-97.555981,33.044224],[-97.555544,33.042623],[-97.556848,33.040599],[-97.556944,33.03918],[-97.554949,33.038458],[-97.554825,33.037108],[-97.552198,33.036195],[-97.550864,33.036105],[-97.549179,33.037558],[-97.549646,33.035696],[-97.54924,33.03523],[-97.548233,33.035472],[-97.547611,33.037487],[-97.547577,33.035929],[-97.546863,33.035409],[-97.544371,33.036367],[-97.543244,33.035431],[-97.539002,33.03601],[-97.537842,33.034633],[-97.53612,33.035565],[-97.534736,33.034722],[-97.534233,33.032696],[-97.527047,33.029989],[-97.527044,33.025298],[-97.528187,33.023514],[-97.524037,33.022908],[-97.523645,33.026004],[-97.519757,33.025957],[-97.518754,33.020481],[-97.524791,33.018284],[-97.527786,33.015356],[-97.529256,33.014922],[-97.529086,33.008515],[-97.527689,33.007945],[-97.526531,33.006246],[-97.537658,33.006272],[-97.536341,33.002245],[-97.541584,32.998117],[-97.544354,32.998162],[-97.544337,33.004931],[-97.54649,33.00371],[-97.546385,33.004926],[-97.548536,33.004187],[-97.553469,33.004241],[-97.563418,33.00549],[-97.563607,33.001363],[-97.566804,33.001363],[-97.568591,33.002446],[-97.568606,33.001356],[-97.569899,33.00112],[-97.578172,33.001417],[-97.584465,32.995142],[-97.5816,32.995125],[-97.578037,32.98903],[-97.578218,32.986661],[-97.581939,32.986545],[-97.582118,32.979486],[-97.604064,32.979633],[-97.604094,32.995447],[-97.610902,32.995493],[-97.61216,33.003521],[-97.621353,33.003697]]]},"properties":{"zip":"76023","city":"Boyd","county":"Wise","u2015":2141,"u2023":2614,"added":473,"growth":22.1,"moe":299,"certain":true,"peak_month":"2022-07","from_peak":-4.1,"value":368478}},{"type":"Feature","geometry":{"type":"MultiPolygon","coordinates":[[[[-97.402779,32.478057],[-97.403643,32.4775],[-97.405213,32.479321],[-97.405177,32.483024],[-97.401361,32.485833],[-97.396317,32.487293],[-97.396162,32.485491],[-97.395053,32.485423],[-97.395026,32.481569],[-97.396329,32.481569],[-97.396323,32.477445],[-97.398826,32.477463],[-97.398857,32.474085],[-97.401125,32.472748],[-97.402566,32.469715],[-97.40333,32.469921],[-97.403677,32.471705],[-97.401604,32.476362],[-97.402779,32.478057]]],[[[-97.364344,32.48715],[-97.372824,32.490026],[-97.376334,32.486752],[-97.370959,32.494107],[-97.370783,32.495137],[-97.374251,32.497369],[-97.374788,32.497011],[-97.377469,32.498095],[-97.379323,32.497712],[-97.383053,32.49845],[-97.387885,32.491545],[-97.388905,32.489093],[-97.393755,32.493308],[-97.395905,32.491394],[-97.396027,32.489691],[-97.4036,32.489911],[-97.403905,32.489092],[-97.407423,32.489131],[-97.407911,32.487726],[-97.415532,32.487149],[-97.41551,32.491678],[-97.414394,32.491692],[-97.414353,32.493743],[-97.421261,32.499705],[-97.422586,32.498606],[-97.425308,32.500971],[-97.425952,32.499105],[-97.426936,32.500644],[-97.429254,32.514913],[-97.428397,32.516312],[-97.422624,32.52129],[-97.421938,32.523035],[-97.422188,32.525317],[-97.420354,32.524211],[-97.414983,32.528495],[-97.413616,32.528447],[-97.411531,32.530091],[-97.409009,32.527946],[-97.396855,32.532009],[-97.397498,32.533312],[-97.396549,32.534533],[-97.394975,32.53456],[-97.392229,32.532155],[-97.38525,32.538106],[-97.384307,32.538021],[-97.378699,32.542656],[-97.376283,32.541689],[-97.368549,32.534862],[-97.366983,32.542046],[-97.365687,32.543371],[-97.36463,32.542499],[-97.36581,32.545864],[-97.363776,32.553361],[-97.352185,32.553277],[-97.350596,32.551818],[-97.343924,32.557455],[-97.351432,32.563853],[-97.351311,32.564442],[-97.345372,32.568998],[-97.334258,32.571838],[-97.334549,32.576284],[-97.323849,32.577887],[-97.325252,32.57793],[-97.32725,32.589892],[-97.322747,32.591305],[-97.322598,32.590004],[-97.320593,32.589743],[-97.320192,32.588589],[-97.319423,32.588412],[-97.319337,32.59912],[-97.308701,32.599238],[-97.308252,32.597642],[-97.284251,32.597611],[-97.284059,32.603985],[-97.276199,32.603942],[-97.273171,32.596677],[-97.278581,32.591142],[-97.271134,32.590903],[-97.270274,32.591841],[-97.26726,32.591876],[-97.263391,32.589927],[-97.263339,32.581166],[-97.252808,32.581062],[-97.252564,32.580097],[-97.240774,32.57967],[-97.240798,32.576262],[-97.23293,32.576183],[-97.233047,32.568908],[-97.215844,32.568979],[-97.215796,32.571803],[-97.219055,32.572696],[-97.218849,32.574531],[-97.215774,32.573811],[-97.215785,32.572758],[-97.212628,32.572721],[-97.212707,32.566075],[-97.21132,32.565949],[-97.211331,32.56496],[-97.21438,32.563224],[-97.21584,32.563228],[-97.215831,32.561642],[-97.212597,32.561375],[-97.210146,32.557834],[-97.214113,32.556576],[-97.214124,32.551167],[-97.213434,32.551156],[-97.215677,32.543356],[-97.211702,32.541142],[-97.210583,32.541148],[-97.209635,32.538981],[-97.210736,32.538459],[-97.208059,32.534869],[-97.205986,32.533056],[-97.203309,32.532232],[-97.199526,32.525838],[-97.197033,32.523121],[-97.188595,32.517563],[-97.18626,32.519154],[-97.182329,32.514862],[-97.183562,32.51059],[-97.185048,32.510939],[-97.184214,32.509195],[-97.184549,32.50848],[-97.186388,32.508348],[-97.186127,32.50687],[-97.188044,32.506608],[-97.188189,32.507489],[-97.18877,32.507391],[-97.188652,32.506513],[-97.191,32.506537],[-97.194276,32.511021],[-97.203791,32.506934],[-97.209418,32.502783],[-97.211616,32.502276],[-97.212793,32.502752],[-97.216522,32.500985],[-97.216746,32.502974],[-97.215813,32.503574],[-97.216999,32.505288],[-97.215703,32.506203],[-97.217934,32.509521],[-97.219844,32.508649],[-97.217619,32.505286],[-97.221627,32.503338],[-97.219178,32.499707],[-97.228586,32.494942],[-97.231764,32.487479],[-97.237834,32.49655],[-97.23986,32.495597],[-97.238346,32.493076],[-97.261843,32.481515],[-97.257239,32.474638],[-97.260736,32.472383],[-97.256944,32.465205],[-97.268626,32.464703],[-97.273799,32.46224],[-97.276238,32.465524],[-97.274834,32.46616],[-97.276094,32.467525],[-97.271966,32.4695],[-97.274158,32.472663],[-97.275556,32.4714],[-97.275844,32.471877],[-97.277452,32.471539],[-97.283546,32.472264],[-97.283292,32.474004],[-97.28395,32.476431],[-97.287249,32.474899],[-97.287153,32.478265],[-97.290697,32.480108],[-97.289125,32.479378],[-97.283487,32.482042],[-97.28408,32.482889],[-97.282196,32.483305],[-97.282746,32.484594],[-97.291335,32.484298],[-97.295905,32.481081],[-97.2959,32.484144],[-97.301397,32.48425],[-97.30321,32.483005],[-97.304692,32.482872],[-97.306816,32.480721],[-97.30705,32.478789],[-97.310092,32.477736],[-97.309167,32.477311],[-97.308898,32.476042],[-97.309684,32.4739],[-97.308804,32.472848],[-97.30986,32.471268],[-97.318977,32.468301],[-97.31245,32.462639],[-97.312399,32.458964],[-97.313701,32.458816],[-97.3142,32.456546],[-97.311856,32.455273],[-97.311953,32.453297],[-97.314224,32.452661],[-97.312805,32.44827],[-97.321128,32.446913],[-97.324536,32.446964],[-97.324613,32.45363],[-97.320264,32.453681],[-97.320212,32.458725],[-97.323677,32.458758],[-97.323246,32.459781],[-97.339402,32.45984],[-97.34203,32.458365],[-97.349604,32.458097],[-97.349541,32.463932],[-97.358982,32.464132],[-97.358702,32.471862],[-97.352002,32.465916],[-97.350837,32.466872],[-97.35204,32.467943],[-97.357888,32.481462],[-97.362997,32.477454],[-97.365942,32.480091],[-97.36544,32.480542],[-97.366315,32.48124],[-97.365908,32.48199],[-97.367493,32.483046],[-97.364344,32.48715]]]]},"properties":{"zip":"76028","city":"Burleson","county":"Johnson","u2015":24017,"u2023":27928,"added":3911,"growth":16.3,"moe":965,"certain":true,"peak_month":"2022-08","from_peak":-6.9,"value":343536}},{"type":"Feature","geometry":{"type":"Polygon","coordinates":[[[-97.273799,32.46224],[-97.267679,32.464781],[-97.266188,32.463841],[-97.263455,32.459591],[-97.273719,32.454689],[-97.279097,32.454726],[-97.279357,32.447241],[-97.285002,32.443637],[-97.283393,32.443261],[-97.282205,32.441463],[-97.282032,32.436206],[-97.285017,32.436028],[-97.283876,32.427449],[-97.286807,32.427466],[-97.286506,32.42341],[-97.289113,32.423373],[-97.289313,32.42215],[-97.2865,32.422071],[-97.286571,32.419237],[-97.289888,32.419174],[-97.289662,32.413646],[-97.294031,32.413691],[-97.294309,32.414637],[-97.297616,32.414547],[-97.297822,32.411296],[-97.29644,32.410806],[-97.29664,32.402667],[-97.296068,32.401715],[-97.29609,32.399358],[-97.29829,32.399342],[-97.306772,32.39683],[-97.31086,32.401187],[-97.314108,32.401236],[-97.313976,32.402375],[-97.318379,32.402486],[-97.318382,32.404359],[-97.319314,32.404355],[-97.319331,32.406098],[-97.321789,32.406112],[-97.321771,32.409208],[-97.320613,32.409841],[-97.323875,32.409785],[-97.327362,32.402054],[-97.329806,32.399158],[-97.332868,32.399424],[-97.332751,32.402828],[-97.337669,32.402929],[-97.338839,32.399822],[-97.340691,32.398125],[-97.340621,32.3968],[-97.343331,32.396811],[-97.343347,32.398105],[-97.344791,32.398078],[-97.344791,32.394599],[-97.35154,32.394647],[-97.351541,32.392434],[-97.343849,32.392432],[-97.34376,32.390904],[-97.344821,32.390738],[-97.344808,32.389196],[-97.342414,32.389424],[-97.342232,32.390998],[-97.341278,32.3919],[-97.339088,32.391814],[-97.338685,32.38442],[-97.335294,32.384507],[-97.334073,32.382619],[-97.34111,32.378594],[-97.345677,32.374408],[-97.339555,32.375038],[-97.329112,32.377349],[-97.324459,32.38123],[-97.321549,32.385408],[-97.318506,32.386285],[-97.319584,32.386719],[-97.319516,32.389563],[-97.317589,32.39038],[-97.296102,32.397311],[-97.29617,32.394647],[-97.291926,32.396252],[-97.291833,32.391387],[-97.294001,32.39105],[-97.293698,32.389287],[-97.289844,32.389778],[-97.288021,32.390924],[-97.285654,32.38845],[-97.284087,32.388411],[-97.284087,32.385058],[-97.282413,32.385045],[-97.28218,32.382365],[-97.280078,32.378276],[-97.2801,32.375788],[-97.278139,32.372706],[-97.278429,32.37189],[-97.277846,32.371884],[-97.279129,32.371077],[-97.279772,32.368246],[-97.281585,32.367955],[-97.284781,32.363646],[-97.286757,32.362783],[-97.287534,32.363646],[-97.285927,32.361019],[-97.287124,32.360333],[-97.282603,32.353368],[-97.287747,32.350695],[-97.285564,32.347186],[-97.286244,32.347093],[-97.286063,32.345762],[-97.286691,32.345222],[-97.285999,32.34337],[-97.286964,32.342464],[-97.286485,32.341403],[-97.287607,32.341622],[-97.286454,32.339785],[-97.283076,32.340617],[-97.286023,32.339134],[-97.283331,32.334955],[-97.272598,32.34023],[-97.267322,32.332411],[-97.276313,32.326545],[-97.275595,32.322488],[-97.281224,32.319723],[-97.274765,32.317045],[-97.26938,32.313805],[-97.281027,32.308072],[-97.282515,32.305579],[-97.282436,32.30274],[-97.286944,32.30259],[-97.306092,32.293199],[-97.301798,32.286841],[-97.315844,32.28015],[-97.321308,32.280652],[-97.328343,32.279772],[-97.322053,32.270328],[-97.321127,32.270535],[-97.321548,32.271486],[-97.320266,32.272706],[-97.318907,32.271788],[-97.315814,32.271442],[-97.315853,32.270688],[-97.31463,32.270134],[-97.31045,32.273173],[-97.309259,32.272393],[-97.305139,32.274723],[-97.30171,32.270122],[-97.315127,32.263581],[-97.313204,32.262186],[-97.310706,32.258304],[-97.3084,32.259434],[-97.306976,32.258187],[-97.306419,32.256697],[-97.305455,32.256482],[-97.304757,32.252111],[-97.303389,32.25002],[-97.306018,32.248739],[-97.304907,32.247072],[-97.301684,32.248208],[-97.301119,32.244338],[-97.295436,32.241793],[-97.301946,32.238642],[-97.302631,32.239922],[-97.337608,32.22318],[-97.347339,32.237085],[-97.346312,32.240018],[-97.346609,32.241348],[-97.349405,32.240031],[-97.351719,32.243904],[-97.353162,32.244878],[-97.356512,32.249523],[-97.358645,32.249518],[-97.367908,32.257185],[-97.370666,32.255952],[-97.374248,32.261421],[-97.378883,32.263098],[-97.379376,32.284615],[-97.382791,32.289702],[-97.379522,32.291308],[-97.380262,32.326062],[-97.382111,32.327509],[-97.381982,32.3301],[-97.380309,32.327877],[-97.380426,32.334046],[-97.382512,32.332811],[-97.38396,32.337587],[-97.383333,32.338534],[-97.383893,32.340721],[-97.384781,32.340536],[-97.385308,32.34236],[-97.384421,32.342551],[-97.385076,32.34482],[-97.386375,32.346062],[-97.385495,32.34624],[-97.385691,32.34695],[-97.386579,32.346766],[-97.386996,32.348253],[-97.386185,32.348678],[-97.386551,32.349902],[-97.387416,32.349727],[-97.388476,32.353416],[-97.388733,32.35445],[-97.388029,32.354887],[-97.388948,32.357417],[-97.389552,32.357166],[-97.390363,32.359664],[-97.394932,32.366655],[-97.39319,32.367494],[-97.394719,32.369798],[-97.39413,32.370074],[-97.395704,32.371294],[-97.393556,32.378088],[-97.391904,32.378045],[-97.391881,32.379297],[-97.393212,32.379347],[-97.391347,32.38548],[-97.387065,32.385436],[-97.386642,32.38442],[-97.387167,32.396647],[-97.383711,32.403543],[-97.370004,32.403624],[-97.369571,32.40719],[-97.376987,32.407507],[-97.376882,32.420526],[-97.377661,32.421361],[-97.383532,32.420882],[-97.383601,32.423557],[-97.381822,32.424563],[-97.377505,32.424611],[-97.375904,32.425593],[-97.37292,32.425525],[-97.372799,32.421795],[-97.365865,32.421616],[-97.365831,32.416413],[-97.366684,32.413684],[-97.367357,32.413364],[-97.367072,32.412726],[-97.365141,32.413761],[-97.364364,32.415273],[-97.363437,32.41501],[-97.364274,32.416131],[-97.363367,32.416939],[-97.364236,32.417385],[-97.36283,32.418402],[-97.362746,32.419496],[-97.364235,32.421579],[-97.356449,32.421318],[-97.353204,32.419067],[-97.351485,32.418629],[-97.336412,32.418549],[-97.336289,32.425721],[-97.332354,32.425862],[-97.332041,32.429443],[-97.329485,32.429765],[-97.329084,32.441951],[-97.322832,32.442025],[-97.321128,32.446913],[-97.312805,32.44827],[-97.314224,32.452661],[-97.311953,32.453297],[-97.311856,32.455273],[-97.3142,32.456546],[-97.313701,32.458816],[-97.312399,32.458964],[-97.31245,32.462639],[-97.318977,32.468301],[-97.309987,32.47114],[-97.308804,32.472848],[-97.309684,32.4739],[-97.309029,32.474555],[-97.309167,32.477311],[-97.310092,32.477736],[-97.30705,32.478789],[-97.306816,32.480721],[-97.304692,32.482872],[-97.30321,32.483005],[-97.301397,32.48425],[-97.2959,32.484144],[-97.295905,32.481081],[-97.291335,32.484298],[-97.282746,32.484594],[-97.282196,32.483305],[-97.28408,32.482889],[-97.283487,32.482042],[-97.289125,32.479378],[-97.290697,32.480108],[-97.287153,32.478265],[-97.287249,32.474899],[-97.28395,32.476431],[-97.283292,32.474004],[-97.283546,32.472264],[-97.277452,32.471539],[-97.275844,32.471877],[-97.275556,32.4714],[-97.274158,32.472663],[-97.271966,32.4695],[-97.276094,32.467525],[-97.274834,32.46616],[-97.276238,32.465524],[-97.273799,32.46224]]]},"properties":{"zip":"76031","city":"Cleburne","county":"Johnson","u2015":6502,"u2023":6596,"added":94,"growth":1.4,"moe":608,"certain":false,"peak_month":"2022-08","from_peak":-7.6,"value":280857}},{"type":"Feature","geometry":{"type":"Polygon","coordinates":[[[-97.615055,32.203581],[-97.615196,32.231088],[-97.614306,32.258434],[-97.610572,32.25788],[-97.606552,32.255764],[-97.603881,32.252671],[-97.597969,32.253549],[-97.595807,32.263999],[-97.594561,32.265638],[-97.594899,32.275466],[-97.593276,32.275986],[-97.598365,32.28331],[-97.594055,32.285457],[-97.614641,32.281576],[-97.615286,32.318618],[-97.685214,32.31774],[-97.692022,32.325184],[-97.693431,32.325327],[-97.694859,32.326729],[-97.698888,32.331681],[-97.702319,32.336911],[-97.707621,32.348211],[-97.708711,32.351933],[-97.709145,32.362225],[-97.706811,32.368057],[-97.70361,32.370365],[-97.701156,32.370321],[-97.697568,32.369226],[-97.694468,32.367212],[-97.691935,32.36489],[-97.687828,32.359017],[-97.684889,32.351963],[-97.681876,32.347337],[-97.675878,32.341204],[-97.672381,32.339283],[-97.670366,32.340144],[-97.666873,32.345937],[-97.663798,32.349072],[-97.656084,32.353528],[-97.648118,32.356973],[-97.645296,32.356757],[-97.638253,32.35458],[-97.626491,32.354066],[-97.626466,32.353447],[-97.623699,32.352909],[-97.623316,32.352144],[-97.622474,32.352739],[-97.620276,32.35068],[-97.621012,32.349959],[-97.619767,32.349127],[-97.619083,32.349699],[-97.614165,32.346694],[-97.609276,32.347554],[-97.605054,32.350447],[-97.602937,32.353344],[-97.604823,32.355924],[-97.604359,32.356076],[-97.603409,32.355665],[-97.602691,32.353728],[-97.600117,32.351616],[-97.589951,32.35676],[-97.58688,32.352146],[-97.581535,32.35474],[-97.580579,32.353325],[-97.577928,32.35484],[-97.575655,32.351388],[-97.552871,32.32569],[-97.548986,32.317912],[-97.54628,32.31488],[-97.545404,32.308771],[-97.543552,32.30653],[-97.514693,32.311276],[-97.518263,32.31636],[-97.511586,32.319986],[-97.512718,32.321643],[-97.507351,32.324242],[-97.506164,32.322598],[-97.487731,32.331716],[-97.480197,32.330424],[-97.477082,32.328898],[-97.466558,32.333896],[-97.465097,32.334072],[-97.467121,32.336878],[-97.469856,32.338004],[-97.478043,32.3474],[-97.478224,32.346663],[-97.479026,32.346454],[-97.481084,32.349141],[-97.486641,32.347693],[-97.488129,32.348578],[-97.50155,32.341712],[-97.505951,32.347741],[-97.517034,32.34232],[-97.525534,32.355015],[-97.521479,32.357008],[-97.520807,32.358286],[-97.51162,32.362848],[-97.50304,32.366194],[-97.478664,32.378177],[-97.471617,32.376637],[-97.474224,32.379519],[-97.473247,32.381922],[-97.470636,32.383352],[-97.47054,32.386226],[-97.472381,32.387853],[-97.475731,32.389206],[-97.47673,32.39053],[-97.475883,32.395204],[-97.473155,32.396392],[-97.473344,32.3977],[-97.472197,32.398828],[-97.472308,32.400042],[-97.4735,32.40023],[-97.473961,32.401318],[-97.472245,32.405365],[-97.472971,32.406795],[-97.472654,32.407542],[-97.474638,32.408993],[-97.47504,32.410879],[-97.474672,32.412934],[-97.473564,32.41414],[-97.475755,32.415849],[-97.476851,32.4178],[-97.479081,32.418641],[-97.480716,32.420367],[-97.481167,32.422172],[-97.482901,32.422691],[-97.48252,32.424478],[-97.483525,32.425857],[-97.469641,32.421793],[-97.463346,32.418832],[-97.452322,32.415022],[-97.447339,32.412426],[-97.414279,32.3859],[-97.397927,32.385599],[-97.397827,32.392561],[-97.400305,32.392632],[-97.400385,32.396219],[-97.403754,32.399436],[-97.403663,32.407901],[-97.411203,32.407971],[-97.411204,32.409505],[-97.413512,32.409503],[-97.413479,32.416069],[-97.404768,32.416081],[-97.404735,32.42051],[-97.395791,32.420465],[-97.395582,32.425956],[-97.388252,32.425444],[-97.388666,32.435853],[-97.384135,32.435806],[-97.383532,32.420882],[-97.377661,32.421361],[-97.376823,32.420403],[-97.376987,32.407507],[-97.369571,32.40719],[-97.370176,32.403404],[-97.383711,32.403543],[-97.387167,32.396647],[-97.386642,32.38442],[-97.387065,32.385436],[-97.391347,32.38548],[-97.393212,32.379347],[-97.391881,32.379297],[-97.391904,32.378045],[-97.393556,32.378088],[-97.395704,32.371294],[-97.39413,32.370074],[-97.394719,32.369798],[-97.39319,32.367494],[-97.394932,32.366655],[-97.390363,32.359664],[-97.389552,32.357166],[-97.388948,32.357417],[-97.388029,32.354887],[-97.388733,32.35445],[-97.388476,32.353416],[-97.387416,32.349727],[-97.386551,32.349902],[-97.386185,32.348678],[-97.386996,32.348253],[-97.386579,32.346766],[-97.385691,32.34695],[-97.385495,32.34624],[-97.386375,32.346062],[-97.385076,32.34482],[-97.384421,32.342551],[-97.385308,32.34236],[-97.384781,32.340536],[-97.383893,32.340721],[-97.383333,32.338534],[-97.38396,32.337587],[-97.382512,32.332811],[-97.380426,32.334046],[-97.380309,32.327877],[-97.381982,32.3301],[-97.382111,32.327509],[-97.380262,32.326062],[-97.379522,32.291308],[-97.382791,32.289702],[-97.379376,32.284615],[-97.378971,32.266339],[-97.390181,32.274858],[-97.392143,32.274884],[-97.393191,32.25958],[-97.405731,32.252988],[-97.406756,32.253129],[-97.407295,32.253638],[-97.405783,32.260671],[-97.405917,32.264536],[-97.408395,32.266708],[-97.435181,32.251486],[-97.434467,32.250732],[-97.447369,32.244118],[-97.452243,32.235348],[-97.456589,32.223759],[-97.461054,32.22048],[-97.460415,32.219426],[-97.460318,32.215342],[-97.45874,32.213186],[-97.458901,32.210391],[-97.45739,32.208402],[-97.456932,32.205188],[-97.455344,32.202778],[-97.464015,32.200626],[-97.469307,32.198113],[-97.479258,32.192652],[-97.482959,32.189667],[-97.487573,32.187171],[-97.4905,32.183627],[-97.488665,32.182657],[-97.490221,32.180138],[-97.486722,32.177594],[-97.488402,32.174332],[-97.48749,32.171102],[-97.493349,32.165135],[-97.502921,32.162655],[-97.50836,32.163268],[-97.511559,32.161839],[-97.512777,32.15936],[-97.513378,32.155591],[-97.512554,32.148488],[-97.511041,32.143745],[-97.508423,32.14029],[-97.508166,32.139004],[-97.509852,32.135855],[-97.512854,32.133966],[-97.516121,32.133612],[-97.525163,32.135691],[-97.53805,32.140575],[-97.55402,32.149166],[-97.559122,32.149079],[-97.568758,32.150543],[-97.570477,32.152782],[-97.570591,32.154421],[-97.564445,32.161377],[-97.564862,32.162985],[-97.566915,32.164685],[-97.568041,32.166735],[-97.567692,32.174334],[-97.569377,32.177735],[-97.574566,32.180839],[-97.577528,32.180943],[-97.582118,32.179544],[-97.592931,32.174374],[-97.597538,32.17427],[-97.600963,32.175269],[-97.602579,32.177498],[-97.601896,32.179668],[-97.599937,32.181201],[-97.59241,32.184782],[-97.590158,32.187913],[-97.589759,32.193161],[-97.591567,32.198332],[-97.594336,32.201663],[-97.598647,32.204118],[-97.607982,32.204309],[-97.615055,32.203581]]]},"properties":{"zip":"76033","city":"Cleburne","county":"Johnson","u2015":9983,"u2023":10962,"added":979,"growth":9.8,"moe":591,"certain":true,"peak_month":"2022-08","from_peak":-6.2,"value":274728}},{"type":"Feature","geometry":{"type":"Polygon","coordinates":[[[-97.109051,32.866571],[-97.147751,32.86679],[-97.149799,32.867404],[-97.15108,32.866743],[-97.151065,32.86441],[-97.155573,32.864372],[-97.155582,32.86778],[-97.159925,32.867773],[-97.159877,32.860504],[-97.173067,32.860115],[-97.172682,32.867275],[-97.164229,32.873716],[-97.16427,32.874901],[-97.173668,32.874822],[-97.173637,32.880401],[-97.175832,32.880391],[-97.175878,32.881295],[-97.174254,32.881286],[-97.17364,32.880479],[-97.173775,32.885221],[-97.174528,32.885646],[-97.174529,32.88628],[-97.173773,32.886198],[-97.173758,32.888748],[-97.177074,32.886204],[-97.177104,32.887676],[-97.178874,32.887744],[-97.178883,32.889],[-97.18596,32.889243],[-97.185957,32.901235],[-97.18676,32.906073],[-97.186743,32.911451],[-97.187986,32.911661],[-97.176637,32.911814],[-97.176724,32.922513],[-97.174406,32.921905],[-97.173548,32.923136],[-97.172453,32.923059],[-97.171804,32.922299],[-97.167778,32.92374],[-97.167033,32.923012],[-97.165223,32.923268],[-97.16488,32.922443],[-97.163327,32.921992],[-97.163397,32.921329],[-97.161162,32.920156],[-97.158985,32.921763],[-97.15798,32.920603],[-97.158138,32.919953],[-97.156686,32.919279],[-97.154571,32.916983],[-97.150104,32.91785],[-97.148965,32.916829],[-97.144865,32.918639],[-97.143659,32.918115],[-97.143004,32.918562],[-97.139789,32.916455],[-97.135777,32.917109],[-97.133798,32.915705],[-97.132355,32.916314],[-97.131446,32.915197],[-97.129751,32.914727],[-97.12858,32.912408],[-97.129611,32.911642],[-97.126711,32.910218],[-97.127336,32.909025],[-97.125047,32.908105],[-97.125012,32.889674],[-97.120394,32.88965],[-97.120349,32.885425],[-97.116185,32.885353],[-97.116124,32.887495],[-97.105486,32.887484],[-97.105479,32.888728],[-97.099819,32.888724],[-97.099803,32.881352],[-97.105596,32.881659],[-97.106591,32.876705],[-97.109116,32.871799],[-97.109051,32.866571]]]},"properties":{"zip":"76034","city":"Colleyville","county":"Tarrant","u2015":8652,"u2023":9600,"added":948,"growth":11.0,"moe":507,"certain":true,"peak_month":"2026-03","from_peak":-0.3,"value":929682}},{"type":"Feature","geometry":{"type":"Polygon","coordinates":[[[-97.446623,32.645596],[-97.446511,32.647138],[-97.448437,32.650826],[-97.447914,32.652119],[-97.446515,32.652336],[-97.445659,32.651864],[-97.444958,32.649381],[-97.441446,32.646471],[-97.417556,32.64557],[-97.41362,32.644793],[-97.414607,32.641357],[-97.414502,32.63685],[-97.41507,32.635087],[-97.42327,32.621964],[-97.429657,32.616923],[-97.434253,32.610736],[-97.426614,32.610549],[-97.426558,32.599933],[-97.407111,32.599978],[-97.406977,32.606431],[-97.402824,32.606374],[-97.399378,32.604786],[-97.395517,32.603992],[-97.388452,32.603946],[-97.388468,32.607474],[-97.35639,32.606599],[-97.355135,32.606785],[-97.355082,32.608198],[-97.352146,32.609188],[-97.351925,32.612436],[-97.351465,32.612986],[-97.350717,32.61244],[-97.34969,32.614131],[-97.331328,32.614019],[-97.325252,32.57793],[-97.323849,32.577887],[-97.334549,32.576284],[-97.334258,32.571838],[-97.345372,32.568998],[-97.351311,32.564442],[-97.351432,32.563853],[-97.343924,32.557455],[-97.350596,32.551818],[-97.352185,32.553277],[-97.363776,32.553361],[-97.36581,32.545864],[-97.36463,32.542499],[-97.365687,32.543371],[-97.366983,32.542046],[-97.368549,32.534862],[-97.376283,32.541689],[-97.378699,32.542656],[-97.384307,32.538021],[-97.38525,32.538106],[-97.392229,32.532155],[-97.394975,32.53456],[-97.396549,32.534533],[-97.397498,32.533312],[-97.396855,32.532009],[-97.409009,32.527946],[-97.411531,32.530091],[-97.413616,32.528447],[-97.414983,32.528495],[-97.420354,32.524211],[-97.422188,32.525317],[-97.421938,32.523035],[-97.422624,32.52129],[-97.428397,32.516312],[-97.429254,32.514913],[-97.434398,32.515205],[-97.43369,32.516838],[-97.433976,32.51773],[-97.435339,32.518264],[-97.437088,32.520878],[-97.438931,32.521165],[-97.439993,32.52223],[-97.439935,32.523035],[-97.444479,32.526909],[-97.450614,32.528384],[-97.450616,32.531419],[-97.456685,32.534154],[-97.471321,32.529502],[-97.471318,32.555002],[-97.503424,32.555439],[-97.503558,32.55603],[-97.496232,32.556686],[-97.472014,32.564464],[-97.472167,32.568577],[-97.473655,32.568535],[-97.473677,32.5698],[-97.485554,32.574669],[-97.487001,32.577424],[-97.486046,32.578559],[-97.485212,32.582994],[-97.485784,32.584927],[-97.484029,32.587],[-97.481972,32.587532],[-97.481407,32.588531],[-97.481747,32.589778],[-97.48298,32.589778],[-97.481604,32.591371],[-97.482712,32.592601],[-97.478175,32.592579],[-97.479172,32.595253],[-97.478446,32.596829],[-97.474837,32.59912],[-97.474368,32.60053],[-97.471743,32.603603],[-97.469517,32.604745],[-97.464461,32.603361],[-97.463623,32.60105],[-97.46199,32.599348],[-97.461017,32.599249],[-97.461425,32.598667],[-97.458194,32.598139],[-97.456992,32.596918],[-97.456479,32.595056],[-97.457073,32.593407],[-97.455899,32.594369],[-97.455354,32.596235],[-97.454454,32.595684],[-97.454069,32.594327],[-97.455204,32.593435],[-97.45458,32.592733],[-97.455292,32.592059],[-97.456414,32.589056],[-97.456191,32.586463],[-97.454145,32.585548],[-97.453699,32.584528],[-97.454094,32.585802],[-97.455915,32.586548],[-97.456151,32.588711],[-97.454284,32.592822],[-97.454686,32.593673],[-97.453744,32.594318],[-97.454737,32.597417],[-97.455919,32.600448],[-97.45828,32.601118],[-97.4598,32.60257],[-97.459751,32.605452],[-97.462602,32.607447],[-97.46291,32.610329],[-97.4621,32.610224],[-97.461529,32.607928],[-97.460135,32.607456],[-97.459257,32.606133],[-97.458001,32.606039],[-97.457204,32.606959],[-97.457015,32.606789],[-97.456808,32.606679],[-97.456519,32.6066],[-97.456032,32.606814],[-97.457229,32.607065],[-97.458228,32.606599],[-97.460101,32.608843],[-97.460289,32.610171],[-97.461294,32.610234],[-97.4585,32.610281],[-97.459756,32.611117],[-97.460032,32.612766],[-97.459662,32.61252],[-97.461206,32.616374],[-97.459456,32.617426],[-97.461858,32.617258],[-97.463702,32.619715],[-97.458716,32.62211],[-97.458255,32.62451],[-97.456995,32.62614],[-97.455965,32.625545],[-97.456097,32.628239],[-97.455065,32.631703],[-97.454222,32.631894],[-97.451801,32.630263],[-97.452828,32.632025],[-97.452898,32.633477],[-97.445875,32.631178],[-97.442384,32.627611],[-97.443429,32.631248],[-97.442373,32.632466],[-97.439848,32.633141],[-97.436939,32.63183],[-97.435375,32.629944],[-97.433374,32.629302],[-97.432756,32.629463],[-97.435258,32.630187],[-97.435525,32.631324],[-97.435047,32.631728],[-97.437962,32.634842],[-97.438382,32.636614],[-97.439686,32.63541],[-97.441211,32.635634],[-97.443788,32.634487],[-97.444651,32.635001],[-97.445238,32.639508],[-97.447829,32.643507],[-97.447197,32.644784],[-97.445461,32.644654],[-97.446623,32.645596]]]},"properties":{"zip":"76036","city":"Crowley","county":"Tarrant","u2015":8722,"u2023":11807,"added":3085,"growth":35.4,"moe":808,"certain":true,"peak_month":"2022-08","from_peak":-13.4,"value":318879}},{"type":"Feature","geometry":{"type":"Polygon","coordinates":[[[-97.082622,32.838852],[-97.09014,32.837575],[-97.099829,32.837577],[-97.099728,32.866221],[-97.104423,32.865502],[-97.109088,32.866715],[-97.109116,32.871799],[-97.106591,32.876705],[-97.105596,32.881659],[-97.073984,32.881093],[-97.073819,32.878999],[-97.067822,32.871985],[-97.066138,32.869042],[-97.063777,32.862674],[-97.063652,32.854993],[-97.062505,32.851822],[-97.062444,32.848419],[-97.060816,32.84257],[-97.06111,32.837835],[-97.064591,32.837032],[-97.069641,32.837027],[-97.072342,32.837733],[-97.073431,32.838647],[-97.080253,32.838863],[-97.081391,32.839474],[-97.08262,32.839422],[-97.082622,32.838852]]]},"properties":{"zip":"76039","city":"Euless","county":"Tarrant","u2015":15263,"u2023":17862,"added":2599,"growth":17.0,"moe":800,"certain":true,"peak_month":"2024-11","from_peak":-3.3,"value":367455}},{"type":"Feature","geometry":{"type":"Polygon","coordinates":[[[-97.124594,32.823579],[-97.124587,32.825837],[-97.125786,32.825829],[-97.125505,32.829628],[-97.121211,32.829653],[-97.120982,32.833948],[-97.120437,32.833942],[-97.12288,32.837339],[-97.121382,32.837246],[-97.122839,32.837674],[-97.090891,32.837536],[-97.082622,32.838686],[-97.08262,32.839422],[-97.081391,32.839474],[-97.080253,32.838863],[-97.073431,32.838647],[-97.072342,32.837733],[-97.069643,32.837238],[-97.069475,32.828499],[-97.070626,32.825983],[-97.063732,32.823999],[-97.06457,32.822288],[-97.061314,32.82215],[-97.060603,32.819829],[-97.056617,32.813617],[-97.057431,32.813699],[-97.058248,32.814946],[-97.059222,32.814808],[-97.060251,32.81333],[-97.058464,32.810729],[-97.060115,32.809714],[-97.059673,32.807941],[-97.062671,32.808321],[-97.062187,32.804454],[-97.062923,32.801074],[-97.063356,32.800283],[-97.064689,32.800517],[-97.06535,32.79987],[-97.06346,32.797818],[-97.064144,32.796253],[-97.06634,32.796401],[-97.066942,32.79386],[-97.069386,32.794829],[-97.070042,32.791404],[-97.073413,32.790746],[-97.073473,32.785297],[-97.075327,32.783943],[-97.078032,32.783189],[-97.081399,32.784875],[-97.081838,32.782701],[-97.083424,32.781567],[-97.084172,32.783172],[-97.086688,32.782943],[-97.088841,32.784429],[-97.088576,32.787948],[-97.096003,32.786011],[-97.099695,32.794223],[-97.099517,32.80876],[-97.125333,32.802816],[-97.140163,32.80353],[-97.140054,32.807749],[-97.135427,32.807823],[-97.134695,32.814721],[-97.139336,32.81481],[-97.141955,32.818012],[-97.14338,32.818053],[-97.143952,32.817923],[-97.143642,32.81721],[-97.144354,32.817197],[-97.14409,32.816158],[-97.144726,32.815861],[-97.144714,32.814821],[-97.150784,32.814456],[-97.151597,32.814525],[-97.151767,32.815288],[-97.15581,32.81532],[-97.155763,32.823439],[-97.151246,32.822094],[-97.126563,32.822096],[-97.12666,32.823762],[-97.125333,32.823769],[-97.125298,32.824393],[-97.124594,32.823579]]]},"properties":{"zip":"76040","city":"Euless","county":"Tarrant","u2015":12751,"u2023":12912,"added":161,"growth":1.3,"moe":680,"certain":false,"peak_month":"2024-05","from_peak":-3.9,"value":359438}},{"type":"Feature","geometry":{"type":"Polygon","coordinates":[[[-97.491222,32.496409],[-97.491085,32.502764],[-97.464272,32.502811],[-97.464371,32.491546],[-97.477532,32.491646],[-97.478018,32.47771],[-97.476936,32.477356],[-97.477178,32.455562],[-97.463555,32.455467],[-97.463617,32.445634],[-97.461246,32.445217],[-97.461015,32.436369],[-97.464712,32.436341],[-97.465141,32.432622],[-97.470111,32.4326],[-97.470413,32.433779],[-97.474669,32.433771],[-97.47472,32.429262],[-97.476753,32.428894],[-97.476071,32.423701],[-97.48357,32.425621],[-97.48252,32.424478],[-97.482901,32.422691],[-97.481167,32.422172],[-97.480716,32.420367],[-97.479081,32.418641],[-97.476851,32.4178],[-97.475755,32.415849],[-97.473564,32.41414],[-97.474672,32.412934],[-97.47504,32.410879],[-97.474638,32.408993],[-97.472654,32.407542],[-97.472971,32.406795],[-97.472245,32.405365],[-97.473961,32.401318],[-97.4735,32.40023],[-97.472308,32.400042],[-97.472197,32.398828],[-97.473344,32.3977],[-97.473155,32.396392],[-97.475883,32.395204],[-97.47673,32.39053],[-97.475731,32.389206],[-97.472381,32.387853],[-97.47054,32.386226],[-97.470636,32.383352],[-97.473247,32.381922],[-97.474224,32.379519],[-97.471617,32.376637],[-97.478664,32.378177],[-97.50304,32.366194],[-97.51162,32.362848],[-97.520807,32.358286],[-97.521479,32.357008],[-97.525534,32.355015],[-97.517034,32.34232],[-97.505951,32.347741],[-97.50155,32.341712],[-97.488129,32.348578],[-97.486641,32.347693],[-97.481084,32.349141],[-97.479026,32.346454],[-97.478224,32.346663],[-97.478043,32.3474],[-97.469856,32.338004],[-97.467121,32.336878],[-97.465097,32.334072],[-97.466558,32.333896],[-97.477082,32.328898],[-97.480197,32.330424],[-97.487881,32.331668],[-97.506164,32.322598],[-97.507351,32.324242],[-97.512718,32.321643],[-97.511586,32.319986],[-97.518263,32.31636],[-97.514693,32.311276],[-97.543552,32.30653],[-97.545404,32.308771],[-97.54628,32.31488],[-97.548986,32.317912],[-97.552871,32.32569],[-97.575655,32.351388],[-97.577928,32.35484],[-97.580579,32.353325],[-97.581535,32.35474],[-97.58688,32.352146],[-97.589951,32.35676],[-97.600117,32.351616],[-97.602691,32.353728],[-97.603409,32.355665],[-97.605698,32.35595],[-97.609909,32.35811],[-97.610726,32.358869],[-97.609916,32.359369],[-97.615487,32.362523],[-97.617134,32.471693],[-97.616261,32.479318],[-97.615675,32.495392],[-97.616475,32.513382],[-97.612331,32.513969],[-97.608128,32.517387],[-97.600463,32.517252],[-97.596233,32.511145],[-97.585656,32.503543],[-97.581516,32.493903],[-97.577078,32.49391],[-97.577024,32.499515],[-97.568698,32.499578],[-97.568726,32.506425],[-97.569528,32.50719],[-97.568037,32.508421],[-97.568301,32.510191],[-97.567446,32.510268],[-97.566409,32.511758],[-97.56517,32.512272],[-97.564776,32.514245],[-97.56568,32.515701],[-97.565096,32.518662],[-97.562654,32.519529],[-97.561826,32.520937],[-97.560596,32.521496],[-97.560185,32.522743],[-97.558707,32.52232],[-97.555861,32.524261],[-97.552954,32.524171],[-97.551662,32.526618],[-97.547673,32.52879],[-97.545122,32.531785],[-97.542049,32.532888],[-97.541386,32.533724],[-97.53881,32.533861],[-97.536378,32.535601],[-97.534122,32.535079],[-97.532886,32.53615],[-97.531118,32.535427],[-97.528679,32.535697],[-97.52742,32.537242],[-97.526569,32.540111],[-97.525276,32.540903],[-97.514985,32.541086],[-97.507072,32.54262],[-97.503356,32.545392],[-97.503704,32.541175],[-97.506484,32.535175],[-97.507201,32.531256],[-97.508873,32.529328],[-97.511812,32.528122],[-97.506404,32.528097],[-97.506602,32.496253],[-97.491222,32.496409]]]},"properties":{"zip":"76044","city":"Godley","county":"Johnson","u2015":1522,"u2023":3127,"added":1605,"growth":105.5,"moe":353,"certain":true,"peak_month":"2025-02","from_peak":-2.7,"value":435377}},{"type":"Feature","geometry":{"type":"Polygon","coordinates":[[[-97.175577,32.2368],[-97.18849,32.230581],[-97.187897,32.229602],[-97.190749,32.228182],[-97.189754,32.226772],[-97.217116,32.21284],[-97.216915,32.212153],[-97.217898,32.211944],[-97.218227,32.208464],[-97.21734,32.207383],[-97.218575,32.206194],[-97.218232,32.20383],[-97.219305,32.200893],[-97.218152,32.197815],[-97.219468,32.195587],[-97.242275,32.231256],[-97.266692,32.219222],[-97.270479,32.226774],[-97.316163,32.216938],[-97.311987,32.206921],[-97.307658,32.200481],[-97.318599,32.195354],[-97.331033,32.213738],[-97.318377,32.216462],[-97.319085,32.217529],[-97.31663,32.218922],[-97.315788,32.225126],[-97.316215,32.226061],[-97.315624,32.226534],[-97.319339,32.23198],[-97.302631,32.239922],[-97.301946,32.238642],[-97.295436,32.241793],[-97.301119,32.244338],[-97.301684,32.248208],[-97.304907,32.247072],[-97.306018,32.248739],[-97.303389,32.25002],[-97.304757,32.252111],[-97.305455,32.256482],[-97.306419,32.256697],[-97.306976,32.258187],[-97.3084,32.259434],[-97.310706,32.258304],[-97.313204,32.262186],[-97.315127,32.263581],[-97.30171,32.270122],[-97.305139,32.274723],[-97.309259,32.272393],[-97.31045,32.273173],[-97.31463,32.270134],[-97.315853,32.270688],[-97.315814,32.271442],[-97.318907,32.271788],[-97.320266,32.272706],[-97.321548,32.271486],[-97.321127,32.270535],[-97.322053,32.270328],[-97.328343,32.279772],[-97.321308,32.280652],[-97.315844,32.28015],[-97.301798,32.286841],[-97.306092,32.293199],[-97.286944,32.30259],[-97.282436,32.30274],[-97.282515,32.305579],[-97.281027,32.308072],[-97.26938,32.313805],[-97.274765,32.317045],[-97.281224,32.319723],[-97.275539,32.322555],[-97.276313,32.326545],[-97.267322,32.332411],[-97.262909,32.324765],[-97.25604,32.329017],[-97.255247,32.327838],[-97.254628,32.328024],[-97.251912,32.323894],[-97.24852,32.325491],[-97.246586,32.322549],[-97.241993,32.324749],[-97.243007,32.326414],[-97.239024,32.328228],[-97.238949,32.329372],[-97.239804,32.330753],[-97.239656,32.331814],[-97.243504,32.334138],[-97.246438,32.334238],[-97.246893,32.334893],[-97.247635,32.334317],[-97.248233,32.335341],[-97.245486,32.338085],[-97.231504,32.344338],[-97.231629,32.345312],[-97.221008,32.35014],[-97.220157,32.348877],[-97.218562,32.348886],[-97.21873,32.35076],[-97.215186,32.351447],[-97.215005,32.344158],[-97.212857,32.340462],[-97.211115,32.335141],[-97.205331,32.327936],[-97.20101,32.319384],[-97.196583,32.321572],[-97.195546,32.320591],[-97.186882,32.324771],[-97.196921,32.354025],[-97.188443,32.354362],[-97.187205,32.35365],[-97.185368,32.351034],[-97.18543,32.348844],[-97.175799,32.348337],[-97.174926,32.347102],[-97.173172,32.34796],[-97.172297,32.34619],[-97.17372,32.345408],[-97.16947,32.346037],[-97.166465,32.344997],[-97.165032,32.343413],[-97.159911,32.345639],[-97.157646,32.343638],[-97.148813,32.347666],[-97.14866,32.348328],[-97.148354,32.347923],[-97.146287,32.348878],[-97.146898,32.349784],[-97.144641,32.350883],[-97.145771,32.352565],[-97.136466,32.357061],[-97.134391,32.353726],[-97.1259,32.3574],[-97.123392,32.353746],[-97.105717,32.362212],[-97.104309,32.360269],[-97.10138,32.361593],[-97.099369,32.358535],[-97.094321,32.360944],[-97.092854,32.358715],[-97.086879,32.361582],[-97.086265,32.320375],[-97.084559,32.319406],[-97.085135,32.318591],[-97.083586,32.319143],[-97.084005,32.318034],[-97.082649,32.317917],[-97.083707,32.316786],[-97.082458,32.316727],[-97.081812,32.313879],[-97.082598,32.313454],[-97.081356,32.312874],[-97.081775,32.311783],[-97.081006,32.310576],[-97.080035,32.310958],[-97.078083,32.310413],[-97.077558,32.310889],[-97.076974,32.309641],[-97.07497,32.309846],[-97.074342,32.308871],[-97.072318,32.309888],[-97.073406,32.308774],[-97.072983,32.306415],[-97.078783,32.303638],[-97.067163,32.285629],[-97.062908,32.287432],[-97.0564,32.277465],[-97.053613,32.27867],[-97.051286,32.275421],[-97.05475,32.277011],[-97.058597,32.274875],[-97.060729,32.275789],[-97.063595,32.275172],[-97.069092,32.272804],[-97.074987,32.271851],[-97.078256,32.269001],[-97.082388,32.267958],[-97.086191,32.265531],[-97.074076,32.247953],[-97.062173,32.248688],[-97.06214,32.248165],[-97.062063,32.248691],[-97.059859,32.248793],[-97.045847,32.25423],[-97.006267,32.2742],[-97.000335,32.273843],[-96.998296,32.275382],[-96.997309,32.273954],[-96.995934,32.273494],[-96.986136,32.259098],[-96.984954,32.253237],[-96.98268,32.249394],[-96.982061,32.245519],[-96.981457,32.244743],[-96.9798,32.245565],[-96.973373,32.235905],[-96.979923,32.23264],[-96.976147,32.224936],[-96.974173,32.223194],[-96.998528,32.213372],[-97.000715,32.211871],[-97.011124,32.227176],[-97.048756,32.210641],[-97.069981,32.241895],[-97.06754,32.2263],[-97.077113,32.222862],[-97.080619,32.238432],[-97.082983,32.241808],[-97.080731,32.2434],[-97.082972,32.247051],[-97.144099,32.23984],[-97.148373,32.237845],[-97.138259,32.222797],[-97.13055,32.226546],[-97.131738,32.229332],[-97.125335,32.232579],[-97.125615,32.234578],[-97.119394,32.237484],[-97.116359,32.233485],[-97.101236,32.240828],[-97.098354,32.240555],[-97.090863,32.229158],[-97.128686,32.211457],[-97.123335,32.203283],[-97.123441,32.202607],[-97.132051,32.197933],[-97.13214,32.197055],[-97.130083,32.193869],[-97.130265,32.192819],[-97.139433,32.188384],[-97.157012,32.238315],[-97.175397,32.236145],[-97.175577,32.2368]]]},"properties":{"zip":"76050","city":"Grandview","county":"Johnson","u2015":2380,"u2023":2711,"added":331,"growth":13.9,"moe":360,"certain":false,"peak_month":"2025-02","from_peak":-0.9,"value":413053}},{"type":"Feature","geometry":{"type":"Polygon","coordinates":[[[-97.116124,32.887495],[-97.116185,32.885353],[-97.120349,32.885425],[-97.120394,32.88965],[-97.125012,32.889674],[-97.125047,32.908105],[-97.127336,32.909025],[-97.126711,32.910218],[-97.129611,32.911642],[-97.12858,32.912256],[-97.129382,32.913671],[-97.1262,32.914924],[-97.107207,32.926898],[-97.110029,32.927864],[-97.109951,32.930923],[-97.102966,32.930933],[-97.10212,32.936279],[-97.09783,32.936379],[-97.099578,32.938989],[-97.102406,32.941497],[-97.107961,32.943375],[-97.108027,32.947649],[-97.104882,32.9476],[-97.104639,32.948163],[-97.10498,32.954694],[-97.116677,32.954908],[-97.116678,32.96837],[-97.115339,32.969658],[-97.115842,32.970391],[-97.116326,32.970868],[-97.127033,32.970872],[-97.127025,32.971432],[-97.125851,32.971437],[-97.127025,32.971831],[-97.127025,32.973084],[-97.125491,32.973092],[-97.125512,32.97442],[-97.123655,32.974399],[-97.123676,32.97583],[-97.126987,32.976244],[-97.126981,32.977179],[-97.125759,32.977445],[-97.126982,32.977442],[-97.126977,32.978582],[-97.124336,32.978682],[-97.12425,32.983396],[-97.123281,32.98391],[-97.123189,32.985765],[-97.121789,32.986702],[-97.122137,32.988988],[-97.123001,32.987932],[-97.124157,32.987667],[-97.124154,32.989835],[-97.067737,32.989653],[-97.06407,32.983904],[-97.058232,32.978386],[-97.056733,32.978406],[-97.056345,32.980662],[-97.051691,32.981158],[-97.048996,32.983871],[-97.047332,32.984476],[-97.032387,32.984623],[-97.03239,32.980482],[-97.029186,32.983175],[-97.028008,32.983493],[-97.02755,32.984941],[-97.021116,32.980924],[-97.026667,32.975831],[-97.032499,32.969014],[-97.033794,32.836951],[-97.046038,32.837018],[-97.055942,32.838676],[-97.06111,32.837835],[-97.060816,32.84257],[-97.062444,32.848419],[-97.062505,32.851822],[-97.063652,32.854993],[-97.063906,32.863163],[-97.066138,32.869042],[-97.067822,32.871985],[-97.073819,32.878999],[-97.073984,32.881093],[-97.099803,32.881352],[-97.099819,32.888724],[-97.105479,32.888728],[-97.105486,32.887484],[-97.116124,32.887495]]]},"properties":{"zip":"76051","city":"Grapevine","county":"Tarrant","u2015":20358,"u2023":22529,"added":2171,"growth":10.7,"moe":848,"certain":true,"peak_month":"2025-01","from_peak":-1.2,"value":557353}},{"type":"Feature","geometry":{"type":"Polygon","coordinates":[[[-97.403577,32.968898],[-97.412807,32.96893],[-97.414328,32.967973],[-97.420512,32.967922],[-97.421303,32.971562],[-97.431476,32.992331],[-97.438167,33.009653],[-97.439496,33.011358],[-97.439877,33.014053],[-97.443109,33.022177],[-97.454741,33.037765],[-97.457687,33.040872],[-97.462498,33.043703],[-97.467918,33.044175],[-97.47166,33.045499],[-97.471164,33.047082],[-97.468783,33.046435],[-97.469749,33.047105],[-97.469056,33.04737],[-97.469075,33.051572],[-97.461008,33.045352],[-97.457079,33.045899],[-97.454255,33.045121],[-97.441427,33.037651],[-97.438027,33.036927],[-97.430435,33.036772],[-97.430615,33.030645],[-97.426721,33.030596],[-97.42655,33.036706],[-97.399901,33.036692],[-97.36581,33.03535],[-97.32648,33.03505],[-97.32461,33.03476],[-97.3246,33.03313],[-97.32159,33.03096],[-97.32134,33.02966],[-97.316638,33.029439],[-97.31614,33.02445],[-97.31068,33.02431],[-97.31199,33.02075],[-97.3275,32.99178],[-97.330139,32.988898],[-97.343209,32.978468],[-97.340199,32.976407],[-97.336883,32.97748],[-97.33509,32.977195],[-97.33152,32.974877],[-97.33073,32.975129],[-97.330471,32.976187],[-97.32803,32.977114],[-97.327441,32.973906],[-97.321464,32.973641],[-97.320906,32.973193],[-97.321009,32.962117],[-97.316942,32.961976],[-97.317115,32.947544],[-97.331528,32.947505],[-97.331508,32.938874],[-97.332118,32.938861],[-97.331527,32.924113],[-97.411302,32.924495],[-97.418403,32.939527],[-97.419313,32.942844],[-97.418847,32.946719],[-97.416178,32.950243],[-97.409717,32.950197],[-97.409295,32.94654],[-97.391952,32.946447],[-97.391944,32.95],[-97.386469,32.946398],[-97.384858,32.946371],[-97.406808,32.960254],[-97.403809,32.964229],[-97.403577,32.968898]]]},"properties":{"zip":"76052","city":"Haslet","county":"Tarrant","u2015":5969,"u2023":10050,"added":4081,"growth":68.4,"moe":775,"certain":true,"peak_month":"2022-08","from_peak":-14.8,"value":395263}},{"type":"Feature","geometry":{"type":"Polygon","coordinates":[[[-97.192493,32.838305],[-97.183437,32.839612],[-97.166186,32.839555],[-97.166123,32.835706],[-97.167628,32.835697],[-97.16787,32.833942],[-97.166444,32.833963],[-97.166433,32.830393],[-97.165814,32.830406],[-97.166432,32.827215],[-97.164335,32.827293],[-97.164485,32.823563],[-97.155763,32.823439],[-97.15581,32.81532],[-97.151767,32.815288],[-97.151597,32.814525],[-97.150784,32.814456],[-97.144714,32.814821],[-97.144726,32.815861],[-97.14409,32.816158],[-97.144354,32.817197],[-97.143642,32.81721],[-97.143952,32.817923],[-97.14338,32.818053],[-97.141955,32.818012],[-97.139336,32.81481],[-97.134695,32.814721],[-97.135427,32.807823],[-97.140054,32.807749],[-97.14017,32.803311],[-97.153387,32.804085],[-97.154621,32.802072],[-97.165373,32.802177],[-97.165634,32.80026],[-97.164502,32.799704],[-97.16479,32.79851],[-97.163713,32.797533],[-97.163339,32.79583],[-97.16921,32.79788],[-97.16907,32.802117],[-97.179212,32.802103],[-97.176691,32.799988],[-97.177936,32.799951],[-97.178271,32.798687],[-97.183762,32.802466],[-97.20129,32.802645],[-97.204796,32.801575],[-97.209788,32.798133],[-97.212312,32.797703],[-97.212243,32.819417],[-97.207636,32.819376],[-97.207453,32.823815],[-97.205354,32.823856],[-97.204997,32.828318],[-97.203875,32.831077],[-97.195256,32.837173],[-97.192493,32.838305]]]},"properties":{"zip":"76053","city":"Hurst","county":"Tarrant","u2015":11745,"u2023":12803,"added":1058,"growth":9.0,"moe":625,"certain":true,"peak_month":"2024-10","from_peak":-3.3,"value":305888}},{"type":"Feature","geometry":{"type":"Polygon","coordinates":[[[-97.193031,32.850029],[-97.18614,32.855733],[-97.18596,32.889243],[-97.178883,32.889],[-97.178874,32.887744],[-97.177104,32.887676],[-97.177074,32.886204],[-97.173758,32.888748],[-97.173773,32.886198],[-97.174529,32.88628],[-97.174528,32.885646],[-97.173775,32.885221],[-97.17364,32.880479],[-97.174254,32.881286],[-97.175878,32.881295],[-97.175832,32.880391],[-97.173637,32.880401],[-97.173668,32.874822],[-97.16427,32.874901],[-97.164229,32.873716],[-97.172682,32.867275],[-97.173067,32.860115],[-97.168644,32.860154],[-97.168683,32.860621],[-97.167794,32.860656],[-97.167429,32.853853],[-97.168111,32.853481],[-97.16765,32.852781],[-97.168628,32.85227],[-97.167483,32.850224],[-97.166911,32.850263],[-97.16692,32.849109],[-97.159274,32.849084],[-97.159453,32.840031],[-97.18626,32.839267],[-97.186242,32.839781],[-97.192896,32.838529],[-97.193031,32.850029]]]},"properties":{"zip":"76054","city":"Hurst","county":"Tarrant","u2015":4595,"u2023":4702,"added":107,"growth":2.3,"moe":422,"certain":false,"peak_month":"2026-02","from_peak":-0.2,"value":427976}},{"type":"Feature","geometry":{"type":"Polygon","coordinates":[[[-97.474669,32.433771],[-97.470413,32.433779],[-97.470111,32.4326],[-97.465141,32.432622],[-97.464712,32.436341],[-97.461015,32.436369],[-97.461246,32.445217],[-97.463617,32.445634],[-97.463555,32.455467],[-97.477178,32.455562],[-97.476936,32.477356],[-97.478018,32.47771],[-97.477532,32.491646],[-97.464371,32.491546],[-97.464272,32.502811],[-97.491085,32.502764],[-97.491284,32.496282],[-97.506602,32.496253],[-97.506404,32.528097],[-97.511812,32.528122],[-97.509427,32.528965],[-97.507458,32.530805],[-97.506484,32.535175],[-97.503704,32.541175],[-97.503424,32.555439],[-97.471318,32.555002],[-97.471321,32.529502],[-97.456685,32.534154],[-97.450616,32.531419],[-97.450614,32.528384],[-97.444479,32.526909],[-97.439935,32.523035],[-97.439993,32.52223],[-97.438931,32.521165],[-97.437088,32.520878],[-97.435339,32.518264],[-97.433976,32.51773],[-97.43369,32.516838],[-97.434398,32.515205],[-97.429254,32.514913],[-97.426936,32.500644],[-97.425952,32.499105],[-97.425308,32.500971],[-97.422586,32.498606],[-97.421261,32.499705],[-97.414353,32.493743],[-97.414394,32.491692],[-97.41551,32.491678],[-97.415532,32.487149],[-97.407911,32.487726],[-97.407423,32.489131],[-97.403905,32.489092],[-97.4036,32.489911],[-97.396027,32.489691],[-97.395905,32.491394],[-97.393755,32.493308],[-97.388905,32.489093],[-97.387885,32.491545],[-97.383053,32.49845],[-97.379323,32.497712],[-97.377469,32.498095],[-97.374788,32.497011],[-97.374119,32.497332],[-97.370779,32.49474],[-97.37504,32.489162],[-97.376334,32.486752],[-97.372824,32.490026],[-97.364344,32.48715],[-97.367493,32.483046],[-97.365908,32.48199],[-97.366315,32.48124],[-97.36544,32.480542],[-97.365942,32.480091],[-97.362884,32.477389],[-97.357888,32.481462],[-97.35204,32.467943],[-97.350837,32.466872],[-97.352002,32.465916],[-97.358702,32.471862],[-97.358982,32.464132],[-97.349541,32.463932],[-97.349604,32.458097],[-97.34203,32.458365],[-97.339402,32.45984],[-97.323246,32.459781],[-97.323677,32.458758],[-97.320212,32.458725],[-97.320264,32.453681],[-97.324613,32.45363],[-97.324536,32.446964],[-97.321128,32.446913],[-97.322296,32.442985],[-97.322832,32.442025],[-97.329118,32.441902],[-97.329485,32.429765],[-97.332041,32.429443],[-97.332354,32.425862],[-97.336289,32.425721],[-97.336412,32.418549],[-97.351485,32.418629],[-97.353204,32.419067],[-97.356449,32.421318],[-97.364235,32.421579],[-97.362746,32.419496],[-97.36283,32.418402],[-97.364236,32.417385],[-97.363367,32.416939],[-97.364274,32.416131],[-97.363437,32.41501],[-97.364364,32.415273],[-97.365141,32.413761],[-97.367519,32.412826],[-97.365831,32.416413],[-97.365865,32.421616],[-97.372799,32.421795],[-97.37292,32.425525],[-97.375904,32.425593],[-97.377505,32.424611],[-97.381822,32.424563],[-97.383828,32.423544],[-97.384135,32.435806],[-97.388666,32.435853],[-97.388252,32.425444],[-97.395582,32.425956],[-97.395791,32.420465],[-97.404735,32.42051],[-97.404768,32.416081],[-97.413479,32.416069],[-97.413512,32.409503],[-97.411204,32.409505],[-97.411203,32.407971],[-97.403663,32.407901],[-97.403754,32.399436],[-97.400385,32.396219],[-97.400305,32.392632],[-97.397827,32.392561],[-97.397927,32.385599],[-97.414279,32.3859],[-97.447339,32.412426],[-97.456486,32.416736],[-97.476071,32.423701],[-97.476753,32.428894],[-97.474751,32.429198],[-97.474669,32.433771]],[[-97.402566,32.469715],[-97.401125,32.472748],[-97.398857,32.474085],[-97.398826,32.477463],[-97.396323,32.477445],[-97.396329,32.481569],[-97.395026,32.481569],[-97.395053,32.485423],[-97.396162,32.485491],[-97.396317,32.487293],[-97.401361,32.485833],[-97.405177,32.483024],[-97.405213,32.479321],[-97.403643,32.4775],[-97.402779,32.478057],[-97.401618,32.476509],[-97.403677,32.471705],[-97.40333,32.469921],[-97.402566,32.469715]]]},"properties":{"zip":"76058","city":"Joshua","county":"Johnson","u2015":6570,"u2023":7851,"added":1281,"growth":19.5,"moe":590,"certain":true,"peak_month":"2025-02","from_peak":-3.1,"value":362746}},{"type":"Feature","geometry":{"type":"Polygon","coordinates":[[[-97.327589,32.401699],[-97.323875,32.409785],[-97.320613,32.409841],[-97.321771,32.409208],[-97.321789,32.406112],[-97.319331,32.406098],[-97.319314,32.404355],[-97.318382,32.404359],[-97.318379,32.402486],[-97.313976,32.402375],[-97.314108,32.401236],[-97.31086,32.401187],[-97.306772,32.39683],[-97.29766,32.399424],[-97.29609,32.399358],[-97.296102,32.397311],[-97.319516,32.389563],[-97.319584,32.386719],[-97.318506,32.386285],[-97.321549,32.385408],[-97.324459,32.38123],[-97.329925,32.376888],[-97.333201,32.376782],[-97.338064,32.375318],[-97.345677,32.374408],[-97.34111,32.378594],[-97.334073,32.382619],[-97.335294,32.384507],[-97.338685,32.38442],[-97.339088,32.391814],[-97.341278,32.3919],[-97.342232,32.390998],[-97.342414,32.389424],[-97.344808,32.389196],[-97.344821,32.390738],[-97.34376,32.390904],[-97.343849,32.392432],[-97.351541,32.392434],[-97.35154,32.394647],[-97.344791,32.394599],[-97.344791,32.398078],[-97.343347,32.398105],[-97.343331,32.396811],[-97.340621,32.3968],[-97.340691,32.398125],[-97.338839,32.399822],[-97.337669,32.402929],[-97.332751,32.402828],[-97.332868,32.399424],[-97.329806,32.399158],[-97.327589,32.401699]]]},"properties":{"zip":"76059","city":"Keene","county":"Johnson","u2015":1767,"u2023":2100,"added":333,"growth":18.8,"moe":345,"certain":false,"peak_month":"2024-06","from_peak":-7.2,"value":256235}},{"type":"Feature","geometry":{"type":"Polygon","coordinates":[[[-97.196058,32.646734],[-97.189004,32.646212],[-97.188889,32.634817],[-97.192852,32.634659],[-97.192932,32.63319],[-97.190781,32.633181],[-97.185287,32.63694],[-97.182184,32.635378],[-97.181963,32.634459],[-97.182143,32.633719],[-97.187157,32.633383],[-97.188044,32.631193],[-97.188256,32.627209],[-97.190032,32.623025],[-97.190066,32.619289],[-97.201332,32.619422],[-97.201729,32.621685],[-97.234275,32.62238],[-97.234152,32.638226],[-97.242175,32.638438],[-97.242511,32.641792],[-97.244311,32.642274],[-97.245348,32.644373],[-97.247874,32.645677],[-97.248332,32.646918],[-97.247138,32.64965],[-97.2441,32.650733],[-97.243766,32.652946],[-97.242495,32.654511],[-97.237574,32.657241],[-97.236149,32.659698],[-97.230239,32.662177],[-97.228678,32.664474],[-97.229289,32.666466],[-97.231077,32.666756],[-97.231466,32.668113],[-97.223359,32.667957],[-97.223425,32.660899],[-97.224258,32.66026],[-97.216996,32.660393],[-97.216995,32.656371],[-97.211686,32.65667],[-97.211618,32.659959],[-97.20899,32.659713],[-97.209448,32.664243],[-97.206775,32.664229],[-97.207322,32.656962],[-97.206849,32.656184],[-97.202454,32.656216],[-97.20256,32.653976],[-97.198193,32.654471],[-97.197835,32.651896],[-97.20032,32.649199],[-97.196161,32.649163],[-97.196058,32.646734]]]},"properties":{"zip":"76060","city":"Kennedale","county":"Tarrant","u2015":2630,"u2023":3208,"added":578,"growth":22.0,"moe":359,"certain":true,"peak_month":"2022-08","from_peak":-5.4,"value":391042}},{"type":"Feature","geometry":{"type":"Polygon","coordinates":[[[-97.215369,32.607049],[-97.221019,32.607086],[-97.220946,32.621771],[-97.201729,32.621685],[-97.201332,32.619422],[-97.192306,32.619315],[-97.188613,32.615946],[-97.185229,32.609347],[-97.182131,32.607998],[-97.170549,32.613705],[-97.154714,32.613995],[-97.154672,32.616149],[-97.139753,32.616014],[-97.142008,32.611749],[-97.133438,32.612364],[-97.132194,32.611452],[-97.125741,32.611435],[-97.125846,32.610937],[-97.119782,32.61354],[-97.116416,32.608227],[-97.106334,32.61311],[-97.102381,32.607362],[-97.099246,32.60629],[-97.098662,32.603528],[-97.09389,32.596485],[-97.090724,32.597973],[-97.083098,32.586565],[-97.082736,32.588783],[-97.078516,32.590187],[-97.077615,32.606934],[-97.078174,32.609085],[-97.063909,32.616009],[-97.061325,32.612175],[-97.061642,32.61135],[-97.061061,32.610148],[-97.062366,32.608804],[-97.063085,32.606721],[-97.065288,32.607055],[-97.062101,32.604593],[-97.061663,32.603008],[-97.065178,32.602748],[-97.066067,32.602165],[-97.064956,32.601927],[-97.064627,32.598982],[-97.065438,32.598153],[-97.062915,32.598765],[-97.061445,32.597564],[-97.060547,32.598912],[-97.062185,32.59944],[-97.06231,32.600704],[-97.060209,32.599722],[-97.059863,32.598202],[-97.064181,32.594527],[-97.066283,32.595284],[-97.066869,32.594251],[-97.068125,32.59441],[-97.068218,32.595052],[-97.069739,32.594022],[-97.071995,32.594993],[-97.072532,32.593156],[-97.074283,32.5933],[-97.075274,32.592646],[-97.075259,32.592081],[-97.073786,32.592066],[-97.074056,32.590893],[-97.074965,32.590439],[-97.074036,32.588968],[-97.066624,32.592477],[-97.062517,32.586764],[-97.063338,32.586418],[-97.062216,32.584609],[-97.061339,32.584981],[-97.055406,32.575364],[-97.053501,32.573639],[-97.053385,32.563657],[-97.049021,32.563046],[-97.048326,32.56125],[-97.046821,32.559942],[-97.047768,32.558528],[-97.052318,32.556717],[-97.053976,32.555329],[-97.05524,32.552413],[-97.054949,32.550632],[-97.05352,32.550269],[-97.05262,32.548907],[-97.086834,32.549428],[-97.086684,32.526015],[-97.099745,32.519781],[-97.108448,32.531571],[-97.108878,32.530806],[-97.128075,32.521628],[-97.132251,32.527656],[-97.137358,32.528829],[-97.139861,32.524091],[-97.142247,32.52137],[-97.140823,32.520236],[-97.142658,32.519252],[-97.143433,32.520407],[-97.148259,32.517894],[-97.151335,32.522511],[-97.149953,32.523227],[-97.151132,32.525079],[-97.15266,32.524379],[-97.153364,32.525401],[-97.157238,32.525103],[-97.157179,32.524343],[-97.158841,32.523958],[-97.158643,32.523412],[-97.161099,32.522348],[-97.16749,32.521696],[-97.177477,32.516768],[-97.181283,32.521109],[-97.185798,32.519506],[-97.188595,32.517563],[-97.198576,32.524603],[-97.203309,32.532232],[-97.207182,32.533864],[-97.210736,32.538459],[-97.209635,32.538981],[-97.210583,32.541148],[-97.211702,32.541142],[-97.215677,32.543356],[-97.213434,32.551156],[-97.214124,32.551167],[-97.214113,32.556576],[-97.210146,32.557834],[-97.212597,32.561375],[-97.215831,32.561642],[-97.21584,32.563228],[-97.21438,32.563224],[-97.211331,32.56496],[-97.21132,32.565949],[-97.212707,32.566075],[-97.212628,32.572721],[-97.215785,32.572758],[-97.215779,32.57531],[-97.217604,32.576183],[-97.224214,32.576366],[-97.224168,32.578868],[-97.220612,32.579557],[-97.217721,32.578393],[-97.216646,32.578623],[-97.214327,32.580752],[-97.214681,32.581809],[-97.212185,32.585541],[-97.212163,32.590733],[-97.214278,32.590725],[-97.216569,32.592364],[-97.216645,32.593673],[-97.219678,32.594175],[-97.219477,32.595698],[-97.216638,32.59572],[-97.216656,32.598388],[-97.215429,32.598996],[-97.215369,32.607049]]]},"properties":{"zip":"76063","city":"Mansfield","county":"Tarrant","u2015":22687,"u2023":28105,"added":5418,"growth":23.9,"moe":1064,"certain":true,"peak_month":"2022-08","from_peak":-5.9,"value":445065}},{"type":"Feature","geometry":{"type":"Polygon","coordinates":[[[-97.086265,32.320375],[-97.086628,32.361104],[-97.079798,32.351101],[-97.076222,32.352418],[-97.074691,32.349837],[-97.070667,32.3492],[-97.065598,32.341849],[-97.061406,32.340232],[-97.058448,32.335852],[-97.042745,32.343788],[-97.040106,32.343347],[-97.012554,32.356491],[-97.00842,32.357727],[-97.019717,32.325336],[-97.001234,32.333949],[-97.00085,32.333245],[-97.001693,32.332833],[-97.000927,32.331402],[-97.00077,32.32909],[-97.001662,32.32534],[-96.997809,32.319129],[-96.996025,32.31783],[-96.995174,32.314814],[-96.994667,32.31483],[-96.995279,32.313291],[-96.994891,32.312198],[-96.998266,32.310696],[-96.997541,32.304943],[-96.983837,32.301957],[-96.97978,32.29972],[-96.962916,32.284354],[-96.960287,32.281219],[-96.959045,32.278522],[-96.958531,32.27208],[-96.962518,32.271953],[-96.970691,32.275733],[-96.972497,32.275733],[-96.975431,32.274109],[-96.979089,32.273861],[-96.983289,32.27619],[-96.985863,32.27642],[-96.998296,32.275382],[-97.000335,32.273843],[-97.006267,32.2742],[-97.047896,32.253332],[-97.059859,32.248793],[-97.062063,32.248691],[-97.06214,32.248165],[-97.062173,32.248688],[-97.074076,32.247953],[-97.086191,32.265531],[-97.082388,32.267958],[-97.078256,32.269001],[-97.074987,32.271851],[-97.069092,32.272804],[-97.063595,32.275172],[-97.060729,32.275789],[-97.058597,32.274875],[-97.05475,32.277011],[-97.051286,32.275421],[-97.053613,32.27867],[-97.0564,32.277465],[-97.062908,32.287432],[-97.067163,32.285629],[-97.078783,32.303638],[-97.072983,32.306415],[-97.073406,32.308774],[-97.072245,32.30956],[-97.074342,32.308871],[-97.07497,32.309846],[-97.076974,32.309641],[-97.077558,32.310889],[-97.078083,32.310413],[-97.080035,32.310958],[-97.081006,32.310576],[-97.081775,32.311783],[-97.081356,32.312874],[-97.082598,32.313454],[-97.081812,32.313879],[-97.082458,32.316727],[-97.083707,32.316786],[-97.082649,32.317917],[-97.084005,32.318034],[-97.083586,32.319143],[-97.085135,32.318591],[-97.084559,32.319406],[-97.086265,32.320375]]]},"properties":{"zip":"76064","city":"Maypearl","county":"Ellis","u2015":567,"u2023":1022,"added":455,"growth":80.2,"moe":295,"certain":true,"peak_month":"2026-04","from_peak":-0.3,"value":381141}},{"type":"Feature","geometry":{"type":"Polygon","coordinates":[[[-96.976764,32.535082],[-96.964627,32.535223],[-96.964781,32.538887],[-96.953701,32.538668],[-96.953657,32.540664],[-96.952622,32.542284],[-96.952642,32.546962],[-96.942647,32.546819],[-96.941586,32.547984],[-96.91969,32.547835],[-96.91969,32.546653],[-96.918591,32.546653],[-96.918644,32.540553],[-96.914772,32.537833],[-96.913787,32.537909],[-96.912543,32.536127],[-96.910528,32.535455],[-96.909062,32.53567],[-96.907527,32.534529],[-96.905795,32.535428],[-96.902659,32.535154],[-96.901476,32.533766],[-96.894899,32.530163],[-96.894549,32.528398],[-96.892018,32.526159],[-96.887747,32.525477],[-96.890315,32.524711],[-96.889947,32.522458],[-96.89171,32.521661],[-96.892441,32.520122],[-96.893016,32.523693],[-96.895272,32.524641],[-96.89514,32.525215],[-96.903116,32.523853],[-96.904697,32.522089],[-96.904614,32.517336],[-96.893577,32.517783],[-96.893388,32.516579],[-96.895375,32.515386],[-96.896588,32.515546],[-96.897661,32.514299],[-96.896836,32.510975],[-96.897779,32.509518],[-96.899039,32.502856],[-96.894862,32.502836],[-96.89454,32.499626],[-96.892605,32.499599],[-96.892603,32.502845],[-96.890875,32.502844],[-96.890921,32.494914],[-96.894371,32.49498],[-96.894371,32.49672],[-96.900146,32.495955],[-96.90013,32.494728],[-96.902139,32.494582],[-96.902112,32.488354],[-96.90699,32.488318],[-96.909134,32.485661],[-96.907999,32.485743],[-96.908064,32.46774],[-96.905789,32.467695],[-96.905969,32.463989],[-96.908051,32.463979],[-96.908094,32.459718],[-96.898999,32.459677],[-96.900012,32.458691],[-96.900972,32.455289],[-96.899553,32.45165],[-96.897498,32.451053],[-96.89689,32.449965],[-96.8981,32.445622],[-96.89814,32.440604],[-96.898581,32.440869],[-96.899179,32.439607],[-96.898449,32.43735],[-96.899316,32.4362],[-96.897929,32.435578],[-96.900662,32.433069],[-96.899517,32.429245],[-96.902196,32.427307],[-96.902041,32.426087],[-96.901364,32.424846],[-96.899574,32.42425],[-96.899852,32.423217],[-96.896785,32.421913],[-96.895747,32.422272],[-96.892211,32.418461],[-96.895868,32.418435],[-96.90039,32.416488],[-96.902183,32.416677],[-96.90314,32.418515],[-96.906552,32.418472],[-96.9107,32.419561],[-96.912678,32.416728],[-96.91259,32.415249],[-96.913627,32.413364],[-96.917164,32.411167],[-96.920086,32.415667],[-96.915977,32.416045],[-96.923396,32.42375],[-96.926578,32.42349],[-96.928347,32.422241],[-96.929529,32.41943],[-96.931788,32.419136],[-96.934895,32.415518],[-96.937365,32.414912],[-96.934468,32.410991],[-96.925331,32.410417],[-96.926773,32.40535],[-96.939086,32.399268],[-96.933155,32.390168],[-96.936826,32.388554],[-96.937459,32.386757],[-96.937359,32.388161],[-96.938203,32.388281],[-96.938307,32.389553],[-96.944185,32.391906],[-96.945307,32.393138],[-96.946217,32.396462],[-96.950644,32.399707],[-96.958254,32.404204],[-96.960655,32.404322],[-96.962182,32.407269],[-96.965901,32.40682],[-96.961218,32.400616],[-96.974206,32.394302],[-96.975056,32.394385],[-96.989068,32.386345],[-96.991316,32.386299],[-96.991383,32.371437],[-96.996909,32.371423],[-96.997267,32.372932],[-97.014063,32.372957],[-97.013931,32.380217],[-97.029744,32.380394],[-97.030553,32.381225],[-97.029579,32.382454],[-97.02615,32.38218],[-97.026631,32.385028],[-97.027839,32.38613],[-97.026448,32.387265],[-97.038143,32.395463],[-97.038085,32.401232],[-97.046129,32.401224],[-97.051115,32.408161],[-97.056941,32.412149],[-97.054642,32.420332],[-97.063597,32.420768],[-97.06359,32.42734],[-97.068363,32.434565],[-97.065012,32.436683],[-97.07177,32.446742],[-97.068665,32.447851],[-97.071106,32.452216],[-97.071144,32.455968],[-97.073085,32.460178],[-97.072554,32.460957],[-97.075177,32.463268],[-97.075124,32.464216],[-97.073954,32.464212],[-97.075132,32.465832],[-97.074101,32.466517],[-97.075542,32.468009],[-97.075489,32.468776],[-97.07637,32.468859],[-97.076509,32.469757],[-97.077796,32.469583],[-97.079064,32.470813],[-97.078123,32.472288],[-97.079598,32.474536],[-97.078515,32.475408],[-97.079158,32.476622],[-97.077743,32.477961],[-97.078334,32.478408],[-97.077815,32.479694],[-97.078473,32.480666],[-97.076746,32.48276],[-97.078443,32.483901],[-97.078894,32.484976],[-97.07497,32.485506],[-97.075591,32.490795],[-97.073179,32.492258],[-97.074274,32.49326],[-97.071019,32.494791],[-97.069311,32.494453],[-97.069243,32.495618],[-97.068058,32.496419],[-97.068016,32.497287],[-97.069273,32.497994],[-97.068336,32.499696],[-97.069882,32.502529],[-97.068942,32.502995],[-97.068481,32.504306],[-97.071191,32.505744],[-97.064554,32.508923],[-97.064282,32.510545],[-97.086678,32.524016],[-97.086834,32.549428],[-97.065507,32.549075],[-97.053518,32.545924],[-97.042039,32.544627],[-97.038774,32.543351],[-97.021375,32.533504],[-97.021297,32.53596],[-96.985263,32.53605],[-96.985487,32.539264],[-96.977778,32.539225],[-96.977474,32.540254],[-96.976801,32.540264],[-96.976764,32.535082]]]},"properties":{"zip":"76065","city":"Midlothian","county":"Ellis","u2015":11071,"u2023":15081,"added":4010,"growth":36.2,"moe":681,"certain":true,"peak_month":"2022-08","from_peak":-4.5,"value":461101}},{"type":"Feature","geometry":{"type":"Polygon","coordinates":[[[-98.064369,32.637236],[-98.062855,32.696998],[-98.068104,32.701203],[-98.068652,32.703398],[-98.068111,32.7059],[-98.068417,32.707817],[-98.067651,32.710245],[-98.065651,32.711376],[-98.062554,32.710189],[-98.062438,32.714973],[-98.065409,32.717582],[-98.066255,32.720394],[-98.0674,32.721116],[-98.074152,32.720194],[-98.074095,32.732511],[-98.061605,32.732475],[-98.061716,32.75554],[-98.057178,32.75557],[-98.054475,32.754847],[-98.053267,32.753765],[-98.052273,32.751518],[-98.048791,32.753571],[-98.048478,32.754489],[-98.047515,32.754302],[-98.047535,32.752988],[-98.046298,32.753186],[-98.045471,32.756254],[-98.047788,32.757233],[-98.04944,32.757134],[-98.049753,32.757893],[-98.045737,32.759069],[-98.045906,32.760477],[-98.045282,32.761346],[-98.043987,32.761334],[-98.043928,32.761939],[-98.045255,32.763759],[-98.046173,32.763985],[-98.043862,32.766811],[-98.041356,32.766986],[-98.044173,32.770935],[-98.043958,32.772843],[-98.045162,32.774053],[-98.046021,32.773816],[-98.046308,32.773013],[-98.046971,32.773047],[-98.04718,32.773893],[-98.04535,32.775807],[-98.042897,32.775174],[-98.042786,32.776285],[-98.044205,32.776928],[-98.044823,32.778237],[-98.044126,32.781101],[-98.039061,32.782646],[-98.034817,32.78199],[-98.032076,32.784915],[-98.032134,32.786856],[-98.033325,32.78817],[-98.032953,32.7896],[-98.035401,32.790288],[-98.035863,32.791118],[-98.03303,32.793872],[-98.033244,32.795362],[-98.032034,32.794532],[-98.030472,32.795883],[-97.996676,32.795645],[-97.996667,32.79958],[-97.988054,32.798282],[-97.987886,32.793703],[-97.95206,32.791933],[-97.9413,32.789328],[-97.940183,32.786459],[-97.937874,32.786302],[-97.935672,32.784193],[-97.935588,32.782919],[-97.93702,32.780329],[-97.938537,32.779789],[-97.938829,32.77766],[-97.938501,32.776781],[-97.937389,32.776497],[-97.937169,32.775295],[-97.935296,32.774523],[-97.932983,32.771095],[-97.934064,32.769173],[-97.933519,32.768109],[-97.921179,32.771281],[-97.910575,32.771523],[-97.910658,32.748028],[-97.908373,32.745709],[-97.908878,32.738991],[-97.909447,32.738142],[-97.908413,32.737176],[-97.904377,32.736967],[-97.906519,32.732291],[-97.911491,32.730565],[-97.91394,32.730433],[-97.914725,32.7297],[-97.915027,32.722972],[-97.917747,32.722646],[-97.917306,32.716704],[-97.960315,32.70131],[-97.953825,32.703255],[-97.956606,32.701779],[-97.956337,32.701161],[-97.942521,32.680698],[-97.941228,32.67604],[-97.943168,32.675091],[-97.94226,32.673738],[-97.942347,32.668379],[-97.94383,32.667633],[-97.951827,32.656038],[-97.954299,32.656372],[-97.955055,32.65474],[-97.955465,32.641868],[-97.94979,32.640062],[-97.943499,32.636802],[-97.942699,32.635164],[-97.941957,32.629293],[-97.926573,32.62123],[-97.925476,32.621331],[-97.925401,32.615664],[-97.929449,32.614718],[-97.933613,32.617473],[-97.945977,32.622691],[-97.956068,32.623972],[-97.970153,32.620241],[-97.976643,32.61682],[-97.984529,32.614107],[-97.988663,32.608613],[-97.990345,32.607637],[-97.992978,32.607356],[-97.998073,32.608412],[-97.999741,32.609333],[-98.002614,32.614451],[-98.004908,32.614413],[-98.004951,32.603165],[-98.00274,32.602514],[-98.001107,32.600008],[-97.998691,32.598909],[-97.997769,32.595977],[-97.997925,32.592755],[-98.01226,32.592849],[-98.013195,32.593371],[-98.015699,32.598205],[-98.019826,32.598747],[-98.025022,32.601243],[-98.034995,32.60096],[-98.033897,32.605065],[-98.030596,32.605754],[-98.028823,32.606927],[-98.02764,32.615886],[-98.024876,32.618806],[-98.02529,32.625264],[-98.028328,32.629656],[-98.029476,32.635513],[-98.031921,32.636778],[-98.031762,32.639117],[-98.034197,32.640064],[-98.03445,32.641188],[-98.038562,32.641541],[-98.039783,32.643667],[-98.042752,32.644918],[-98.044344,32.646464],[-98.064369,32.637236]],[[-97.973066,32.668092],[-97.949853,32.667933],[-97.948853,32.669101],[-97.945427,32.670409],[-97.943232,32.67506],[-97.947841,32.67788],[-97.973066,32.668092]]]},"properties":{"zip":"76066","city":"Millsap","county":"Parker","u2015":1543,"u2023":1977,"added":434,"growth":28.1,"moe":486,"certain":false,"peak_month":"2026-04","from_peak":-0.4,"value":436335}},{"type":"Feature","geometry":{"type":"Polygon","coordinates":[[[-97.467673,32.992958],[-97.512607,32.993935],[-97.515922,32.994946],[-97.516227,33.002333],[-97.514344,33.004931],[-97.517327,33.008833],[-97.519998,33.008715],[-97.520491,33.009539],[-97.520404,33.014688],[-97.521544,33.016522],[-97.520935,33.01885],[-97.517754,33.020661],[-97.518384,33.021695],[-97.51743,33.022873],[-97.517693,33.023641],[-97.513999,33.025496],[-97.509469,33.025841],[-97.50068,33.014354],[-97.502876,33.017653],[-97.502173,33.018551],[-97.503542,33.019778],[-97.498524,33.024855],[-97.494958,33.024375],[-97.494965,33.0194],[-97.492617,33.019369],[-97.492605,33.020534],[-97.485996,33.020611],[-97.485104,33.02377],[-97.481511,33.029043],[-97.476968,33.027216],[-97.478863,33.024405],[-97.476063,33.026034],[-97.471565,33.026348],[-97.472462,33.024995],[-97.473206,33.020521],[-97.485744,33.020639],[-97.485647,33.010262],[-97.484983,33.010263],[-97.484976,33.009723],[-97.485639,33.009724],[-97.485426,33.003859],[-97.480626,33.003847],[-97.477003,33.006203],[-97.461209,33.011512],[-97.464697,33.0182],[-97.464329,33.020513],[-97.460513,33.020352],[-97.453832,33.011655],[-97.439496,33.011358],[-97.438167,33.009653],[-97.431476,32.992331],[-97.446057,32.992237],[-97.447042,32.990144],[-97.44739,32.985393],[-97.44914,32.985931],[-97.449591,32.985177],[-97.467673,32.992958]]]},"properties":{"zip":"76071","city":"Newark","county":"Wise","u2015":1449,"u2023":1579,"added":130,"growth":9.0,"moe":205,"certain":false,"peak_month":"2022-08","from_peak":-12.4,"value":304046}},{"type":"Feature","geometry":{"type":"Polygon","coordinates":[[[-97.742161,33.172621],[-97.742027,33.179924],[-97.720915,33.179679],[-97.712035,33.172363],[-97.711238,33.172485],[-97.706173,33.168411],[-97.705955,33.186869],[-97.711366,33.186964],[-97.71144,33.191019],[-97.712691,33.193935],[-97.710908,33.192924],[-97.709934,33.19349],[-97.708258,33.193101],[-97.701624,33.196346],[-97.700128,33.194917],[-97.700171,33.193002],[-97.698521,33.192634],[-97.697265,33.19331],[-97.696022,33.192843],[-97.696058,33.190302],[-97.694628,33.190649],[-97.69313,33.190192],[-97.691953,33.191027],[-97.691074,33.189858],[-97.687357,33.189854],[-97.685075,33.191732],[-97.684124,33.191616],[-97.682745,33.190632],[-97.683653,33.189282],[-97.683319,33.188506],[-97.67931,33.186881],[-97.677565,33.184181],[-97.675166,33.184608],[-97.673977,33.183948],[-97.673955,33.182516],[-97.672748,33.181583],[-97.672634,33.179148],[-97.672909,33.178396],[-97.674675,33.177887],[-97.672623,33.176075],[-97.673909,33.174826],[-97.671431,33.172387],[-97.669983,33.172827],[-97.668551,33.172221],[-97.667691,33.171123],[-97.668106,33.169824],[-97.667396,33.167849],[-97.666297,33.167353],[-97.665035,33.168504],[-97.661307,33.168486],[-97.6594,33.167659],[-97.660573,33.166633],[-97.657469,33.166373],[-97.658006,33.16517],[-97.65763,33.163338],[-97.659016,33.162436],[-97.657583,33.160792],[-97.655876,33.161402],[-97.655047,33.160694],[-97.655484,33.157511],[-97.657251,33.155568],[-97.657373,33.153958],[-97.654453,33.15297],[-97.654727,33.151578],[-97.655794,33.151291],[-97.655107,33.149802],[-97.656539,33.149569],[-97.656277,33.147855],[-97.657994,33.143769],[-97.656546,33.141855],[-97.655648,33.139072],[-97.65399,33.138619],[-97.653097,33.139882],[-97.652845,33.138032],[-97.650802,33.136893],[-97.649508,33.136915],[-97.650418,33.134761],[-97.649464,33.133787],[-97.649406,33.131755],[-97.647318,33.12992],[-97.646876,33.128483],[-97.643103,33.123405],[-97.640719,33.121645],[-97.639118,33.122194],[-97.638138,33.121281],[-97.638387,33.120462],[-97.636618,33.118146],[-97.637221,33.114738],[-97.636419,33.11338],[-97.635119,33.112972],[-97.63446,33.111834],[-97.630254,33.110265],[-97.629046,33.110449],[-97.628045,33.11214],[-97.625215,33.111834],[-97.622265,33.112355],[-97.61739,33.110389],[-97.611112,33.10921],[-97.621883,33.107144],[-97.62281,33.106308],[-97.63274,33.105132],[-97.636797,33.102847],[-97.63826,33.103364],[-97.645681,33.102493],[-97.651732,33.097085],[-97.653934,33.096212],[-97.656403,33.094228],[-97.659885,33.093822],[-97.663059,33.091832],[-97.665229,33.086659],[-97.669462,33.082872],[-97.67041,33.079849],[-97.671422,33.079266],[-97.673003,33.076215],[-97.677064,33.077122],[-97.676937,33.07295],[-97.672784,33.067349],[-97.674627,33.065596],[-97.673441,33.061185],[-97.675265,33.05661],[-97.67578,33.056067],[-97.676661,33.056317],[-97.673367,33.050524],[-97.673759,33.049289],[-97.672376,33.043084],[-97.692251,33.043369],[-97.688652,33.038686],[-97.689058,33.03004],[-97.687428,33.026653],[-97.687486,33.017147],[-97.700617,33.016846],[-97.700624,33.003339],[-97.716423,33.013872],[-97.719281,33.013782],[-97.719659,33.011509],[-97.720322,33.011377],[-97.720428,32.997332],[-97.745514,32.997885],[-97.74646,33.005674],[-97.745496,33.010261],[-97.746253,33.011081],[-97.742856,33.011605],[-97.742191,33.013414],[-97.740462,33.014064],[-97.739785,33.016131],[-97.741156,33.016813],[-97.740099,33.018314],[-97.740361,33.018875],[-97.739284,33.019403],[-97.739539,33.020073],[-97.737034,33.021542],[-97.737445,33.022383],[-97.736793,33.022906],[-97.736944,33.023588],[-97.736259,33.024561],[-97.735658,33.024259],[-97.735574,33.024974],[-97.734921,33.024902],[-97.734987,33.025832],[-97.733219,33.027284],[-97.732561,33.029697],[-97.733365,33.032545],[-97.732125,33.032837],[-97.732813,33.037273],[-97.731776,33.038615],[-97.731929,33.039726],[-97.749752,33.039688],[-97.749882,33.040206],[-97.753405,33.040688],[-97.757991,33.039635],[-97.766008,33.039617],[-97.767244,33.040884],[-97.770646,33.04168],[-97.772876,33.040718],[-97.773334,33.046534],[-97.772819,33.056449],[-97.770339,33.056485],[-97.77056,33.061121],[-97.771337,33.061098],[-97.771269,33.063832],[-97.776225,33.063809],[-97.776412,33.059],[-97.778103,33.059151],[-97.778165,33.060264],[-97.782432,33.060163],[-97.78336,33.056197],[-97.779352,33.051321],[-97.780285,33.050257],[-97.784012,33.049411],[-97.786359,33.047927],[-97.789378,33.048276],[-97.791691,33.051786],[-97.803515,33.050001],[-97.802014,33.057607],[-97.796513,33.05775],[-97.796457,33.062809],[-97.794357,33.063335],[-97.7962,33.072655],[-97.797628,33.073611],[-97.799489,33.07642],[-97.802315,33.075253],[-97.804057,33.073558],[-97.809035,33.086935],[-97.81028,33.087235],[-97.813462,33.091505],[-97.820566,33.091848],[-97.821089,33.095403],[-97.819314,33.098481],[-97.819564,33.09945],[-97.817536,33.10188],[-97.818889,33.103241],[-97.819383,33.105171],[-97.818537,33.110111],[-97.81915,33.111531],[-97.820648,33.112634],[-97.823325,33.120179],[-97.825044,33.12263],[-97.825116,33.125169],[-97.82617,33.127638],[-97.831817,33.128201],[-97.831586,33.130095],[-97.8302,33.130864],[-97.805714,33.130161],[-97.805596,33.143563],[-97.796905,33.143613],[-97.796913,33.146406],[-97.798009,33.147776],[-97.79783,33.151913],[-97.785207,33.152416],[-97.779683,33.151849],[-97.779582,33.149611],[-97.771528,33.149546],[-97.771164,33.156984],[-97.763454,33.157111],[-97.7632,33.166273],[-97.759682,33.169718],[-97.75923,33.17259],[-97.742161,33.172621]]]},"properties":{"zip":"76073","city":"Paradise","county":"Wise","u2015":2520,"u2023":2612,"added":92,"growth":3.7,"moe":363,"certain":false,"peak_month":"2024-04","from_peak":-3.8,"value":457215}},{"type":"Feature","geometry":{"type":"Polygon","coordinates":[[[-97.516837,33.092395],[-97.503155,33.092449],[-97.503166,33.08916],[-97.500462,33.087853],[-97.499905,33.086969],[-97.500874,33.085585],[-97.495097,33.087294],[-97.494026,33.085295],[-97.494809,33.084461],[-97.492949,33.082208],[-97.491612,33.082628],[-97.485787,33.082048],[-97.474416,33.082257],[-97.473341,33.081936],[-97.472685,33.080883],[-97.471316,33.099988],[-97.473856,33.106066],[-97.478121,33.111378],[-97.483396,33.119555],[-97.490189,33.126155],[-97.493325,33.131741],[-97.507093,33.132812],[-97.50785,33.13796],[-97.505522,33.138333],[-97.507132,33.140331],[-97.506842,33.142144],[-97.508128,33.14378],[-97.50785,33.145592],[-97.508828,33.1458],[-97.509037,33.14904],[-97.506306,33.149113],[-97.520827,33.157252],[-97.536402,33.169586],[-97.535264,33.170436],[-97.523451,33.170692],[-97.514054,33.17592],[-97.508892,33.176865],[-97.505114,33.182381],[-97.502801,33.184131],[-97.502669,33.191279],[-97.480516,33.190748],[-97.47713,33.188501],[-97.477967,33.187227],[-97.477157,33.184991],[-97.478114,33.183181],[-97.478239,33.179735],[-97.481413,33.179449],[-97.482154,33.178103],[-97.482197,33.1761],[-97.480912,33.173183],[-97.481439,33.170818],[-97.479845,33.171364],[-97.477903,33.170001],[-97.476936,33.170221],[-97.47568,33.169551],[-97.475359,33.166984],[-97.474137,33.166534],[-97.47324,33.164489],[-97.473299,33.163527],[-97.474606,33.163065],[-97.474632,33.161806],[-97.473625,33.160871],[-97.474945,33.160036],[-97.470265,33.15991],[-97.469088,33.159064],[-97.469414,33.157486],[-97.4685,33.15808],[-97.464604,33.155822],[-97.461741,33.155608],[-97.456979,33.153405],[-97.453943,33.158661],[-97.453953,33.171138],[-97.451494,33.171398],[-97.451223,33.18348],[-97.449765,33.18231],[-97.449706,33.181062],[-97.44832,33.17955],[-97.445835,33.173602],[-97.443789,33.171772],[-97.443168,33.168308],[-97.444148,33.166274],[-97.443174,33.16269],[-97.444115,33.1607],[-97.443435,33.158234],[-97.438524,33.157959],[-97.438566,33.151426],[-97.437553,33.150635],[-97.437226,33.148969],[-97.43456,33.147969],[-97.430855,33.14765],[-97.429784,33.145368],[-97.428418,33.144917],[-97.426504,33.142487],[-97.42325,33.139997],[-97.419989,33.140645],[-97.415402,33.138665],[-97.413561,33.134883],[-97.410654,33.13386],[-97.40804,33.134458],[-97.406811,33.137053],[-97.403877,33.137486],[-97.400735,33.133665],[-97.397521,33.133186],[-97.396332,33.131992],[-97.394207,33.13177],[-97.396203,33.067343],[-97.391333,33.065061],[-97.391617,33.048237],[-97.393112,33.048208],[-97.393178,33.045094],[-97.392327,33.045071],[-97.39235,33.043519],[-97.39167,33.043512],[-97.391719,33.039802],[-97.392425,33.03981],[-97.391719,33.039676],[-97.39179,33.03617],[-97.42655,33.036706],[-97.426721,33.030596],[-97.430615,33.030645],[-97.430435,33.036772],[-97.438027,33.036927],[-97.441427,33.037651],[-97.454255,33.045121],[-97.457079,33.045899],[-97.461008,33.045352],[-97.469075,33.051572],[-97.469056,33.04737],[-97.469749,33.047105],[-97.468783,33.046435],[-97.471164,33.047082],[-97.47166,33.045499],[-97.467918,33.044175],[-97.462281,33.04363],[-97.456288,33.03959],[-97.443757,33.02327],[-97.439994,33.014399],[-97.439496,33.011358],[-97.453832,33.011655],[-97.460513,33.020352],[-97.464329,33.020513],[-97.464669,33.01796],[-97.461209,33.011512],[-97.477003,33.006203],[-97.480626,33.003847],[-97.485426,33.003859],[-97.485639,33.009724],[-97.484976,33.009723],[-97.484983,33.010263],[-97.485647,33.010262],[-97.485744,33.020639],[-97.473206,33.020521],[-97.472462,33.024995],[-97.471565,33.026348],[-97.476063,33.026034],[-97.478863,33.024405],[-97.476968,33.027216],[-97.481511,33.029043],[-97.485104,33.02377],[-97.485996,33.020611],[-97.492605,33.020534],[-97.492617,33.019369],[-97.494965,33.0194],[-97.494958,33.024375],[-97.498524,33.024855],[-97.503542,33.019778],[-97.502173,33.018551],[-97.502876,33.017653],[-97.50068,33.014354],[-97.509469,33.025841],[-97.515298,33.024975],[-97.517693,33.023641],[-97.51743,33.022873],[-97.518384,33.021695],[-97.517754,33.020661],[-97.521021,33.018614],[-97.521544,33.016522],[-97.520404,33.014688],[-97.520717,33.011794],[-97.520147,33.008815],[-97.522955,33.006253],[-97.524035,33.006144],[-97.524469,33.007061],[-97.526932,33.006934],[-97.529086,33.008515],[-97.529256,33.014922],[-97.527786,33.015356],[-97.524791,33.018284],[-97.518754,33.020481],[-97.519757,33.025957],[-97.523645,33.026004],[-97.524037,33.022908],[-97.528187,33.023514],[-97.527044,33.025298],[-97.527047,33.029989],[-97.534233,33.032696],[-97.534736,33.034722],[-97.53612,33.035565],[-97.537842,33.034633],[-97.539002,33.03601],[-97.543244,33.035431],[-97.544371,33.036367],[-97.546863,33.035409],[-97.547577,33.035929],[-97.547611,33.037487],[-97.548233,33.035472],[-97.54924,33.03523],[-97.549646,33.035696],[-97.549179,33.037558],[-97.551063,33.036044],[-97.554825,33.037108],[-97.554949,33.038458],[-97.556944,33.03918],[-97.556848,33.040599],[-97.555544,33.042623],[-97.555981,33.044224],[-97.554981,33.04572],[-97.556735,33.045448],[-97.557644,33.046541],[-97.555743,33.046704],[-97.557117,33.047719],[-97.555279,33.049571],[-97.558128,33.052147],[-97.556487,33.054207],[-97.556775,33.058241],[-97.557393,33.058879],[-97.558557,33.058284],[-97.55959,33.0592],[-97.558485,33.061464],[-97.556139,33.063578],[-97.555628,33.063289],[-97.556016,33.062502],[-97.554766,33.061602],[-97.55468,33.062856],[-97.55254,33.06272],[-97.552706,33.061992],[-97.550948,33.060881],[-97.549806,33.061624],[-97.547614,33.059881],[-97.546545,33.060004],[-97.545357,33.059092],[-97.54375,33.059319],[-97.542138,33.05789],[-97.539398,33.058104],[-97.539267,33.057201],[-97.537956,33.05615],[-97.536969,33.056494],[-97.535379,33.055907],[-97.535545,33.056701],[-97.533385,33.056996],[-97.533211,33.058978],[-97.531323,33.059562],[-97.533476,33.060739],[-97.533025,33.063353],[-97.53529,33.063355],[-97.534375,33.064348],[-97.534643,33.065057],[-97.536329,33.06486],[-97.537758,33.066268],[-97.537706,33.067066],[-97.536543,33.067796],[-97.536885,33.068874],[-97.539175,33.068566],[-97.538426,33.07113],[-97.53911,33.07214],[-97.538718,33.075094],[-97.536321,33.077663],[-97.535963,33.078848],[-97.537163,33.081225],[-97.535983,33.083334],[-97.538043,33.084635],[-97.537873,33.085745],[-97.539453,33.085999],[-97.539205,33.087076],[-97.538003,33.087406],[-97.537898,33.087977],[-97.539191,33.087774],[-97.539158,33.088676],[-97.54083,33.089297],[-97.540177,33.08944],[-97.540536,33.090419],[-97.539556,33.091513],[-97.539987,33.092222],[-97.53936,33.093239],[-97.539692,33.095856],[-97.538509,33.09668],[-97.539821,33.099622],[-97.536456,33.099645],[-97.536389,33.0971],[-97.518812,33.097232],[-97.518714,33.094723],[-97.516837,33.092395]]]},"properties":{"zip":"76078","city":"Rhome","county":"Wise","u2015":3442,"u2023":3540,"added":98,"growth":2.8,"moe":359,"certain":false,"peak_month":"2022-08","from_peak":-5.9,"value":369217}},{"type":"Feature","geometry":{"type":"Polygon","coordinates":[[[-97.647115,32.920268],[-97.648283,32.914298],[-97.650808,32.914633],[-97.653202,32.912852],[-97.656683,32.912763],[-97.657352,32.91174],[-97.66079,32.911928],[-97.661291,32.913798],[-97.663378,32.91385],[-97.663495,32.914626],[-97.665442,32.915566],[-97.665476,32.917616],[-97.670146,32.917574],[-97.670269,32.916381],[-97.675012,32.916346],[-97.676301,32.914009],[-97.67776,32.913945],[-97.67846,32.910167],[-97.682049,32.91115],[-97.707085,32.912392],[-97.709183,32.913351],[-97.71282,32.916713],[-97.714336,32.914193],[-97.720796,32.908942],[-97.731071,32.894477],[-97.735842,32.894617],[-97.736982,32.893052],[-97.741053,32.893706],[-97.744124,32.887366],[-97.745258,32.881133],[-97.746636,32.878007],[-97.743622,32.877495],[-97.743064,32.87611],[-97.741426,32.875942],[-97.744176,32.871061],[-97.750628,32.879105],[-97.754405,32.882126],[-97.756182,32.882808],[-97.756274,32.883682],[-97.755172,32.885133],[-97.7556,32.887294],[-97.755194,32.890082],[-97.757526,32.890743],[-97.758243,32.891897],[-97.765544,32.89245],[-97.769176,32.895827],[-97.769683,32.897834],[-97.769336,32.901292],[-97.770612,32.903343],[-97.771864,32.903751],[-97.774191,32.902218],[-97.775878,32.902762],[-97.778681,32.905171],[-97.779078,32.906238],[-97.785692,32.911457],[-97.787757,32.914086],[-97.788766,32.917577],[-97.78829,32.921761],[-97.789165,32.923944],[-97.784664,32.924928],[-97.78311,32.928085],[-97.783056,32.930804],[-97.78887,32.93144],[-97.788873,32.95112],[-97.787279,32.9511],[-97.787466,32.95775],[-97.787642,32.959339],[-97.790621,32.959806],[-97.7905,32.966448],[-97.793093,32.960276],[-97.799839,32.956166],[-97.802275,32.956061],[-97.804766,32.959037],[-97.806184,32.959807],[-97.819891,32.961186],[-97.82288,32.964498],[-97.823803,32.964742],[-97.82315,32.966573],[-97.823953,32.968272],[-97.8279,32.97202],[-97.825177,32.984614],[-97.82404,32.984985],[-97.823042,32.987343],[-97.822622,32.993641],[-97.830127,32.998006],[-97.828229,32.9983],[-97.827277,32.999474],[-97.822424,32.999367],[-97.821975,33.006654],[-97.820675,33.013216],[-97.822351,33.016956],[-97.820635,33.020816],[-97.825946,33.023785],[-97.827607,33.027838],[-97.832666,33.032606],[-97.830761,33.038855],[-97.829143,33.041433],[-97.829488,33.055314],[-97.830352,33.055495],[-97.830518,33.057752],[-97.832603,33.059942],[-97.828129,33.064163],[-97.827156,33.066504],[-97.815807,33.06623],[-97.814994,33.070611],[-97.804747,33.073058],[-97.802315,33.075253],[-97.799489,33.07642],[-97.797628,33.073611],[-97.7962,33.072655],[-97.794357,33.063335],[-97.796457,33.062809],[-97.796513,33.05775],[-97.802014,33.057607],[-97.803515,33.050001],[-97.791691,33.051786],[-97.789378,33.048276],[-97.786359,33.047927],[-97.784012,33.049411],[-97.780285,33.050257],[-97.779352,33.051321],[-97.78336,33.056197],[-97.782432,33.060163],[-97.778165,33.060264],[-97.778103,33.059151],[-97.776412,33.059],[-97.776225,33.063809],[-97.771269,33.063832],[-97.771337,33.061098],[-97.77056,33.061121],[-97.770339,33.056485],[-97.772819,33.056449],[-97.773334,33.046534],[-97.772876,33.040718],[-97.770646,33.04168],[-97.767244,33.040884],[-97.766008,33.039617],[-97.757991,33.039635],[-97.753405,33.040688],[-97.749882,33.040206],[-97.749752,33.039688],[-97.731929,33.039726],[-97.731776,33.038615],[-97.732813,33.037273],[-97.732125,33.032837],[-97.733365,33.032545],[-97.732561,33.029697],[-97.733219,33.027284],[-97.734987,33.025832],[-97.734921,33.024902],[-97.735574,33.024974],[-97.735658,33.024259],[-97.736259,33.024561],[-97.736944,33.023588],[-97.736793,33.022906],[-97.737445,33.022383],[-97.737034,33.021542],[-97.739539,33.020073],[-97.739284,33.019403],[-97.740361,33.018875],[-97.740099,33.018314],[-97.741156,33.016813],[-97.739785,33.016131],[-97.740462,33.014064],[-97.742191,33.013414],[-97.742856,33.011605],[-97.746253,33.011081],[-97.745496,33.010261],[-97.74646,33.005674],[-97.745475,32.997754],[-97.720428,32.997332],[-97.720322,33.011377],[-97.719659,33.011509],[-97.719281,33.013782],[-97.716423,33.013872],[-97.700624,33.003339],[-97.700617,33.016846],[-97.679108,33.017149],[-97.678806,33.020715],[-97.674558,33.021153],[-97.671336,33.021167],[-97.672277,33.017874],[-97.673253,33.017892],[-97.673443,33.01734],[-97.673649,33.016546],[-97.672751,33.016209],[-97.674624,33.009661],[-97.666854,33.009571],[-97.666265,33.010376],[-97.663773,33.010518],[-97.659567,33.010266],[-97.659229,33.011505],[-97.657622,33.00962],[-97.63918,33.003373],[-97.631869,32.99564],[-97.621375,32.995552],[-97.621353,33.003697],[-97.61216,33.003521],[-97.610902,32.995493],[-97.604094,32.995447],[-97.604064,32.979633],[-97.601759,32.979468],[-97.601509,32.972548],[-97.594231,32.972612],[-97.594536,32.967616],[-97.599167,32.967616],[-97.598804,32.961478],[-97.597969,32.960802],[-97.595227,32.960573],[-97.594957,32.959339],[-97.593591,32.958367],[-97.593689,32.95666],[-97.586024,32.95464],[-97.585611,32.951487],[-97.58278,32.94762],[-97.583239,32.944548],[-97.582265,32.943887],[-97.581475,32.938314],[-97.580365,32.936593],[-97.577037,32.933739],[-97.574821,32.932833],[-97.571832,32.932716],[-97.571206,32.931885],[-97.574298,32.9318],[-97.574288,32.928836],[-97.588528,32.928946],[-97.58847,32.922389],[-97.595443,32.922417],[-97.595619,32.917979],[-97.597792,32.919114],[-97.597906,32.914544],[-97.595527,32.914612],[-97.595521,32.90858],[-97.594521,32.908567],[-97.594775,32.908121],[-97.601104,32.907982],[-97.601436,32.906971],[-97.59935,32.906443],[-97.598887,32.905404],[-97.604405,32.903989],[-97.6083,32.904009],[-97.60574,32.906227],[-97.606572,32.914471],[-97.608982,32.91564],[-97.615915,32.916044],[-97.616504,32.917341],[-97.624948,32.917376],[-97.625004,32.914811],[-97.626826,32.913611],[-97.630137,32.912753],[-97.634807,32.912774],[-97.634648,32.915284],[-97.638348,32.916493],[-97.638337,32.917997],[-97.639205,32.918059],[-97.639185,32.920065],[-97.64247,32.920069],[-97.642325,32.91567],[-97.645381,32.916316],[-97.646514,32.920129],[-97.647115,32.920268]]]},"properties":{"zip":"76082","city":"Springtown","county":"Parker","u2015":6959,"u2023":8576,"added":1617,"growth":23.2,"moe":785,"certain":true,"peak_month":"2025-03","from_peak":-1.3,"value":393407}},{"type":"Feature","geometry":{"type":"Polygon","coordinates":[[[-97.118788,32.415576],[-97.142918,32.40383],[-97.139806,32.4029],[-97.135898,32.397056],[-97.138301,32.396602],[-97.142718,32.397244],[-97.145163,32.399005],[-97.150592,32.396449],[-97.151609,32.399558],[-97.147688,32.40146],[-97.155709,32.413249],[-97.143954,32.421917],[-97.140121,32.423619],[-97.142818,32.427773],[-97.1309,32.433517],[-97.130705,32.43431],[-97.128134,32.435598],[-97.13037,32.437482],[-97.133248,32.436766],[-97.138386,32.444767],[-97.136483,32.445873],[-97.137605,32.447685],[-97.139956,32.446953],[-97.149186,32.46078],[-97.147724,32.462189],[-97.149725,32.464298],[-97.149636,32.465936],[-97.148229,32.466594],[-97.14701,32.465963],[-97.145771,32.466811],[-97.142509,32.467204],[-97.141263,32.468685],[-97.139802,32.46828],[-97.140264,32.469479],[-97.137918,32.472821],[-97.145487,32.483538],[-97.134042,32.489191],[-97.133122,32.495133],[-97.131351,32.495987],[-97.1363,32.503299],[-97.129094,32.504255],[-97.135025,32.513512],[-97.131679,32.515212],[-97.135679,32.520833],[-97.141835,32.517919],[-97.142658,32.519252],[-97.140823,32.520236],[-97.142247,32.52137],[-97.139861,32.524091],[-97.137358,32.528829],[-97.132251,32.527656],[-97.128075,32.521628],[-97.108878,32.530806],[-97.108448,32.531571],[-97.100048,32.519792],[-97.086684,32.526015],[-97.086678,32.524016],[-97.064282,32.510545],[-97.064554,32.508923],[-97.071191,32.505744],[-97.068481,32.504306],[-97.068942,32.502995],[-97.069882,32.502529],[-97.068336,32.499696],[-97.069273,32.497994],[-97.068016,32.497287],[-97.068058,32.496419],[-97.069243,32.495618],[-97.069311,32.494453],[-97.071019,32.494791],[-97.074274,32.49326],[-97.073179,32.492258],[-97.075591,32.490795],[-97.07497,32.485506],[-97.078894,32.484976],[-97.078443,32.483901],[-97.076746,32.48276],[-97.078473,32.480666],[-97.077815,32.479694],[-97.078334,32.478408],[-97.077743,32.477961],[-97.079158,32.476622],[-97.078515,32.475408],[-97.079598,32.474603],[-97.078123,32.472288],[-97.079064,32.470813],[-97.077796,32.469583],[-97.076509,32.469757],[-97.07637,32.468859],[-97.075489,32.468776],[-97.075542,32.468009],[-97.074101,32.466517],[-97.075132,32.465832],[-97.073954,32.464212],[-97.075124,32.464216],[-97.075177,32.463268],[-97.072554,32.460957],[-97.073085,32.460178],[-97.071144,32.455968],[-97.071106,32.452216],[-97.068665,32.447851],[-97.07177,32.446742],[-97.065012,32.436683],[-97.068363,32.434565],[-97.06359,32.42734],[-97.063597,32.420768],[-97.054642,32.420332],[-97.056941,32.412149],[-97.051115,32.408161],[-97.046129,32.401224],[-97.038085,32.401232],[-97.038143,32.395463],[-97.026448,32.387265],[-97.027839,32.38613],[-97.026631,32.385028],[-97.026105,32.382261],[-97.029579,32.382454],[-97.030741,32.381577],[-97.029744,32.380394],[-97.013931,32.380217],[-97.014406,32.36565],[-97.012677,32.365346],[-97.012479,32.35652],[-97.034171,32.345906],[-97.040106,32.343347],[-97.042745,32.343788],[-97.058637,32.335881],[-97.061406,32.340232],[-97.065598,32.341849],[-97.070667,32.3492],[-97.074691,32.349837],[-97.076222,32.352418],[-97.079913,32.351253],[-97.086628,32.361104],[-97.086827,32.365398],[-97.087605,32.365316],[-97.100936,32.385522],[-97.099249,32.386328],[-97.099488,32.38674],[-97.118788,32.415576]]]},"properties":{"zip":"76084","city":"Venus","county":"Johnson","u2015":2707,"u2023":4011,"added":1304,"growth":48.2,"moe":413,"certain":true,"peak_month":"2022-08","from_peak":-11.2,"value":393138}},{"type":"Feature","geometry":{"type":"Polygon","coordinates":[[[-97.771342,32.779668],[-97.791213,32.780094],[-97.797063,32.780855],[-97.797272,32.777655],[-97.797281,32.779858],[-97.799489,32.779961],[-97.799074,32.780877],[-97.799624,32.78104],[-97.799621,32.782328],[-97.797656,32.781723],[-97.794923,32.788422],[-97.797292,32.788634],[-97.797677,32.789812],[-97.800769,32.789248],[-97.800738,32.792861],[-97.802489,32.795305],[-97.797667,32.804539],[-97.797782,32.809608],[-97.799831,32.810121],[-97.799484,32.818707],[-97.798775,32.817298],[-97.796685,32.816539],[-97.794347,32.816913],[-97.792283,32.815664],[-97.792017,32.814169],[-97.790063,32.813008],[-97.788787,32.813432],[-97.786853,32.812282],[-97.786288,32.810885],[-97.784966,32.811413],[-97.784713,32.81017],[-97.782888,32.80855],[-97.784016,32.816189],[-97.777172,32.817],[-97.768331,32.829192],[-97.756553,32.842673],[-97.757182,32.842662],[-97.763282,32.850805],[-97.763132,32.852975],[-97.759811,32.855157],[-97.75922,32.857081],[-97.756347,32.856366],[-97.754236,32.856871],[-97.752163,32.858904],[-97.750781,32.859253],[-97.741426,32.875942],[-97.743064,32.87611],[-97.743622,32.877495],[-97.746637,32.877965],[-97.745258,32.881133],[-97.744124,32.887366],[-97.741053,32.893706],[-97.736982,32.893052],[-97.735842,32.894617],[-97.731071,32.894477],[-97.720796,32.908942],[-97.714336,32.914193],[-97.71282,32.916713],[-97.709183,32.913351],[-97.707085,32.912392],[-97.682049,32.91115],[-97.67846,32.910167],[-97.67776,32.913945],[-97.676301,32.914009],[-97.674906,32.91638],[-97.670418,32.916349],[-97.670146,32.917574],[-97.665476,32.917616],[-97.665442,32.915566],[-97.663495,32.914626],[-97.663378,32.91385],[-97.661291,32.913798],[-97.661147,32.912047],[-97.657352,32.91174],[-97.656683,32.912763],[-97.653202,32.912852],[-97.650808,32.914633],[-97.648283,32.914298],[-97.647115,32.920268],[-97.646514,32.920129],[-97.645381,32.916316],[-97.642325,32.91567],[-97.64247,32.920069],[-97.639185,32.920065],[-97.639205,32.918059],[-97.638337,32.917997],[-97.638348,32.916493],[-97.634648,32.915284],[-97.634807,32.912774],[-97.630137,32.912753],[-97.626826,32.913611],[-97.625004,32.914811],[-97.624948,32.917376],[-97.616504,32.917341],[-97.615915,32.916044],[-97.608982,32.91564],[-97.606572,32.914471],[-97.60574,32.906227],[-97.6083,32.904009],[-97.600928,32.904536],[-97.598887,32.905404],[-97.59935,32.906443],[-97.601436,32.906971],[-97.601104,32.907982],[-97.595186,32.907879],[-97.594521,32.908567],[-97.590818,32.908573],[-97.590781,32.909568],[-97.587385,32.909063],[-97.587345,32.907755],[-97.588524,32.90522],[-97.588088,32.904643],[-97.582101,32.904148],[-97.582554,32.900675],[-97.588609,32.879613],[-97.595773,32.881551],[-97.595758,32.877446],[-97.617092,32.877486],[-97.617171,32.873501],[-97.617941,32.873756],[-97.617813,32.871719],[-97.622774,32.865184],[-97.622441,32.86392],[-97.623763,32.863883],[-97.630598,32.854881],[-97.632603,32.856372],[-97.637661,32.856492],[-97.640529,32.860545],[-97.640504,32.861927],[-97.641666,32.862473],[-97.644955,32.86229],[-97.645963,32.863127],[-97.653023,32.862643],[-97.654861,32.856749],[-97.657328,32.853982],[-97.658236,32.845264],[-97.657523,32.84166],[-97.659556,32.837607],[-97.659421,32.835866],[-97.678312,32.814625],[-97.672387,32.810673],[-97.665425,32.803751],[-97.66548,32.801928],[-97.670676,32.802011],[-97.670651,32.800287],[-97.679188,32.800526],[-97.679167,32.801771],[-97.682722,32.802127],[-97.682813,32.808288],[-97.690598,32.808352],[-97.690603,32.807263],[-97.691057,32.807274],[-97.69104,32.808389],[-97.696624,32.808376],[-97.700037,32.80733],[-97.703381,32.804123],[-97.709421,32.795288],[-97.715833,32.788756],[-97.718066,32.787515],[-97.722332,32.786854],[-97.727435,32.78478],[-97.728126,32.780611],[-97.732361,32.780688],[-97.739531,32.773847],[-97.740634,32.7715],[-97.740532,32.76545],[-97.737958,32.76613],[-97.737959,32.764462],[-97.736458,32.764433],[-97.736473,32.762088],[-97.740661,32.762515],[-97.74089,32.759983],[-97.742174,32.756973],[-97.747401,32.756961],[-97.74443,32.759975],[-97.745934,32.760975],[-97.74827,32.761408],[-97.748707,32.762414],[-97.750064,32.762813],[-97.750525,32.763764],[-97.751879,32.763957],[-97.752746,32.765228],[-97.764407,32.763997],[-97.769069,32.762868],[-97.773806,32.760719],[-97.773534,32.767042],[-97.768084,32.766954],[-97.76806,32.76849],[-97.766892,32.769937],[-97.767313,32.769927],[-97.76722,32.77533],[-97.771858,32.77543],[-97.771342,32.779668]]]},"properties":{"zip":"76085","city":"Weatherford","county":"Parker","u2015":3467,"u2023":4027,"added":560,"growth":16.2,"moe":467,"certain":true,"peak_month":"2025-03","from_peak":-0.8,"value":473022}},{"type":"Feature","geometry":{"type":"Polygon","coordinates":[[[-97.807099,32.780582],[-97.806841,32.788653],[-97.808623,32.788668],[-97.802911,32.791491],[-97.800781,32.791922],[-97.800735,32.789222],[-97.797677,32.789812],[-97.797292,32.788634],[-97.794923,32.788422],[-97.797656,32.781723],[-97.799621,32.782328],[-97.799624,32.78104],[-97.799074,32.780877],[-97.799489,32.779961],[-97.797281,32.779858],[-97.797272,32.777655],[-97.797063,32.780855],[-97.779696,32.779637],[-97.774849,32.779631],[-97.77479,32.780098],[-97.771342,32.779668],[-97.771858,32.77543],[-97.76722,32.77533],[-97.767313,32.769927],[-97.766892,32.769937],[-97.76806,32.76849],[-97.768084,32.766954],[-97.773534,32.767042],[-97.773806,32.760719],[-97.769069,32.762868],[-97.764407,32.763997],[-97.752746,32.765228],[-97.751879,32.763957],[-97.750525,32.763764],[-97.750064,32.762813],[-97.748707,32.762414],[-97.74827,32.761408],[-97.745934,32.760975],[-97.74443,32.759975],[-97.747401,32.756961],[-97.733493,32.756859],[-97.734405,32.757001],[-97.734717,32.761197],[-97.732872,32.761981],[-97.732721,32.763025],[-97.731331,32.763151],[-97.732185,32.759357],[-97.731881,32.756836],[-97.732784,32.756544],[-97.731216,32.756173],[-97.731184,32.75446],[-97.732719,32.754453],[-97.732674,32.75262],[-97.730977,32.752737],[-97.731124,32.75201],[-97.732972,32.75156],[-97.737597,32.753244],[-97.736948,32.748158],[-97.737284,32.746004],[-97.775824,32.732722],[-97.797152,32.72757],[-97.802223,32.727104],[-97.822047,32.728513],[-97.837383,32.728372],[-97.837383,32.730267],[-97.824257,32.730196],[-97.824254,32.732851],[-97.8232,32.73285],[-97.824042,32.735695],[-97.821358,32.740924],[-97.820937,32.740607],[-97.820966,32.742301],[-97.82244,32.740972],[-97.82337,32.740896],[-97.823345,32.742415],[-97.824736,32.743472],[-97.826061,32.743007],[-97.826099,32.74433],[-97.832719,32.747128],[-97.832724,32.749086],[-97.834246,32.748826],[-97.819361,32.756384],[-97.820029,32.757226],[-97.821348,32.75646],[-97.821353,32.758492],[-97.827623,32.758481],[-97.824991,32.760213],[-97.825297,32.760526],[-97.823657,32.760219],[-97.826816,32.763465],[-97.826264,32.764943],[-97.827118,32.765926],[-97.824827,32.766123],[-97.820747,32.776634],[-97.822395,32.778898],[-97.820146,32.779088],[-97.825973,32.781637],[-97.82931,32.784132],[-97.815317,32.78335],[-97.808318,32.77895],[-97.804588,32.77414],[-97.80463,32.7801],[-97.807099,32.780582]]]},"properties":{"zip":"76086","city":"Weatherford","county":"Parker","u2015":8841,"u2023":9689,"added":848,"growth":9.6,"moe":657,"certain":true,"peak_month":"2024-04","from_peak":-6.0,"value":278105}},{"type":"Feature","geometry":{"type":"MultiPolygon","coordinates":[[[[-97.973066,32.668092],[-97.947841,32.67788],[-97.943232,32.67506],[-97.945427,32.670409],[-97.948853,32.669101],[-97.949853,32.667933],[-97.973066,32.668092]]],[[[-97.701752,32.664044],[-97.693184,32.663591],[-97.692486,32.664737],[-97.690998,32.664743],[-97.690478,32.663544],[-97.689516,32.663632],[-97.68921,32.663077],[-97.690335,32.662214],[-97.688866,32.661108],[-97.687845,32.659085],[-97.687033,32.658942],[-97.687633,32.658078],[-97.693044,32.656433],[-97.694978,32.6549],[-97.693048,32.652135],[-97.692219,32.6523],[-97.692109,32.652938],[-97.691205,32.652636],[-97.689151,32.653593],[-97.687455,32.653241],[-97.684251,32.654819],[-97.681413,32.654784],[-97.679697,32.653068],[-97.681033,32.650866],[-97.678757,32.649636],[-97.67887,32.644944],[-97.676332,32.644856],[-97.676419,32.646388],[-97.674513,32.645814],[-97.672334,32.646314],[-97.672368,32.644953],[-97.668077,32.644863],[-97.670196,32.64159],[-97.670047,32.638128],[-97.661226,32.638275],[-97.657093,32.644324],[-97.655568,32.642174],[-97.652741,32.641789],[-97.65143,32.639902],[-97.648062,32.641078],[-97.651704,32.638893],[-97.652072,32.637631],[-97.654207,32.637037],[-97.65722,32.637251],[-97.658676,32.634418],[-97.665526,32.629499],[-97.671167,32.628575],[-97.671898,32.627556],[-97.671836,32.617533],[-97.687799,32.617264],[-97.687733,32.609059],[-97.686397,32.606842],[-97.688001,32.606852],[-97.687813,32.592102],[-97.712033,32.591852],[-97.716851,32.594256],[-97.718774,32.5969],[-97.726365,32.593239],[-97.726811,32.588682],[-97.723772,32.590138],[-97.721466,32.586157],[-97.723176,32.581985],[-97.724037,32.582086],[-97.72443,32.581229],[-97.725507,32.58158],[-97.726135,32.580323],[-97.727307,32.57973],[-97.727423,32.577738],[-97.726435,32.575602],[-97.726458,32.570381],[-97.732082,32.56726],[-97.728207,32.561316],[-97.723237,32.562921],[-97.720021,32.559829],[-97.720554,32.55863],[-97.71653,32.556556],[-97.712138,32.551968],[-97.724928,32.545622],[-97.729617,32.553823],[-97.724191,32.556634],[-97.759242,32.556965],[-97.758019,32.558813],[-97.75779,32.56212],[-97.759343,32.563976],[-97.762443,32.562429],[-97.768074,32.571312],[-97.774422,32.568554],[-97.779704,32.571182],[-97.782722,32.569751],[-97.783107,32.566673],[-97.781875,32.564829],[-97.78349,32.56393],[-97.78345,32.559994],[-97.796522,32.560105],[-97.797961,32.55699],[-97.798963,32.55699],[-97.804295,32.552202],[-97.81469,32.548436],[-97.822242,32.542219],[-97.8265,32.536276],[-97.830116,32.529462],[-97.833929,32.517846],[-97.835399,32.509783],[-97.834679,32.504933],[-97.832514,32.50262],[-97.845033,32.502615],[-97.846526,32.503317],[-97.844999,32.502673],[-97.844015,32.503172],[-97.84411,32.508499],[-97.839352,32.519829],[-97.840335,32.520851],[-97.839169,32.521489],[-97.837786,32.52585],[-97.840935,32.524898],[-97.843276,32.525606],[-97.843434,32.526249],[-97.845913,32.525342],[-97.848304,32.530135],[-97.849486,32.534371],[-97.849233,32.535876],[-97.844609,32.541337],[-97.839805,32.543128],[-97.8286,32.5538],[-97.823876,32.557101],[-97.87582,32.557269],[-97.875351,32.562964],[-97.880807,32.564635],[-97.885758,32.568128],[-97.88841,32.57106],[-97.892587,32.581138],[-97.8929,32.583277],[-97.891754,32.585255],[-97.888588,32.588169],[-97.885218,32.589275],[-97.881455,32.591787],[-97.875314,32.600427],[-97.872796,32.606408],[-97.873158,32.611047],[-97.87524,32.617443],[-97.882439,32.619095],[-97.894408,32.619359],[-97.92541,32.615985],[-97.925476,32.621331],[-97.926573,32.62123],[-97.941957,32.629293],[-97.942699,32.635164],[-97.943499,32.636802],[-97.94979,32.640062],[-97.955465,32.641868],[-97.955055,32.65474],[-97.954299,32.656372],[-97.951827,32.656038],[-97.94383,32.667633],[-97.942347,32.668379],[-97.94226,32.673738],[-97.943168,32.675091],[-97.941228,32.67604],[-97.942521,32.680698],[-97.956337,32.701161],[-97.956606,32.701779],[-97.953825,32.703255],[-97.960315,32.70131],[-97.915675,32.717256],[-97.901864,32.719985],[-97.888293,32.725936],[-97.879813,32.727993],[-97.879054,32.727618],[-97.880116,32.726788],[-97.873697,32.726954],[-97.864726,32.728179],[-97.822568,32.728525],[-97.800701,32.727121],[-97.77476,32.733064],[-97.737284,32.746004],[-97.736948,32.748158],[-97.737597,32.753244],[-97.732972,32.75156],[-97.731148,32.751983],[-97.730977,32.752737],[-97.732674,32.75262],[-97.732719,32.754453],[-97.731184,32.75446],[-97.731216,32.756173],[-97.732784,32.756544],[-97.731881,32.756836],[-97.732185,32.759357],[-97.731331,32.763151],[-97.732721,32.763025],[-97.732872,32.761981],[-97.734717,32.761197],[-97.734405,32.757001],[-97.733493,32.756859],[-97.742174,32.756973],[-97.74089,32.759983],[-97.740661,32.762515],[-97.736473,32.762088],[-97.736458,32.764433],[-97.737959,32.764462],[-97.737958,32.76613],[-97.740532,32.76545],[-97.740676,32.771116],[-97.740136,32.772934],[-97.732361,32.780688],[-97.728126,32.780611],[-97.727435,32.78478],[-97.722332,32.786854],[-97.718066,32.787515],[-97.715833,32.788756],[-97.707266,32.797877],[-97.703119,32.80444],[-97.699388,32.807692],[-97.697106,32.808348],[-97.69104,32.808389],[-97.691057,32.807274],[-97.690603,32.807263],[-97.690598,32.808352],[-97.682813,32.808288],[-97.682722,32.802127],[-97.679167,32.801771],[-97.679188,32.800526],[-97.670651,32.800287],[-97.670676,32.802011],[-97.66548,32.801928],[-97.665425,32.803751],[-97.672387,32.810673],[-97.678312,32.814625],[-97.676799,32.816153],[-97.670924,32.810012],[-97.665479,32.809765],[-97.66536,32.808145],[-97.664564,32.808063],[-97.664521,32.820762],[-97.656951,32.820547],[-97.654198,32.818267],[-97.653506,32.816347],[-97.635276,32.816091],[-97.631166,32.813385],[-97.632274,32.812584],[-97.637346,32.813388],[-97.641255,32.809606],[-97.632886,32.797779],[-97.632012,32.797762],[-97.628729,32.799982],[-97.628193,32.802281],[-97.626503,32.802235],[-97.623167,32.804315],[-97.622717,32.807089],[-97.618997,32.808076],[-97.617096,32.809721],[-97.616808,32.813285],[-97.614692,32.816432],[-97.611726,32.812382],[-97.607437,32.81226],[-97.606678,32.811502],[-97.603015,32.812375],[-97.600278,32.81229],[-97.599939,32.816825],[-97.59737,32.821437],[-97.597332,32.826434],[-97.592148,32.826446],[-97.590564,32.817771],[-97.589762,32.817844],[-97.590158,32.797894],[-97.587584,32.797869],[-97.587633,32.794304],[-97.59049,32.794939],[-97.592246,32.793164],[-97.593877,32.794211],[-97.597816,32.794256],[-97.597964,32.778159],[-97.601716,32.772021],[-97.601953,32.759419],[-97.600419,32.754734],[-97.600238,32.751885],[-97.603081,32.752262],[-97.604867,32.75068],[-97.609021,32.750234],[-97.61245,32.751658],[-97.618148,32.751522],[-97.619372,32.753614],[-97.622574,32.755446],[-97.62449,32.755378],[-97.626793,32.75785],[-97.627058,32.76005],[-97.628813,32.762412],[-97.629176,32.76521],[-97.635993,32.76519],[-97.610406,32.730275],[-97.622395,32.731509],[-97.645747,32.737759],[-97.647041,32.737282],[-97.652671,32.737676],[-97.653908,32.737989],[-97.658195,32.741371],[-97.670341,32.739543],[-97.672969,32.738479],[-97.673229,32.734699],[-97.676951,32.734758],[-97.676797,32.73214],[-97.677128,32.732518],[-97.673879,32.722587],[-97.673082,32.72253],[-97.676525,32.721127],[-97.676357,32.72256],[-97.675707,32.722114],[-97.675096,32.722983],[-97.67717,32.724193],[-97.67864,32.723368],[-97.678484,32.725281],[-97.679928,32.725639],[-97.68119,32.725062],[-97.681307,32.72587],[-97.681957,32.725881],[-97.682087,32.724688],[-97.684019,32.725199],[-97.686504,32.724127],[-97.687304,32.724859],[-97.6888,32.723896],[-97.689431,32.724479],[-97.689892,32.723847],[-97.690875,32.7241],[-97.690588,32.72498],[-97.691642,32.725227],[-97.691369,32.723561],[-97.693106,32.72421],[-97.692364,32.72515],[-97.693177,32.72537],[-97.694693,32.723913],[-97.695675,32.723841],[-97.696371,32.72532],[-97.698296,32.725562],[-97.697737,32.726167],[-97.699402,32.728146],[-97.70084,32.728635],[-97.700814,32.729752],[-97.701659,32.729537],[-97.702069,32.730296],[-97.702642,32.729707],[-97.703156,32.730285],[-97.704001,32.729812],[-97.705764,32.731538],[-97.70568,32.732407],[-97.706643,32.7325],[-97.706103,32.733517],[-97.708705,32.734886],[-97.709349,32.734265],[-97.710191,32.735165],[-97.711222,32.735209],[-97.710878,32.734732],[-97.711938,32.73411],[-97.713925,32.735259],[-97.717593,32.735255],[-97.712692,32.732658],[-97.714453,32.730191],[-97.72094,32.73149],[-97.721705,32.733056],[-97.722306,32.733043],[-97.7223,32.731708],[-97.736766,32.733842],[-97.736863,32.726219],[-97.732823,32.725919],[-97.736728,32.725805],[-97.736602,32.720438],[-97.734441,32.720361],[-97.734785,32.719074],[-97.734209,32.718092],[-97.73901,32.718833],[-97.75079,32.716557],[-97.741718,32.718283],[-97.739324,32.714823],[-97.7376,32.715531],[-97.736513,32.715016],[-97.735955,32.713522],[-97.736617,32.711303],[-97.733778,32.710777],[-97.73557,32.707719],[-97.735839,32.705415],[-97.729442,32.703413],[-97.727875,32.701306],[-97.728452,32.693113],[-97.729812,32.690133],[-97.71103,32.681722],[-97.708663,32.681563],[-97.705687,32.678989],[-97.70556,32.675677],[-97.707009,32.674662],[-97.709972,32.67394],[-97.714713,32.674384],[-97.713979,32.669266],[-97.714342,32.664945],[-97.705942,32.664936],[-97.705537,32.67558],[-97.705576,32.666721],[-97.704609,32.666724],[-97.704604,32.665227],[-97.701742,32.665239],[-97.701752,32.664044]]]]},"properties":{"zip":"76087","city":"Weatherford","county":"Parker","u2015":10596,"u2023":13290,"added":2694,"growth":25.4,"moe":778,"certain":true,"peak_month":"2022-08","from_peak":-5.0,"value":460762}},{"type":"Feature","geometry":{"type":"Polygon","coordinates":[[[-97.768022,32.829565],[-97.777172,32.817],[-97.784016,32.816189],[-97.782888,32.80855],[-97.784713,32.81017],[-97.784966,32.811413],[-97.786288,32.810885],[-97.786853,32.812282],[-97.788787,32.813432],[-97.790063,32.813008],[-97.792017,32.814169],[-97.792283,32.815664],[-97.794347,32.816913],[-97.796685,32.816539],[-97.798775,32.817298],[-97.799484,32.818707],[-97.799831,32.810121],[-97.797782,32.809608],[-97.797667,32.804539],[-97.802489,32.795305],[-97.800738,32.792861],[-97.800781,32.791922],[-97.802911,32.791491],[-97.808623,32.788668],[-97.806841,32.788653],[-97.807099,32.780582],[-97.80463,32.7801],[-97.804588,32.77414],[-97.808318,32.77895],[-97.815317,32.78335],[-97.82931,32.784132],[-97.825973,32.781637],[-97.820146,32.779088],[-97.822395,32.778898],[-97.820747,32.776634],[-97.824827,32.766123],[-97.827118,32.765926],[-97.826264,32.764943],[-97.826816,32.763465],[-97.823657,32.760219],[-97.825297,32.760526],[-97.824991,32.760213],[-97.827623,32.758481],[-97.821353,32.758492],[-97.821348,32.75646],[-97.820029,32.757226],[-97.819361,32.756384],[-97.834246,32.748826],[-97.832724,32.749086],[-97.832719,32.747128],[-97.826099,32.74433],[-97.826061,32.743007],[-97.824736,32.743472],[-97.823345,32.742415],[-97.82337,32.740896],[-97.82244,32.740972],[-97.820966,32.742301],[-97.820937,32.740607],[-97.821358,32.740924],[-97.824042,32.735695],[-97.8232,32.73285],[-97.824254,32.732851],[-97.824257,32.730196],[-97.837383,32.730267],[-97.837383,32.728372],[-97.864726,32.728179],[-97.874745,32.726861],[-97.880116,32.726788],[-97.879054,32.727618],[-97.879813,32.727993],[-97.888293,32.725936],[-97.901864,32.719985],[-97.911006,32.718574],[-97.917393,32.716749],[-97.917747,32.722646],[-97.915027,32.722972],[-97.914725,32.7297],[-97.91394,32.730433],[-97.911491,32.730565],[-97.906519,32.732291],[-97.904377,32.736967],[-97.908413,32.737176],[-97.909447,32.738142],[-97.908878,32.738991],[-97.908373,32.745709],[-97.910658,32.748028],[-97.910575,32.771523],[-97.921179,32.771281],[-97.933519,32.768109],[-97.934064,32.769173],[-97.932983,32.771095],[-97.935296,32.774523],[-97.937169,32.775295],[-97.937389,32.776497],[-97.938501,32.776781],[-97.938829,32.77766],[-97.938537,32.779789],[-97.93702,32.780329],[-97.935588,32.782919],[-97.935672,32.784193],[-97.937874,32.786302],[-97.940183,32.786459],[-97.9413,32.789328],[-97.95206,32.791933],[-97.987886,32.793703],[-97.988054,32.798282],[-97.996667,32.79958],[-97.996676,32.795645],[-98.026388,32.796065],[-98.024136,32.796146],[-98.023491,32.797911],[-98.020841,32.800082],[-98.026349,32.798875],[-98.037753,32.801008],[-98.040364,32.802387],[-98.043714,32.806157],[-98.042687,32.811026],[-98.03965,32.810594],[-98.028704,32.813396],[-98.028731,32.814017],[-98.030953,32.813724],[-98.03199,32.814848],[-98.03326,32.815097],[-98.034682,32.814349],[-98.036086,32.812479],[-98.039458,32.811386],[-98.040582,32.812238],[-98.040806,32.815991],[-98.044111,32.817334],[-98.044507,32.818648],[-98.042376,32.819088],[-98.040366,32.820951],[-98.041109,32.821136],[-98.040396,32.822803],[-98.040736,32.825247],[-98.039574,32.826409],[-98.038826,32.829305],[-98.037551,32.830179],[-98.037875,32.831451],[-98.033997,32.837683],[-98.034191,32.842198],[-98.031044,32.84281],[-98.029955,32.843875],[-98.029227,32.845935],[-98.025738,32.847355],[-98.025414,32.852634],[-98.026004,32.853359],[-98.030953,32.854174],[-98.031146,32.85719],[-98.029122,32.858875],[-98.024765,32.86009],[-98.022322,32.862372],[-98.013745,32.86216],[-98.013786,32.868766],[-98.011835,32.870392],[-98.010656,32.870325],[-98.010798,32.885181],[-98.005094,32.885176],[-98.005175,32.893734],[-98.003682,32.897914],[-98.00205,32.897982],[-98.002034,32.898983],[-98.007199,32.898841],[-98.007928,32.899609],[-98.006474,32.900521],[-98.005476,32.901801],[-98.006304,32.902302],[-98.004641,32.903066],[-98.004777,32.903935],[-98.004204,32.904259],[-98.005044,32.904578],[-98.004718,32.905496],[-98.005688,32.906574],[-98.004195,32.907283],[-98.004559,32.908531],[-98.003058,32.911395],[-98.002965,32.91415],[-98.001849,32.915689],[-98.003333,32.918807],[-98.002658,32.919569],[-97.996597,32.919358],[-97.996359,32.926876],[-97.985401,32.927092],[-97.986042,32.927817],[-98.016398,32.928151],[-98.014796,32.954071],[-98.019689,32.956485],[-98.017914,32.961619],[-98.015519,32.96177],[-98.01139,32.965505],[-98.00955,32.966424],[-97.997083,32.969495],[-97.988707,32.970067],[-97.985732,32.971903],[-97.982592,32.975218],[-97.979946,32.976363],[-97.972164,32.976591],[-97.968712,32.975138],[-97.966646,32.975083],[-97.956502,32.975078],[-97.952864,32.976244],[-97.952996,32.958316],[-97.951043,32.96194],[-97.950977,32.956231],[-97.944488,32.956159],[-97.944486,32.949015],[-97.953213,32.949014],[-97.953236,32.941483],[-97.927252,32.941612],[-97.927301,32.920551],[-97.909866,32.920186],[-97.909862,32.921158],[-97.902237,32.921158],[-97.896938,32.920314],[-97.89692,32.919612],[-97.903664,32.919494],[-97.905242,32.918576],[-97.905793,32.916439],[-97.905814,32.905148],[-97.909987,32.904422],[-97.9101,32.897683],[-97.866047,32.897795],[-97.867369,32.878165],[-97.858718,32.878162],[-97.85613,32.879315],[-97.847972,32.879293],[-97.847143,32.883035],[-97.832108,32.883091],[-97.83199,32.89763],[-97.824791,32.897585],[-97.834397,32.903874],[-97.842579,32.912202],[-97.857025,32.912558],[-97.857904,32.913214],[-97.858142,32.915129],[-97.860268,32.910261],[-97.860724,32.910331],[-97.8624,32.911108],[-97.860265,32.9168],[-97.878441,32.9199],[-97.859074,32.919917],[-97.864384,32.930767],[-97.864499,32.934525],[-97.858296,32.934493],[-97.858066,32.919915],[-97.850245,32.919923],[-97.844549,32.913872],[-97.802399,32.905342],[-97.802382,32.912108],[-97.799075,32.912088],[-97.799094,32.917504],[-97.79157,32.91752],[-97.791669,32.923957],[-97.789968,32.923946],[-97.792659,32.926118],[-97.791709,32.928839],[-97.78829,32.921761],[-97.788766,32.917577],[-97.787373,32.91347],[-97.775878,32.902762],[-97.774191,32.902218],[-97.771864,32.903751],[-97.770612,32.903343],[-97.769336,32.901292],[-97.769683,32.897834],[-97.769176,32.895827],[-97.765544,32.89245],[-97.758243,32.891897],[-97.757526,32.890743],[-97.755194,32.890082],[-97.7556,32.887294],[-97.755172,32.885133],[-97.756274,32.883682],[-97.756182,32.882808],[-97.754405,32.882126],[-97.750628,32.879105],[-97.744176,32.871061],[-97.750781,32.859253],[-97.752163,32.858904],[-97.754236,32.856871],[-97.756347,32.856366],[-97.75922,32.857081],[-97.759811,32.855157],[-97.763103,32.853058],[-97.763282,32.850805],[-97.757182,32.842662],[-97.756553,32.842673],[-97.768022,32.829565]]]},"properties":{"zip":"76088","city":"Weatherford","county":"Parker","u2015":4618,"u2023":5573,"added":955,"growth":20.7,"moe":600,"certain":true,"peak_month":"2026-04","from_peak":-0.4,"value":473153}},{"type":"Feature","geometry":{"type":"Polygon","coordinates":[[[-97.107207,32.926898],[-97.1262,32.914924],[-97.129382,32.913671],[-97.129751,32.914727],[-97.131446,32.915197],[-97.132355,32.916314],[-97.133716,32.91568],[-97.135777,32.917109],[-97.139789,32.916455],[-97.143004,32.918562],[-97.143659,32.918115],[-97.144865,32.918639],[-97.148965,32.916829],[-97.150104,32.91785],[-97.154571,32.916983],[-97.156686,32.919279],[-97.158138,32.919953],[-97.158854,32.921686],[-97.161162,32.920156],[-97.163397,32.921329],[-97.163327,32.921992],[-97.16488,32.922443],[-97.165281,32.923296],[-97.167033,32.923012],[-97.167778,32.92374],[-97.171909,32.922291],[-97.172453,32.923059],[-97.173548,32.923136],[-97.17446,32.921905],[-97.176941,32.92257],[-97.177478,32.922052],[-97.178355,32.923513],[-97.180019,32.922503],[-97.180022,32.921825],[-97.182697,32.921255],[-97.182982,32.922213],[-97.186179,32.923988],[-97.185903,32.926887],[-97.203191,32.927114],[-97.20304,32.948921],[-97.185741,32.948839],[-97.185007,32.966504],[-97.182804,32.966465],[-97.182194,32.966983],[-97.181887,32.968269],[-97.182891,32.969747],[-97.181339,32.970345],[-97.181206,32.971871],[-97.180043,32.971662],[-97.17979,32.972355],[-97.178109,32.971302],[-97.178098,32.970689],[-97.16974,32.970667],[-97.169506,32.973429],[-97.168156,32.973414],[-97.168095,32.975873],[-97.162007,32.975794],[-97.168192,32.982915],[-97.167994,32.985692],[-97.167211,32.986127],[-97.167236,33.00777],[-97.17483,33.007829],[-97.177028,33.004413],[-97.177492,33.007841],[-97.182446,33.008235],[-97.183941,33.009473],[-97.183432,33.010457],[-97.179733,33.012468],[-97.177662,33.010931],[-97.176391,33.011726],[-97.174789,33.011255],[-97.173941,33.012323],[-97.171997,33.011539],[-97.169588,33.011946],[-97.170242,33.012811],[-97.169987,33.013666],[-97.168332,33.015144],[-97.16903,33.017446],[-97.167832,33.017829],[-97.154684,33.016488],[-97.151221,33.017725],[-97.125761,33.00311],[-97.117618,33.000818],[-97.105524,32.995948],[-97.08723,32.989761],[-97.124154,32.989835],[-97.124157,32.987667],[-97.123001,32.987932],[-97.122137,32.988988],[-97.121789,32.986702],[-97.123189,32.985765],[-97.123281,32.98391],[-97.12425,32.983396],[-97.124336,32.978682],[-97.126977,32.978582],[-97.126982,32.977442],[-97.125759,32.977445],[-97.126981,32.977179],[-97.126987,32.976244],[-97.123676,32.97583],[-97.123655,32.974399],[-97.125512,32.97442],[-97.125491,32.973092],[-97.127025,32.973084],[-97.127025,32.971831],[-97.125851,32.971437],[-97.127025,32.971432],[-97.127033,32.970872],[-97.116326,32.970868],[-97.115842,32.970391],[-97.115339,32.969658],[-97.116678,32.96837],[-97.116677,32.954908],[-97.10498,32.954694],[-97.104639,32.948163],[-97.104882,32.9476],[-97.108027,32.947649],[-97.107961,32.943375],[-97.102406,32.941497],[-97.099578,32.938989],[-97.09783,32.936379],[-97.10212,32.936279],[-97.102966,32.930933],[-97.109951,32.930923],[-97.110029,32.927864],[-97.107207,32.926898]]]},"properties":{"zip":"76092","city":"Southlake","county":"Tarrant","u2015":9225,"u2023":9886,"added":661,"growth":7.2,"moe":447,"certain":true,"peak_month":"2026-03","from_peak":-0.1,"value":1333488}},{"type":"Feature","geometry":{"type":"Polygon","coordinates":[[[-97.383353,32.180438],[-97.392909,32.171433],[-97.393499,32.172122],[-97.394865,32.171962],[-97.399773,32.179277],[-97.400129,32.180488],[-97.399275,32.181197],[-97.397375,32.180567],[-97.396079,32.182277],[-97.396405,32.184838],[-97.395114,32.187686],[-97.394748,32.19082],[-97.395602,32.194786],[-97.395409,32.19972],[-97.475985,32.181679],[-97.471811,32.17552],[-97.476086,32.17346],[-97.483387,32.172432],[-97.48749,32.171102],[-97.488402,32.174332],[-97.486722,32.177594],[-97.490221,32.180138],[-97.488665,32.182657],[-97.4905,32.183627],[-97.487573,32.187171],[-97.471308,32.197096],[-97.464015,32.200626],[-97.455344,32.202778],[-97.456932,32.205188],[-97.45739,32.208402],[-97.458901,32.210391],[-97.45874,32.213186],[-97.460318,32.215342],[-97.460415,32.219426],[-97.461054,32.22048],[-97.456589,32.223759],[-97.452243,32.235348],[-97.447369,32.244118],[-97.434467,32.250732],[-97.435181,32.251486],[-97.408395,32.266708],[-97.405917,32.264536],[-97.405783,32.260671],[-97.407295,32.253638],[-97.406756,32.253129],[-97.405731,32.252988],[-97.393289,32.259527],[-97.392143,32.274884],[-97.390181,32.274858],[-97.378971,32.266339],[-97.378883,32.263098],[-97.374248,32.261421],[-97.370808,32.25604],[-97.367908,32.257185],[-97.358645,32.249518],[-97.356601,32.249592],[-97.353162,32.244878],[-97.351719,32.243904],[-97.349405,32.240031],[-97.346609,32.241348],[-97.346312,32.240018],[-97.347339,32.237085],[-97.337608,32.22318],[-97.319339,32.23198],[-97.315624,32.226534],[-97.316215,32.226061],[-97.315788,32.225126],[-97.31663,32.218922],[-97.319085,32.217529],[-97.318377,32.216462],[-97.331033,32.213738],[-97.31676,32.192624],[-97.330312,32.18593],[-97.329026,32.183498],[-97.332656,32.182974],[-97.338375,32.179952],[-97.339992,32.182336],[-97.347183,32.180987],[-97.349647,32.180067],[-97.352422,32.176291],[-97.357691,32.173827],[-97.364136,32.173501],[-97.376755,32.19211],[-97.377819,32.192295],[-97.378524,32.18853],[-97.380031,32.185184],[-97.383353,32.180438]]]},"properties":{"zip":"76093","city":"Rio Vista","county":"Johnson","u2015":787,"u2023":1496,"added":709,"growth":90.1,"moe":384,"certain":true,"peak_month":"2022-08","from_peak":-4.6,"value":294717}},{"type":"Feature","geometry":{"type":"Polygon","coordinates":[[[-97.359962,32.735675],[-97.351774,32.743606],[-97.347278,32.749643],[-97.345587,32.754559],[-97.342948,32.757619],[-97.339042,32.759714],[-97.334651,32.758893],[-97.334601,32.75969],[-97.332055,32.76215],[-97.332158,32.764902],[-97.333602,32.768129],[-97.335272,32.770072],[-97.339677,32.772263],[-97.340808,32.774335],[-97.340552,32.778146],[-97.339887,32.778244],[-97.340523,32.778264],[-97.339882,32.781442],[-97.338838,32.783445],[-97.337538,32.784343],[-97.333797,32.784536],[-97.325313,32.782708],[-97.324341,32.784469],[-97.323629,32.783987],[-97.320401,32.781256],[-97.319664,32.776282],[-97.314035,32.771085],[-97.312853,32.767795],[-97.312176,32.762971],[-97.311402,32.763072],[-97.310907,32.759292],[-97.321122,32.757765],[-97.322289,32.756875],[-97.318544,32.755844],[-97.312392,32.750237],[-97.307846,32.748655],[-97.304536,32.743443],[-97.309885,32.742728],[-97.321848,32.745083],[-97.333945,32.74514],[-97.358787,32.732802],[-97.360339,32.735],[-97.359962,32.735675]]]},"properties":{"zip":"76102","city":"Fort Worth","county":"Tarrant","u2015":4026,"u2023":5629,"added":1603,"growth":39.8,"moe":390,"certain":true,"peak_month":"2024-11","from_peak":-9.2,"value":274630}},{"type":"Feature","geometry":{"type":"Polygon","coordinates":[[[-97.252768,32.73461],[-97.272148,32.734037],[-97.287492,32.741849],[-97.298469,32.744234],[-97.302942,32.743851],[-97.303198,32.748557],[-97.289433,32.749685],[-97.289409,32.753822],[-97.288631,32.755817],[-97.285085,32.753541],[-97.283152,32.751061],[-97.279246,32.752094],[-97.276851,32.752032],[-97.274536,32.755118],[-97.27232,32.75582],[-97.270755,32.760726],[-97.27159,32.762161],[-97.271409,32.763637],[-97.272809,32.764891],[-97.27194,32.765191],[-97.270613,32.764418],[-97.270167,32.765003],[-97.271884,32.768335],[-97.271234,32.77133],[-97.273258,32.773175],[-97.272148,32.774019],[-97.272198,32.775633],[-97.270319,32.776158],[-97.271379,32.777679],[-97.267611,32.778937],[-97.257905,32.777051],[-97.256759,32.775577],[-97.255188,32.775029],[-97.256104,32.772798],[-97.258369,32.771292],[-97.257712,32.767902],[-97.25473,32.770462],[-97.252681,32.771116],[-97.250904,32.771036],[-97.250934,32.769624],[-97.252969,32.769703],[-97.251923,32.768673],[-97.250658,32.768562],[-97.249623,32.769606],[-97.247558,32.769523],[-97.246896,32.76558],[-97.247632,32.762262],[-97.246135,32.762333],[-97.243145,32.760924],[-97.242243,32.761187],[-97.241974,32.760509],[-97.261697,32.758089],[-97.261672,32.757353],[-97.245984,32.758768],[-97.246434,32.755226],[-97.244803,32.753794],[-97.24482,32.75184],[-97.24694,32.751874],[-97.247224,32.745661],[-97.244993,32.745668],[-97.245126,32.732383],[-97.252768,32.73461]]]},"properties":{"zip":"76103","city":"Fort Worth","county":"Tarrant","u2015":5770,"u2023":6040,"added":270,"growth":4.7,"moe":462,"certain":false,"peak_month":"2024-06","from_peak":-5.7,"value":224894}},{"type":"Feature","geometry":{"type":"Polygon","coordinates":[[[-97.322537,32.726027],[-97.345271,32.726633],[-97.345287,32.725819],[-97.346639,32.725755],[-97.348412,32.728496],[-97.349081,32.733741],[-97.351707,32.734381],[-97.352452,32.736008],[-97.333441,32.745223],[-97.321848,32.745083],[-97.311143,32.742857],[-97.308043,32.742745],[-97.304536,32.743443],[-97.307087,32.74792],[-97.303184,32.748376],[-97.302942,32.743851],[-97.299702,32.744297],[-97.296161,32.743811],[-97.297417,32.741453],[-97.29461,32.73878],[-97.293301,32.735777],[-97.294151,32.733978],[-97.296259,32.733787],[-97.297356,32.730547],[-97.296579,32.727769],[-97.294537,32.727486],[-97.293633,32.726325],[-97.294547,32.72414],[-97.293025,32.71987],[-97.294605,32.718305],[-97.296282,32.717671],[-97.298172,32.712975],[-97.29748,32.712234],[-97.297943,32.711767],[-97.299241,32.71204],[-97.299788,32.711359],[-97.29942,32.709713],[-97.300702,32.710448],[-97.309588,32.71045],[-97.311065,32.705944],[-97.320552,32.705934],[-97.32083,32.713009],[-97.321,32.707659],[-97.322196,32.707678],[-97.322207,32.706272],[-97.325255,32.706319],[-97.325247,32.707706],[-97.326367,32.709507],[-97.327548,32.709508],[-97.326437,32.713102],[-97.325244,32.713059],[-97.32611,32.713771],[-97.322537,32.726027]]]},"properties":{"zip":"76104","city":"Fort Worth","county":"Tarrant","u2015":7348,"u2023":9605,"added":2257,"growth":30.7,"moe":580,"certain":true,"peak_month":"2022-11","from_peak":-7.5,"value":191432}},{"type":"Feature","geometry":{"type":"Polygon","coordinates":[[[-97.23791,32.729045],[-97.237446,32.722746],[-97.239838,32.722865],[-97.239779,32.721119],[-97.237598,32.720684],[-97.237934,32.709547],[-97.242676,32.70964],[-97.24847,32.71304],[-97.248471,32.71172],[-97.252395,32.712941],[-97.254075,32.71293],[-97.255814,32.711937],[-97.256076,32.712967],[-97.261609,32.713851],[-97.271936,32.714011],[-97.276649,32.71342],[-97.276711,32.712344],[-97.27999,32.714387],[-97.279877,32.71331],[-97.288745,32.713355],[-97.288748,32.707786],[-97.289334,32.706434],[-97.296698,32.706894],[-97.296066,32.707281],[-97.297069,32.707639],[-97.298203,32.710202],[-97.297433,32.712578],[-97.298172,32.712975],[-97.296282,32.717671],[-97.294605,32.718305],[-97.293018,32.719977],[-97.294547,32.72414],[-97.293633,32.726325],[-97.294537,32.727486],[-97.296579,32.727769],[-97.297356,32.730547],[-97.296259,32.733787],[-97.294151,32.733978],[-97.293301,32.735777],[-97.29461,32.73878],[-97.297417,32.741453],[-97.296161,32.743811],[-97.28638,32.741424],[-97.272469,32.734118],[-97.252366,32.734555],[-97.240752,32.731388],[-97.236447,32.731482],[-97.23791,32.729045]]]},"properties":{"zip":"76105","city":"Fort Worth","county":"Tarrant","u2015":7291,"u2023":7667,"added":376,"growth":5.2,"moe":552,"certain":false,"peak_month":"2024-08","from_peak":-15.5,"value":170850}},{"type":"Feature","geometry":{"type":"Polygon","coordinates":[[[-97.329122,32.83992],[-97.317065,32.839472],[-97.311412,32.838622],[-97.313073,32.835515],[-97.313022,32.824289],[-97.31239,32.824269],[-97.312929,32.81577],[-97.314504,32.809844],[-97.317031,32.807077],[-97.3163,32.806255],[-97.320449,32.80062],[-97.321449,32.796981],[-97.321586,32.795226],[-97.320379,32.795214],[-97.321189,32.794556],[-97.321522,32.792428],[-97.320401,32.781256],[-97.324341,32.784469],[-97.325313,32.782708],[-97.332413,32.784401],[-97.336387,32.784519],[-97.339447,32.789535],[-97.340435,32.789696],[-97.345874,32.797455],[-97.34874,32.797535],[-97.347894,32.795206],[-97.349099,32.79524],[-97.349774,32.797542],[-97.350984,32.797559],[-97.350323,32.795257],[-97.356162,32.795324],[-97.359678,32.794473],[-97.366001,32.79544],[-97.365997,32.796532],[-97.369495,32.796588],[-97.369497,32.79553],[-97.371878,32.795527],[-97.37188,32.794688],[-97.376263,32.790996],[-97.38367,32.785952],[-97.387343,32.78897],[-97.386534,32.789625],[-97.389394,32.792074],[-97.389316,32.799014],[-97.387175,32.797068],[-97.385548,32.798478],[-97.390193,32.802276],[-97.391557,32.801144],[-97.392897,32.802128],[-97.393462,32.801499],[-97.393848,32.803445],[-97.395086,32.803448],[-97.395077,32.805822],[-97.393192,32.807448],[-97.394082,32.808332],[-97.412979,32.813651],[-97.372984,32.832583],[-97.347476,32.842585],[-97.343018,32.843091],[-97.329122,32.83992]]]},"properties":{"zip":"76106","city":"Fort Worth","county":"Tarrant","u2015":10353,"u2023":11543,"added":1190,"growth":11.5,"moe":765,"certain":true,"peak_month":"2024-07","from_peak":-5.5,"value":191741}},{"type":"Feature","geometry":{"type":"Polygon","coordinates":[[[-97.347068,32.75],[-97.351774,32.743606],[-97.360339,32.735],[-97.358787,32.732802],[-97.357693,32.729075],[-97.359801,32.725233],[-97.364538,32.723736],[-97.364298,32.723214],[-97.366041,32.722391],[-97.370888,32.72242],[-97.384391,32.716085],[-97.385265,32.715944],[-97.386571,32.719761],[-97.411657,32.710397],[-97.41173,32.711981],[-97.412947,32.711892],[-97.413876,32.714407],[-97.413007,32.716794],[-97.413545,32.717917],[-97.413387,32.73409],[-97.418633,32.734394],[-97.418834,32.737473],[-97.420709,32.73813],[-97.420703,32.739545],[-97.421805,32.740324],[-97.420762,32.741599],[-97.419675,32.741756],[-97.420276,32.744007],[-97.419694,32.744555],[-97.42004,32.745081],[-97.419024,32.745876],[-97.420249,32.746778],[-97.419395,32.747332],[-97.420715,32.74939],[-97.41973,32.750097],[-97.419999,32.750924],[-97.419292,32.750927],[-97.418879,32.752073],[-97.417983,32.752419],[-97.416632,32.751257],[-97.414404,32.751291],[-97.412912,32.749586],[-97.412345,32.748662],[-97.412405,32.745589],[-97.411319,32.74845],[-97.410222,32.749071],[-97.407072,32.747277],[-97.406045,32.746938],[-97.405497,32.747467],[-97.404099,32.746416],[-97.404096,32.746913],[-97.399238,32.746316],[-97.39826,32.747878],[-97.39886,32.751284],[-97.401281,32.75284],[-97.399478,32.751984],[-97.396333,32.752288],[-97.394935,32.753402],[-97.39284,32.758056],[-97.389725,32.759518],[-97.384861,32.760658],[-97.380427,32.763882],[-97.379032,32.765873],[-97.378501,32.768152],[-97.378948,32.770411],[-97.38066,32.773614],[-97.380042,32.774558],[-97.377116,32.776175],[-97.373896,32.77574],[-97.369738,32.772374],[-97.369099,32.771244],[-97.368977,32.767055],[-97.366633,32.765234],[-97.361014,32.763981],[-97.345666,32.766318],[-97.342396,32.762907],[-97.337065,32.759808],[-97.337405,32.759335],[-97.339042,32.759714],[-97.342948,32.757619],[-97.345587,32.754559],[-97.347068,32.75]]]},"properties":{"zip":"76107","city":"Fort Worth","county":"Tarrant","u2015":14909,"u2023":17957,"added":3048,"growth":20.4,"moe":788,"certain":true,"peak_month":"2025-02","from_peak":-3.0,"value":371321}},{"type":"Feature","geometry":{"type":"Polygon","coordinates":[[[-97.548998,32.720873],[-97.548601,32.744518],[-97.549649,32.744],[-97.551359,32.744247],[-97.555588,32.745912],[-97.56459,32.744688],[-97.56642,32.745363],[-97.567276,32.746506],[-97.572695,32.747519],[-97.572784,32.757451],[-97.580107,32.757384],[-97.580064,32.764084],[-97.582594,32.764973],[-97.583605,32.764711],[-97.584975,32.766179],[-97.587805,32.767588],[-97.591921,32.768398],[-97.593333,32.769437],[-97.592885,32.77085],[-97.594225,32.773253],[-97.596153,32.773983],[-97.597591,32.773637],[-97.599419,32.774757],[-97.597938,32.778392],[-97.597816,32.794256],[-97.593877,32.794211],[-97.592246,32.793164],[-97.59049,32.794939],[-97.587633,32.794304],[-97.587584,32.797869],[-97.590158,32.797894],[-97.589762,32.817844],[-97.590564,32.817771],[-97.592148,32.826446],[-97.585496,32.826474],[-97.585182,32.828052],[-97.578809,32.829928],[-97.576813,32.829693],[-97.576229,32.828839],[-97.568437,32.828062],[-97.568335,32.824918],[-97.566751,32.824473],[-97.566035,32.822703],[-97.563242,32.823418],[-97.563847,32.824853],[-97.562135,32.82532],[-97.559492,32.824006],[-97.557844,32.824176],[-97.556842,32.825034],[-97.557108,32.826282],[-97.556665,32.826579],[-97.554328,32.825188],[-97.55257,32.822923],[-97.550721,32.823247],[-97.550773,32.822356],[-97.550096,32.821883],[-97.547699,32.821905],[-97.547591,32.826847],[-97.542719,32.825263],[-97.518287,32.825165],[-97.511958,32.823163],[-97.488134,32.823054],[-97.484414,32.816377],[-97.4905,32.815629],[-97.4905,32.816228],[-97.492342,32.816147],[-97.491781,32.813918],[-97.495201,32.810175],[-97.49931,32.80894],[-97.500781,32.807267],[-97.50081,32.805048],[-97.496304,32.804903],[-97.491553,32.802871],[-97.491342,32.80144],[-97.489918,32.800953],[-97.490658,32.800579],[-97.489317,32.80012],[-97.488455,32.797876],[-97.488594,32.797055],[-97.490064,32.796324],[-97.484801,32.798175],[-97.48417,32.797722],[-97.486018,32.796487],[-97.483682,32.796987],[-97.480631,32.795764],[-97.477511,32.795885],[-97.476042,32.795032],[-97.474569,32.796425],[-97.473292,32.796593],[-97.471511,32.794634],[-97.466555,32.793338],[-97.464447,32.794176],[-97.463759,32.793459],[-97.461079,32.793176],[-97.463084,32.792461],[-97.462098,32.790815],[-97.462851,32.788922],[-97.4618,32.788705],[-97.460846,32.790815],[-97.459408,32.790962],[-97.456302,32.789793],[-97.454242,32.787715],[-97.455057,32.787309],[-97.454587,32.78694],[-97.451044,32.787747],[-97.449638,32.788769],[-97.448798,32.788592],[-97.448911,32.787014],[-97.447595,32.788694],[-97.445724,32.788113],[-97.446141,32.787287],[-97.445139,32.787022],[-97.444622,32.785404],[-97.443873,32.78533],[-97.444055,32.784698],[-97.443484,32.785565],[-97.444419,32.78766],[-97.443236,32.788845],[-97.442761,32.788654],[-97.442874,32.782924],[-97.443295,32.782918],[-97.44273,32.781868],[-97.442876,32.770445],[-97.44376,32.770452],[-97.443822,32.76557],[-97.445843,32.765833],[-97.445482,32.759622],[-97.444424,32.759628],[-97.443796,32.753104],[-97.435113,32.752926],[-97.435248,32.748818],[-97.438982,32.745198],[-97.441126,32.741625],[-97.440822,32.736497],[-97.44927,32.738065],[-97.481208,32.738113],[-97.481189,32.733288],[-97.482512,32.73331],[-97.482503,32.735805],[-97.483443,32.737313],[-97.488571,32.736246],[-97.495123,32.733275],[-97.495319,32.729241],[-97.495944,32.729242],[-97.495981,32.728493],[-97.497055,32.728478],[-97.496807,32.727794],[-97.495389,32.72779],[-97.495419,32.725983],[-97.499933,32.726056],[-97.501032,32.727832],[-97.503784,32.727885],[-97.503797,32.729371],[-97.51544,32.724041],[-97.519547,32.721449],[-97.524912,32.720474],[-97.548998,32.720873]]]},"properties":{"zip":"76108","city":"Fort Worth","county":"Tarrant","u2015":15777,"u2023":18031,"added":2254,"growth":14.3,"moe":857,"certain":true,"peak_month":"2022-08","from_peak":-10.7,"value":286554}},{"type":"Feature","geometry":{"type":"MultiPolygon","coordinates":[[[[-97.424185,32.696424],[-97.425124,32.696818],[-97.429072,32.700839],[-97.428394,32.700985],[-97.424185,32.696424]]],[[[-97.424185,32.696424],[-97.418677,32.697696],[-97.411808,32.704362],[-97.411507,32.710462],[-97.386571,32.719761],[-97.385265,32.715944],[-97.384391,32.716085],[-97.370518,32.722544],[-97.366594,32.722299],[-97.364298,32.723214],[-97.363337,32.721812],[-97.360995,32.722046],[-97.359786,32.723011],[-97.359717,32.724471],[-97.358513,32.725836],[-97.354101,32.725388],[-97.355338,32.722474],[-97.354015,32.719209],[-97.351895,32.718654],[-97.351951,32.715964],[-97.353087,32.715978],[-97.353116,32.712775],[-97.354094,32.712797],[-97.35412,32.711241],[-97.353136,32.711233],[-97.352845,32.707798],[-97.353366,32.707807],[-97.353382,32.706046],[-97.354449,32.706054],[-97.354441,32.704189],[-97.353786,32.704188],[-97.354064,32.701884],[-97.352588,32.701696],[-97.381192,32.675067],[-97.395773,32.682324],[-97.418599,32.691859],[-97.424185,32.696424]],[[-97.367668,32.706061],[-97.367342,32.704462],[-97.365334,32.704169],[-97.364918,32.707053],[-97.365988,32.707034],[-97.36609,32.706083],[-97.367668,32.706061]],[[-97.364918,32.707053],[-97.360475,32.707076],[-97.360436,32.711713],[-97.365432,32.711675],[-97.364918,32.707053]]]]},"properties":{"zip":"76109","city":"Fort Worth","county":"Tarrant","u2015":10725,"u2023":11573,"added":848,"growth":7.9,"moe":565,"certain":true,"peak_month":"2026-03","from_peak":-0.8,"value":700721}},{"type":"Feature","geometry":{"type":"Polygon","coordinates":[[[-97.356127,32.689279],[-97.363502,32.689324],[-97.363329,32.687435],[-97.365038,32.68743],[-97.365068,32.688403],[-97.366061,32.688891],[-97.352588,32.701696],[-97.354064,32.701884],[-97.353786,32.704188],[-97.354441,32.704189],[-97.354449,32.706054],[-97.353382,32.706046],[-97.353366,32.707807],[-97.352845,32.707798],[-97.353136,32.711233],[-97.35412,32.711241],[-97.354094,32.712797],[-97.353116,32.712775],[-97.353087,32.715978],[-97.351951,32.715964],[-97.351895,32.718654],[-97.354015,32.719209],[-97.355338,32.722474],[-97.354101,32.725388],[-97.358513,32.725836],[-97.359717,32.724471],[-97.359786,32.723011],[-97.360995,32.722046],[-97.363337,32.721812],[-97.364538,32.723736],[-97.359801,32.725233],[-97.357693,32.729075],[-97.358787,32.732802],[-97.352452,32.736008],[-97.351707,32.734381],[-97.349081,32.733741],[-97.348412,32.728496],[-97.346639,32.725755],[-97.345287,32.725819],[-97.345271,32.726633],[-97.339069,32.726581],[-97.336586,32.72599],[-97.322537,32.726027],[-97.32611,32.713771],[-97.325244,32.713059],[-97.326437,32.713102],[-97.327548,32.709508],[-97.326367,32.709507],[-97.325247,32.707706],[-97.325255,32.706319],[-97.322207,32.706272],[-97.322196,32.707678],[-97.321,32.707659],[-97.320553,32.712995],[-97.320552,32.705934],[-97.311065,32.705944],[-97.314747,32.694584],[-97.318543,32.694485],[-97.318542,32.692619],[-97.320263,32.692625],[-97.320297,32.694851],[-97.320514,32.691487],[-97.320711,32.695299],[-97.320944,32.687739],[-97.322381,32.687469],[-97.325368,32.688163],[-97.327729,32.687373],[-97.328419,32.688575],[-97.333488,32.688409],[-97.333488,32.687545],[-97.33514,32.687545],[-97.335128,32.688297],[-97.340346,32.688232],[-97.340379,32.686349],[-97.341371,32.686374],[-97.34355,32.68736],[-97.343732,32.688052],[-97.348153,32.688101],[-97.348797,32.686739],[-97.349534,32.686752],[-97.349528,32.688536],[-97.356136,32.687877],[-97.356127,32.689279]]]},"properties":{"zip":"76110","city":"Fort Worth","county":"Tarrant","u2015":10710,"u2023":12497,"added":1787,"growth":16.7,"moe":976,"certain":true,"peak_month":"2022-11","from_peak":-10.8,"value":217756}},{"type":"Feature","geometry":{"type":"Polygon","coordinates":[[[-97.319664,32.776282],[-97.321522,32.792428],[-97.321189,32.794556],[-97.320379,32.795214],[-97.321586,32.795226],[-97.321449,32.796981],[-97.320598,32.800334],[-97.3163,32.806255],[-97.317031,32.807077],[-97.31532,32.809479],[-97.312244,32.81054],[-97.308452,32.810702],[-97.303268,32.809956],[-97.290664,32.809842],[-97.290609,32.79511],[-97.285698,32.795057],[-97.285684,32.795741],[-97.284602,32.795735],[-97.284592,32.795062],[-97.28546,32.795063],[-97.285526,32.788024],[-97.283981,32.787923],[-97.284,32.785778],[-97.289542,32.781788],[-97.287456,32.779601],[-97.28749,32.776676],[-97.288719,32.776156],[-97.28741,32.773911],[-97.285899,32.774934],[-97.278486,32.777399],[-97.278333,32.779542],[-97.273218,32.779597],[-97.273361,32.776626],[-97.27674,32.776581],[-97.279521,32.775181],[-97.279634,32.770823],[-97.281601,32.769813],[-97.281559,32.769217],[-97.279722,32.769242],[-97.283567,32.765352],[-97.275249,32.765411],[-97.27053,32.766174],[-97.270315,32.764471],[-97.27194,32.765191],[-97.272809,32.764891],[-97.271409,32.763637],[-97.27159,32.762161],[-97.270775,32.760871],[-97.271551,32.757078],[-97.272432,32.755716],[-97.274536,32.755118],[-97.276415,32.752231],[-97.283152,32.751061],[-97.285085,32.753541],[-97.288631,32.755817],[-97.289409,32.753822],[-97.289433,32.749685],[-97.307087,32.74792],[-97.308985,32.749322],[-97.312392,32.750237],[-97.317977,32.755497],[-97.322383,32.757147],[-97.310907,32.759292],[-97.311402,32.763072],[-97.312176,32.762971],[-97.313583,32.770113],[-97.31476,32.771932],[-97.319664,32.776282]]]},"properties":{"zip":"76111","city":"Fort Worth","county":"Tarrant","u2015":7386,"u2023":8523,"added":1137,"growth":15.4,"moe":529,"certain":true,"peak_month":"2022-08","from_peak":-9.2,"value":219447}},{"type":"Feature","geometry":{"type":"Polygon","coordinates":[[[-97.240201,32.731307],[-97.245121,32.732639],[-97.244993,32.745668],[-97.247224,32.745661],[-97.24694,32.751874],[-97.24482,32.75184],[-97.244803,32.753794],[-97.246434,32.755226],[-97.245984,32.758768],[-97.261672,32.757353],[-97.261697,32.758089],[-97.241974,32.760509],[-97.242243,32.761187],[-97.243145,32.760924],[-97.246135,32.762333],[-97.247632,32.762262],[-97.246896,32.76558],[-97.247558,32.769523],[-97.249623,32.769606],[-97.250658,32.768562],[-97.251923,32.768673],[-97.252969,32.769703],[-97.250934,32.769624],[-97.250904,32.771036],[-97.252681,32.771116],[-97.25473,32.770462],[-97.257426,32.767802],[-97.257866,32.768071],[-97.258369,32.771292],[-97.256104,32.772798],[-97.255188,32.775029],[-97.249694,32.771515],[-97.2485,32.7718],[-97.247027,32.773311],[-97.244056,32.771358],[-97.242658,32.772105],[-97.241444,32.776342],[-97.238194,32.777901],[-97.234217,32.777368],[-97.231068,32.779052],[-97.232061,32.780139],[-97.230548,32.780687],[-97.22835,32.779942],[-97.225883,32.781413],[-97.224555,32.78072],[-97.223737,32.781339],[-97.22295,32.778951],[-97.221328,32.778104],[-97.219212,32.779257],[-97.218601,32.781007],[-97.215969,32.780192],[-97.21267,32.781365],[-97.213002,32.763095],[-97.214164,32.759904],[-97.183286,32.759991],[-97.183328,32.756272],[-97.184472,32.755941],[-97.184396,32.753985],[-97.183477,32.754294],[-97.18333,32.755719],[-97.18308,32.751536],[-97.181136,32.748538],[-97.181126,32.746614],[-97.182304,32.744743],[-97.182541,32.742956],[-97.18242,32.730759],[-97.198841,32.728672],[-97.199675,32.727998],[-97.207238,32.727727],[-97.207801,32.72515],[-97.209105,32.72618],[-97.208285,32.723776],[-97.21003,32.721601],[-97.202845,32.713192],[-97.20883,32.713174],[-97.211056,32.717334],[-97.214045,32.718947],[-97.224967,32.719502],[-97.225516,32.719675],[-97.225385,32.720457],[-97.237152,32.720528],[-97.239779,32.721119],[-97.239838,32.722865],[-97.237446,32.722746],[-97.23791,32.729045],[-97.236447,32.731482],[-97.240201,32.731307]]]},"properties":{"zip":"76112","city":"Fort Worth","county":"Tarrant","u2015":18808,"u2023":19077,"added":269,"growth":1.4,"moe":631,"certain":false,"peak_month":"2024-08","from_peak":-4.5,"value":248071}},{"type":"Feature","geometry":{"type":"Polygon","coordinates":[[[-97.435339,32.765529],[-97.426033,32.765546],[-97.424783,32.766371],[-97.424654,32.768173],[-97.416075,32.768062],[-97.418106,32.769947],[-97.418292,32.772266],[-97.420635,32.773722],[-97.422046,32.775658],[-97.421902,32.777373],[-97.419712,32.778771],[-97.421302,32.780594],[-97.418963,32.781092],[-97.418982,32.782404],[-97.416569,32.783732],[-97.414371,32.783595],[-97.414206,32.781508],[-97.413075,32.780766],[-97.408514,32.782047],[-97.408665,32.783388],[-97.411654,32.785294],[-97.411305,32.785919],[-97.417949,32.786088],[-97.415517,32.789209],[-97.413277,32.790362],[-97.413277,32.790819],[-97.415524,32.790602],[-97.415305,32.790981],[-97.410324,32.792071],[-97.409308,32.790971],[-97.407943,32.790655],[-97.405281,32.792655],[-97.407092,32.796197],[-97.4121,32.797607],[-97.411973,32.804113],[-97.412657,32.804633],[-97.411962,32.804986],[-97.411989,32.812365],[-97.411349,32.813187],[-97.394082,32.808332],[-97.393192,32.807448],[-97.395077,32.805822],[-97.395086,32.803448],[-97.393848,32.803445],[-97.393462,32.801499],[-97.392897,32.802128],[-97.391557,32.801144],[-97.390193,32.802276],[-97.385548,32.798478],[-97.387175,32.797068],[-97.389316,32.799014],[-97.389394,32.792074],[-97.386534,32.789625],[-97.387343,32.78897],[-97.381988,32.784474],[-97.371689,32.78103],[-97.36594,32.774281],[-97.351224,32.765302],[-97.361014,32.763981],[-97.366633,32.765234],[-97.368977,32.767055],[-97.369099,32.771244],[-97.369738,32.772374],[-97.373896,32.77574],[-97.377469,32.776076],[-97.38066,32.773614],[-97.378948,32.770411],[-97.378501,32.768152],[-97.379032,32.765873],[-97.380427,32.763882],[-97.384861,32.760658],[-97.389725,32.759518],[-97.39284,32.758056],[-97.394935,32.753402],[-97.396333,32.752288],[-97.399478,32.751984],[-97.401281,32.75284],[-97.39886,32.751284],[-97.39826,32.747878],[-97.398769,32.746716],[-97.399548,32.746285],[-97.404096,32.746913],[-97.404099,32.746416],[-97.405497,32.747467],[-97.406045,32.746938],[-97.407072,32.747277],[-97.410222,32.749071],[-97.411319,32.74845],[-97.412405,32.745589],[-97.412374,32.748824],[-97.413415,32.749611],[-97.415849,32.754241],[-97.421647,32.758367],[-97.422909,32.756701],[-97.427546,32.755277],[-97.429105,32.754153],[-97.424662,32.75372],[-97.426257,32.753237],[-97.426953,32.751568],[-97.43022,32.750695],[-97.430543,32.748426],[-97.43278,32.74698],[-97.43416,32.749619],[-97.435248,32.748818],[-97.435113,32.752926],[-97.443796,32.753104],[-97.444424,32.759628],[-97.445482,32.759622],[-97.445849,32.761395],[-97.445843,32.765833],[-97.439098,32.76543],[-97.439098,32.763439],[-97.435345,32.763427],[-97.435339,32.765529]]]},"properties":{"zip":"76114","city":"River Oaks","county":"Tarrant","u2015":9649,"u2023":10648,"added":999,"growth":10.4,"moe":736,"certain":true,"peak_month":"2024-06","from_peak":-4.5,"value":237851}},{"type":"Feature","geometry":{"type":"Polygon","coordinates":[[[-97.356127,32.684579],[-97.356136,32.687877],[-97.35301,32.687907],[-97.352951,32.688552],[-97.349528,32.688536],[-97.349534,32.686752],[-97.348797,32.686739],[-97.348153,32.688101],[-97.343732,32.688052],[-97.34355,32.68736],[-97.34132,32.686372],[-97.340379,32.686349],[-97.340346,32.688232],[-97.335128,32.688297],[-97.33514,32.687545],[-97.333488,32.687545],[-97.333488,32.688409],[-97.328419,32.688575],[-97.327729,32.687373],[-97.325368,32.688163],[-97.322381,32.687469],[-97.320944,32.687739],[-97.320711,32.695299],[-97.320514,32.691487],[-97.320297,32.694851],[-97.320263,32.692625],[-97.318542,32.692619],[-97.318543,32.694485],[-97.314747,32.694584],[-97.31294,32.700013],[-97.310224,32.699467],[-97.305952,32.696568],[-97.305786,32.694735],[-97.30799,32.69205],[-97.307094,32.691284],[-97.307105,32.688367],[-97.304546,32.683082],[-97.305157,32.682519],[-97.308033,32.682377],[-97.310831,32.680835],[-97.311039,32.68018],[-97.309901,32.679257],[-97.309265,32.675748],[-97.311634,32.674509],[-97.306024,32.669581],[-97.310818,32.669224],[-97.335663,32.663977],[-97.355992,32.668008],[-97.356733,32.668624],[-97.356455,32.68021],[-97.357201,32.68459],[-97.356127,32.684579]]]},"properties":{"zip":"76115","city":"Fort Worth","county":"Tarrant","u2015":6469,"u2023":6706,"added":237,"growth":3.7,"moe":486,"certain":false,"peak_month":"2024-08","from_peak":-7.0,"value":185866}},{"type":"Feature","geometry":{"type":"Polygon","coordinates":[[[-97.448931,32.695677],[-97.455541,32.700353],[-97.458484,32.700166],[-97.460502,32.701898],[-97.463205,32.703004],[-97.463458,32.704807],[-97.464708,32.706507],[-97.468148,32.707393],[-97.469091,32.71002],[-97.471054,32.710729],[-97.472758,32.710388],[-97.474322,32.711421],[-97.476952,32.711733],[-97.478759,32.716441],[-97.4802,32.724513],[-97.495311,32.724617],[-97.495412,32.717613],[-97.497503,32.717657],[-97.499808,32.718671],[-97.503977,32.719195],[-97.503949,32.722071],[-97.503263,32.722282],[-97.503784,32.727885],[-97.501032,32.727832],[-97.499933,32.726056],[-97.495419,32.725983],[-97.495389,32.72779],[-97.496807,32.727794],[-97.497055,32.728478],[-97.495981,32.728493],[-97.495944,32.729242],[-97.495319,32.729241],[-97.495123,32.733275],[-97.488571,32.736246],[-97.483443,32.737313],[-97.482503,32.735805],[-97.482512,32.73331],[-97.481189,32.733288],[-97.481208,32.738113],[-97.44927,32.738065],[-97.440822,32.736497],[-97.441255,32.741149],[-97.438982,32.745198],[-97.434311,32.749719],[-97.43278,32.74698],[-97.431118,32.747647],[-97.43022,32.750695],[-97.426953,32.751568],[-97.426257,32.753237],[-97.424662,32.75372],[-97.429105,32.754153],[-97.427546,32.755277],[-97.423056,32.756619],[-97.421436,32.758259],[-97.416143,32.75457],[-97.413946,32.751238],[-97.416632,32.751257],[-97.417983,32.752419],[-97.418879,32.752073],[-97.419292,32.750927],[-97.419999,32.750924],[-97.41973,32.750097],[-97.420787,32.749136],[-97.419395,32.747332],[-97.420249,32.746778],[-97.419024,32.745876],[-97.42004,32.745081],[-97.419694,32.744555],[-97.420276,32.744007],[-97.419675,32.741756],[-97.420762,32.741599],[-97.421805,32.740324],[-97.420703,32.739545],[-97.420709,32.73813],[-97.418834,32.737473],[-97.418633,32.734394],[-97.413387,32.73409],[-97.413545,32.717917],[-97.413007,32.716794],[-97.413876,32.714407],[-97.412947,32.711892],[-97.41173,32.711981],[-97.411808,32.704362],[-97.418677,32.697696],[-97.424185,32.696424],[-97.428394,32.700985],[-97.429019,32.700896],[-97.424297,32.696368],[-97.427817,32.695862],[-97.429305,32.693196],[-97.429748,32.693939],[-97.428404,32.695694],[-97.431801,32.694231],[-97.432996,32.692995],[-97.433999,32.693624],[-97.436263,32.693196],[-97.437319,32.692085],[-97.438638,32.69323],[-97.440836,32.692276],[-97.442781,32.692864],[-97.444572,32.694778],[-97.448931,32.695677]]]},"properties":{"zip":"76116","city":"Fort Worth","county":"Tarrant","u2015":24270,"u2023":25808,"added":1538,"growth":6.3,"moe":1060,"certain":true,"peak_month":"2022-08","from_peak":-4.8,"value":299202}},{"type":"Feature","geometry":{"type":"Polygon","coordinates":[[[-97.28741,32.773911],[-97.288765,32.776288],[-97.28749,32.776676],[-97.287456,32.779601],[-97.289542,32.781788],[-97.284,32.785778],[-97.283981,32.787923],[-97.285526,32.788024],[-97.28546,32.795063],[-97.284592,32.795062],[-97.284602,32.795735],[-97.285684,32.795741],[-97.285698,32.795057],[-97.290609,32.79511],[-97.290637,32.83166],[-97.281705,32.83166],[-97.281737,32.834519],[-97.282078,32.835229],[-97.283524,32.834722],[-97.290616,32.834854],[-97.290673,32.83943],[-97.260407,32.839658],[-97.258006,32.83811],[-97.258063,32.83749],[-97.259116,32.837125],[-97.258708,32.835552],[-97.25744,32.833886],[-97.255311,32.832594],[-97.253597,32.829385],[-97.253688,32.828006],[-97.252452,32.827025],[-97.252869,32.82573],[-97.257154,32.823718],[-97.256832,32.822108],[-97.25304,32.818526],[-97.251624,32.818185],[-97.252031,32.815382],[-97.253383,32.814418],[-97.253203,32.812773],[-97.248534,32.807443],[-97.24718,32.803362],[-97.241427,32.801051],[-97.235919,32.794218],[-97.243776,32.790855],[-97.243394,32.78774],[-97.241076,32.786473],[-97.23873,32.786678],[-97.238456,32.785625],[-97.24006,32.783637],[-97.238737,32.781773],[-97.236796,32.781027],[-97.23525,32.782424],[-97.232367,32.780453],[-97.2361,32.779228],[-97.240167,32.776536],[-97.241444,32.776342],[-97.242658,32.772105],[-97.244056,32.771358],[-97.247027,32.773311],[-97.2485,32.7718],[-97.249694,32.771515],[-97.252587,32.773052],[-97.254249,32.774864],[-97.256759,32.775577],[-97.258354,32.777264],[-97.266726,32.77893],[-97.270249,32.7783],[-97.271508,32.777386],[-97.270319,32.776158],[-97.272198,32.775633],[-97.272148,32.774019],[-97.273271,32.773029],[-97.271234,32.77133],[-97.271884,32.768335],[-97.27053,32.766174],[-97.274992,32.765434],[-97.283567,32.765352],[-97.279722,32.769242],[-97.281559,32.769217],[-97.281601,32.769813],[-97.279634,32.770823],[-97.279521,32.775181],[-97.27674,32.776581],[-97.273361,32.776626],[-97.273218,32.779597],[-97.278333,32.779542],[-97.278486,32.777399],[-97.285899,32.774934],[-97.28741,32.773911]]]},"properties":{"zip":"76117","city":"Haltom City","county":"Tarrant","u2015":11655,"u2023":12793,"added":1138,"growth":9.8,"moe":896,"certain":true,"peak_month":"2024-06","from_peak":-9.2,"value":234701}},{"type":"Feature","geometry":{"type":"Polygon","coordinates":[[[-97.248965,32.807823],[-97.241069,32.813678],[-97.238491,32.813133],[-97.23848,32.81568],[-97.236835,32.817058],[-97.231912,32.820762],[-97.230704,32.819586],[-97.22749,32.822524],[-97.224641,32.822733],[-97.224658,32.823822],[-97.219625,32.823791],[-97.21963,32.822194],[-97.215582,32.821886],[-97.215585,32.823783],[-97.21063,32.823765],[-97.209925,32.82285],[-97.207474,32.822826],[-97.207457,32.820649],[-97.207636,32.819376],[-97.212243,32.819417],[-97.212312,32.797703],[-97.209788,32.798133],[-97.204796,32.801575],[-97.20129,32.802645],[-97.183762,32.802466],[-97.178271,32.798687],[-97.177936,32.799951],[-97.176691,32.799988],[-97.179212,32.802103],[-97.16907,32.802117],[-97.16921,32.79788],[-97.163339,32.79583],[-97.163713,32.797533],[-97.16479,32.79851],[-97.164502,32.799704],[-97.165634,32.80026],[-97.165373,32.802177],[-97.154621,32.802072],[-97.153387,32.804085],[-97.147552,32.803843],[-97.14017,32.803311],[-97.140166,32.793901],[-97.151667,32.794026],[-97.152162,32.79218],[-97.15529,32.792113],[-97.15673,32.790818],[-97.158341,32.790353],[-97.159163,32.790416],[-97.159316,32.792158],[-97.163433,32.79226],[-97.163513,32.794067],[-97.177477,32.794038],[-97.177788,32.784222],[-97.178502,32.781815],[-97.180245,32.782612],[-97.180741,32.784459],[-97.184253,32.785544],[-97.184378,32.786088],[-97.183085,32.787297],[-97.184338,32.789077],[-97.186546,32.788789],[-97.188115,32.787734],[-97.188689,32.788117],[-97.188112,32.78942],[-97.188824,32.789895],[-97.194951,32.789996],[-97.195626,32.793763],[-97.196358,32.793796],[-97.197447,32.792423],[-97.198764,32.792471],[-97.199435,32.793312],[-97.199276,32.794643],[-97.201494,32.795478],[-97.203628,32.793819],[-97.200592,32.792386],[-97.200704,32.790898],[-97.20238,32.789772],[-97.203309,32.791345],[-97.203797,32.790339],[-97.20373,32.794268],[-97.212407,32.794428],[-97.21267,32.781365],[-97.215969,32.780192],[-97.218601,32.781007],[-97.219212,32.779257],[-97.220813,32.778173],[-97.22295,32.778951],[-97.223737,32.781339],[-97.224555,32.78072],[-97.225778,32.781436],[-97.22835,32.779942],[-97.229979,32.780755],[-97.232061,32.780139],[-97.231068,32.779052],[-97.234217,32.777368],[-97.23805,32.777819],[-97.2361,32.779228],[-97.232367,32.780453],[-97.23525,32.782424],[-97.236796,32.781027],[-97.238737,32.781773],[-97.24006,32.783637],[-97.238456,32.785625],[-97.23873,32.786678],[-97.241076,32.786473],[-97.243394,32.78774],[-97.243776,32.790855],[-97.235919,32.794218],[-97.241427,32.801051],[-97.247295,32.803492],[-97.248965,32.807823]]]},"properties":{"zip":"76118","city":"Fort Worth","county":"Tarrant","u2015":5866,"u2023":6584,"added":718,"growth":12.2,"moe":496,"certain":true,"peak_month":"2022-08","from_peak":-5.0,"value":328254}},{"type":"Feature","geometry":{"type":"Polygon","coordinates":[[[-97.296199,32.706856],[-97.289252,32.70646],[-97.288748,32.707786],[-97.288745,32.713355],[-97.279877,32.71331],[-97.27999,32.714387],[-97.276711,32.712344],[-97.276649,32.71342],[-97.271936,32.714011],[-97.261609,32.713851],[-97.256076,32.712967],[-97.255814,32.711937],[-97.254075,32.71293],[-97.252395,32.712941],[-97.248471,32.71172],[-97.24847,32.71304],[-97.242676,32.70964],[-97.237934,32.709547],[-97.237598,32.720684],[-97.225385,32.720457],[-97.225516,32.719675],[-97.224967,32.719502],[-97.214045,32.718947],[-97.211056,32.717334],[-97.20883,32.713174],[-97.208953,32.704378],[-97.210439,32.69867],[-97.212332,32.695447],[-97.214282,32.693711],[-97.223686,32.69153],[-97.225912,32.690075],[-97.229264,32.677894],[-97.230989,32.67508],[-97.232918,32.673641],[-97.233694,32.67175],[-97.232713,32.66979],[-97.231462,32.669078],[-97.231466,32.668113],[-97.238206,32.667521],[-97.244302,32.662849],[-97.24864,32.661412],[-97.283731,32.661513],[-97.299404,32.66825],[-97.306024,32.669581],[-97.309697,32.672407],[-97.311634,32.674509],[-97.309265,32.675748],[-97.309901,32.679257],[-97.311018,32.680554],[-97.308033,32.682377],[-97.305157,32.682519],[-97.304546,32.683082],[-97.307105,32.688367],[-97.307094,32.691284],[-97.30799,32.69205],[-97.305786,32.694735],[-97.305952,32.696568],[-97.310005,32.699379],[-97.31294,32.700013],[-97.309588,32.71045],[-97.300702,32.710448],[-97.299647,32.709642],[-97.299788,32.711359],[-97.298795,32.71202],[-97.297943,32.711767],[-97.298203,32.710202],[-97.297586,32.708376],[-97.296199,32.706856]]]},"properties":{"zip":"76119","city":"Fort Worth","county":"Tarrant","u2015":15493,"u2023":16697,"added":1204,"growth":7.8,"moe":760,"certain":true,"peak_month":"2024-09","from_peak":-7.3,"value":200586}},{"type":"Feature","geometry":{"type":"Polygon","coordinates":[[[-97.149101,32.767772],[-97.149827,32.759116],[-97.152236,32.757617],[-97.154419,32.757013],[-97.161086,32.757559],[-97.161089,32.75676],[-97.16309,32.756131],[-97.163699,32.745626],[-97.169168,32.744008],[-97.173292,32.741475],[-97.174025,32.739604],[-97.179232,32.736033],[-97.179713,32.731139],[-97.18242,32.730759],[-97.182541,32.742956],[-97.182304,32.744743],[-97.181126,32.746614],[-97.181136,32.748538],[-97.18308,32.751536],[-97.18333,32.755719],[-97.183477,32.754294],[-97.184396,32.753985],[-97.184472,32.755941],[-97.183328,32.756272],[-97.183286,32.759991],[-97.214164,32.759904],[-97.213002,32.763095],[-97.212407,32.794428],[-97.20373,32.794268],[-97.203797,32.790339],[-97.203309,32.791345],[-97.20238,32.789772],[-97.200704,32.790898],[-97.200592,32.792386],[-97.203628,32.793819],[-97.201494,32.795478],[-97.199276,32.794643],[-97.199435,32.793312],[-97.198764,32.792471],[-97.197447,32.792423],[-97.196358,32.793796],[-97.195626,32.793763],[-97.194951,32.789996],[-97.188824,32.789895],[-97.188112,32.78942],[-97.188689,32.788117],[-97.188115,32.787734],[-97.186546,32.788789],[-97.184338,32.789077],[-97.183085,32.787297],[-97.184378,32.786088],[-97.184253,32.785544],[-97.180741,32.784459],[-97.180245,32.782612],[-97.178502,32.781815],[-97.177788,32.784222],[-97.177477,32.794038],[-97.163513,32.794067],[-97.163433,32.79226],[-97.159316,32.792158],[-97.159163,32.790416],[-97.158341,32.790353],[-97.15673,32.790818],[-97.15529,32.792113],[-97.152162,32.79218],[-97.151667,32.794026],[-97.140214,32.79396],[-97.14011,32.788387],[-97.141871,32.787708],[-97.141627,32.785992],[-97.142855,32.784835],[-97.14204,32.782846],[-97.142405,32.780776],[-97.143002,32.780068],[-97.144086,32.780068],[-97.145417,32.78141],[-97.145719,32.778257],[-97.14783,32.778872],[-97.148343,32.778457],[-97.149364,32.776148],[-97.148641,32.771552],[-97.150416,32.771036],[-97.152763,32.768876],[-97.152093,32.76702],[-97.151256,32.767283],[-97.150722,32.769371],[-97.150088,32.767851],[-97.149101,32.767772]]]},"properties":{"zip":"76120","city":"Fort Worth","county":"Tarrant","u2015":7756,"u2023":8885,"added":1129,"growth":14.6,"moe":577,"certain":true,"peak_month":"2022-08","from_peak":-6.9,"value":322371}},{"type":"Feature","geometry":{"type":"Polygon","coordinates":[[[-97.369867,32.634832],[-97.353957,32.634811],[-97.355135,32.606785],[-97.388468,32.607474],[-97.388452,32.603946],[-97.395517,32.603992],[-97.399378,32.604786],[-97.402824,32.606374],[-97.406977,32.606431],[-97.407111,32.599978],[-97.426558,32.599933],[-97.426614,32.610549],[-97.434253,32.610736],[-97.429657,32.616923],[-97.42327,32.621964],[-97.41507,32.635087],[-97.414502,32.63685],[-97.414607,32.641357],[-97.41362,32.644793],[-97.408437,32.643698],[-97.404039,32.643777],[-97.402171,32.64447],[-97.401419,32.643509],[-97.401426,32.639825],[-97.398866,32.634386],[-97.399414,32.632469],[-97.405544,32.63235],[-97.405276,32.631766],[-97.403921,32.63214],[-97.403913,32.628563],[-97.370001,32.627933],[-97.369867,32.634832]]]},"properties":{"zip":"76123","city":"Fort Worth","county":"Tarrant","u2015":10303,"u2023":14095,"added":3792,"growth":36.8,"moe":835,"certain":true,"peak_month":"2022-08","from_peak":-14.4,"value":300585}},{"type":"Feature","geometry":{"type":"Polygon","coordinates":[[[-97.57374,32.654915],[-97.57275,32.656128],[-97.572776,32.65736],[-97.573933,32.658217],[-97.573635,32.659207],[-97.574466,32.659311],[-97.57457,32.660125],[-97.57392,32.660449],[-97.574434,32.66056],[-97.574662,32.662071],[-97.572809,32.663858],[-97.573121,32.666557],[-97.572147,32.666469],[-97.571594,32.667878],[-97.571629,32.67215],[-97.567071,32.677766],[-97.563551,32.679799],[-97.549569,32.681079],[-97.54919,32.698875],[-97.547904,32.697094],[-97.54488,32.696193],[-97.540209,32.69603],[-97.539338,32.694187],[-97.537618,32.694692],[-97.537489,32.69637],[-97.5214,32.69512],[-97.511815,32.705102],[-97.512807,32.711033],[-97.50997,32.71089],[-97.508049,32.711882],[-97.506583,32.711706],[-97.505819,32.716119],[-97.504286,32.717559],[-97.506967,32.719368],[-97.509648,32.718807],[-97.510954,32.720546],[-97.503949,32.722071],[-97.50388,32.719133],[-97.495412,32.717613],[-97.495311,32.724617],[-97.4802,32.724513],[-97.478759,32.716441],[-97.476952,32.711733],[-97.474322,32.711421],[-97.472758,32.710388],[-97.471054,32.710729],[-97.469091,32.71002],[-97.468148,32.707393],[-97.464708,32.706507],[-97.463458,32.704807],[-97.463205,32.703004],[-97.460502,32.701898],[-97.458281,32.700088],[-97.455372,32.700288],[-97.450608,32.696576],[-97.448286,32.695386],[-97.444708,32.694854],[-97.442781,32.692864],[-97.440836,32.692276],[-97.438638,32.69323],[-97.437319,32.692085],[-97.436263,32.693196],[-97.433999,32.693624],[-97.432996,32.692995],[-97.431801,32.694231],[-97.428404,32.695694],[-97.429684,32.693353],[-97.42771,32.687133],[-97.425011,32.682857],[-97.425456,32.68188],[-97.428877,32.681784],[-97.430675,32.678477],[-97.433313,32.677097],[-97.43439,32.674895],[-97.434737,32.67217],[-97.437471,32.669953],[-97.436075,32.666863],[-97.438704,32.666857],[-97.441982,32.665208],[-97.442415,32.664383],[-97.441885,32.662442],[-97.442377,32.661949],[-97.444531,32.662005],[-97.444673,32.663877],[-97.447015,32.664292],[-97.44877,32.660674],[-97.45043,32.658816],[-97.447536,32.653751],[-97.448437,32.650826],[-97.446511,32.647138],[-97.446715,32.645721],[-97.445455,32.644702],[-97.447197,32.644784],[-97.447829,32.643507],[-97.445238,32.639508],[-97.444651,32.635001],[-97.443788,32.634487],[-97.441211,32.635634],[-97.439686,32.63541],[-97.438382,32.636614],[-97.437962,32.634842],[-97.435047,32.631728],[-97.435525,32.631324],[-97.435258,32.630187],[-97.432756,32.629463],[-97.435375,32.629944],[-97.436939,32.63183],[-97.439848,32.633141],[-97.442373,32.632466],[-97.443429,32.631248],[-97.442384,32.627611],[-97.445875,32.631178],[-97.452898,32.633477],[-97.452828,32.632025],[-97.451801,32.630263],[-97.454222,32.631894],[-97.455065,32.631703],[-97.456097,32.628239],[-97.455965,32.625545],[-97.456995,32.62614],[-97.458255,32.62451],[-97.458716,32.62211],[-97.463727,32.619658],[-97.461858,32.617258],[-97.459456,32.617426],[-97.461206,32.616374],[-97.459662,32.61252],[-97.460032,32.612766],[-97.459756,32.611117],[-97.4585,32.610281],[-97.461294,32.610234],[-97.460289,32.610171],[-97.460101,32.608843],[-97.458228,32.606599],[-97.457229,32.607065],[-97.456032,32.606814],[-97.459257,32.606133],[-97.460135,32.607456],[-97.461529,32.607928],[-97.4621,32.610224],[-97.46291,32.610329],[-97.462602,32.607447],[-97.459751,32.605452],[-97.4598,32.60257],[-97.45828,32.601118],[-97.455919,32.600448],[-97.454737,32.597417],[-97.453744,32.594318],[-97.454686,32.593673],[-97.454284,32.592822],[-97.456151,32.588711],[-97.455915,32.586548],[-97.454094,32.585802],[-97.453699,32.584528],[-97.454145,32.585548],[-97.456191,32.586463],[-97.456414,32.589056],[-97.45458,32.592733],[-97.455204,32.593435],[-97.454069,32.594327],[-97.454454,32.595684],[-97.455354,32.596235],[-97.455899,32.594369],[-97.457073,32.593407],[-97.456479,32.595056],[-97.456992,32.596918],[-97.458194,32.598139],[-97.461425,32.598667],[-97.461017,32.599249],[-97.46199,32.599348],[-97.463623,32.60105],[-97.464461,32.603361],[-97.469517,32.604745],[-97.471743,32.603603],[-97.474368,32.60053],[-97.474837,32.59912],[-97.478446,32.596829],[-97.479172,32.595253],[-97.478175,32.592579],[-97.482712,32.592601],[-97.481604,32.591371],[-97.48298,32.589778],[-97.481747,32.589778],[-97.481407,32.588531],[-97.481972,32.587532],[-97.484029,32.587],[-97.485784,32.584927],[-97.485212,32.582994],[-97.486046,32.578559],[-97.487001,32.577424],[-97.485554,32.574669],[-97.473677,32.5698],[-97.473655,32.568535],[-97.472167,32.568577],[-97.472014,32.564464],[-97.49828,32.556215],[-97.503558,32.55603],[-97.503424,32.555439],[-97.583863,32.555297],[-97.583803,32.571662],[-97.591237,32.571703],[-97.591127,32.575455],[-97.589491,32.575973],[-97.589831,32.576703],[-97.591092,32.576674],[-97.591076,32.577229],[-97.589823,32.577205],[-97.589771,32.58892],[-97.578362,32.596096],[-97.571552,32.598926],[-97.574918,32.602183],[-97.577741,32.606253],[-97.57802,32.607733],[-97.561165,32.624615],[-97.562193,32.626592],[-97.562135,32.626716],[-97.561536,32.626782],[-97.56209,32.626432],[-97.561155,32.624624],[-97.55765,32.628137],[-97.558193,32.62937],[-97.560019,32.630569],[-97.565522,32.629585],[-97.568147,32.632235],[-97.567998,32.633729],[-97.564892,32.634258],[-97.564847,32.637161],[-97.56638,32.638128],[-97.564477,32.640927],[-97.56488,32.64339],[-97.569377,32.647925],[-97.570565,32.646672],[-97.574543,32.64732],[-97.574289,32.64936],[-97.574953,32.650602],[-97.574088,32.651487],[-97.57374,32.654915]]]},"properties":{"zip":"76126","city":"Benbrook","county":"Tarrant","u2015":8670,"u2023":10598,"added":1928,"growth":22.2,"moe":589,"certain":true,"peak_month":"2022-08","from_peak":-4.2,"value":393517}},{"type":"Feature","geometry":{"type":"Polygon","coordinates":[[[-97.373649,32.888314],[-97.380297,32.888406],[-97.380341,32.89028],[-97.383349,32.892707],[-97.37369,32.894332],[-97.373791,32.89517],[-97.375095,32.895404],[-97.375123,32.896948],[-97.375954,32.897771],[-97.385606,32.897939],[-97.385583,32.902747],[-97.382324,32.902758],[-97.382256,32.904567],[-97.375048,32.90446],[-97.374835,32.913677],[-97.388077,32.91375],[-97.388087,32.914349],[-97.388636,32.914332],[-97.388664,32.919766],[-97.391955,32.919792],[-97.391991,32.924531],[-97.348818,32.924293],[-97.34872,32.916055],[-97.342832,32.909893],[-97.331588,32.909867],[-97.33166,32.900363],[-97.32686,32.894939],[-97.317076,32.88693],[-97.316765,32.872884],[-97.314234,32.860894],[-97.313743,32.86087],[-97.312636,32.852078],[-97.312501,32.843348],[-97.313173,32.841399],[-97.315983,32.839641],[-97.325942,32.839509],[-97.343018,32.843091],[-97.347476,32.842585],[-97.352128,32.8479],[-97.351419,32.84789],[-97.352324,32.860953],[-97.359651,32.860929],[-97.36163,32.862318],[-97.363102,32.874096],[-97.36287,32.881709],[-97.363272,32.87961],[-97.36459,32.87811],[-97.369883,32.877279],[-97.369964,32.883814],[-97.373488,32.883146],[-97.373649,32.888314]]]},"properties":{"zip":"76131","city":"Saginaw","county":"Tarrant","u2015":11034,"u2023":18145,"added":7111,"growth":64.4,"moe":1271,"certain":true,"peak_month":"2022-08","from_peak":-13.2,"value":338713}},{"type":"Feature","geometry":{"type":"Polygon","coordinates":[[[-97.417556,32.64557],[-97.44162,32.646528],[-97.44517,32.649651],[-97.445856,32.652121],[-97.447914,32.652119],[-97.447636,32.654013],[-97.450451,32.658577],[-97.447015,32.664292],[-97.444673,32.663877],[-97.444531,32.662005],[-97.442377,32.661949],[-97.441885,32.662442],[-97.442415,32.664383],[-97.441982,32.665208],[-97.438704,32.666857],[-97.436075,32.666863],[-97.437471,32.669953],[-97.434737,32.67217],[-97.43439,32.674895],[-97.433313,32.677097],[-97.430675,32.678477],[-97.428877,32.681784],[-97.42508,32.682088],[-97.425103,32.683152],[-97.426291,32.684157],[-97.42771,32.687133],[-97.429305,32.693196],[-97.427817,32.695862],[-97.424185,32.696424],[-97.418599,32.691859],[-97.395773,32.682324],[-97.381192,32.675067],[-97.41117,32.65021],[-97.41362,32.644793],[-97.417556,32.64557]]]},"properties":{"zip":"76132","city":"Fort Worth","county":"Tarrant","u2015":13232,"u2023":13906,"added":674,"growth":5.1,"moe":604,"certain":true,"peak_month":"2022-08","from_peak":-1.5,"value":451893}},{"type":"Feature","geometry":{"type":"Polygon","coordinates":[[[-97.353948,32.634995],[-97.369867,32.634832],[-97.370001,32.627933],[-97.403913,32.628563],[-97.403921,32.63214],[-97.405276,32.631766],[-97.405544,32.63235],[-97.399414,32.632469],[-97.398866,32.634386],[-97.401426,32.639825],[-97.401419,32.643509],[-97.402171,32.64447],[-97.404039,32.643777],[-97.408437,32.643698],[-97.41362,32.644793],[-97.41117,32.65021],[-97.376897,32.678635],[-97.366061,32.688891],[-97.365068,32.688403],[-97.365038,32.68743],[-97.363329,32.687435],[-97.363502,32.689324],[-97.356127,32.689279],[-97.356127,32.684579],[-97.357201,32.68459],[-97.356455,32.68021],[-97.356733,32.668624],[-97.35259,32.667257],[-97.353948,32.634995]]]},"properties":{"zip":"76133","city":"Fort Worth","county":"Tarrant","u2015":20025,"u2023":20080,"added":55,"growth":0.3,"moe":933,"certain":false,"peak_month":"2022-09","from_peak":-7.6,"value":262478}},{"type":"Feature","geometry":{"type":"Polygon","coordinates":[[[-97.336082,32.663977],[-97.310818,32.669224],[-97.306545,32.669587],[-97.301826,32.666379],[-97.299646,32.663693],[-97.296509,32.662177],[-97.297808,32.659624],[-97.302204,32.656191],[-97.304182,32.653225],[-97.321306,32.653486],[-97.321538,32.613994],[-97.321723,32.619365],[-97.322089,32.616667],[-97.322044,32.620187],[-97.323448,32.620171],[-97.323768,32.613991],[-97.34969,32.614131],[-97.350717,32.61244],[-97.351465,32.612986],[-97.351925,32.612436],[-97.352146,32.609188],[-97.355082,32.608198],[-97.353957,32.634811],[-97.355057,32.634993],[-97.353948,32.634995],[-97.35259,32.667257],[-97.336082,32.663977]]]},"properties":{"zip":"76134","city":"Fort Worth","county":"Tarrant","u2015":8735,"u2023":10514,"added":1779,"growth":20.4,"moe":696,"certain":true,"peak_month":"2022-08","from_peak":-6.8,"value":252198}},{"type":"Feature","geometry":{"type":"Polygon","coordinates":[[[-97.518028,32.859219],[-97.512842,32.856357],[-97.510821,32.866885],[-97.512339,32.867195],[-97.512328,32.860153],[-97.518921,32.860295],[-97.512778,32.860526],[-97.512898,32.871145],[-97.513622,32.870627],[-97.513557,32.872118],[-97.516282,32.872438],[-97.516137,32.87041],[-97.517461,32.872157],[-97.520519,32.870309],[-97.51558,32.87416],[-97.508049,32.872725],[-97.503396,32.875341],[-97.500463,32.876117],[-97.493148,32.880775],[-97.486442,32.880678],[-97.478088,32.882846],[-97.471859,32.885198],[-97.463487,32.883755],[-97.460138,32.881586],[-97.45536,32.881886],[-97.455669,32.880667],[-97.454815,32.879416],[-97.453424,32.880208],[-97.453097,32.879196],[-97.451589,32.878166],[-97.450098,32.879801],[-97.451159,32.877494],[-97.450303,32.876776],[-97.449473,32.876939],[-97.449499,32.877713],[-97.44923,32.877167],[-97.44751,32.877313],[-97.447557,32.876812],[-97.443774,32.876997],[-97.444106,32.876317],[-97.445512,32.876773],[-97.447877,32.875943],[-97.445643,32.871379],[-97.445578,32.863129],[-97.426134,32.862988],[-97.426427,32.844043],[-97.425292,32.840077],[-97.425275,32.836334],[-97.415645,32.836255],[-97.406806,32.83229],[-97.406301,32.83431],[-97.402581,32.834305],[-97.402569,32.833248],[-97.40187,32.833251],[-97.402037,32.834659],[-97.400209,32.833227],[-97.3959,32.833201],[-97.395527,32.83054],[-97.392603,32.826306],[-97.390248,32.82894],[-97.390704,32.825861],[-97.3915,32.824857],[-97.3949,32.823307],[-97.394216,32.822363],[-97.412979,32.813651],[-97.411326,32.812894],[-97.411989,32.812365],[-97.411962,32.804986],[-97.412657,32.804633],[-97.411973,32.804113],[-97.412074,32.797536],[-97.407092,32.796197],[-97.405281,32.792655],[-97.407943,32.790655],[-97.409308,32.790971],[-97.410046,32.792004],[-97.411458,32.792004],[-97.415305,32.790981],[-97.415524,32.790602],[-97.413277,32.790819],[-97.415649,32.790387],[-97.417616,32.788293],[-97.420241,32.790948],[-97.420806,32.790895],[-97.42135,32.789384],[-97.421712,32.791248],[-97.422434,32.789886],[-97.421133,32.788142],[-97.421449,32.787284],[-97.424464,32.786572],[-97.424821,32.787184],[-97.426811,32.787519],[-97.430463,32.785677],[-97.43355,32.784996],[-97.437929,32.787011],[-97.439295,32.785961],[-97.438958,32.78747],[-97.440412,32.789009],[-97.443236,32.788845],[-97.444419,32.78766],[-97.443484,32.785565],[-97.444025,32.784698],[-97.443873,32.78533],[-97.444622,32.785404],[-97.445139,32.787022],[-97.446141,32.787287],[-97.445724,32.788113],[-97.447595,32.788694],[-97.448911,32.787014],[-97.448798,32.788592],[-97.449638,32.788769],[-97.451044,32.787747],[-97.454587,32.78694],[-97.455057,32.787309],[-97.454242,32.787715],[-97.456302,32.789793],[-97.459408,32.790962],[-97.460846,32.790815],[-97.4618,32.788705],[-97.462614,32.788839],[-97.462098,32.790815],[-97.463115,32.792378],[-97.461223,32.793267],[-97.463759,32.793459],[-97.464447,32.794176],[-97.466555,32.793338],[-97.471511,32.794634],[-97.473292,32.796593],[-97.474569,32.796425],[-97.476042,32.795032],[-97.477511,32.795885],[-97.480631,32.795764],[-97.483682,32.796987],[-97.486018,32.796487],[-97.48417,32.797722],[-97.484719,32.798175],[-97.490064,32.796324],[-97.488594,32.797055],[-97.488455,32.797876],[-97.489317,32.80012],[-97.490658,32.800579],[-97.489918,32.800953],[-97.491342,32.80144],[-97.491553,32.802871],[-97.496304,32.804903],[-97.50081,32.805048],[-97.500781,32.807267],[-97.499453,32.808844],[-97.495397,32.809986],[-97.491781,32.813918],[-97.492342,32.816147],[-97.4905,32.816228],[-97.4905,32.815629],[-97.484414,32.816377],[-97.488134,32.823054],[-97.511958,32.823163],[-97.518722,32.825204],[-97.536908,32.825355],[-97.537146,32.832213],[-97.538404,32.834591],[-97.534546,32.834474],[-97.530972,32.837653],[-97.53111,32.842126],[-97.534085,32.842625],[-97.538765,32.844655],[-97.539339,32.845607],[-97.537474,32.845788],[-97.533801,32.849064],[-97.523741,32.85026],[-97.523174,32.852736],[-97.524635,32.853479],[-97.522379,32.855255],[-97.52073,32.854868],[-97.515284,32.855862],[-97.513563,32.855418],[-97.513177,32.855877],[-97.518028,32.859219]]]},"properties":{"zip":"76135","city":"Fort Worth","county":"Tarrant","u2015":8980,"u2023":8148,"added":-832,"growth":-9.3,"moe":681,"certain":true,"peak_month":"2022-08","from_peak":-6.0,"value":285569}},{"type":"Feature","geometry":{"type":"Polygon","coordinates":[[[-97.316843,32.873502],[-97.317079,32.89065],[-97.298912,32.890779],[-97.29878,32.892386],[-97.298253,32.892448],[-97.297494,32.892415],[-97.297687,32.890769],[-97.289677,32.890752],[-97.289638,32.893873],[-97.28464,32.892516],[-97.278535,32.892583],[-97.271595,32.894792],[-97.258987,32.894914],[-97.267338,32.84395],[-97.26854,32.840798],[-97.269461,32.839399],[-97.290673,32.83943],[-97.290616,32.834854],[-97.283524,32.834722],[-97.282078,32.835229],[-97.281705,32.83166],[-97.290637,32.83166],[-97.290546,32.80977],[-97.303268,32.809956],[-97.308452,32.810702],[-97.314478,32.809976],[-97.312476,32.818858],[-97.313042,32.835946],[-97.311412,32.838622],[-97.317444,32.839495],[-97.314347,32.840306],[-97.31304,32.8416],[-97.312501,32.843348],[-97.313177,32.8574],[-97.316843,32.873502]]]},"properties":{"zip":"76137","city":"Fort Worth","county":"Tarrant","u2015":21084,"u2023":24118,"added":3034,"growth":14.4,"moe":900,"certain":true,"peak_month":"2022-08","from_peak":-8.9,"value":322017}},{"type":"Feature","geometry":{"type":"Polygon","coordinates":[[[-97.244395,32.662804],[-97.239225,32.66697],[-97.236678,32.667966],[-97.231466,32.668113],[-97.231268,32.666902],[-97.2292,32.666294],[-97.228672,32.664305],[-97.23048,32.661921],[-97.236149,32.659698],[-97.237574,32.657241],[-97.242495,32.654511],[-97.243766,32.652946],[-97.2441,32.650733],[-97.247359,32.649448],[-97.248312,32.646715],[-97.247874,32.645677],[-97.245348,32.644373],[-97.244311,32.642274],[-97.242511,32.641792],[-97.242175,32.638438],[-97.234152,32.638226],[-97.234275,32.62238],[-97.220946,32.621771],[-97.221019,32.607086],[-97.215369,32.607049],[-97.215532,32.598629],[-97.216656,32.598388],[-97.216638,32.59572],[-97.219477,32.595698],[-97.219678,32.594175],[-97.216645,32.593673],[-97.216569,32.592364],[-97.214278,32.590725],[-97.212163,32.590733],[-97.212185,32.585541],[-97.214681,32.581809],[-97.214327,32.580752],[-97.216646,32.578623],[-97.217721,32.578393],[-97.220612,32.579557],[-97.224168,32.578868],[-97.224214,32.576366],[-97.218013,32.576267],[-97.215779,32.57531],[-97.215774,32.573811],[-97.218623,32.574638],[-97.21931,32.573109],[-97.215796,32.571803],[-97.215844,32.568979],[-97.233047,32.568908],[-97.23293,32.576183],[-97.240798,32.576262],[-97.240774,32.57967],[-97.252564,32.580097],[-97.252808,32.581062],[-97.263339,32.581166],[-97.263391,32.589927],[-97.26726,32.591876],[-97.270274,32.591841],[-97.271134,32.590903],[-97.278581,32.591142],[-97.273171,32.596677],[-97.276199,32.603942],[-97.284059,32.603985],[-97.284251,32.597611],[-97.308252,32.597642],[-97.308701,32.599238],[-97.319337,32.59912],[-97.319423,32.588412],[-97.320192,32.588589],[-97.320593,32.589743],[-97.322598,32.590004],[-97.322747,32.591305],[-97.32725,32.589892],[-97.331328,32.614019],[-97.323768,32.613991],[-97.323801,32.619802],[-97.322044,32.620187],[-97.321538,32.613994],[-97.321306,32.653486],[-97.304182,32.653225],[-97.302204,32.656191],[-97.297808,32.659624],[-97.296509,32.662177],[-97.299646,32.663693],[-97.301826,32.666379],[-97.306545,32.669587],[-97.299895,32.668425],[-97.285932,32.662145],[-97.282897,32.661389],[-97.249531,32.661351],[-97.244395,32.662804]]]},"properties":{"zip":"76140","city":"Everman","county":"Tarrant","u2015":10079,"u2023":10705,"added":626,"growth":6.2,"moe":723,"certain":false,"peak_month":"2022-08","from_peak":-8.8,"value":251727}},{"type":"Feature","geometry":{"type":"Polygon","coordinates":[[[-97.267338,32.84395],[-97.258987,32.894914],[-97.254732,32.894804],[-97.254773,32.892609],[-97.238531,32.892414],[-97.237724,32.888337],[-97.237995,32.860357],[-97.238595,32.853118],[-97.249414,32.853124],[-97.249395,32.848812],[-97.255194,32.848685],[-97.255155,32.840065],[-97.269461,32.839399],[-97.267338,32.84395]]]},"properties":{"zip":"76148","city":"Watauga","county":"Tarrant","u2015":8291,"u2023":8481,"added":190,"growth":2.3,"moe":605,"certain":false,"peak_month":"2022-08","from_peak":-6.2,"value":274257}},{"type":"Feature","geometry":{"type":"Polygon","coordinates":[[[-97.358839,32.794628],[-97.356162,32.795324],[-97.350323,32.795257],[-97.350984,32.797559],[-97.349774,32.797542],[-97.349099,32.79524],[-97.347894,32.795206],[-97.34874,32.797535],[-97.345874,32.797455],[-97.340435,32.789696],[-97.339248,32.789248],[-97.336387,32.784519],[-97.338455,32.78382],[-97.339799,32.78181],[-97.340523,32.778264],[-97.339887,32.778244],[-97.340552,32.778146],[-97.341004,32.775129],[-97.339677,32.772263],[-97.335019,32.769877],[-97.332404,32.765614],[-97.332055,32.76215],[-97.334601,32.75969],[-97.33429,32.759056],[-97.335858,32.758741],[-97.337405,32.759335],[-97.337065,32.759808],[-97.342396,32.762907],[-97.345666,32.766318],[-97.351224,32.765302],[-97.36594,32.774281],[-97.372002,32.781231],[-97.381514,32.78425],[-97.38367,32.785952],[-97.376263,32.790996],[-97.37188,32.794688],[-97.371878,32.795527],[-97.369497,32.79553],[-97.369495,32.796588],[-97.365997,32.796532],[-97.366001,32.79544],[-97.358839,32.794628]]]},"properties":{"zip":"76164","city":"Fort Worth","county":"Tarrant","u2015":5219,"u2023":4866,"added":-353,"growth":-6.8,"moe":351,"certain":true,"peak_month":"2024-07","from_peak":-7.2,"value":191681}},{"type":"Feature","geometry":{"type":"Polygon","coordinates":[[[-97.277696,33.022002],[-97.306153,32.981234],[-97.308828,32.972302],[-97.306771,32.972267],[-97.304798,32.974081],[-97.303103,32.974711],[-97.3029,32.976016],[-97.297717,32.975417],[-97.298363,32.963177],[-97.304194,32.95937],[-97.310319,32.958499],[-97.310679,32.948026],[-97.316899,32.927655],[-97.317054,32.898473],[-97.313808,32.898345],[-97.310089,32.896251],[-97.306958,32.895926],[-97.306971,32.890777],[-97.317079,32.89065],[-97.317076,32.88693],[-97.32686,32.894939],[-97.33166,32.900363],[-97.331588,32.909867],[-97.342832,32.909893],[-97.34872,32.916055],[-97.348818,32.924293],[-97.331527,32.924113],[-97.332118,32.938861],[-97.331508,32.938874],[-97.331528,32.947505],[-97.3173,32.947438],[-97.31703,32.947865],[-97.316942,32.961976],[-97.321009,32.962117],[-97.320906,32.973193],[-97.322318,32.973937],[-97.327441,32.973906],[-97.32803,32.977114],[-97.330471,32.976187],[-97.33073,32.975129],[-97.33152,32.974877],[-97.33509,32.977195],[-97.336883,32.97748],[-97.340199,32.976407],[-97.343209,32.978468],[-97.330139,32.988898],[-97.3275,32.99178],[-97.31174,33.021259],[-97.309346,33.029156],[-97.302891,33.026899],[-97.30024,33.02676],[-97.30026,33.029576],[-97.302339,33.029635],[-97.302396,33.031724],[-97.298526,33.031693],[-97.298499,33.033977],[-97.302437,33.034044],[-97.302395,33.036831],[-97.306335,33.037666],[-97.306635,33.037003],[-97.305828,33.040309],[-97.30534,33.040278],[-97.30432,33.042901],[-97.298442,33.042901],[-97.298407,33.03974],[-97.30233,33.039968],[-97.302414,33.03829],[-97.28856,33.038234],[-97.285916,33.037683],[-97.283089,33.041795],[-97.281072,33.042611],[-97.278741,33.041809],[-97.277323,33.039755],[-97.277223,33.038038],[-97.267116,33.038912],[-97.264087,33.037411],[-97.260412,33.040956],[-97.277696,33.022002]]]},"properties":{"zip":"76177","city":"Fort Worth","county":"Tarrant","u2015":2944,"u2023":10140,"added":7196,"growth":244.4,"moe":940,"certain":true,"peak_month":"2022-08","from_peak":-13.5,"value":375723}},{"type":"Feature","geometry":{"type":"Polygon","coordinates":[[[-97.362731,32.870859],[-97.361213,32.861784],[-97.359651,32.860929],[-97.352324,32.860953],[-97.351419,32.84789],[-97.352128,32.8479],[-97.347269,32.842339],[-97.372984,32.832583],[-97.394216,32.822363],[-97.3949,32.823307],[-97.39087,32.825473],[-97.39022,32.82885],[-97.392603,32.826306],[-97.395527,32.83054],[-97.3959,32.833201],[-97.400209,32.833227],[-97.402037,32.834659],[-97.40187,32.833251],[-97.402569,32.833248],[-97.402581,32.834305],[-97.406301,32.83431],[-97.406806,32.83229],[-97.415645,32.836255],[-97.425275,32.836334],[-97.425292,32.840077],[-97.426427,32.844043],[-97.426134,32.862988],[-97.445578,32.863129],[-97.445643,32.871379],[-97.447877,32.875943],[-97.445512,32.876773],[-97.444106,32.876317],[-97.443838,32.877048],[-97.447557,32.876812],[-97.44751,32.877313],[-97.44923,32.877167],[-97.449499,32.877713],[-97.449473,32.876939],[-97.450144,32.876709],[-97.451162,32.877414],[-97.450208,32.878833],[-97.450098,32.879801],[-97.451589,32.878166],[-97.453097,32.879196],[-97.453424,32.880208],[-97.454815,32.879416],[-97.455669,32.880667],[-97.45536,32.881886],[-97.460138,32.881586],[-97.463487,32.883755],[-97.471859,32.885198],[-97.478088,32.882846],[-97.486442,32.880678],[-97.493148,32.880775],[-97.501244,32.87577],[-97.503396,32.875341],[-97.504444,32.875801],[-97.505111,32.876942],[-97.505016,32.878745],[-97.503149,32.884912],[-97.497834,32.896091],[-97.493815,32.900425],[-97.493386,32.904395],[-97.497072,32.912348],[-97.497186,32.915093],[-97.496015,32.920676],[-97.497139,32.925041],[-97.499025,32.927263],[-97.503454,32.929875],[-97.504625,32.931472],[-97.505205,32.933826],[-97.509151,32.936551],[-97.512554,32.941266],[-97.514155,32.945175],[-97.514108,32.949452],[-97.511638,32.953755],[-97.511441,32.955466],[-97.509037,32.959024],[-97.506168,32.960901],[-97.504767,32.963107],[-97.504452,32.964835],[-97.505081,32.96738],[-97.509504,32.972264],[-97.510247,32.973951],[-97.509551,32.976176],[-97.507979,32.977967],[-97.507693,32.979588],[-97.508141,32.980489],[-97.510495,32.981698],[-97.510771,32.982539],[-97.507855,32.986445],[-97.507831,32.989821],[-97.510209,32.992368],[-97.515026,32.993995],[-97.467673,32.992958],[-97.449591,32.985177],[-97.44914,32.985931],[-97.44739,32.985393],[-97.447042,32.990144],[-97.446057,32.992237],[-97.431123,32.992326],[-97.421303,32.971562],[-97.420512,32.967922],[-97.414328,32.967973],[-97.412531,32.96895],[-97.403577,32.968898],[-97.403809,32.964229],[-97.406808,32.960254],[-97.384858,32.946371],[-97.386469,32.946398],[-97.391944,32.95],[-97.391952,32.946447],[-97.409295,32.94654],[-97.409717,32.950197],[-97.416178,32.950243],[-97.418651,32.947139],[-97.4194,32.943413],[-97.418403,32.939527],[-97.411302,32.924495],[-97.391991,32.924531],[-97.391955,32.919792],[-97.388664,32.919766],[-97.388636,32.914332],[-97.388087,32.914349],[-97.388077,32.91375],[-97.374835,32.913677],[-97.375048,32.90446],[-97.382256,32.904567],[-97.382324,32.902758],[-97.385583,32.902747],[-97.385606,32.897939],[-97.375954,32.897771],[-97.375123,32.896948],[-97.375095,32.895404],[-97.373791,32.89517],[-97.37369,32.894332],[-97.383349,32.892707],[-97.380341,32.89028],[-97.380297,32.888406],[-97.373649,32.888314],[-97.373488,32.883146],[-97.369964,32.883814],[-97.369883,32.877279],[-97.36459,32.87811],[-97.363272,32.87961],[-97.36287,32.881709],[-97.362731,32.870859]]]},"properties":{"zip":"76179","city":"Fort Worth","county":"Tarrant","u2015":18305,"u2023":26227,"added":7922,"growth":43.3,"moe":1385,"certain":true,"peak_month":"2022-08","from_peak":-14.0,"value":323226}},{"type":"Feature","geometry":{"type":"Polygon","coordinates":[[[-97.192493,32.838305],[-97.195256,32.837173],[-97.203875,32.831077],[-97.204997,32.828318],[-97.205354,32.823856],[-97.207453,32.823815],[-97.207474,32.822826],[-97.209925,32.82285],[-97.21063,32.823765],[-97.215585,32.823783],[-97.215582,32.821886],[-97.21963,32.822194],[-97.219625,32.823791],[-97.224658,32.823822],[-97.224641,32.822733],[-97.22749,32.822524],[-97.230704,32.819586],[-97.231912,32.820762],[-97.23848,32.81568],[-97.238491,32.813133],[-97.241069,32.813678],[-97.248965,32.807823],[-97.253369,32.813153],[-97.253346,32.814498],[-97.252075,32.815295],[-97.251616,32.816485],[-97.251653,32.818247],[-97.25304,32.818526],[-97.257127,32.822619],[-97.257062,32.823957],[-97.252869,32.82573],[-97.252452,32.827025],[-97.253688,32.828006],[-97.253597,32.829385],[-97.255311,32.832594],[-97.25744,32.833886],[-97.258708,32.835552],[-97.259116,32.837125],[-97.258063,32.83749],[-97.258006,32.83811],[-97.260407,32.839658],[-97.255155,32.840065],[-97.255194,32.848685],[-97.249395,32.848812],[-97.249414,32.853124],[-97.238595,32.853118],[-97.237996,32.860414],[-97.217276,32.860022],[-97.209766,32.862012],[-97.186095,32.861959],[-97.18614,32.855733],[-97.193031,32.850029],[-97.192896,32.838529],[-97.186242,32.839781],[-97.18626,32.839267],[-97.192493,32.838305]]]},"properties":{"zip":"76180","city":"North Richland Hills","county":"Tarrant","u2015":15180,"u2023":16138,"added":958,"growth":6.3,"moe":681,"certain":true,"peak_month":"2022-08","from_peak":-4.2,"value":341424}},{"type":"Feature","geometry":{"type":"Polygon","coordinates":[[[-97.237996,32.860414],[-97.237741,32.888638],[-97.238531,32.892414],[-97.225817,32.892363],[-97.225854,32.900263],[-97.214217,32.90029],[-97.214445,32.907564],[-97.197745,32.907553],[-97.19764,32.911808],[-97.187868,32.911952],[-97.188058,32.911518],[-97.186743,32.911451],[-97.18676,32.906073],[-97.185957,32.901235],[-97.186095,32.861959],[-97.209766,32.862012],[-97.217276,32.860022],[-97.237996,32.860414]]]},"properties":{"zip":"76182","city":"North Richland Hills","county":"Tarrant","u2015":10956,"u2023":11845,"added":889,"growth":8.1,"moe":622,"certain":true,"peak_month":"2024-05","from_peak":-2.0,"value":419297}},{"type":"Feature","geometry":{"type":"Polygon","coordinates":[[[-97.147286,33.202015],[-97.146615,33.2034],[-97.149606,33.203372],[-97.15076,33.20395],[-97.150898,33.204907],[-97.15188,33.204929],[-97.1519,33.204459],[-97.154872,33.205469],[-97.163499,33.209398],[-97.166277,33.211658],[-97.16893,33.21538],[-97.173892,33.230054],[-97.16096,33.22976],[-97.16073,33.23962],[-97.15531,33.23921],[-97.144869,33.241931],[-97.137361,33.241442],[-97.136886,33.241951],[-97.137536,33.241943],[-97.136604,33.242409],[-97.13344,33.240522],[-97.131864,33.240491],[-97.13211,33.230829],[-97.12721,33.23075],[-97.12736,33.218179],[-97.12819,33.21698],[-97.12822,33.215519],[-97.127038,33.215503],[-97.126654,33.214458],[-97.131569,33.20564],[-97.13254,33.2065],[-97.13271,33.20413],[-97.13617,33.19683],[-97.139297,33.196537],[-97.141369,33.197313],[-97.147286,33.202015]]]},"properties":{"zip":"76201","city":"Denton","county":"Denton","u2015":10743,"u2023":13087,"added":2344,"growth":21.8,"moe":841,"certain":true,"peak_month":"2022-11","from_peak":-5.8,"value":280191}},{"type":"Feature","geometry":{"type":"Polygon","coordinates":[[[-97.1519,33.204459],[-97.15188,33.204929],[-97.15096,33.204929],[-97.15076,33.20395],[-97.149606,33.203372],[-97.146615,33.2034],[-97.147281,33.201763],[-97.141369,33.197313],[-97.139297,33.196537],[-97.13617,33.19683],[-97.13271,33.20413],[-97.13254,33.2065],[-97.131569,33.20564],[-97.126654,33.214458],[-97.126322,33.216352],[-97.12505,33.21624],[-97.12486,33.21528],[-97.12341,33.21522],[-97.12336,33.21441],[-97.12126,33.214399],[-97.12122,33.216099],[-97.11406,33.21587],[-97.11406,33.21481],[-97.11221,33.214579],[-97.112015,33.208464],[-97.11062,33.208802],[-97.110649,33.207911],[-97.108892,33.206702],[-97.10885,33.206007],[-97.10698,33.206538],[-97.101123,33.205517],[-97.098481,33.204023],[-97.097453,33.205427],[-97.09666,33.204997],[-97.095305,33.20617],[-97.094325,33.205852],[-97.090904,33.206798],[-97.09125,33.19905],[-97.09203,33.19666],[-97.094236,33.19411],[-97.099263,33.191489],[-97.098551,33.190586],[-97.096784,33.190549],[-97.096127,33.187708],[-97.097,33.186861],[-97.095722,33.186568],[-97.095802,33.186143],[-97.096194,33.185628],[-97.101419,33.190468],[-97.105552,33.18846],[-97.10862,33.185969],[-97.10893,33.183359],[-97.113,33.17727],[-97.11301,33.17251],[-97.114427,33.172389],[-97.11438,33.171796],[-97.113114,33.171222],[-97.113179,33.167296],[-97.116092,33.167085],[-97.11707,33.16146],[-97.12257,33.16153],[-97.122507,33.162163],[-97.125577,33.161464],[-97.126184,33.162568],[-97.125988,33.168165],[-97.13542,33.16825],[-97.135491,33.168836],[-97.133255,33.168836],[-97.133255,33.172419],[-97.137394,33.172441],[-97.139843,33.174653],[-97.1419,33.1747],[-97.141858,33.17719],[-97.152567,33.168075],[-97.154714,33.174138],[-97.158989,33.17519],[-97.159521,33.177045],[-97.158761,33.178246],[-97.159268,33.17936],[-97.159148,33.183768],[-97.154997,33.183296],[-97.156127,33.186002],[-97.159598,33.190766],[-97.16165,33.1908],[-97.161469,33.20855],[-97.1519,33.204459]]]},"properties":{"zip":"76205","city":"Denton","county":"Denton","u2015":7452,"u2023":8114,"added":662,"growth":8.9,"moe":734,"certain":false,"peak_month":"2022-08","from_peak":-6.8,"value":364682}},{"type":"Feature","geometry":{"type":"MultiPolygon","coordinates":[[[[-97.207389,33.130999],[-97.25859,33.13177],[-97.258593,33.149095],[-97.239354,33.148789],[-97.239367,33.156959],[-97.238623,33.158655],[-97.234723,33.159412],[-97.233994,33.158745],[-97.231846,33.159008],[-97.231809,33.158389],[-97.230016,33.15811],[-97.2275,33.158701],[-97.227211,33.158194],[-97.227708,33.157964],[-97.227111,33.157615],[-97.22631,33.157936],[-97.226684,33.158419],[-97.225718,33.158614],[-97.225965,33.157544],[-97.224787,33.156855],[-97.224008,33.157214],[-97.224439,33.157969],[-97.223183,33.157764],[-97.223511,33.157291],[-97.222176,33.156383],[-97.220649,33.158335],[-97.22049,33.160443],[-97.217858,33.159492],[-97.216747,33.160941],[-97.215791,33.161085],[-97.216247,33.162151],[-97.212803,33.161765],[-97.212583,33.162557],[-97.21187,33.162404],[-97.211303,33.164048],[-97.210474,33.164093],[-97.211364,33.164937],[-97.210042,33.164827],[-97.209558,33.165806],[-97.208048,33.164724],[-97.20548,33.165841],[-97.205509,33.164724],[-97.204538,33.164563],[-97.202258,33.165466],[-97.20218,33.166938],[-97.200906,33.167416],[-97.20017,33.166683],[-97.198862,33.167865],[-97.197539,33.166874],[-97.196401,33.167752],[-97.195152,33.165438],[-97.194315,33.165619],[-97.193735,33.164748],[-97.192934,33.165379],[-97.190249,33.164701],[-97.189399,33.165919],[-97.185174,33.16546],[-97.196033,33.147557],[-97.207389,33.130999]]],[[[-97.19728,33.24137],[-97.19647,33.264428],[-97.195133,33.264429],[-97.198324,33.270885],[-97.208678,33.288275],[-97.20954,33.292561],[-97.208005,33.295977],[-97.204675,33.299225],[-97.1795,33.31505],[-97.177586,33.303614],[-97.177755,33.293819],[-97.17735,33.29683],[-97.176887,33.282978],[-97.172148,33.283265],[-97.172824,33.284875],[-97.168123,33.286701],[-97.169264,33.28783],[-97.168445,33.289139],[-97.167056,33.290086],[-97.16655,33.289544],[-97.165554,33.289848],[-97.165328,33.290689],[-97.164249,33.28989],[-97.162259,33.291871],[-97.162286,33.290251],[-97.153409,33.290148],[-97.15144,33.286948],[-97.14691,33.287394],[-97.145465,33.286873],[-97.145523,33.285584],[-97.144576,33.285013],[-97.142543,33.285102],[-97.14256,33.286245],[-97.14117,33.286823],[-97.138947,33.286904],[-97.138343,33.285111],[-97.135909,33.2839],[-97.134709,33.284833],[-97.133084,33.284205],[-97.130608,33.285097],[-97.129806,33.284577],[-97.129108,33.285518],[-97.127359,33.284443],[-97.126895,33.285153],[-97.124056,33.285517],[-97.12385,33.284667],[-97.121176,33.284187],[-97.121025,33.283273],[-97.118722,33.283087],[-97.116696,33.280734],[-97.114981,33.280859],[-97.108111,33.278309],[-97.106476,33.279234],[-97.105283,33.278796],[-97.104104,33.27935],[-97.104088,33.282588],[-97.101833,33.28165],[-97.099284,33.278568],[-97.096342,33.277777],[-97.095418,33.278052],[-97.095031,33.279469],[-97.092386,33.281836],[-97.094495,33.277752],[-97.10706,33.2618],[-97.11243,33.25395],[-97.120334,33.25403],[-97.119902,33.257154],[-97.12199,33.25703],[-97.12189,33.260101],[-97.13143,33.2603],[-97.13165,33.254179],[-97.127172,33.25414],[-97.126704,33.253673],[-97.127606,33.248147],[-97.126159,33.247743],[-97.126202,33.245086],[-97.126598,33.244188],[-97.13186,33.2442],[-97.131864,33.240491],[-97.13344,33.240522],[-97.136604,33.242409],[-97.137536,33.241943],[-97.136886,33.241951],[-97.137361,33.241442],[-97.144869,33.241931],[-97.15531,33.23921],[-97.16073,33.23962],[-97.16096,33.22976],[-97.173892,33.230054],[-97.168583,33.214723],[-97.16494,33.210306],[-97.16148,33.20839],[-97.16165,33.1908],[-97.159598,33.190766],[-97.156127,33.186002],[-97.154997,33.183296],[-97.159148,33.183768],[-97.159268,33.17936],[-97.162305,33.179184],[-97.165714,33.177657],[-97.167545,33.178365],[-97.167843,33.179051],[-97.172828,33.175376],[-97.176295,33.17503],[-97.179655,33.176561],[-97.181828,33.178404],[-97.182402,33.179329],[-97.181235,33.179175],[-97.181616,33.180039],[-97.183719,33.181023],[-97.185796,33.180616],[-97.186707,33.182162],[-97.191381,33.183076],[-97.195733,33.186355],[-97.197359,33.186377],[-97.19831,33.187638],[-97.198101,33.189926],[-97.198674,33.19053],[-97.203629,33.192138],[-97.206453,33.19214],[-97.207143,33.193447],[-97.209161,33.193598],[-97.209601,33.192836],[-97.211077,33.192889],[-97.211207,33.196059],[-97.213846,33.199874],[-97.213148,33.201042],[-97.211463,33.201763],[-97.211474,33.204171],[-97.212214,33.204549],[-97.213282,33.20369],[-97.213569,33.20479],[-97.215281,33.206198],[-97.215111,33.209811],[-97.216643,33.211337],[-97.217025,33.213619],[-97.215948,33.214775],[-97.215902,33.216014],[-97.216654,33.21708],[-97.217824,33.21642],[-97.218724,33.216928],[-97.218009,33.223744],[-97.219642,33.223774],[-97.220041,33.225003],[-97.221398,33.225074],[-97.221189,33.231067],[-97.220081,33.230981],[-97.220555,33.231836],[-97.217455,33.231706],[-97.217888,33.233409],[-97.221045,33.23361],[-97.221038,33.235818],[-97.218647,33.235671],[-97.221016,33.236634],[-97.221583,33.237651],[-97.222559,33.237367],[-97.223875,33.239089],[-97.226155,33.239744],[-97.225945,33.2414],[-97.22815,33.242379],[-97.22863,33.24326],[-97.228161,33.244453],[-97.21935,33.24466],[-97.21899,33.2455],[-97.20863,33.245379],[-97.20873,33.239303],[-97.207396,33.239703],[-97.207396,33.241509],[-97.19728,33.24137]]]]},"properties":{"zip":"76207","city":"Denton","county":"Denton","u2015":5341,"u2023":7657,"added":2316,"growth":43.4,"moe":638,"certain":true,"peak_month":"2022-08","from_peak":-12.7,"value":353240}},{"type":"Feature","geometry":{"type":"Polygon","coordinates":[[[-97.096784,33.190549],[-97.098551,33.190586],[-97.099263,33.191489],[-97.094236,33.19411],[-97.09284,33.195459],[-97.08672,33.195099],[-97.08649,33.19827],[-97.08457,33.19827],[-97.08424,33.204749],[-97.09097,33.20479],[-97.08972,33.229646],[-97.090072,33.241982],[-97.091788,33.245327],[-97.09502,33.248269],[-97.09705,33.249029],[-97.10852,33.249104],[-97.109754,33.249771],[-97.11266,33.253614],[-97.10706,33.2618],[-97.094495,33.277752],[-97.092386,33.281836],[-97.087674,33.28228],[-97.08795,33.284222],[-97.086682,33.283467],[-97.084269,33.283772],[-97.082284,33.285213],[-97.081504,33.284975],[-97.081229,33.284084],[-97.077118,33.282984],[-97.079928,33.282544],[-97.079548,33.281699],[-97.077706,33.281229],[-97.075719,33.281728],[-97.07243,33.280549],[-97.071113,33.28082],[-97.070896,33.282297],[-97.069402,33.282396],[-97.068744,33.280535],[-97.069341,33.279497],[-97.068731,33.278955],[-97.064773,33.280357],[-97.060738,33.278162],[-97.061003,33.277123],[-97.058265,33.277535],[-97.055086,33.271031],[-97.055047,33.267601],[-97.056963,33.267485],[-97.057539,33.265706],[-97.055042,33.262708],[-97.053339,33.262281],[-97.054361,33.263457],[-97.054039,33.264668],[-97.052485,33.263478],[-97.049916,33.263044],[-97.049337,33.264116],[-97.046402,33.263863],[-97.042546,33.264533],[-97.037592,33.259203],[-97.036669,33.255308],[-97.036072,33.237191],[-97.031195,33.222019],[-97.03073,33.216564],[-97.028981,33.212311],[-97.025618,33.208367],[-97.023665,33.202979],[-97.020279,33.199542],[-97.02006,33.179958],[-97.019171,33.17373],[-97.01583,33.167839],[-97.005823,33.160974],[-97.001405,33.155607],[-97.000464,33.152063],[-97.002366,33.14251],[-97.021683,33.142539],[-97.024486,33.140383],[-97.029874,33.138151],[-97.029898,33.142635],[-97.03055,33.14267],[-97.030543,33.144385],[-97.038476,33.1445],[-97.038948,33.1372],[-97.037825,33.134549],[-97.038487,33.134596],[-97.037831,33.133516],[-97.03864,33.133319],[-97.037514,33.133141],[-97.038117,33.131543],[-97.037514,33.12988],[-97.03938,33.12992],[-97.05387,33.1451],[-97.05119,33.1452],[-97.051059,33.147973],[-97.049649,33.147956],[-97.057549,33.151378],[-97.06008,33.15126],[-97.06375,33.15525],[-97.06288,33.15464],[-97.063029,33.155985],[-97.068721,33.163266],[-97.071723,33.16395],[-97.073358,33.162087],[-97.07855,33.165439],[-97.076546,33.164639],[-97.076634,33.166355],[-97.073303,33.165773],[-97.072881,33.166313],[-97.0787,33.167319],[-97.080569,33.168386],[-97.084961,33.17389],[-97.087236,33.18054],[-97.08857,33.181922],[-97.094791,33.184477],[-97.096194,33.185628],[-97.095722,33.186568],[-97.096998,33.186962],[-97.096127,33.187708],[-97.096104,33.188791],[-97.096784,33.190549]]]},"properties":{"zip":"76208","city":"Denton","county":"Denton","u2015":7954,"u2023":9440,"added":1486,"growth":18.7,"moe":636,"certain":true,"peak_month":"2022-07","from_peak":-10.7,"value":409927}},{"type":"Feature","geometry":{"type":"Polygon","coordinates":[[[-97.12199,33.25703],[-97.119902,33.257154],[-97.120334,33.25403],[-97.11243,33.25395],[-97.112424,33.253147],[-97.109754,33.249771],[-97.10852,33.249104],[-97.09695,33.24901],[-97.093428,33.247016],[-97.091132,33.244408],[-97.089845,33.240853],[-97.089655,33.233201],[-97.090904,33.206798],[-97.094325,33.205852],[-97.095305,33.20617],[-97.09666,33.204997],[-97.097453,33.205427],[-97.098481,33.204023],[-97.101123,33.205517],[-97.10698,33.206538],[-97.10885,33.206007],[-97.108892,33.206702],[-97.110649,33.207911],[-97.11062,33.208802],[-97.112015,33.208464],[-97.11221,33.214579],[-97.11406,33.21481],[-97.11406,33.21587],[-97.12122,33.216099],[-97.12126,33.214399],[-97.12336,33.21441],[-97.12341,33.21522],[-97.124989,33.215338],[-97.12505,33.21624],[-97.126322,33.216352],[-97.126654,33.214458],[-97.127038,33.215503],[-97.12822,33.215519],[-97.12819,33.21698],[-97.12736,33.218179],[-97.12721,33.23075],[-97.13211,33.230829],[-97.13186,33.2442],[-97.126598,33.244188],[-97.126159,33.247743],[-97.127606,33.248147],[-97.126704,33.253673],[-97.127172,33.25414],[-97.13165,33.254179],[-97.13143,33.2603],[-97.12189,33.260101],[-97.12199,33.25703]]]},"properties":{"zip":"76209","city":"Denton","county":"Denton","u2015":9908,"u2023":11403,"added":1495,"growth":15.1,"moe":832,"certain":true,"peak_month":"2022-08","from_peak":-9.2,"value":291725}},{"type":"Feature","geometry":{"type":"MultiPolygon","coordinates":[[[[-97.09151,33.19789],[-97.09097,33.20479],[-97.08424,33.204749],[-97.08457,33.19827],[-97.08649,33.19827],[-97.08672,33.195099],[-97.09284,33.195459],[-97.09151,33.19789]]],[[[-97.11301,33.17251],[-97.113,33.17727],[-97.10893,33.183359],[-97.10862,33.185969],[-97.105552,33.18846],[-97.101419,33.190468],[-97.094791,33.184477],[-97.088113,33.181565],[-97.086919,33.179955],[-97.084961,33.17389],[-97.080569,33.168386],[-97.0787,33.167319],[-97.072881,33.166313],[-97.073303,33.165773],[-97.076634,33.166355],[-97.076546,33.164639],[-97.07855,33.165439],[-97.073358,33.162087],[-97.071723,33.16395],[-97.068721,33.163266],[-97.063029,33.155985],[-97.06288,33.15464],[-97.06375,33.15525],[-97.06008,33.15126],[-97.057549,33.151378],[-97.049649,33.147956],[-97.051059,33.147973],[-97.05119,33.1452],[-97.05387,33.1451],[-97.03938,33.12992],[-97.055509,33.130073],[-97.055666,33.124207],[-97.058694,33.124222],[-97.058623,33.122826],[-97.05939,33.12281],[-97.05844,33.117139],[-97.058848,33.116926],[-97.064099,33.116746],[-97.06762,33.118946],[-97.066302,33.120616],[-97.064784,33.120776],[-97.066522,33.121589],[-97.066879,33.122734],[-97.066757,33.121583],[-97.067498,33.120711],[-97.068312,33.12118],[-97.069766,33.120739],[-97.068293,33.120182],[-97.068361,33.11948],[-97.069714,33.119663],[-97.069103,33.118968],[-97.07148,33.118968],[-97.074082,33.120075],[-97.074833,33.119346],[-97.072841,33.117849],[-97.07412,33.117646],[-97.077446,33.120137],[-97.078722,33.120143],[-97.081452,33.118094],[-97.083071,33.117708],[-97.083061,33.116894],[-97.0846,33.11508],[-97.085862,33.115868],[-97.087536,33.115166],[-97.087975,33.116645],[-97.088956,33.114815],[-97.089731,33.118629],[-97.091068,33.11891],[-97.091595,33.118],[-97.093733,33.117813],[-97.094278,33.119188],[-97.097172,33.121993],[-97.098886,33.122114],[-97.099973,33.123651],[-97.098574,33.125799],[-97.09954,33.125934],[-97.100506,33.124806],[-97.101352,33.124786],[-97.103765,33.127218],[-97.10539,33.127614],[-97.104162,33.128304],[-97.104137,33.129289],[-97.104573,33.129945],[-97.105712,33.12997],[-97.106135,33.131613],[-97.107386,33.13192],[-97.108821,33.130401],[-97.109773,33.130995],[-97.113003,33.129702],[-97.113226,33.13103],[-97.114089,33.131345],[-97.115592,33.13365],[-97.120809,33.135817],[-97.12156,33.136918],[-97.123159,33.136786],[-97.122823,33.137661],[-97.123337,33.138329],[-97.128457,33.139094],[-97.129177,33.139781],[-97.131738,33.139744],[-97.131488,33.141257],[-97.135066,33.145155],[-97.135746,33.147953],[-97.139545,33.149164],[-97.14129,33.151305],[-97.144337,33.151533],[-97.145131,33.149661],[-97.146045,33.149329],[-97.148651,33.150803],[-97.148526,33.151891],[-97.14919,33.152669],[-97.14815,33.154483],[-97.149372,33.154964],[-97.148866,33.15612],[-97.150097,33.159529],[-97.148392,33.161741],[-97.149582,33.16254],[-97.148692,33.16339],[-97.148683,33.164504],[-97.14917,33.165196],[-97.150935,33.165194],[-97.152567,33.168075],[-97.141858,33.17719],[-97.1419,33.1747],[-97.139843,33.174653],[-97.137394,33.172441],[-97.133255,33.172419],[-97.133255,33.168836],[-97.135491,33.168836],[-97.13542,33.16825],[-97.125988,33.168165],[-97.126184,33.162568],[-97.125577,33.161464],[-97.122507,33.162163],[-97.12257,33.16153],[-97.11707,33.16146],[-97.116092,33.167085],[-97.113179,33.167296],[-97.113114,33.171222],[-97.11438,33.171796],[-97.114427,33.172389],[-97.11301,33.17251]]]]},"properties":{"zip":"76210","city":"Corinth","county":"Denton","u2015":14760,"u2023":16914,"added":2154,"growth":14.6,"moe":763,"certain":true,"peak_month":"2022-08","from_peak":-9.1,"value":394497}},{"type":"Feature","geometry":{"type":"Polygon","coordinates":[[[-97.767709,33.349536],[-97.772143,33.349634],[-97.77217,33.352974],[-97.78121,33.356838],[-97.782152,33.335838],[-97.78657,33.335983],[-97.786926,33.3378],[-97.794646,33.337968],[-97.794623,33.37231],[-97.793501,33.376095],[-97.794605,33.376879],[-97.794665,33.381461],[-97.788568,33.381374],[-97.788797,33.383797],[-97.786175,33.387034],[-97.786333,33.389698],[-97.789893,33.390099],[-97.789914,33.390885],[-97.79673,33.396412],[-97.795636,33.401732],[-97.79581,33.404998],[-97.785956,33.404897],[-97.785667,33.412479],[-97.775334,33.412285],[-97.773189,33.410285],[-97.774803,33.408229],[-97.772648,33.403913],[-97.773475,33.401797],[-97.772854,33.398317],[-97.775509,33.396333],[-97.776067,33.394612],[-97.77747,33.394294],[-97.776888,33.39144],[-97.774895,33.39177],[-97.774666,33.390731],[-97.77367,33.39045],[-97.771599,33.390829],[-97.770098,33.391917],[-97.765386,33.391019],[-97.764514,33.392684],[-97.765782,33.397385],[-97.763171,33.401502],[-97.761461,33.402023],[-97.75499,33.394197],[-97.756505,33.392362],[-97.759087,33.392336],[-97.760767,33.389219],[-97.760847,33.386921],[-97.760041,33.38597],[-97.75742,33.386035],[-97.75575,33.385311],[-97.755852,33.3917],[-97.753595,33.392195],[-97.753366,33.402992],[-97.747856,33.407303],[-97.750089,33.412442],[-97.748678,33.414361],[-97.744329,33.417655],[-97.741079,33.413804],[-97.735672,33.404384],[-97.732713,33.40676],[-97.729595,33.404998],[-97.720459,33.412078],[-97.71692,33.408999],[-97.711201,33.413806],[-97.71431,33.416685],[-97.711862,33.418458],[-97.712763,33.421841],[-97.70133,33.431317],[-97.699273,33.43389],[-97.582231,33.433993],[-97.57975,33.43188],[-97.577304,33.428033],[-97.57497,33.425971],[-97.574111,33.423696],[-97.571121,33.420463],[-97.571704,33.415961],[-97.570845,33.414202],[-97.565994,33.410002],[-97.564736,33.410151],[-97.555973,33.405181],[-97.553685,33.40329],[-97.552151,33.40094],[-97.557124,33.396867],[-97.558989,33.394562],[-97.562403,33.394139],[-97.577774,33.381897],[-97.575482,33.380312],[-97.57542,33.379183],[-97.572633,33.376591],[-97.584788,33.365943],[-97.583943,33.365255],[-97.585768,33.362579],[-97.581461,33.361304],[-97.580569,33.357667],[-97.5786,33.355755],[-97.576938,33.355391],[-97.579867,33.352265],[-97.585538,33.348777],[-97.587653,33.346447],[-97.586843,33.341374],[-97.588874,33.338419],[-97.589008,33.336968],[-97.593126,33.336923],[-97.593382,33.335188],[-97.597634,33.335379],[-97.598119,33.332999],[-97.610279,33.332955],[-97.610265,33.325654],[-97.606626,33.318669],[-97.6068,33.316302],[-97.60495,33.308526],[-97.605825,33.308589],[-97.606689,33.306374],[-97.608947,33.305803],[-97.612375,33.303554],[-97.622495,33.303559],[-97.624668,33.303297],[-97.625073,33.302614],[-97.629835,33.30267],[-97.629697,33.291267],[-97.62187,33.284994],[-97.620335,33.282788],[-97.62308,33.283683],[-97.631821,33.283843],[-97.629479,33.281235],[-97.629282,33.275063],[-97.639164,33.274801],[-97.639584,33.27296],[-97.643466,33.267383],[-97.644479,33.264263],[-97.648715,33.271197],[-97.657796,33.283609],[-97.666047,33.283556],[-97.666742,33.273139],[-97.678822,33.274769],[-97.679169,33.277359],[-97.680969,33.277964],[-97.683377,33.281218],[-97.687586,33.281653],[-97.688581,33.28273],[-97.690197,33.282631],[-97.691029,33.284165],[-97.693071,33.285633],[-97.694976,33.285825],[-97.697751,33.287183],[-97.69893,33.286869],[-97.69999,33.287683],[-97.702713,33.287485],[-97.705973,33.288188],[-97.706778,33.288941],[-97.706543,33.290228],[-97.70869,33.292261],[-97.71106,33.292261],[-97.712815,33.293767],[-97.711925,33.296708],[-97.714846,33.299215],[-97.715069,33.301969],[-97.712275,33.306763],[-97.710994,33.313998],[-97.709436,33.315868],[-97.710215,33.316863],[-97.713437,33.317396],[-97.714544,33.319446],[-97.714662,33.320359],[-97.713039,33.323597],[-97.713087,33.330753],[-97.722588,33.326773],[-97.725385,33.324195],[-97.727477,33.320117],[-97.73301,33.320119],[-97.733085,33.313866],[-97.755913,33.313877],[-97.754849,33.335089],[-97.77304,33.335597],[-97.772607,33.342476],[-97.768046,33.34267],[-97.767709,33.349536]]]},"properties":{"zip":"76225","city":"Alvord","county":"Wise","u2015":1410,"u2023":1460,"added":50,"growth":3.5,"moe":256,"certain":false,"peak_month":"2025-02","from_peak":-1.5,"value":364669}},{"type":"Feature","geometry":{"type":"Polygon","coordinates":[[[-97.201976,33.054361],[-97.202424,33.080881],[-97.214071,33.0812],[-97.216409,33.082053],[-97.216356,33.085726],[-97.22535,33.086016],[-97.225001,33.086708],[-97.227239,33.087578],[-97.229576,33.090947],[-97.22649,33.096511],[-97.235492,33.096521],[-97.235474,33.100572],[-97.252923,33.100693],[-97.255118,33.10129],[-97.26443,33.101438],[-97.26428,33.11329],[-97.26528,33.11356],[-97.26521,33.12692],[-97.26656,33.12706],[-97.26646,33.14165],[-97.25886,33.14155],[-97.25893,33.132199],[-97.25819,33.13157],[-97.207389,33.130999],[-97.196033,33.147557],[-97.178723,33.176081],[-97.176147,33.175009],[-97.172966,33.175311],[-97.167723,33.17908],[-97.167545,33.178365],[-97.165714,33.177657],[-97.162305,33.179184],[-97.159268,33.17936],[-97.158761,33.178246],[-97.159521,33.177045],[-97.158989,33.17519],[-97.154678,33.17409],[-97.151605,33.165944],[-97.150551,33.165003],[-97.14917,33.165196],[-97.148683,33.164504],[-97.148692,33.16339],[-97.149582,33.16254],[-97.148392,33.161741],[-97.150097,33.159529],[-97.148866,33.15612],[-97.149372,33.154964],[-97.14815,33.154483],[-97.14919,33.152669],[-97.148573,33.150733],[-97.145794,33.149347],[-97.144337,33.151533],[-97.14129,33.151305],[-97.139545,33.149164],[-97.135746,33.147953],[-97.135066,33.145155],[-97.131488,33.141257],[-97.131738,33.139744],[-97.129177,33.139781],[-97.128457,33.139094],[-97.123337,33.138329],[-97.122823,33.137661],[-97.123159,33.136786],[-97.12156,33.136918],[-97.120809,33.135817],[-97.115592,33.13365],[-97.114089,33.131345],[-97.113226,33.13103],[-97.113003,33.129702],[-97.109773,33.130995],[-97.108821,33.130401],[-97.107386,33.13192],[-97.106135,33.131613],[-97.105712,33.12997],[-97.104573,33.129945],[-97.104137,33.129289],[-97.104162,33.128304],[-97.10539,33.127614],[-97.103765,33.127218],[-97.101352,33.124786],[-97.100506,33.124806],[-97.09954,33.125934],[-97.098574,33.125799],[-97.099973,33.123651],[-97.098886,33.122114],[-97.097172,33.121993],[-97.094278,33.119188],[-97.093733,33.117813],[-97.091595,33.118],[-97.091068,33.11891],[-97.089731,33.118629],[-97.088956,33.114815],[-97.087975,33.116645],[-97.087536,33.115166],[-97.085862,33.115868],[-97.0846,33.11508],[-97.083061,33.116894],[-97.083071,33.117708],[-97.077885,33.120314],[-97.07412,33.117646],[-97.071705,33.118647],[-97.069863,33.118449],[-97.06816,33.11623],[-97.069092,33.11252],[-97.068437,33.110173],[-97.060992,33.103521],[-97.065449,33.101118],[-97.070518,33.100163],[-97.075718,33.104613],[-97.077703,33.104628],[-97.07807,33.109552],[-97.07925,33.11031],[-97.079145,33.103017],[-97.086078,33.102424],[-97.085862,33.104024],[-97.086798,33.104657],[-97.088051,33.104537],[-97.088696,33.105548],[-97.089707,33.105497],[-97.090535,33.106402],[-97.090291,33.10761],[-97.092859,33.108789],[-97.09739,33.10644],[-97.096692,33.105649],[-97.097496,33.105109],[-97.096954,33.104728],[-97.097827,33.104367],[-97.103355,33.110655],[-97.103267,33.104598],[-97.099762,33.104041],[-97.103255,33.091875],[-97.104539,33.091893],[-97.104449,33.08236],[-97.103588,33.082001],[-97.103194,33.080513],[-97.109957,33.080747],[-97.10978,33.0799],[-97.10817,33.07873],[-97.108228,33.072167],[-97.11192,33.072211],[-97.11413,33.07309],[-97.1142,33.06665],[-97.11602,33.06685],[-97.116129,33.064693],[-97.1161,33.06372],[-97.11423,33.06356],[-97.11424,33.06221],[-97.12193,33.06223],[-97.12194,33.058529],[-97.123334,33.058539],[-97.123198,33.068015],[-97.127958,33.068027],[-97.127949,33.065438],[-97.13149,33.065437],[-97.131438,33.059393],[-97.1458,33.05941],[-97.145839,33.058849],[-97.149818,33.058475],[-97.150343,33.058897],[-97.150403,33.060695],[-97.148673,33.060086],[-97.148539,33.064017],[-97.150293,33.063992],[-97.157196,33.061541],[-97.157269,33.064551],[-97.161156,33.064572],[-97.161156,33.067557],[-97.160019,33.067566],[-97.159989,33.070028],[-97.162553,33.07009],[-97.167801,33.067387],[-97.166889,33.06559],[-97.168878,33.065373],[-97.168938,33.064722],[-97.178852,33.064778],[-97.177989,33.064399],[-97.178602,33.063775],[-97.178377,33.062508],[-97.177057,33.062758],[-97.177426,33.060898],[-97.181736,33.055563],[-97.18228,33.054465],[-97.181799,33.05361],[-97.183356,33.052852],[-97.182845,33.050891],[-97.188143,33.050914],[-97.201976,33.054361]],[[-97.122384,33.068013],[-97.11918,33.067968],[-97.119204,33.073929],[-97.122318,33.073949],[-97.122901,33.070059],[-97.122354,33.069584],[-97.122384,33.068013]]]},"properties":{"zip":"76226","city":"Argyle","county":"Denton","u2015":7368,"u2023":13668,"added":6300,"growth":85.5,"moe":831,"certain":true,"peak_month":"2022-08","from_peak":-10.8,"value":582901}},{"type":"Feature","geometry":{"type":"Polygon","coordinates":[[[-97.055128,33.271265],[-97.058358,33.277596],[-97.061003,33.277123],[-97.060738,33.278162],[-97.064773,33.280357],[-97.068731,33.278955],[-97.069341,33.279497],[-97.068744,33.280535],[-97.069484,33.282415],[-97.070896,33.282297],[-97.071113,33.28082],[-97.07243,33.280549],[-97.075719,33.281728],[-97.077354,33.281177],[-97.079412,33.281627],[-97.079771,33.282688],[-97.077118,33.282984],[-97.081229,33.284084],[-97.081504,33.284975],[-97.082284,33.285213],[-97.084269,33.283772],[-97.086682,33.283467],[-97.08795,33.284222],[-97.087674,33.28228],[-97.092386,33.281836],[-97.095031,33.279469],[-97.09575,33.277867],[-97.099116,33.278492],[-97.101833,33.28165],[-97.10875,33.284671],[-97.109927,33.286572],[-97.111562,33.287369],[-97.112862,33.289766],[-97.112496,33.290545],[-97.110899,33.290694],[-97.110684,33.291753],[-97.112774,33.292219],[-97.113536,33.293374],[-97.11482,33.293509],[-97.116221,33.292718],[-97.117195,33.293052],[-97.116698,33.293872],[-97.114927,33.294007],[-97.11562,33.294643],[-97.11698,33.294587],[-97.119711,33.297378],[-97.118168,33.299934],[-97.121685,33.299618],[-97.122815,33.298906],[-97.123806,33.299639],[-97.123857,33.300739],[-97.123448,33.301554],[-97.121908,33.302217],[-97.121737,33.30312],[-97.120453,33.303202],[-97.120804,33.303995],[-97.10829,33.303939],[-97.1083,33.309995],[-97.11072,33.31011],[-97.11068,33.31357],[-97.095243,33.313515],[-97.09516,33.329842],[-97.089419,33.329863],[-97.089492,33.342558],[-97.086466,33.342571],[-97.087247,33.343587],[-97.086999,33.346449],[-97.08956,33.346449],[-97.08959,33.35061],[-97.08676,33.34948],[-97.083095,33.349051],[-97.058335,33.352261],[-97.036074,33.357867],[-97.031027,33.346691],[-97.029281,33.341231],[-97.030812,33.338555],[-97.029597,33.334694],[-97.029668,33.332741],[-97.026009,33.329706],[-97.0264,33.328201],[-97.028145,33.327562],[-97.028124,33.326628],[-97.02579,33.327111],[-97.024244,33.326335],[-97.024663,33.324499],[-97.026899,33.324213],[-97.027224,33.32368],[-97.026614,33.322076],[-97.025802,33.323067],[-97.024317,33.322209],[-97.024277,33.323251],[-97.022961,33.32314],[-97.022635,33.324319],[-97.020564,33.323973],[-97.020026,33.325184],[-97.018734,33.325436],[-97.016033,33.327599],[-97.013563,33.327005],[-97.009801,33.327981],[-97.003749,33.328022],[-97.000437,33.328835],[-97.000231,33.330162],[-97.001182,33.330644],[-97.001285,33.331472],[-96.997528,33.331982],[-96.997336,33.331031],[-96.994095,33.331455],[-96.993329,33.330957],[-96.992646,33.332038],[-96.984854,33.331607],[-96.984964,33.322135],[-96.974092,33.32184],[-96.97997,33.31156],[-96.960846,33.310989],[-96.959141,33.305429],[-96.952933,33.306317],[-96.952078,33.306973],[-96.95205,33.306442],[-96.936194,33.308706],[-96.936675,33.299297],[-96.934354,33.297297],[-96.923175,33.296704],[-96.917801,33.297528],[-96.9146,33.29639],[-96.89186,33.295209],[-96.892761,33.279818],[-96.886984,33.279724],[-96.884836,33.280571],[-96.883852,33.279725],[-96.88277,33.279942],[-96.880759,33.28109],[-96.880854,33.283512],[-96.875215,33.287647],[-96.875137,33.284922],[-96.86447,33.284915],[-96.864678,33.272652],[-96.863795,33.271869],[-96.864,33.259175],[-96.863538,33.258419],[-96.865457,33.255741],[-96.867922,33.254351],[-96.870907,33.253695],[-96.8818,33.254359],[-96.88229,33.252071],[-96.884927,33.251849],[-96.885006,33.248024],[-96.879896,33.247887],[-96.880122,33.240899],[-96.8717,33.240731],[-96.87155,33.239106],[-96.874971,33.238239],[-96.875936,33.236959],[-96.878401,33.23579],[-96.880722,33.235608],[-96.880572,33.234831],[-96.882864,33.233176],[-96.882403,33.230286],[-96.886561,33.230528],[-96.886591,33.229667],[-96.888351,33.230019],[-96.889371,33.22837],[-96.888599,33.226443],[-96.889868,33.226738],[-96.890203,33.22492],[-96.892457,33.226223],[-96.89278,33.230805],[-96.89529,33.230919],[-96.895188,33.232687],[-96.897,33.231009],[-96.89805,33.21952],[-96.945986,33.221373],[-96.945605,33.21934],[-96.94624,33.215443],[-96.950623,33.213583],[-96.952317,33.210718],[-96.952561,33.208629],[-96.954986,33.208931],[-96.956745,33.204017],[-96.956841,33.202285],[-96.955213,33.199348],[-96.95298,33.192338],[-96.953709,33.192209],[-96.954179,33.190201],[-96.954641,33.189889],[-96.956465,33.189867],[-96.957733,33.190815],[-96.957628,33.191543],[-96.956466,33.190589],[-96.954388,33.190184],[-96.955146,33.191124],[-96.954276,33.192998],[-96.955924,33.193672],[-96.954811,33.19387],[-96.955843,33.195802],[-96.957894,33.195445],[-96.957878,33.198333],[-96.959993,33.200687],[-96.961948,33.200733],[-96.96299,33.20156],[-96.96307,33.205019],[-96.97138,33.204729],[-96.9776,33.2035],[-96.97852,33.20188],[-96.97886,33.19798],[-96.97697,33.19589],[-96.991548,33.196418],[-96.990798,33.206628],[-96.997261,33.206738],[-96.998729,33.206485],[-97.002683,33.202852],[-97.004328,33.202669],[-97.004369,33.201016],[-97.008471,33.200296],[-97.011045,33.198074],[-97.011906,33.196038],[-97.011149,33.194968],[-97.01205,33.193837],[-97.011991,33.19045],[-97.011393,33.189763],[-97.012012,33.18849],[-97.019775,33.188336],[-97.020279,33.199542],[-97.023665,33.202979],[-97.026473,33.209983],[-97.028981,33.212311],[-97.03073,33.216564],[-97.031195,33.222019],[-97.036072,33.237191],[-97.036669,33.255308],[-97.037592,33.259203],[-97.042546,33.264533],[-97.046402,33.263863],[-97.049337,33.264116],[-97.049916,33.263044],[-97.052485,33.263478],[-97.054039,33.264668],[-97.054361,33.263457],[-97.053339,33.262281],[-97.055042,33.262708],[-97.057577,33.266027],[-97.056963,33.267485],[-97.055386,33.267218],[-97.054959,33.267927],[-97.055128,33.271265]]]},"properties":{"zip":"76227","city":"Aubrey","county":"Denton","u2015":8845,"u2023":20970,"added":12125,"growth":137.1,"moe":1005,"certain":true,"peak_month":"2022-07","from_peak":-19.3,"value":359927}},{"type":"Feature","geometry":{"type":"Polygon","coordinates":[[[-97.672909,33.178396],[-97.672654,33.181238],[-97.673955,33.182516],[-97.674025,33.185816],[-97.674947,33.187675],[-97.67613,33.189604],[-97.678405,33.19027],[-97.68049,33.193299],[-97.678078,33.194145],[-97.677535,33.195229],[-97.67386,33.19519],[-97.672898,33.198043],[-97.675925,33.201127],[-97.678783,33.202639],[-97.681993,33.203943],[-97.683053,33.202084],[-97.684197,33.203948],[-97.685152,33.203322],[-97.68557,33.204119],[-97.687382,33.204823],[-97.689475,33.209644],[-97.689723,33.2138],[-97.688971,33.217115],[-97.69058,33.225087],[-97.690083,33.226868],[-97.691051,33.227473],[-97.690678,33.228435],[-97.692549,33.228809],[-97.692424,33.230029],[-97.693196,33.230211],[-97.693576,33.231255],[-97.694694,33.231414],[-97.694439,33.233273],[-97.69283,33.233828],[-97.693399,33.234444],[-97.691522,33.237528],[-97.692097,33.239018],[-97.691463,33.241811],[-97.692575,33.243284],[-97.691312,33.243438],[-97.69092,33.244999],[-97.692418,33.248661],[-97.691522,33.249958],[-97.692277,33.251614],[-97.693651,33.252246],[-97.693082,33.254786],[-97.693927,33.256693],[-97.693724,33.259613],[-97.692684,33.260492],[-97.686742,33.261922],[-97.682789,33.265072],[-97.683679,33.269349],[-97.679902,33.272471],[-97.678842,33.273747],[-97.678822,33.274769],[-97.666742,33.273139],[-97.665753,33.283718],[-97.657796,33.283609],[-97.648715,33.271197],[-97.644479,33.264263],[-97.643466,33.267383],[-97.639584,33.27296],[-97.639164,33.274801],[-97.629282,33.275063],[-97.629479,33.281235],[-97.631821,33.283843],[-97.62308,33.283683],[-97.620335,33.282788],[-97.62187,33.284994],[-97.629697,33.291267],[-97.629835,33.30267],[-97.625073,33.302614],[-97.624668,33.303297],[-97.622495,33.303559],[-97.612521,33.303524],[-97.608947,33.305803],[-97.606466,33.306574],[-97.605825,33.308589],[-97.60495,33.308526],[-97.6068,33.316302],[-97.606626,33.318669],[-97.610265,33.325654],[-97.610279,33.332955],[-97.598119,33.332999],[-97.597634,33.335379],[-97.593382,33.335188],[-97.593126,33.336923],[-97.589008,33.336968],[-97.588874,33.338419],[-97.586843,33.341374],[-97.587653,33.346447],[-97.585538,33.348777],[-97.579867,33.352265],[-97.576938,33.355391],[-97.5786,33.355755],[-97.580569,33.357667],[-97.581461,33.361304],[-97.585768,33.362579],[-97.583943,33.365255],[-97.584788,33.365943],[-97.572633,33.376591],[-97.57542,33.379183],[-97.575482,33.380312],[-97.577774,33.381897],[-97.562403,33.394139],[-97.558989,33.394562],[-97.557124,33.396867],[-97.552151,33.40094],[-97.553685,33.40329],[-97.555973,33.405181],[-97.564736,33.410151],[-97.565994,33.410002],[-97.570845,33.414202],[-97.571704,33.415961],[-97.571121,33.420463],[-97.574111,33.423696],[-97.57497,33.425971],[-97.577304,33.428033],[-97.57975,33.43188],[-97.582231,33.433993],[-97.487065,33.433681],[-97.48693,33.448266],[-97.465989,33.44837],[-97.466017,33.442666],[-97.455382,33.442598],[-97.454653,33.447052],[-97.443189,33.446826],[-97.443024,33.452289],[-97.438372,33.452175],[-97.437532,33.453369],[-97.435657,33.454067],[-97.43605,33.454958],[-97.433932,33.456915],[-97.432968,33.458982],[-97.431853,33.459069],[-97.430193,33.460476],[-97.42778,33.46035],[-97.427872,33.461218],[-97.426055,33.461658],[-97.426055,33.462307],[-97.424586,33.463027],[-97.423248,33.463202],[-97.422422,33.462389],[-97.422382,33.46335],[-97.421372,33.463939],[-97.418288,33.463157],[-97.416624,33.462069],[-97.41057,33.461506],[-97.407996,33.458782],[-97.402109,33.460563],[-97.400972,33.459345],[-97.398984,33.458671],[-97.397195,33.458866],[-97.39509,33.460033],[-97.39106,33.459525],[-97.386343,33.457354],[-97.385392,33.458152],[-97.381984,33.456127],[-97.381492,33.455185],[-97.38189,33.45339],[-97.37999,33.452963],[-97.379124,33.450947],[-97.377956,33.450013],[-97.376872,33.449671],[-97.375168,33.450251],[-97.37453,33.44804],[-97.377217,33.447812],[-97.374342,33.44772],[-97.372536,33.446564],[-97.369763,33.446789],[-97.368938,33.446141],[-97.366505,33.447197],[-97.366479,33.446111],[-97.362975,33.444628],[-97.361173,33.441321],[-97.356148,33.440689],[-97.35399,33.43733],[-97.352712,33.436586],[-97.352377,33.434994],[-97.350435,33.435098],[-97.348928,33.4336],[-97.346039,33.434647],[-97.345003,33.432949],[-97.343145,33.432269],[-97.342913,33.430116],[-97.343594,33.428854],[-97.342698,33.427824],[-97.343214,33.426629],[-97.342595,33.425384],[-97.35898,33.41688],[-97.384628,33.396266],[-97.385249,33.371969],[-97.35016,33.3714],[-97.35045,33.356119],[-97.34919,33.356879],[-97.34316,33.356749],[-97.34348,33.34384],[-97.34242,33.34218],[-97.36385,33.34229],[-97.36781,33.34396],[-97.37686,33.35176],[-97.379568,33.349635],[-97.38098,33.349553],[-97.386073,33.35366],[-97.387012,33.332316],[-97.387691,33.332678],[-97.389994,33.33098],[-97.395624,33.33576],[-97.395767,33.336219],[-97.393338,33.338522],[-97.397736,33.342336],[-97.409558,33.332585],[-97.417319,33.338936],[-97.424574,33.332967],[-97.423613,33.331983],[-97.423079,33.329289],[-97.425007,33.323042],[-97.424532,33.31595],[-97.426093,33.313651],[-97.425032,33.309544],[-97.425962,33.309426],[-97.425743,33.30791],[-97.426587,33.306563],[-97.426142,33.305179],[-97.425164,33.305046],[-97.424467,33.303866],[-97.425129,33.302478],[-97.423956,33.299282],[-97.421911,33.296832],[-97.420839,33.298988],[-97.421318,33.300075],[-97.420804,33.301382],[-97.418564,33.303773],[-97.420143,33.306077],[-97.421431,33.306797],[-97.411411,33.318999],[-97.406564,33.317528],[-97.403724,33.315138],[-97.401379,33.310256],[-97.399636,33.308083],[-97.39991,33.307077],[-97.401768,33.305592],[-97.400376,33.303966],[-97.394603,33.310367],[-97.392054,33.308374],[-97.38767,33.30769],[-97.389467,33.268249],[-97.394242,33.268214],[-97.394288,33.267069],[-97.400545,33.265397],[-97.406412,33.261961],[-97.408684,33.259677],[-97.409481,33.255983],[-97.408807,33.254546],[-97.406245,33.252787],[-97.40465,33.252571],[-97.403739,33.249259],[-97.390819,33.246106],[-97.394207,33.13177],[-97.396332,33.131992],[-97.397521,33.133186],[-97.400735,33.133665],[-97.403877,33.137486],[-97.406811,33.137053],[-97.40804,33.134458],[-97.410654,33.13386],[-97.413561,33.134883],[-97.415402,33.138665],[-97.419989,33.140645],[-97.42325,33.139997],[-97.426504,33.142487],[-97.428418,33.144917],[-97.429784,33.145368],[-97.430855,33.14765],[-97.43456,33.147969],[-97.437226,33.148969],[-97.437553,33.150635],[-97.438566,33.151426],[-97.438524,33.157959],[-97.443435,33.158234],[-97.444115,33.1607],[-97.443174,33.16269],[-97.444148,33.166274],[-97.443168,33.168308],[-97.443789,33.171772],[-97.445835,33.173602],[-97.44832,33.17955],[-97.449706,33.181062],[-97.449765,33.18231],[-97.451223,33.18348],[-97.451494,33.171398],[-97.453968,33.171037],[-97.453943,33.158661],[-97.457037,33.153404],[-97.461741,33.155608],[-97.464604,33.155822],[-97.4685,33.15808],[-97.469414,33.157486],[-97.469088,33.159064],[-97.470265,33.15991],[-97.474945,33.160036],[-97.473625,33.160871],[-97.474632,33.161806],[-97.474606,33.163065],[-97.473299,33.163527],[-97.47324,33.164489],[-97.474137,33.166534],[-97.475359,33.166984],[-97.47568,33.169551],[-97.476936,33.170221],[-97.477903,33.170001],[-97.479845,33.171364],[-97.481439,33.170818],[-97.480912,33.173183],[-97.482197,33.1761],[-97.482154,33.178103],[-97.481413,33.179449],[-97.478239,33.179735],[-97.478114,33.183181],[-97.477169,33.18488],[-97.477967,33.187227],[-97.47713,33.188501],[-97.478415,33.189653],[-97.481304,33.190886],[-97.502669,33.191279],[-97.502801,33.184131],[-97.505114,33.182381],[-97.508892,33.176865],[-97.514054,33.17592],[-97.523451,33.170692],[-97.535264,33.170436],[-97.536402,33.169586],[-97.520827,33.157252],[-97.506306,33.149113],[-97.509037,33.14904],[-97.508828,33.1458],[-97.50785,33.145592],[-97.508128,33.14378],[-97.506842,33.142144],[-97.507132,33.140331],[-97.505522,33.138333],[-97.50785,33.13796],[-97.507073,33.13279],[-97.493325,33.131741],[-97.489952,33.125848],[-97.48272,33.118701],[-97.478121,33.111378],[-97.473685,33.105811],[-97.47166,33.1015],[-97.471192,33.097485],[-97.472685,33.080883],[-97.473341,33.081936],[-97.474416,33.082257],[-97.493031,33.082231],[-97.494809,33.084461],[-97.494026,33.085295],[-97.495097,33.087294],[-97.500874,33.085585],[-97.499905,33.086969],[-97.500462,33.087853],[-97.503166,33.08916],[-97.503155,33.092449],[-97.516837,33.092395],[-97.518714,33.094723],[-97.518812,33.097232],[-97.536389,33.0971],[-97.536456,33.099645],[-97.546676,33.099587],[-97.546879,33.107022],[-97.568792,33.106848],[-97.573702,33.111047],[-97.574799,33.110157],[-97.575197,33.108772],[-97.573133,33.103472],[-97.572159,33.102708],[-97.572545,33.102043],[-97.571728,33.101284],[-97.570938,33.101493],[-97.57065,33.100526],[-97.571591,33.099877],[-97.572257,33.09814],[-97.571839,33.09704],[-97.572237,33.096166],[-97.574164,33.0956],[-97.574625,33.093809],[-97.573924,33.093369],[-97.573974,33.092456],[-97.575645,33.092098],[-97.575561,33.090345],[-97.573407,33.088945],[-97.572461,33.089571],[-97.572949,33.090493],[-97.572129,33.09061],[-97.56999,33.089003],[-97.569045,33.089208],[-97.56821,33.087696],[-97.574909,33.088537],[-97.576207,33.08904],[-97.576208,33.089618],[-97.580204,33.089953],[-97.583737,33.08815],[-97.586487,33.087731],[-97.590229,33.090133],[-97.591954,33.090072],[-97.591889,33.092008],[-97.594195,33.095471],[-97.595143,33.095564],[-97.597887,33.098109],[-97.59792,33.099917],[-97.595628,33.101287],[-97.596316,33.107218],[-97.600863,33.110835],[-97.611112,33.10921],[-97.61739,33.110389],[-97.622403,33.112354],[-97.625215,33.111834],[-97.628045,33.11214],[-97.629679,33.110177],[-97.63446,33.111834],[-97.635119,33.112972],[-97.636419,33.11338],[-97.637221,33.114738],[-97.636618,33.118146],[-97.638387,33.120462],[-97.638138,33.121281],[-97.639118,33.122194],[-97.640719,33.121645],[-97.643103,33.123405],[-97.646876,33.128483],[-97.647318,33.12992],[-97.649406,33.131755],[-97.649464,33.133787],[-97.650418,33.134761],[-97.649508,33.136915],[-97.650802,33.136893],[-97.652845,33.138032],[-97.653097,33.139882],[-97.65399,33.138619],[-97.655648,33.139072],[-97.656546,33.141855],[-97.657994,33.143769],[-97.656277,33.147855],[-97.656539,33.149569],[-97.655107,33.149802],[-97.655794,33.151291],[-97.654727,33.151578],[-97.654453,33.15297],[-97.657373,33.153958],[-97.657251,33.155568],[-97.655484,33.157511],[-97.655047,33.160694],[-97.655876,33.161402],[-97.657583,33.160792],[-97.659016,33.162436],[-97.65763,33.163338],[-97.658006,33.16517],[-97.657469,33.166373],[-97.660573,33.166633],[-97.6594,33.167659],[-97.661307,33.168486],[-97.665035,33.168504],[-97.666297,33.167353],[-97.667396,33.167849],[-97.668106,33.169824],[-97.667691,33.171123],[-97.668551,33.172221],[-97.669983,33.172827],[-97.671431,33.172387],[-97.673909,33.174826],[-97.672623,33.176075],[-97.674675,33.177887],[-97.672909,33.178396]]]},"properties":{"zip":"76234","city":"Decatur","county":"Wise","u2015":5905,"u2023":8047,"added":2142,"growth":36.3,"moe":578,"certain":true,"peak_month":"2025-03","from_peak":-1.4,"value":433292}},{"type":"Feature","geometry":{"type":"Polygon","coordinates":[[[-97.254248,32.97214],[-97.246381,32.971631],[-97.254793,32.955432],[-97.254257,32.946933],[-97.2549,32.934612],[-97.263951,32.934646],[-97.265543,32.934023],[-97.265551,32.929198],[-97.261463,32.929219],[-97.261271,32.916631],[-97.255881,32.916559],[-97.258987,32.894914],[-97.271595,32.894792],[-97.278535,32.892583],[-97.28464,32.892516],[-97.289638,32.893873],[-97.289677,32.890752],[-97.297687,32.890769],[-97.297494,32.892415],[-97.298253,32.892448],[-97.29878,32.892386],[-97.298912,32.890779],[-97.306971,32.890777],[-97.306958,32.895926],[-97.310089,32.896251],[-97.313808,32.898345],[-97.317054,32.898473],[-97.316899,32.927655],[-97.310679,32.948026],[-97.310319,32.958499],[-97.304194,32.95937],[-97.293121,32.966279],[-97.277333,32.972049],[-97.254248,32.97214]]]},"properties":{"zip":"76244","city":"Fort Worth","county":"Tarrant","u2015":22004,"u2023":26098,"added":4094,"growth":18.6,"moe":1451,"certain":true,"peak_month":"2022-08","from_peak":-10.3,"value":386438}},{"type":"Feature","geometry":{"type":"Polygon","coordinates":[[[-97.22649,33.096511],[-97.2484,33.05576],[-97.260412,33.040956],[-97.264087,33.037411],[-97.267116,33.038912],[-97.277223,33.038038],[-97.277323,33.039755],[-97.278741,33.041809],[-97.281072,33.042611],[-97.283089,33.041795],[-97.285916,33.037683],[-97.28856,33.038234],[-97.302414,33.03829],[-97.30233,33.039968],[-97.298407,33.03974],[-97.298442,33.042901],[-97.30432,33.042901],[-97.30534,33.040278],[-97.305828,33.040309],[-97.306635,33.037003],[-97.306335,33.037666],[-97.302395,33.036831],[-97.302437,33.034044],[-97.298499,33.033977],[-97.298526,33.031693],[-97.302396,33.031724],[-97.302339,33.029635],[-97.30026,33.029576],[-97.30024,33.02676],[-97.302891,33.026899],[-97.309346,33.029156],[-97.31068,33.02431],[-97.31614,33.02445],[-97.316638,33.029439],[-97.32134,33.02966],[-97.32159,33.03096],[-97.32455,33.03307],[-97.32461,33.03476],[-97.3252,33.0349],[-97.39179,33.03617],[-97.391719,33.039676],[-97.392425,33.03981],[-97.391719,33.039802],[-97.39167,33.043512],[-97.39235,33.043519],[-97.392327,33.045071],[-97.393178,33.045094],[-97.393112,33.048208],[-97.391617,33.048237],[-97.391333,33.065061],[-97.396203,33.067343],[-97.392833,33.17836],[-97.391372,33.177916],[-97.390315,33.175379],[-97.388015,33.175634],[-97.387682,33.174585],[-97.386528,33.174777],[-97.384745,33.172803],[-97.381684,33.172249],[-97.380422,33.170005],[-97.381019,33.169331],[-97.380656,33.168781],[-97.379484,33.168926],[-97.378732,33.168311],[-97.37612,33.168777],[-97.374724,33.168152],[-97.375229,33.170064],[-97.369206,33.167167],[-97.36138,33.1663],[-97.36169,33.16125],[-97.345573,33.161005],[-97.345723,33.164879],[-97.341064,33.164987],[-97.340417,33.163567],[-97.336086,33.16234],[-97.334671,33.160033],[-97.335939,33.159419],[-97.335671,33.157531],[-97.333433,33.158709],[-97.33239,33.158194],[-97.332051,33.156528],[-97.333634,33.155375],[-97.33198,33.152178],[-97.323072,33.164133],[-97.32695,33.16426],[-97.32696,33.17721],[-97.32394,33.17899],[-97.309764,33.178993],[-97.309881,33.178452],[-97.307349,33.179361],[-97.307456,33.170817],[-97.297984,33.170797],[-97.299287,33.160176],[-97.28963,33.160231],[-97.289458,33.150607],[-97.26648,33.15055],[-97.26656,33.12706],[-97.26521,33.12692],[-97.26528,33.11356],[-97.26428,33.11329],[-97.26443,33.101438],[-97.255118,33.10129],[-97.252923,33.100693],[-97.235474,33.100572],[-97.235492,33.096521],[-97.22649,33.096511]]]},"properties":{"zip":"76247","city":"Justin","county":"Denton","u2015":4102,"u2023":6610,"added":2508,"growth":61.1,"moe":567,"certain":true,"peak_month":"2022-08","from_peak":-11.3,"value":406856}},{"type":"Feature","geometry":{"type":"Polygon","coordinates":[[[-97.260907,32.916629],[-97.261463,32.929219],[-97.265551,32.929198],[-97.265543,32.934023],[-97.263951,32.934646],[-97.2549,32.934612],[-97.254257,32.946933],[-97.254793,32.955432],[-97.250588,32.963515],[-97.250836,32.962409],[-97.232031,32.964471],[-97.232043,32.963684],[-97.227928,32.963706],[-97.228088,32.956305],[-97.225671,32.956215],[-97.225649,32.953224],[-97.22465,32.952539],[-97.22476,32.948936],[-97.220702,32.948921],[-97.220443,32.947833],[-97.217199,32.949098],[-97.216985,32.950857],[-97.211007,32.950863],[-97.210814,32.949302],[-97.208387,32.949252],[-97.208221,32.946658],[-97.20624,32.94637],[-97.204606,32.942991],[-97.203106,32.942473],[-97.203142,32.927058],[-97.185903,32.926887],[-97.186179,32.923988],[-97.182982,32.922213],[-97.182697,32.921255],[-97.180022,32.921825],[-97.180019,32.922503],[-97.178355,32.923513],[-97.177522,32.922071],[-97.176724,32.922513],[-97.176637,32.911814],[-97.197602,32.911816],[-97.197745,32.907553],[-97.214445,32.907564],[-97.214217,32.90029],[-97.225854,32.900263],[-97.225817,32.892363],[-97.254773,32.892609],[-97.254732,32.894804],[-97.258987,32.894914],[-97.255881,32.916559],[-97.260907,32.916629]]]},"properties":{"zip":"76248","city":"Keller","county":"Tarrant","u2015":12865,"u2023":14749,"added":1884,"growth":14.6,"moe":612,"certain":true,"peak_month":"2025-01","from_peak":-1.1,"value":596475}},{"type":"Feature","geometry":{"type":"Polygon","coordinates":[[[-97.2379,33.295949],[-97.237384,33.30919],[-97.233722,33.309143],[-97.23376,33.306212],[-97.218285,33.306131],[-97.217886,33.298538],[-97.210368,33.299267],[-97.20801,33.29677],[-97.204675,33.299225],[-97.20886,33.294663],[-97.209599,33.292046],[-97.209344,33.289985],[-97.195133,33.264429],[-97.19647,33.264428],[-97.19728,33.24137],[-97.207396,33.241509],[-97.207396,33.239703],[-97.20873,33.239303],[-97.20863,33.245379],[-97.21899,33.2455],[-97.21935,33.24466],[-97.228279,33.244227],[-97.22834,33.242542],[-97.225945,33.2414],[-97.226155,33.239744],[-97.223875,33.239089],[-97.222559,33.237367],[-97.221583,33.237651],[-97.221016,33.236634],[-97.218697,33.23576],[-97.221038,33.235818],[-97.221045,33.23361],[-97.217888,33.233409],[-97.217455,33.231706],[-97.220555,33.231836],[-97.220081,33.230981],[-97.221189,33.231067],[-97.221398,33.225074],[-97.220041,33.225003],[-97.219642,33.223774],[-97.218009,33.223744],[-97.218712,33.216867],[-97.217824,33.21642],[-97.216654,33.21708],[-97.215825,33.21575],[-97.217025,33.213619],[-97.216643,33.211337],[-97.215126,33.209868],[-97.215277,33.207586],[-97.216784,33.206443],[-97.216403,33.205463],[-97.217126,33.204239],[-97.226824,33.20499],[-97.229125,33.203668],[-97.231827,33.203572],[-97.23176,33.20745],[-97.24026,33.20756],[-97.240424,33.20507],[-97.241918,33.205339],[-97.242508,33.20768],[-97.243758,33.207348],[-97.249994,33.209777],[-97.251076,33.209609],[-97.252027,33.211253],[-97.251927,33.212466],[-97.253842,33.213538],[-97.254756,33.214848],[-97.253444,33.222358],[-97.254681,33.222515],[-97.255246,33.22354],[-97.25714,33.224269],[-97.255167,33.226806],[-97.258455,33.227043],[-97.261039,33.228747],[-97.261862,33.231146],[-97.262743,33.231721],[-97.263129,33.233718],[-97.264974,33.235919],[-97.297202,33.237503],[-97.297623,33.238436],[-97.298769,33.238442],[-97.298769,33.23758],[-97.355443,33.240878],[-97.35537,33.246243],[-97.352529,33.246315],[-97.353193,33.263625],[-97.389752,33.263899],[-97.38767,33.30769],[-97.392054,33.308374],[-97.394603,33.310367],[-97.400376,33.303966],[-97.401768,33.305592],[-97.39991,33.307077],[-97.399636,33.308083],[-97.401379,33.310256],[-97.403724,33.315138],[-97.406564,33.317528],[-97.411411,33.318999],[-97.421431,33.306797],[-97.420143,33.306077],[-97.418564,33.303773],[-97.420804,33.301382],[-97.421318,33.300075],[-97.420839,33.298988],[-97.421911,33.296832],[-97.423809,33.299021],[-97.425129,33.302478],[-97.424467,33.303866],[-97.425164,33.305046],[-97.426142,33.305179],[-97.42659,33.306648],[-97.425743,33.30791],[-97.425962,33.309426],[-97.425032,33.309544],[-97.426093,33.313651],[-97.424532,33.31595],[-97.425007,33.323042],[-97.423079,33.329289],[-97.423613,33.331983],[-97.424574,33.332967],[-97.417319,33.338936],[-97.409558,33.332585],[-97.397736,33.342336],[-97.393338,33.338522],[-97.395767,33.336219],[-97.395624,33.33576],[-97.389994,33.33098],[-97.387691,33.332678],[-97.387012,33.332316],[-97.386073,33.35366],[-97.38098,33.349553],[-97.379568,33.349635],[-97.37686,33.35176],[-97.36781,33.34396],[-97.36385,33.34229],[-97.34262,33.342059],[-97.34348,33.34384],[-97.34316,33.356749],[-97.333981,33.356574],[-97.334178,33.341816],[-97.33334,33.34171],[-97.33092,33.33946],[-97.330805,33.334159],[-97.29916,33.333419],[-97.29922,33.32085],[-97.2882,33.320639],[-97.28792,33.31826],[-97.26336,33.31725],[-97.26395,33.296599],[-97.2379,33.295949]]]},"properties":{"zip":"76249","city":"Krum","county":"Denton","u2015":2754,"u2023":3375,"added":621,"growth":22.5,"moe":433,"certain":true,"peak_month":"2022-08","from_peak":-11.0,"value":345288}},{"type":"Feature","geometry":{"type":"Polygon","coordinates":[[[-96.93205,33.448989],[-96.923081,33.446268],[-96.916618,33.446476],[-96.907337,33.448124],[-96.903915,33.447125],[-96.900872,33.447759],[-96.90036,33.447391],[-96.901194,33.445589],[-96.900572,33.442934],[-96.899956,33.442857],[-96.900179,33.443681],[-96.899332,33.444769],[-96.897032,33.444021],[-96.89601,33.442652],[-96.894633,33.442597],[-96.893939,33.441327],[-96.893093,33.442563],[-96.890831,33.442375],[-96.88802,33.44078],[-96.885619,33.442422],[-96.88499,33.442318],[-96.884762,33.44101],[-96.883797,33.442619],[-96.880861,33.441387],[-96.876757,33.442377],[-96.876044,33.441724],[-96.874986,33.441887],[-96.873604,33.440141],[-96.873948,33.44153],[-96.870684,33.44399],[-96.867185,33.444163],[-96.866635,33.445521],[-96.865789,33.445231],[-96.865043,33.446135],[-96.864289,33.445206],[-96.862834,33.446251],[-96.859262,33.447005],[-96.857203,33.446495],[-96.857098,33.447369],[-96.855971,33.447067],[-96.853205,33.448898],[-96.849501,33.448481],[-96.849298,33.449091],[-96.846688,33.448729],[-96.844597,33.449224],[-96.843633,33.447707],[-96.8428,33.448219],[-96.840788,33.447686],[-96.840585,33.448181],[-96.839358,33.447626],[-96.838985,33.448104],[-96.838467,33.447236],[-96.83692,33.448627],[-96.834822,33.447517],[-96.834258,33.44639],[-96.832947,33.44877],[-96.832213,33.446209],[-96.831524,33.445825],[-96.829249,33.447078],[-96.826908,33.447335],[-96.827448,33.425456],[-96.834327,33.4254],[-96.834674,33.413251],[-96.841098,33.413377],[-96.841171,33.405589],[-96.834004,33.405504],[-96.83622,33.321852],[-96.846015,33.32182],[-96.847275,33.322401],[-96.853232,33.32251],[-96.85385,33.31609],[-96.866795,33.31642],[-96.867077,33.314157],[-96.869757,33.312185],[-96.869446,33.311608],[-96.867575,33.311345],[-96.867681,33.310524],[-96.874813,33.308521],[-96.873536,33.307222],[-96.873639,33.306292],[-96.877141,33.30633],[-96.878611,33.305642],[-96.878834,33.304001],[-96.880366,33.304645],[-96.879874,33.302968],[-96.882006,33.302242],[-96.883274,33.302636],[-96.883111,33.301603],[-96.88189,33.301313],[-96.881092,33.301918],[-96.879946,33.300776],[-96.882353,33.299799],[-96.881302,33.297327],[-96.88331,33.29712],[-96.888637,33.289715],[-96.89098,33.289513],[-96.89225,33.288395],[-96.89186,33.295209],[-96.9146,33.29639],[-96.917801,33.297528],[-96.923175,33.296704],[-96.934513,33.297347],[-96.936675,33.299297],[-96.936194,33.308706],[-96.95205,33.306442],[-96.952078,33.306973],[-96.952933,33.306317],[-96.959141,33.305429],[-96.960846,33.310989],[-96.97997,33.31156],[-96.974092,33.32184],[-96.984964,33.322135],[-96.984854,33.331607],[-96.992646,33.332038],[-96.993329,33.330957],[-96.994095,33.331455],[-96.997336,33.331031],[-96.997528,33.331982],[-97.001285,33.331472],[-97.001182,33.330644],[-97.000231,33.330162],[-97.000437,33.328835],[-97.003749,33.328022],[-97.009801,33.327981],[-97.013563,33.327005],[-97.016033,33.327599],[-97.018734,33.325436],[-97.020026,33.325184],[-97.020564,33.323973],[-97.022635,33.324319],[-97.022961,33.32314],[-97.024277,33.323251],[-97.024317,33.322209],[-97.025802,33.323067],[-97.026614,33.322076],[-97.027224,33.32368],[-97.026899,33.324213],[-97.024663,33.324499],[-97.024244,33.326335],[-97.02579,33.327111],[-97.028124,33.326628],[-97.028145,33.327562],[-97.0264,33.328201],[-97.025982,33.329403],[-97.026809,33.330793],[-97.029668,33.332741],[-97.029597,33.334694],[-97.030812,33.338555],[-97.029281,33.341231],[-97.035204,33.356167],[-97.036074,33.357867],[-97.0372,33.358074],[-97.034582,33.358784],[-97.034938,33.359609],[-97.034419,33.360951],[-97.032726,33.361314],[-97.031349,33.36038],[-97.030503,33.360653],[-97.03316,33.363055],[-97.031886,33.364382],[-97.031001,33.364486],[-97.0302,33.363695],[-97.028508,33.364913],[-97.023857,33.365592],[-97.022317,33.365015],[-97.020981,33.366335],[-97.020269,33.365629],[-97.015077,33.368865],[-97.012594,33.369996],[-97.011583,33.369511],[-97.01116,33.370528],[-97.009975,33.370708],[-97.011277,33.371712],[-97.014168,33.371837],[-97.013975,33.37229],[-97.015155,33.372646],[-97.014667,33.375237],[-97.015246,33.375934],[-97.016192,33.374195],[-97.017681,33.374433],[-97.017147,33.372149],[-97.018024,33.370984],[-97.020527,33.369985],[-97.021588,33.371245],[-97.018981,33.374527],[-97.020312,33.374808],[-97.023717,33.373499],[-97.024019,33.375278],[-97.025972,33.374574],[-97.026703,33.375807],[-97.027437,33.375631],[-97.029488,33.376815],[-97.031218,33.37677],[-97.032345,33.377581],[-97.02974,33.37849],[-97.031905,33.378355],[-97.032258,33.378844],[-97.034043,33.378324],[-97.032904,33.379019],[-97.03381,33.380851],[-97.032721,33.380862],[-97.032209,33.38179],[-97.033584,33.383028],[-97.033472,33.38378],[-97.030788,33.384103],[-97.029907,33.38266],[-97.029323,33.382675],[-97.029891,33.385945],[-97.027302,33.386555],[-97.025966,33.385872],[-97.025687,33.383809],[-97.025021,33.383933],[-97.025162,33.384829],[-97.024456,33.385154],[-97.025574,33.386771],[-97.025391,33.388194],[-97.023364,33.389894],[-97.02173,33.390337],[-97.021126,33.391427],[-97.018349,33.392356],[-97.016738,33.392429],[-97.016288,33.390148],[-97.014091,33.388346],[-97.013067,33.388485],[-97.012099,33.392263],[-97.011246,33.392587],[-97.00898,33.39173],[-97.00802,33.390517],[-97.00906,33.389493],[-97.007274,33.388748],[-97.008233,33.387991],[-97.008233,33.386867],[-97.009103,33.385745],[-97.009082,33.384511],[-97.008051,33.384056],[-97.008392,33.383408],[-97.009301,33.38347],[-97.009079,33.381979],[-97.007906,33.38156],[-97.007097,33.382773],[-97.0062,33.38282],[-97.006829,33.383294],[-97.006952,33.386072],[-97.004972,33.384774],[-97.004595,33.385337],[-97.002783,33.38555],[-97.002747,33.386384],[-97.001277,33.38602],[-96.998511,33.386756],[-96.997451,33.385917],[-96.996909,33.386173],[-96.996547,33.384859],[-96.99556,33.384929],[-96.996213,33.382112],[-96.995167,33.382358],[-96.995135,33.381037],[-96.994232,33.380463],[-96.99372,33.378843],[-96.992941,33.379564],[-96.993943,33.38174],[-96.991661,33.380132],[-96.990674,33.380166],[-96.990667,33.38101],[-96.993689,33.384287],[-96.990965,33.385094],[-96.991593,33.385706],[-96.990918,33.386248],[-96.989517,33.385942],[-96.989188,33.386496],[-96.989896,33.387237],[-96.988456,33.386747],[-96.988886,33.387774],[-96.98997,33.388229],[-96.989853,33.389608],[-96.988794,33.390002],[-96.988355,33.39186],[-96.988971,33.391866],[-96.989234,33.391033],[-96.990948,33.390987],[-96.99191,33.388503],[-96.993938,33.387814],[-96.9942,33.388675],[-96.994863,33.388792],[-96.994949,33.392057],[-96.995909,33.392702],[-96.994303,33.392712],[-96.99362,33.393915],[-96.996616,33.393872],[-96.99806,33.395488],[-96.997696,33.397036],[-96.996444,33.398221],[-96.997401,33.398364],[-96.998769,33.399887],[-97.001513,33.397475],[-97.003747,33.397101],[-97.004398,33.397697],[-97.005138,33.397038],[-97.006229,33.397706],[-97.006792,33.396476],[-97.007556,33.397514],[-97.006889,33.398275],[-97.009204,33.399875],[-97.010377,33.399611],[-97.009825,33.401561],[-97.008802,33.402023],[-97.008208,33.401503],[-97.006344,33.403242],[-97.004531,33.401757],[-97.003771,33.399278],[-97.002837,33.401888],[-97.00092,33.403261],[-97.000792,33.404268],[-97.002,33.405602],[-97.001219,33.405793],[-97.001561,33.406441],[-97.000086,33.407425],[-96.99987,33.40879],[-96.998527,33.40873],[-96.998037,33.410522],[-96.997979,33.409438],[-96.997179,33.40935],[-96.996926,33.410189],[-96.996705,33.408752],[-96.995696,33.408291],[-96.994307,33.408963],[-96.99138,33.40911],[-96.990818,33.408628],[-96.990218,33.409113],[-96.989331,33.408449],[-96.988423,33.408979],[-96.988522,33.408356],[-96.987345,33.407758],[-96.987101,33.409253],[-96.98463,33.409112],[-96.985804,33.411193],[-96.987903,33.410778],[-96.989323,33.412518],[-96.989926,33.412473],[-96.992063,33.414875],[-96.991995,33.416941],[-96.990388,33.414874],[-96.987004,33.41403],[-96.986794,33.414524],[-96.984323,33.41482],[-96.983964,33.416148],[-96.98283,33.41612],[-96.983035,33.417677],[-96.94386,33.41641],[-96.943665,33.445238],[-96.940828,33.446733],[-96.937863,33.449421],[-96.93205,33.448989]]]},"properties":{"zip":"76258","city":"Pilot Point","county":"Denton","u2015":2739,"u2023":3079,"added":340,"growth":12.4,"moe":417,"certain":false,"peak_month":"2022-07","from_peak":-15.3,"value":332018}},{"type":"Feature","geometry":{"type":"Polygon","coordinates":[[[-97.309764,33.178993],[-97.32394,33.17899],[-97.32696,33.17721],[-97.32695,33.16426],[-97.323072,33.164133],[-97.33198,33.152178],[-97.333634,33.155375],[-97.332051,33.156528],[-97.33239,33.158194],[-97.333433,33.158709],[-97.335671,33.157531],[-97.335939,33.159419],[-97.334671,33.160033],[-97.336086,33.16234],[-97.340417,33.163567],[-97.341186,33.165038],[-97.345723,33.164879],[-97.345573,33.161005],[-97.36169,33.16125],[-97.36138,33.1663],[-97.369206,33.167167],[-97.375229,33.170064],[-97.374724,33.168152],[-97.37612,33.168777],[-97.378632,33.168311],[-97.379484,33.168926],[-97.380582,33.168756],[-97.381024,33.169277],[-97.380457,33.170119],[-97.381745,33.172292],[-97.384745,33.172803],[-97.386528,33.174777],[-97.387682,33.174585],[-97.388015,33.175634],[-97.390315,33.175379],[-97.391372,33.177916],[-97.392832,33.178361],[-97.390819,33.246106],[-97.403739,33.249259],[-97.40465,33.252571],[-97.406245,33.252787],[-97.409387,33.255323],[-97.409301,33.258035],[-97.408006,33.260642],[-97.400545,33.265397],[-97.394288,33.267069],[-97.394004,33.268256],[-97.392343,33.267849],[-97.389467,33.268249],[-97.389752,33.263899],[-97.353193,33.263625],[-97.352529,33.246315],[-97.35537,33.246243],[-97.355443,33.240878],[-97.298769,33.23758],[-97.298769,33.238442],[-97.297623,33.238436],[-97.297202,33.237503],[-97.264974,33.235919],[-97.263129,33.233718],[-97.262743,33.231721],[-97.261862,33.231146],[-97.261039,33.228747],[-97.258455,33.227043],[-97.255167,33.226806],[-97.25714,33.224269],[-97.255246,33.22354],[-97.254681,33.222515],[-97.253444,33.222358],[-97.254756,33.214848],[-97.253842,33.213538],[-97.251927,33.212466],[-97.252027,33.211253],[-97.251076,33.209609],[-97.249994,33.209777],[-97.243758,33.207348],[-97.242508,33.20768],[-97.241918,33.205339],[-97.240424,33.20507],[-97.24026,33.20756],[-97.23176,33.20745],[-97.231827,33.203572],[-97.229125,33.203668],[-97.226824,33.20499],[-97.217126,33.204239],[-97.216403,33.205463],[-97.216699,33.206591],[-97.215323,33.207286],[-97.215177,33.205997],[-97.213569,33.20479],[-97.213282,33.20369],[-97.212214,33.204549],[-97.211474,33.204171],[-97.211463,33.201763],[-97.213148,33.201042],[-97.213846,33.199874],[-97.211207,33.196059],[-97.211077,33.192889],[-97.209601,33.192836],[-97.209161,33.193598],[-97.207143,33.193447],[-97.206453,33.19214],[-97.203629,33.192138],[-97.198674,33.19053],[-97.198101,33.189926],[-97.19831,33.187638],[-97.197359,33.186377],[-97.195733,33.186355],[-97.191381,33.183076],[-97.186707,33.182162],[-97.185796,33.180616],[-97.183719,33.181023],[-97.181616,33.180039],[-97.181156,33.179271],[-97.182376,33.179063],[-97.178723,33.176081],[-97.185174,33.16546],[-97.189399,33.165919],[-97.190249,33.164701],[-97.192934,33.165379],[-97.193735,33.164748],[-97.194315,33.165619],[-97.195152,33.165438],[-97.196401,33.167752],[-97.197539,33.166874],[-97.198862,33.167865],[-97.20017,33.166683],[-97.200906,33.167416],[-97.20218,33.166938],[-97.202258,33.165466],[-97.204538,33.164563],[-97.205509,33.164724],[-97.20548,33.165841],[-97.208048,33.164724],[-97.209558,33.165806],[-97.210042,33.164827],[-97.211364,33.164937],[-97.210474,33.164093],[-97.211303,33.164048],[-97.21187,33.162404],[-97.212583,33.162557],[-97.212803,33.161765],[-97.216247,33.162151],[-97.215791,33.161085],[-97.216747,33.160941],[-97.217858,33.159492],[-97.22049,33.160443],[-97.220649,33.158335],[-97.222176,33.156383],[-97.223511,33.157291],[-97.223183,33.157764],[-97.224439,33.157969],[-97.224008,33.157214],[-97.224787,33.156855],[-97.225965,33.157544],[-97.225718,33.158614],[-97.226684,33.158419],[-97.22631,33.157936],[-97.227111,33.157615],[-97.227708,33.157964],[-97.227211,33.158194],[-97.2275,33.158701],[-97.230016,33.15811],[-97.231809,33.158389],[-97.231846,33.159008],[-97.237445,33.159222],[-97.23866,33.158614],[-97.239367,33.156959],[-97.239354,33.148789],[-97.258593,33.149095],[-97.25891,33.14159],[-97.26646,33.14165],[-97.26648,33.15055],[-97.289458,33.150607],[-97.28963,33.160231],[-97.299287,33.160176],[-97.297984,33.170797],[-97.307456,33.170817],[-97.307349,33.179361],[-97.309881,33.178452],[-97.309764,33.178993]]]},"properties":{"zip":"76259","city":"Ponder","county":"Denton","u2015":1792,"u2023":2041,"added":249,"growth":13.9,"moe":361,"certain":false,"peak_month":"2022-07","from_peak":-8.9,"value":362517}},{"type":"Feature","geometry":{"type":"Polygon","coordinates":[[[-97.232031,32.964471],[-97.250836,32.962409],[-97.24677,32.970401],[-97.246381,32.971631],[-97.247537,32.972031],[-97.275999,32.972096],[-97.292654,32.966492],[-97.298363,32.963177],[-97.297717,32.975417],[-97.3029,32.976016],[-97.303103,32.974711],[-97.304798,32.974081],[-97.306771,32.972267],[-97.308828,32.972302],[-97.307299,32.97874],[-97.30603,32.981433],[-97.298774,32.992579],[-97.279251,33.019976],[-97.26167,33.03943],[-97.248649,33.05538],[-97.229576,33.090947],[-97.227239,33.087578],[-97.225001,33.086708],[-97.224975,33.085814],[-97.216356,33.085726],[-97.216409,33.082053],[-97.215347,33.081579],[-97.213039,33.081025],[-97.202424,33.080881],[-97.202368,33.072701],[-97.20183,33.071089],[-97.201976,33.054361],[-97.188396,33.050953],[-97.181787,33.050886],[-97.179782,33.050174],[-97.176278,33.045788],[-97.176491,33.045245],[-97.18122,33.044525],[-97.180981,33.043491],[-97.179785,33.043298],[-97.180523,33.042493],[-97.182164,33.042474],[-97.181637,33.04112],[-97.182097,33.038069],[-97.181103,33.039062],[-97.180239,33.038784],[-97.180044,33.037987],[-97.177286,33.037804],[-97.172702,33.033205],[-97.170924,33.029043],[-97.151221,33.017725],[-97.154684,33.016488],[-97.167832,33.017829],[-97.16903,33.017446],[-97.168332,33.015144],[-97.169987,33.013666],[-97.170242,33.012811],[-97.169588,33.011946],[-97.171997,33.011539],[-97.173941,33.012323],[-97.174789,33.011255],[-97.176391,33.011726],[-97.177662,33.010931],[-97.179733,33.012468],[-97.183802,33.01003],[-97.183625,33.008853],[-97.181491,33.0079],[-97.177492,33.007841],[-97.177028,33.004413],[-97.17483,33.007829],[-97.167236,33.00777],[-97.167211,32.986127],[-97.167994,32.985692],[-97.168192,32.982915],[-97.162007,32.975794],[-97.168095,32.975873],[-97.168156,32.973414],[-97.169506,32.973429],[-97.16974,32.970667],[-97.178098,32.970689],[-97.178109,32.971302],[-97.17979,32.972355],[-97.180043,32.971662],[-97.181206,32.971871],[-97.181339,32.970345],[-97.182891,32.969747],[-97.181887,32.968269],[-97.182194,32.966983],[-97.182804,32.966465],[-97.185007,32.966504],[-97.185741,32.948839],[-97.20304,32.948921],[-97.203106,32.942473],[-97.204606,32.942991],[-97.20624,32.94637],[-97.208221,32.946658],[-97.208387,32.949252],[-97.210814,32.949302],[-97.211007,32.950863],[-97.216985,32.950857],[-97.217199,32.949098],[-97.220443,32.947833],[-97.220702,32.948921],[-97.22476,32.948936],[-97.22465,32.952539],[-97.225649,32.953224],[-97.225671,32.956215],[-97.228088,32.956305],[-97.227928,32.963706],[-97.232043,32.963684],[-97.232031,32.964471]]]},"properties":{"zip":"76262","city":"Roanoke","county":"Denton","u2015":13014,"u2023":16260,"added":3246,"growth":24.9,"moe":810,"certain":true,"peak_month":"2025-01","from_peak":-3.5,"value":622570}},{"type":"Feature","geometry":{"type":"Polygon","coordinates":[[[-97.237262,33.441413],[-97.237312,33.436666],[-97.23608,33.436535],[-97.236904,33.433962],[-97.234497,33.431357],[-97.23544,33.428334],[-97.233406,33.425483],[-97.108642,33.421977],[-97.109433,33.419918],[-97.108695,33.418658],[-97.106128,33.418315],[-97.104407,33.416964],[-97.102905,33.417904],[-97.09949,33.412959],[-97.097496,33.412639],[-97.097303,33.407119],[-97.093669,33.401029],[-97.09517,33.397937],[-97.094596,33.396037],[-97.091591,33.392601],[-97.090199,33.393953],[-97.088861,33.392923],[-97.08665,33.393473],[-97.085967,33.390152],[-97.085011,33.388824],[-97.084928,33.38619],[-97.083099,33.384428],[-97.07802,33.381611],[-97.076191,33.382207],[-97.073079,33.38168],[-97.069531,33.382092],[-97.067675,33.380009],[-97.069913,33.379139],[-97.069121,33.37765],[-97.064781,33.376551],[-97.062925,33.374947],[-97.061625,33.374947],[-97.060381,33.374119],[-97.060938,33.372295],[-97.059351,33.371661],[-97.059442,33.369096],[-97.058619,33.36721],[-97.057326,33.367294],[-97.056978,33.369836],[-97.056148,33.370178],[-97.055309,33.369633],[-97.055324,33.368221],[-97.052494,33.366735],[-97.050955,33.36804],[-97.049429,33.36791],[-97.048761,33.367173],[-97.048083,33.368375],[-97.04682,33.36853],[-97.046401,33.366809],[-97.043866,33.366135],[-97.043097,33.363842],[-97.04307,33.361086],[-97.040336,33.360607],[-97.038284,33.362395],[-97.037135,33.362406],[-97.036665,33.361355],[-97.038487,33.359592],[-97.0372,33.358074],[-97.036074,33.357867],[-97.058335,33.352261],[-97.083095,33.349051],[-97.08676,33.34948],[-97.08959,33.35061],[-97.08956,33.346449],[-97.086999,33.346449],[-97.087247,33.343587],[-97.086466,33.342571],[-97.089492,33.342558],[-97.089419,33.329863],[-97.09516,33.329842],[-97.095243,33.313515],[-97.11068,33.31357],[-97.11072,33.31011],[-97.1083,33.309995],[-97.10829,33.303939],[-97.120804,33.303995],[-97.120453,33.303202],[-97.121737,33.30312],[-97.121908,33.302217],[-97.123785,33.301031],[-97.123806,33.299639],[-97.122815,33.298906],[-97.121685,33.299618],[-97.118168,33.299934],[-97.119711,33.297378],[-97.11698,33.294587],[-97.11562,33.294643],[-97.114927,33.294007],[-97.116698,33.293872],[-97.117195,33.293052],[-97.116221,33.292718],[-97.11482,33.293509],[-97.113536,33.293374],[-97.112774,33.292219],[-97.110684,33.291753],[-97.111071,33.290557],[-97.112795,33.290094],[-97.111708,33.287537],[-97.109927,33.286572],[-97.10875,33.284671],[-97.104088,33.282588],[-97.104104,33.27935],[-97.105283,33.278796],[-97.106476,33.279234],[-97.108013,33.278295],[-97.114981,33.280859],[-97.116696,33.280734],[-97.118722,33.283087],[-97.121025,33.283273],[-97.121176,33.284187],[-97.12385,33.284667],[-97.124056,33.285517],[-97.126895,33.285153],[-97.127359,33.284443],[-97.129108,33.285518],[-97.129806,33.284577],[-97.130608,33.285097],[-97.133084,33.284205],[-97.134709,33.284833],[-97.135909,33.2839],[-97.138343,33.285111],[-97.138947,33.286904],[-97.14117,33.286823],[-97.14256,33.286245],[-97.142543,33.285102],[-97.144576,33.285013],[-97.145523,33.285584],[-97.145465,33.286873],[-97.14691,33.287394],[-97.15144,33.286948],[-97.153409,33.290148],[-97.162286,33.290251],[-97.162259,33.291871],[-97.164249,33.28989],[-97.165328,33.290689],[-97.165554,33.289848],[-97.16655,33.289544],[-97.167056,33.290086],[-97.168445,33.289139],[-97.169264,33.28783],[-97.168123,33.286701],[-97.172824,33.284875],[-97.172148,33.283265],[-97.176887,33.282978],[-97.17735,33.29683],[-97.177755,33.293819],[-97.177586,33.303614],[-97.1795,33.31505],[-97.20801,33.29677],[-97.210368,33.299267],[-97.21467,33.29846],[-97.21812,33.29867],[-97.218081,33.305754],[-97.218555,33.306249],[-97.23376,33.306212],[-97.233722,33.309143],[-97.237384,33.30919],[-97.23767,33.29598],[-97.26395,33.296599],[-97.26336,33.31725],[-97.28792,33.31826],[-97.2882,33.320639],[-97.29922,33.32085],[-97.29916,33.333419],[-97.330805,33.334159],[-97.33092,33.33946],[-97.33334,33.34171],[-97.334178,33.341816],[-97.333981,33.356574],[-97.34919,33.356879],[-97.35045,33.356119],[-97.35016,33.3714],[-97.385249,33.371969],[-97.384628,33.396266],[-97.35898,33.41688],[-97.342595,33.425384],[-97.343214,33.426629],[-97.342698,33.427824],[-97.343568,33.429095],[-97.255462,33.426298],[-97.255394,33.430658],[-97.254686,33.431849],[-97.254323,33.456261],[-97.239285,33.456067],[-97.239719,33.447225],[-97.249224,33.447043],[-97.249342,33.441741],[-97.237262,33.441413]]]},"properties":{"zip":"76266","city":"Sanger","county":"Denton","u2015":5577,"u2023":7211,"added":1634,"growth":29.3,"moe":554,"certain":true,"peak_month":"2022-08","from_peak":-7.3,"value":357692}},{"type":"Feature","geometry":{"type":"Polygon","coordinates":[[[-97.775334,33.412285],[-97.785667,33.412479],[-97.785956,33.404897],[-97.79581,33.404998],[-97.795636,33.401732],[-97.79673,33.396412],[-97.789914,33.390885],[-97.789893,33.390099],[-97.786244,33.389535],[-97.7862,33.386756],[-97.788816,33.383733],[-97.788568,33.381374],[-97.801819,33.381605],[-97.802279,33.382886],[-97.818404,33.383179],[-97.817789,33.374149],[-97.818684,33.374453],[-97.818376,33.373645],[-97.819299,33.372501],[-97.820643,33.372199],[-97.822333,33.373276],[-97.824694,33.373148],[-97.824089,33.381892],[-97.825312,33.381665],[-97.82562,33.380065],[-97.827232,33.380081],[-97.829624,33.381197],[-97.831873,33.383265],[-97.833768,33.383813],[-97.835795,33.383168],[-97.838989,33.383476],[-97.839814,33.384827],[-97.841328,33.384376],[-97.84165,33.385664],[-97.842896,33.386203],[-97.843931,33.38518],[-97.846467,33.385388],[-97.849627,33.383689],[-97.862921,33.389189],[-97.863711,33.378766],[-97.875172,33.378642],[-97.875971,33.377933],[-97.875657,33.371205],[-97.886908,33.371012],[-97.887134,33.375238],[-97.881943,33.382224],[-97.878249,33.385418],[-97.878468,33.389701],[-97.874074,33.393513],[-97.8806,33.393432],[-97.880825,33.387462],[-97.885372,33.387465],[-97.886374,33.388063],[-97.886343,33.396584],[-97.889723,33.39952],[-97.888545,33.40142],[-97.888259,33.404241],[-97.886922,33.405184],[-97.88674,33.40679],[-97.883596,33.40974],[-97.883478,33.410521],[-97.885275,33.409787],[-97.888317,33.409746],[-97.889072,33.410552],[-97.891607,33.410855],[-97.891895,33.413997],[-97.894909,33.414844],[-97.894298,33.417299],[-97.897033,33.418365],[-97.897375,33.421997],[-97.89881,33.422871],[-97.898759,33.425672],[-97.897876,33.426308],[-97.893224,33.42596],[-97.890662,33.427536],[-97.889677,33.430811],[-97.889966,33.432516],[-97.891411,33.433958],[-97.845655,33.433799],[-97.861722,33.444488],[-97.862269,33.445496],[-97.861938,33.450237],[-97.860898,33.450226],[-97.856832,33.452309],[-97.856169,33.454152],[-97.853142,33.455635],[-97.851994,33.457716],[-97.849202,33.457246],[-97.849587,33.462929],[-97.844861,33.462912],[-97.841369,33.460048],[-97.836724,33.460003],[-97.835494,33.458457],[-97.833527,33.46286],[-97.826043,33.462829],[-97.826198,33.46993],[-97.828489,33.470309],[-97.828598,33.478317],[-97.829937,33.483418],[-97.828949,33.487102],[-97.829019,33.490209],[-97.825014,33.48957],[-97.824537,33.487458],[-97.823389,33.487156],[-97.815013,33.510694],[-97.817909,33.514673],[-97.816544,33.513399],[-97.804265,33.494413],[-97.803905,33.491906],[-97.804544,33.49399],[-97.809989,33.502826],[-97.8119,33.500872],[-97.807371,33.496988],[-97.803191,33.490613],[-97.793721,33.498379],[-97.7982,33.505702],[-97.79729,33.505583],[-97.784158,33.516535],[-97.780459,33.516953],[-97.770095,33.507732],[-97.763624,33.513087],[-97.751331,33.502782],[-97.744935,33.507917],[-97.747683,33.510718],[-97.734051,33.521827],[-97.752524,33.53729],[-97.742759,33.545294],[-97.747708,33.547239],[-97.737405,33.555961],[-97.735546,33.555991],[-97.731773,33.559099],[-97.730107,33.55522],[-97.728602,33.553571],[-97.727523,33.548585],[-97.725001,33.545711],[-97.725401,33.543666],[-97.724297,33.542517],[-97.721645,33.541385],[-97.720974,33.540044],[-97.719642,33.539231],[-97.718919,33.537192],[-97.712518,33.535313],[-97.709538,33.536528],[-97.706597,33.536518],[-97.702809,33.537629],[-97.700958,33.53565],[-97.696369,33.534743],[-97.696008,33.533165],[-97.693664,33.531934],[-97.690809,33.527894],[-97.687488,33.525513],[-97.684278,33.524458],[-97.680333,33.524815],[-97.678049,33.523056],[-97.675313,33.522462],[-97.672491,33.520939],[-97.669853,33.51576],[-97.667084,33.513962],[-97.665208,33.511141],[-97.662859,33.510514],[-97.660438,33.508304],[-97.656028,33.507489],[-97.642207,33.492057],[-97.628403,33.482288],[-97.624066,33.481266],[-97.623192,33.479601],[-97.62081,33.478816],[-97.618008,33.476755],[-97.613604,33.472519],[-97.611666,33.467632],[-97.611856,33.466395],[-97.615474,33.461633],[-97.614403,33.458764],[-97.614158,33.454191],[-97.612989,33.451514],[-97.610122,33.450014],[-97.60717,33.446937],[-97.606304,33.4468],[-97.604611,33.443832],[-97.598262,33.440661],[-97.592805,33.436523],[-97.589737,33.435458],[-97.586275,33.436206],[-97.582231,33.433993],[-97.699273,33.43389],[-97.70133,33.431317],[-97.712763,33.421841],[-97.711862,33.418458],[-97.71431,33.416685],[-97.711201,33.413806],[-97.71692,33.408999],[-97.720459,33.412078],[-97.729595,33.404998],[-97.732713,33.40676],[-97.735672,33.404384],[-97.741079,33.413804],[-97.744329,33.417655],[-97.748678,33.414361],[-97.750089,33.412442],[-97.747856,33.407303],[-97.753366,33.402992],[-97.753595,33.392195],[-97.755852,33.3917],[-97.75575,33.385311],[-97.75742,33.386035],[-97.760041,33.38597],[-97.760847,33.386921],[-97.760767,33.389219],[-97.759087,33.392336],[-97.756505,33.392362],[-97.75499,33.394197],[-97.761461,33.402023],[-97.763171,33.401502],[-97.765782,33.397385],[-97.764514,33.392684],[-97.765386,33.391019],[-97.770098,33.391917],[-97.771599,33.390829],[-97.77367,33.39045],[-97.774666,33.390731],[-97.774895,33.39177],[-97.776888,33.39144],[-97.77747,33.394294],[-97.776067,33.394612],[-97.775509,33.396333],[-97.772854,33.398317],[-97.773475,33.401797],[-97.772648,33.403913],[-97.774803,33.408229],[-97.773189,33.410285],[-97.775334,33.412285]]]},"properties":{"zip":"76270","city":"Alvord","county":"Montague","u2015":806,"u2023":1039,"added":233,"growth":28.9,"moe":244,"certain":false,"peak_month":"2025-02","from_peak":-4.0,"value":485991}},{"type":"Feature","geometry":{"type":"Polygon","coordinates":[[[-97.755099,33.263427],[-97.752743,33.263672],[-97.752658,33.254503],[-97.746732,33.2539],[-97.746182,33.254541],[-97.732767,33.254838],[-97.731667,33.254321],[-97.731745,33.265503],[-97.725363,33.265444],[-97.724965,33.266471],[-97.716189,33.266847],[-97.716514,33.271151],[-97.72834,33.271194],[-97.728317,33.272844],[-97.715686,33.273068],[-97.713192,33.272877],[-97.710125,33.267126],[-97.710204,33.266591],[-97.716151,33.266624],[-97.716075,33.263696],[-97.711706,33.263685],[-97.711653,33.261775],[-97.687802,33.261495],[-97.692684,33.260492],[-97.693724,33.259613],[-97.693927,33.256693],[-97.693082,33.254786],[-97.693651,33.252246],[-97.692277,33.251614],[-97.691522,33.249958],[-97.692418,33.248661],[-97.69092,33.244999],[-97.691312,33.243438],[-97.692575,33.243284],[-97.691463,33.241811],[-97.692097,33.239018],[-97.691522,33.237528],[-97.693399,33.234444],[-97.69283,33.233828],[-97.694439,33.233273],[-97.694694,33.231414],[-97.693576,33.231255],[-97.693196,33.230211],[-97.692424,33.230029],[-97.692549,33.228809],[-97.690678,33.228435],[-97.691051,33.227473],[-97.690083,33.226868],[-97.69058,33.225087],[-97.688964,33.216884],[-97.68973,33.211453],[-97.68801,33.205708],[-97.685152,33.203322],[-97.684197,33.203948],[-97.683053,33.202084],[-97.681993,33.203943],[-97.678783,33.202639],[-97.675925,33.201127],[-97.672898,33.198043],[-97.67386,33.19519],[-97.677535,33.195229],[-97.678078,33.194145],[-97.68049,33.193299],[-97.678405,33.19027],[-97.675796,33.189197],[-97.674025,33.185816],[-97.673868,33.183985],[-97.675166,33.184608],[-97.677565,33.184181],[-97.67931,33.186881],[-97.683319,33.188506],[-97.683653,33.189282],[-97.682745,33.190632],[-97.684521,33.191749],[-97.687357,33.189854],[-97.691074,33.189858],[-97.691953,33.191027],[-97.69313,33.190192],[-97.696219,33.190348],[-97.696022,33.192843],[-97.697265,33.19331],[-97.698521,33.192634],[-97.700171,33.193002],[-97.700128,33.194917],[-97.701624,33.196346],[-97.708258,33.193101],[-97.709934,33.19349],[-97.710908,33.192924],[-97.712691,33.193935],[-97.71144,33.191019],[-97.711366,33.186964],[-97.705955,33.186869],[-97.706173,33.168411],[-97.711238,33.172485],[-97.712035,33.172363],[-97.720915,33.179679],[-97.742027,33.179924],[-97.742039,33.172636],[-97.75923,33.17259],[-97.759682,33.169718],[-97.7632,33.166273],[-97.763454,33.157111],[-97.771164,33.156984],[-97.77149,33.149564],[-97.779582,33.149611],[-97.779683,33.151849],[-97.785207,33.152416],[-97.79783,33.151913],[-97.798009,33.147776],[-97.796913,33.146406],[-97.796905,33.143613],[-97.805596,33.143563],[-97.805714,33.130161],[-97.8302,33.130864],[-97.831586,33.130095],[-97.831383,33.127809],[-97.827076,33.128068],[-97.82617,33.127638],[-97.825116,33.125169],[-97.825044,33.12263],[-97.823325,33.120179],[-97.820648,33.112634],[-97.81915,33.111531],[-97.818537,33.110111],[-97.819383,33.105171],[-97.818889,33.103241],[-97.817536,33.10188],[-97.819564,33.09945],[-97.819314,33.098481],[-97.821089,33.095403],[-97.820566,33.091848],[-97.813462,33.091505],[-97.81028,33.087235],[-97.809035,33.086935],[-97.804234,33.073401],[-97.814994,33.070611],[-97.815901,33.06621],[-97.833443,33.066448],[-97.839983,33.066802],[-97.840662,33.067445],[-97.855469,33.067714],[-97.856209,33.067307],[-97.855793,33.065957],[-97.854419,33.065818],[-97.854094,33.0644],[-97.854177,33.063144],[-97.854767,33.062835],[-97.854288,33.060368],[-97.86208,33.06074],[-97.863299,33.068771],[-97.875042,33.069368],[-97.890877,33.06921],[-97.891339,33.07063],[-97.89929,33.070816],[-97.898964,33.067026],[-97.900068,33.063636],[-97.899703,33.062257],[-97.898525,33.06119],[-97.89853,33.059556],[-97.89477,33.05943],[-97.895049,33.057501],[-97.894584,33.056855],[-97.890622,33.057808],[-97.888815,33.058933],[-97.889743,33.056041],[-97.891512,33.054911],[-97.920903,33.054902],[-97.920891,33.057136],[-97.924027,33.056623],[-97.924422,33.056082],[-97.939799,33.064335],[-97.939989,33.052704],[-97.941825,33.051113],[-97.945158,33.050848],[-97.946619,33.050092],[-97.948643,33.045659],[-97.948784,33.033638],[-97.957539,33.033806],[-97.957696,33.036791],[-97.958998,33.039532],[-97.966943,33.040259],[-97.967221,33.043747],[-97.975622,33.043622],[-97.977266,33.044641],[-97.975864,33.049643],[-97.97171,33.051268],[-97.971686,33.058553],[-97.973237,33.059972],[-97.973074,33.061255],[-97.974136,33.06288],[-97.978436,33.064186],[-97.978437,33.06721],[-97.980977,33.06689],[-97.981428,33.066029],[-97.986391,33.064006],[-97.986599,33.059783],[-97.987932,33.05979],[-97.987847,33.059348],[-97.988261,33.059793],[-98.003455,33.060167],[-98.003208,33.063146],[-98.005899,33.068461],[-98.002196,33.07114],[-98.00146,33.073431],[-98.002002,33.07625],[-98.000022,33.080561],[-98.000317,33.085983],[-97.999237,33.08695],[-97.998255,33.090882],[-97.995691,33.091498],[-97.994751,33.093989],[-98.000385,33.095644],[-98.000115,33.102666],[-98.001224,33.103126],[-98.000584,33.1052],[-97.944095,33.104598],[-97.94448,33.136452],[-97.922176,33.135471],[-97.921593,33.134423],[-97.919983,33.134308],[-97.918902,33.237013],[-97.918467,33.238227],[-97.915914,33.239607],[-97.910589,33.239127],[-97.909627,33.239759],[-97.911203,33.241283],[-97.912092,33.2444],[-97.91342,33.24473],[-97.915174,33.244175],[-97.914637,33.244824],[-97.915088,33.245374],[-97.913688,33.245555],[-97.913616,33.247573],[-97.912116,33.249689],[-97.911567,33.249662],[-97.912202,33.249046],[-97.912353,33.2465],[-97.911732,33.246291],[-97.912497,33.245709],[-97.911117,33.244647],[-97.91098,33.243311],[-97.910202,33.242783],[-97.906085,33.245339],[-97.902866,33.245162],[-97.902434,33.246525],[-97.900647,33.246734],[-97.901891,33.24614],[-97.901551,33.24454],[-97.899819,33.24217],[-97.898709,33.237293],[-97.893993,33.233965],[-97.892024,33.233316],[-97.888507,33.239978],[-97.88867,33.241644],[-97.889337,33.242205],[-97.888401,33.242441],[-97.888446,33.243766],[-97.889839,33.244481],[-97.888262,33.245349],[-97.887314,33.244002],[-97.885626,33.244012],[-97.884651,33.244809],[-97.885585,33.246337],[-97.887574,33.247674],[-97.888398,33.247559],[-97.888502,33.248307],[-97.883969,33.247359],[-97.882953,33.249036],[-97.881856,33.246292],[-97.877775,33.243365],[-97.879533,33.250497],[-97.879015,33.251624],[-97.876652,33.252486],[-97.876264,33.255355],[-97.876898,33.256857],[-97.879318,33.258513],[-97.876315,33.258291],[-97.874062,33.262273],[-97.875735,33.263113],[-97.876404,33.261887],[-97.87749,33.261811],[-97.87633,33.264207],[-97.877061,33.265085],[-97.876613,33.266339],[-97.875065,33.266939],[-97.874813,33.269563],[-97.874261,33.266259],[-97.873396,33.265303],[-97.869786,33.267999],[-97.868562,33.26784],[-97.866691,33.268918],[-97.866443,33.272618],[-97.85783,33.272974],[-97.860065,33.276431],[-97.858952,33.277108],[-97.855319,33.27651],[-97.854992,33.275981],[-97.856012,33.275557],[-97.858712,33.275808],[-97.855649,33.272959],[-97.853022,33.273054],[-97.852428,33.267141],[-97.849809,33.267088],[-97.848724,33.265529],[-97.845242,33.263466],[-97.842889,33.262813],[-97.84231,33.259498],[-97.839632,33.259497],[-97.840398,33.257833],[-97.840082,33.257375],[-97.838146,33.257374],[-97.836871,33.256762],[-97.836372,33.255625],[-97.835175,33.255315],[-97.835176,33.25738],[-97.826067,33.257243],[-97.824511,33.257878],[-97.812586,33.254047],[-97.818332,33.249736],[-97.817085,33.240727],[-97.814528,33.240749],[-97.812133,33.23982],[-97.807548,33.240095],[-97.801824,33.237538],[-97.793183,33.237492],[-97.789545,33.238459],[-97.780972,33.238458],[-97.777895,33.237358],[-97.775512,33.239381],[-97.775857,33.240038],[-97.784077,33.247593],[-97.7837,33.248241],[-97.788956,33.251606],[-97.790821,33.254173],[-97.793132,33.261492],[-97.793602,33.27523],[-97.784723,33.277014],[-97.776604,33.275823],[-97.771527,33.276002],[-97.767978,33.277588],[-97.767582,33.278899],[-97.76874,33.279495],[-97.768528,33.279952],[-97.75904,33.28015],[-97.758963,33.279483],[-97.757375,33.279315],[-97.757339,33.275118],[-97.752739,33.275031],[-97.752785,33.265412],[-97.755099,33.263427]]]},"properties":{"zip":"76426","city":"Chico","county":"Wise","u2015":4629,"u2023":4435,"added":-194,"growth":-4.2,"moe":420,"certain":false,"peak_month":"2022-08","from_peak":-6.3,"value":280243}},{"type":"Feature","geometry":{"type":"Polygon","coordinates":[[[-97.733085,33.313866],[-97.73301,33.320119],[-97.727477,33.320117],[-97.725385,33.324195],[-97.722588,33.326773],[-97.713087,33.330753],[-97.713039,33.323597],[-97.714662,33.320359],[-97.714544,33.319446],[-97.713437,33.317396],[-97.710215,33.316863],[-97.709436,33.315868],[-97.710994,33.313998],[-97.712275,33.306763],[-97.715069,33.301969],[-97.714846,33.299215],[-97.711925,33.296708],[-97.712043,33.295136],[-97.713064,33.294091],[-97.71106,33.292261],[-97.70869,33.292261],[-97.706543,33.290228],[-97.706778,33.288941],[-97.705973,33.288188],[-97.702713,33.287485],[-97.69999,33.287683],[-97.699074,33.286908],[-97.697751,33.287183],[-97.694976,33.285825],[-97.693208,33.285688],[-97.691029,33.284165],[-97.690197,33.282631],[-97.688581,33.28273],[-97.687586,33.281653],[-97.683377,33.281218],[-97.680969,33.277964],[-97.679535,33.277837],[-97.678842,33.273747],[-97.683679,33.269349],[-97.682789,33.265072],[-97.687802,33.261495],[-97.711653,33.261775],[-97.711706,33.263685],[-97.716075,33.263696],[-97.716151,33.266624],[-97.710204,33.266591],[-97.713192,33.272877],[-97.728258,33.272871],[-97.72834,33.271194],[-97.716514,33.271151],[-97.716275,33.266628],[-97.724965,33.266471],[-97.725363,33.265444],[-97.731745,33.265503],[-97.731667,33.254321],[-97.732767,33.254838],[-97.746182,33.254541],[-97.746732,33.2539],[-97.752788,33.254577],[-97.752743,33.263672],[-97.755099,33.263427],[-97.752785,33.265412],[-97.752739,33.275031],[-97.757339,33.275118],[-97.757375,33.279315],[-97.758963,33.279483],[-97.75904,33.28015],[-97.768528,33.279952],[-97.76874,33.279495],[-97.767582,33.278899],[-97.767978,33.277588],[-97.771527,33.276002],[-97.776604,33.275823],[-97.784723,33.277014],[-97.793602,33.27523],[-97.793132,33.261492],[-97.790707,33.253927],[-97.788708,33.251389],[-97.7837,33.248241],[-97.784077,33.247593],[-97.775512,33.239381],[-97.777895,33.237358],[-97.780972,33.238458],[-97.789545,33.238459],[-97.793183,33.237492],[-97.801824,33.237538],[-97.807548,33.240095],[-97.812133,33.23982],[-97.814528,33.240749],[-97.817085,33.240727],[-97.818332,33.249736],[-97.812586,33.254047],[-97.824511,33.257878],[-97.826067,33.257243],[-97.835176,33.25738],[-97.835175,33.255315],[-97.836372,33.255625],[-97.836871,33.256762],[-97.838146,33.257374],[-97.840082,33.257375],[-97.840398,33.257833],[-97.839632,33.259497],[-97.84231,33.259498],[-97.842889,33.262813],[-97.845242,33.263466],[-97.848724,33.265529],[-97.849809,33.267088],[-97.852428,33.267141],[-97.853022,33.273054],[-97.855649,33.272959],[-97.858712,33.275808],[-97.856012,33.275557],[-97.854992,33.275981],[-97.855319,33.27651],[-97.859096,33.277091],[-97.860065,33.276431],[-97.85783,33.272974],[-97.866443,33.272618],[-97.866305,33.269941],[-97.867364,33.268341],[-97.869786,33.267999],[-97.873396,33.265303],[-97.874261,33.266259],[-97.874728,33.269585],[-97.875267,33.268643],[-97.875065,33.266939],[-97.876613,33.266339],[-97.877061,33.265085],[-97.87633,33.264207],[-97.877484,33.261777],[-97.876404,33.261887],[-97.875735,33.263113],[-97.873983,33.262471],[-97.876315,33.258291],[-97.879311,33.258557],[-97.876898,33.256857],[-97.876264,33.255355],[-97.876652,33.252486],[-97.879015,33.251624],[-97.879533,33.250497],[-97.877821,33.243326],[-97.881856,33.246292],[-97.882953,33.249036],[-97.883969,33.247359],[-97.888502,33.248307],[-97.888398,33.247559],[-97.887574,33.247674],[-97.885585,33.246337],[-97.884677,33.244704],[-97.885626,33.244012],[-97.887314,33.244002],[-97.888262,33.245349],[-97.889839,33.244481],[-97.888446,33.243766],[-97.888401,33.242441],[-97.889337,33.242205],[-97.888631,33.241528],[-97.888573,33.239642],[-97.892254,33.233288],[-97.898709,33.237293],[-97.899819,33.24217],[-97.901551,33.24454],[-97.901891,33.24614],[-97.900647,33.246734],[-97.902434,33.246525],[-97.902866,33.245162],[-97.906085,33.245339],[-97.910202,33.242783],[-97.91098,33.243311],[-97.911117,33.244647],[-97.912497,33.245709],[-97.911732,33.246291],[-97.912353,33.2465],[-97.912202,33.249046],[-97.911731,33.249222],[-97.911567,33.249662],[-97.912077,33.249717],[-97.913616,33.247573],[-97.913688,33.245555],[-97.915088,33.245374],[-97.914637,33.244824],[-97.915174,33.244175],[-97.91342,33.24473],[-97.912092,33.2444],[-97.911203,33.241283],[-97.909627,33.239759],[-97.910589,33.239127],[-97.915496,33.239717],[-97.918467,33.238227],[-97.921242,33.233665],[-97.921235,33.227479],[-97.922133,33.227023],[-97.925397,33.228563],[-97.926561,33.231648],[-97.930152,33.234088],[-97.934359,33.234276],[-97.935019,33.233418],[-97.93797,33.232506],[-97.940299,33.232753],[-97.940384,33.235107],[-97.938722,33.236421],[-97.936347,33.240143],[-97.934725,33.24072],[-97.935071,33.241692],[-97.934129,33.241418],[-97.933671,33.242111],[-97.934083,33.242331],[-97.933311,33.242765],[-97.934966,33.243589],[-97.936622,33.242055],[-97.937885,33.242375],[-97.938218,33.243639],[-97.938702,33.243105],[-97.938755,33.24371],[-97.939828,33.243848],[-97.939599,33.243172],[-97.940371,33.242815],[-97.94026,33.24188],[-97.940927,33.241329],[-97.941241,33.242463],[-97.941765,33.242033],[-97.942896,33.243073],[-97.942759,33.243744],[-97.939991,33.245579],[-97.939697,33.248345],[-97.938519,33.247394],[-97.937629,33.247763],[-97.937086,33.246751],[-97.936386,33.247565],[-97.937269,33.248081],[-97.936556,33.248862],[-97.937112,33.248648],[-97.940714,33.251313],[-97.938711,33.251132],[-97.938561,33.252578],[-97.941054,33.254584],[-97.94657,33.254705],[-97.950339,33.252845],[-97.952957,33.254303],[-97.954162,33.257371],[-97.954705,33.257106],[-97.955202,33.25781],[-97.954725,33.259828],[-97.955164,33.262005],[-97.954084,33.263841],[-97.954333,33.265222],[-97.955217,33.266332],[-97.957508,33.266151],[-97.958542,33.268399],[-97.960008,33.268431],[-97.959675,33.269019],[-97.960133,33.269416],[-97.935483,33.27026],[-97.93618,33.274417],[-97.93558,33.277029],[-97.936317,33.280029],[-97.935362,33.281863],[-97.935226,33.284038],[-97.947635,33.284106],[-97.949815,33.278337],[-97.95573,33.27488],[-97.959629,33.277838],[-97.960119,33.281298],[-97.959601,33.282924],[-97.960585,33.284205],[-97.961161,33.287363],[-97.963756,33.290771],[-97.966894,33.291342],[-97.967058,33.294458],[-97.969568,33.29822],[-97.967146,33.298432],[-97.966286,33.315195],[-97.962206,33.315196],[-97.962427,33.322431],[-97.963273,33.323464],[-97.969606,33.325929],[-97.9667,33.327851],[-97.96854,33.328255],[-97.968713,33.329892],[-97.975175,33.330376],[-97.974798,33.332481],[-97.975503,33.334063],[-97.980863,33.341966],[-97.983821,33.343021],[-97.990379,33.340708],[-97.992223,33.340662],[-97.992163,33.344814],[-97.994163,33.355486],[-97.993505,33.357174],[-97.983651,33.362582],[-97.981831,33.364925],[-97.981042,33.352437],[-97.965514,33.352215],[-97.965649,33.360687],[-97.964158,33.362793],[-97.963776,33.364672],[-97.961729,33.366298],[-97.963014,33.371155],[-97.963085,33.377116],[-97.943527,33.377198],[-97.94523,33.382893],[-97.943227,33.385201],[-97.945096,33.387199],[-97.943441,33.388786],[-97.942278,33.391917],[-97.943603,33.393227],[-97.943778,33.395645],[-97.94111,33.395992],[-97.939166,33.393701],[-97.934785,33.392221],[-97.929623,33.393549],[-97.925964,33.392449],[-97.919022,33.394561],[-97.918389,33.393335],[-97.918189,33.433873],[-97.891411,33.433958],[-97.889966,33.432516],[-97.890143,33.4282],[-97.893224,33.42596],[-97.898434,33.426172],[-97.89881,33.422871],[-97.897375,33.421997],[-97.897033,33.418365],[-97.894298,33.417299],[-97.89497,33.414908],[-97.891859,33.413942],[-97.891607,33.410855],[-97.889072,33.410552],[-97.888317,33.409746],[-97.885275,33.409787],[-97.883478,33.410521],[-97.883596,33.40974],[-97.88674,33.40679],[-97.886922,33.405184],[-97.888259,33.404241],[-97.888545,33.40142],[-97.889723,33.39952],[-97.886343,33.396584],[-97.8864,33.388111],[-97.885372,33.387465],[-97.880825,33.387462],[-97.8806,33.393432],[-97.874074,33.393513],[-97.878468,33.389701],[-97.878249,33.385418],[-97.881943,33.382224],[-97.887134,33.375238],[-97.886908,33.371012],[-97.875657,33.371205],[-97.875971,33.377933],[-97.875172,33.378642],[-97.863711,33.378766],[-97.862921,33.389189],[-97.849627,33.383689],[-97.846467,33.385388],[-97.843931,33.38518],[-97.842896,33.386203],[-97.84165,33.385664],[-97.841328,33.384376],[-97.839814,33.384827],[-97.838989,33.383476],[-97.835795,33.383168],[-97.833768,33.383813],[-97.831873,33.383265],[-97.829624,33.381197],[-97.827232,33.380081],[-97.82562,33.380065],[-97.825312,33.381665],[-97.824089,33.381892],[-97.824694,33.373148],[-97.822333,33.373276],[-97.820643,33.372199],[-97.819299,33.372501],[-97.818376,33.373645],[-97.818684,33.374453],[-97.817789,33.374149],[-97.818404,33.383179],[-97.802279,33.382886],[-97.801861,33.381611],[-97.794665,33.381461],[-97.794605,33.376879],[-97.793501,33.376095],[-97.794623,33.37231],[-97.794646,33.337968],[-97.786926,33.3378],[-97.78657,33.335983],[-97.782152,33.335838],[-97.78121,33.356838],[-97.77217,33.352974],[-97.772143,33.349634],[-97.767709,33.349536],[-97.768046,33.34267],[-97.772607,33.342476],[-97.77304,33.335597],[-97.754849,33.335089],[-97.755913,33.313877],[-97.733085,33.313866]]]},"properties":{"zip":"76431","city":"Chico","county":"Wise","u2015":1576,"u2023":1698,"added":122,"growth":7.7,"moe":275,"certain":false,"peak_month":"2022-07","from_peak":-5.5,"value":361092}},{"type":"Feature","geometry":{"type":"Polygon","coordinates":[[[-98.113236,33.004026],[-98.191517,33.004847],[-98.190286,33.00703],[-98.190869,33.012254],[-98.1897,33.014499],[-98.190081,33.015667],[-98.189537,33.016951],[-98.191631,33.01844],[-98.192012,33.022747],[-98.202101,33.02309],[-98.199703,33.026592],[-98.193263,33.026528],[-98.193453,33.025267],[-98.19038,33.023939],[-98.188612,33.026505],[-98.182112,33.025748],[-98.181033,33.026473],[-98.176918,33.025519],[-98.172865,33.025678],[-98.172338,33.026527],[-98.161361,33.0268],[-98.161143,33.027876],[-98.158885,33.029044],[-98.156383,33.028906],[-98.155894,33.030123],[-98.157307,33.030946],[-98.156899,33.032663],[-98.159232,33.036563],[-98.159209,33.037819],[-98.156922,33.042195],[-98.154095,33.039261],[-98.151756,33.038069],[-98.151131,33.035984],[-98.145962,33.039488],[-98.141771,33.041387],[-98.137743,33.045372],[-98.135539,33.046723],[-98.134341,33.049402],[-98.134856,33.05254],[-98.135916,33.053733],[-98.135017,33.055405],[-98.135313,33.061315],[-98.138499,33.064582],[-98.130599,33.065161],[-98.131554,33.065469],[-98.133017,33.068354],[-98.13314,33.07453],[-98.132453,33.076417],[-98.124554,33.07659],[-98.124157,33.077787],[-98.118261,33.077444],[-98.115717,33.078339],[-98.107501,33.077999],[-98.106168,33.079901],[-98.106251,33.081871],[-98.10549,33.08375],[-98.103966,33.084301],[-98.102035,33.08666],[-98.102879,33.088012],[-98.100841,33.094656],[-98.102039,33.096305],[-98.106094,33.095823],[-98.108491,33.097059],[-98.107703,33.099786],[-98.105742,33.09997],[-98.103593,33.101666],[-98.103103,33.103589],[-98.098858,33.106088],[-98.099894,33.110006],[-98.103438,33.11414],[-98.104418,33.117139],[-98.105505,33.118229],[-98.109408,33.117269],[-98.111651,33.116034],[-98.120313,33.117806],[-98.121953,33.118679],[-98.12471,33.11882],[-98.128522,33.127816],[-98.12635,33.139536],[-98.123331,33.140341],[-98.122346,33.137286],[-98.120004,33.138294],[-98.114204,33.133251],[-98.111676,33.135191],[-98.110314,33.135199],[-98.110092,33.136049],[-98.112653,33.138149],[-98.112018,33.138838],[-98.112034,33.140591],[-98.110417,33.142249],[-98.112251,33.144716],[-98.110886,33.145511],[-98.104731,33.14641],[-98.102255,33.150191],[-98.10212,33.153146],[-98.100669,33.152934],[-98.099615,33.151545],[-98.098244,33.151682],[-98.096858,33.152667],[-98.096862,33.153996],[-98.097736,33.154729],[-98.096331,33.155773],[-98.0877,33.147463],[-98.079521,33.137304],[-98.080044,33.137003],[-98.074237,33.109073],[-98.073967,33.105078],[-98.067182,33.104324],[-98.062303,33.098987],[-98.058669,33.097622],[-98.050248,33.099787],[-98.045886,33.103557],[-98.045835,33.096742],[-98.050779,33.096048],[-98.050907,33.094313],[-98.049871,33.092984],[-98.037864,33.092992],[-98.038311,33.082516],[-98.028586,33.082473],[-98.028397,33.086467],[-98.025389,33.085166],[-98.021862,33.085262],[-98.022088,33.088133],[-98.01946,33.091464],[-98.017234,33.092523],[-98.016677,33.10056],[-97.994751,33.093989],[-97.995691,33.091498],[-97.998255,33.090882],[-97.999237,33.08695],[-98.000317,33.085983],[-98.000022,33.080561],[-98.002002,33.07625],[-98.00146,33.073431],[-98.002196,33.07114],[-98.005899,33.068461],[-98.003208,33.063146],[-98.003455,33.060167],[-97.988261,33.059793],[-97.987847,33.059348],[-97.987932,33.05979],[-97.986599,33.059783],[-97.986391,33.064006],[-97.981428,33.066029],[-97.980977,33.06689],[-97.978437,33.06721],[-97.978436,33.064186],[-97.974136,33.06288],[-97.973074,33.061255],[-97.973237,33.059972],[-97.971686,33.058553],[-97.97171,33.051268],[-97.975864,33.049643],[-97.977266,33.044641],[-97.975622,33.043622],[-97.967221,33.043747],[-97.966943,33.040259],[-97.958998,33.039532],[-97.957696,33.036791],[-97.957539,33.033806],[-97.948784,33.033638],[-97.948765,33.030709],[-97.949737,33.028532],[-97.953756,33.025267],[-97.955619,33.022199],[-97.957554,33.022132],[-97.957507,33.0154],[-97.960322,33.014947],[-97.960407,33.009074],[-97.96888,33.007596],[-97.96929,33.002111],[-97.987057,33.00236],[-97.986922,32.995319],[-97.986147,32.99418],[-97.98649,32.988466],[-97.992897,32.985936],[-97.992582,32.983474],[-97.991051,32.982283],[-97.992493,32.981598],[-97.994509,32.978576],[-97.993292,32.97426],[-97.99157,32.971846],[-97.98997,32.970731],[-97.98986,32.96975],[-97.997083,32.969495],[-98.00955,32.966424],[-98.01139,32.965505],[-98.015519,32.96177],[-98.022314,32.961857],[-98.022227,32.937594],[-98.02143,32.935372],[-98.019276,32.932684],[-98.01927,32.928179],[-97.986042,32.927817],[-97.985401,32.927092],[-97.996359,32.926876],[-97.996597,32.919358],[-98.002658,32.919569],[-98.003333,32.918807],[-98.001849,32.915689],[-98.002965,32.91415],[-98.003058,32.911395],[-98.004559,32.908531],[-98.004195,32.907283],[-98.005688,32.906574],[-98.004718,32.905496],[-98.005044,32.904578],[-98.004204,32.904259],[-98.004777,32.903935],[-98.004641,32.903066],[-98.006304,32.902302],[-98.005476,32.901801],[-98.006474,32.900521],[-98.007928,32.899609],[-98.007199,32.898841],[-98.002034,32.898983],[-98.00205,32.897982],[-98.003682,32.897914],[-98.005237,32.89346],[-98.005096,32.885445],[-98.014301,32.890932],[-98.019087,32.891079],[-98.02224,32.892296],[-98.024844,32.899461],[-98.026642,32.900819],[-98.032097,32.902895],[-98.031094,32.905795],[-98.031071,32.912779],[-98.038869,32.912791],[-98.038899,32.918838],[-98.057675,32.926018],[-98.057107,32.951245],[-98.063866,32.950991],[-98.064527,32.945948],[-98.087473,32.945878],[-98.096623,32.945908],[-98.09363,32.94903],[-98.090287,32.948647],[-98.088944,32.949081],[-98.088623,32.951064],[-98.100314,32.950955],[-98.1019,32.948484],[-98.10276,32.94821],[-98.11292,32.951295],[-98.113558,32.958165],[-98.113019,32.959484],[-98.113166,32.971587],[-98.127828,32.971456],[-98.130992,32.97616],[-98.132135,32.979937],[-98.133493,32.982117],[-98.125419,32.982188],[-98.125457,33.002705],[-98.113468,33.002823],[-98.113236,33.004026]]]},"properties":{"zip":"76486","city":"Perrin","county":"Jack","u2015":672,"u2023":674,"added":2,"growth":0.3,"moe":170,"certain":false,"peak_month":"2026-04","from_peak":-1.5,"value":379217}},{"type":"Feature","geometry":{"type":"Polygon","coordinates":[[[-97.960271,33.009489],[-97.960322,33.014947],[-97.957507,33.0154],[-97.957554,33.022132],[-97.955619,33.022199],[-97.953756,33.025267],[-97.950217,33.028008],[-97.948979,33.029884],[-97.948826,33.044451],[-97.947112,33.049415],[-97.945444,33.050767],[-97.941332,33.051329],[-97.939787,33.053145],[-97.939799,33.064335],[-97.924422,33.056082],[-97.924027,33.056623],[-97.920891,33.057136],[-97.920903,33.054902],[-97.891512,33.054911],[-97.889743,33.056041],[-97.888815,33.058933],[-97.890622,33.057808],[-97.894584,33.056855],[-97.895049,33.057501],[-97.89477,33.05943],[-97.89853,33.059556],[-97.898525,33.06119],[-97.899703,33.062257],[-97.900068,33.063636],[-97.898964,33.067026],[-97.89929,33.070816],[-97.891339,33.07063],[-97.890877,33.06921],[-97.875042,33.069368],[-97.863299,33.068771],[-97.86208,33.06074],[-97.854122,33.060455],[-97.854767,33.062835],[-97.854156,33.063239],[-97.85432,33.06565],[-97.855757,33.065896],[-97.856209,33.067307],[-97.855469,33.067714],[-97.827156,33.066504],[-97.828129,33.064163],[-97.832646,33.059835],[-97.830518,33.057752],[-97.830352,33.055495],[-97.829488,33.055314],[-97.829143,33.041433],[-97.830761,33.038855],[-97.832666,33.032606],[-97.827607,33.027838],[-97.825946,33.023785],[-97.820684,33.020991],[-97.822351,33.016956],[-97.820675,33.013216],[-97.821975,33.006654],[-97.822424,32.999367],[-97.827277,32.999474],[-97.828229,32.9983],[-97.830127,32.998006],[-97.822622,32.993641],[-97.823042,32.987343],[-97.82404,32.984985],[-97.825177,32.984614],[-97.8279,32.97202],[-97.823953,32.968272],[-97.82315,32.966573],[-97.823803,32.964742],[-97.82288,32.964498],[-97.819891,32.961186],[-97.806184,32.959807],[-97.804766,32.959037],[-97.802275,32.956061],[-97.799839,32.956166],[-97.793093,32.960276],[-97.7905,32.966448],[-97.790621,32.959806],[-97.787642,32.959339],[-97.787466,32.95775],[-97.787279,32.9511],[-97.788873,32.95112],[-97.78887,32.93144],[-97.783233,32.931086],[-97.78311,32.928085],[-97.784664,32.924928],[-97.789165,32.923944],[-97.791709,32.928839],[-97.792659,32.926118],[-97.789968,32.923946],[-97.791669,32.923957],[-97.79157,32.91752],[-97.799094,32.917504],[-97.799075,32.912088],[-97.802382,32.912108],[-97.802399,32.905342],[-97.844549,32.913872],[-97.850245,32.919923],[-97.858066,32.919915],[-97.858296,32.934493],[-97.864499,32.934525],[-97.864384,32.930767],[-97.859074,32.919917],[-97.878441,32.9199],[-97.860265,32.9168],[-97.8624,32.911108],[-97.860724,32.910331],[-97.860268,32.910261],[-97.858142,32.915129],[-97.857904,32.913214],[-97.857025,32.912558],[-97.842579,32.912202],[-97.834397,32.903874],[-97.824791,32.897585],[-97.83199,32.89763],[-97.832108,32.883091],[-97.847143,32.883035],[-97.847972,32.879293],[-97.85613,32.879315],[-97.858718,32.878162],[-97.867369,32.878165],[-97.866047,32.897795],[-97.9101,32.897683],[-97.909987,32.904422],[-97.905814,32.905148],[-97.905793,32.916439],[-97.905242,32.918576],[-97.903664,32.919494],[-97.89692,32.919612],[-97.896938,32.920314],[-97.902237,32.921158],[-97.909862,32.921158],[-97.909866,32.920186],[-97.927301,32.920551],[-97.927252,32.941612],[-97.953236,32.941483],[-97.953213,32.949014],[-97.944486,32.949015],[-97.944488,32.956159],[-97.950977,32.956231],[-97.951043,32.96194],[-97.952996,32.958316],[-97.952864,32.976244],[-97.956502,32.975078],[-97.966646,32.975083],[-97.968712,32.975138],[-97.972164,32.976591],[-97.979695,32.976412],[-97.982592,32.975218],[-97.985732,32.971903],[-97.98986,32.96975],[-97.98997,32.970731],[-97.99157,32.971846],[-97.993682,32.975086],[-97.994423,32.979233],[-97.992493,32.981598],[-97.991051,32.982283],[-97.992582,32.983474],[-97.993193,32.985529],[-97.99233,32.986408],[-97.98649,32.988466],[-97.986147,32.99418],[-97.986922,32.995319],[-97.987057,33.00236],[-97.96929,33.002111],[-97.96888,33.007596],[-97.960271,33.009489]]]},"properties":{"zip":"76487","city":"Poolville","county":"Parker","u2015":1090,"u2023":1437,"added":347,"growth":31.8,"moe":289,"certain":true,"peak_month":"2026-03","from_peak":-1.0,"value":459966}},{"type":"Feature","geometry":{"type":"Polygon","coordinates":[[[-96.874044,32.084917],[-96.877506,32.089992],[-96.874354,32.091545],[-96.875896,32.094812],[-96.877628,32.095288],[-96.878266,32.097382],[-96.879488,32.097182],[-96.87932,32.098979],[-96.880793,32.099382],[-96.880911,32.100084],[-96.882749,32.098516],[-96.884863,32.099137],[-96.886757,32.098624],[-96.890851,32.10361],[-96.895244,32.111359],[-96.904677,32.10699],[-96.928024,32.141267],[-96.929084,32.144376],[-96.930788,32.146922],[-96.936821,32.153659],[-96.939981,32.158604],[-96.940152,32.161378],[-96.955942,32.183863],[-96.958776,32.182386],[-96.958667,32.181216],[-96.966017,32.177584],[-96.969045,32.180238],[-96.974938,32.181173],[-96.9704,32.183391],[-96.981524,32.199638],[-96.989726,32.195684],[-97.000715,32.211871],[-96.998528,32.213372],[-96.974173,32.223194],[-96.976147,32.224936],[-96.979923,32.23264],[-96.973373,32.235905],[-96.9798,32.245565],[-96.981457,32.244743],[-96.982061,32.245519],[-96.98268,32.249394],[-96.984954,32.253237],[-96.986136,32.259098],[-96.995934,32.273494],[-96.997309,32.273954],[-96.998296,32.275382],[-96.985863,32.27642],[-96.983289,32.27619],[-96.979089,32.273861],[-96.976903,32.273788],[-96.972497,32.275733],[-96.970691,32.275733],[-96.962518,32.271953],[-96.957031,32.271911],[-96.954928,32.270052],[-96.956265,32.26867],[-96.955315,32.265565],[-96.951912,32.264294],[-96.949989,32.265144],[-96.947842,32.263019],[-96.945373,32.263174],[-96.944009,32.261229],[-96.94236,32.260952],[-96.942228,32.260419],[-96.943381,32.25943],[-96.942804,32.258259],[-96.94176,32.258042],[-96.942231,32.257109],[-96.941437,32.255862],[-96.940582,32.256059],[-96.940223,32.257015],[-96.936861,32.255301],[-96.935155,32.253679],[-96.933698,32.254212],[-96.929452,32.252056],[-96.928876,32.252423],[-96.92871,32.254268],[-96.927031,32.253755],[-96.926462,32.252549],[-96.924991,32.252923],[-96.922972,32.250524],[-96.923697,32.248876],[-96.922843,32.246433],[-96.920645,32.246229],[-96.92039,32.245238],[-96.918542,32.245081],[-96.914434,32.242074],[-96.912578,32.241571],[-96.91186,32.242309],[-96.909253,32.24053],[-96.908469,32.240907],[-96.908944,32.242122],[-96.906835,32.240952],[-96.904488,32.241081],[-96.902773,32.239834],[-96.90107,32.240754],[-96.899636,32.24056],[-96.89242,32.237321],[-96.890629,32.237789],[-96.888157,32.235961],[-96.88428,32.234399],[-96.883412,32.231718],[-96.880531,32.231406],[-96.880488,32.230516],[-96.881649,32.230257],[-96.87868,32.229028],[-96.879897,32.228389],[-96.87994,32.22739],[-96.878957,32.226373],[-96.877285,32.226492],[-96.876829,32.225921],[-96.87715,32.225066],[-96.878011,32.224933],[-96.877898,32.224247],[-96.876765,32.223837],[-96.875904,32.224355],[-96.874693,32.223405],[-96.873539,32.223444],[-96.873224,32.221815],[-96.871403,32.222839],[-96.870079,32.222406],[-96.86911,32.222805],[-96.867309,32.222],[-96.866289,32.223148],[-96.86335,32.222368],[-96.863519,32.220886],[-96.862005,32.220892],[-96.860179,32.21973],[-96.859091,32.219941],[-96.858683,32.218463],[-96.857688,32.217858],[-96.857379,32.214851],[-96.854147,32.212172],[-96.854659,32.211157],[-96.852903,32.211202],[-96.852664,32.210183],[-96.850955,32.209981],[-96.849612,32.208042],[-96.848873,32.204352],[-96.832657,32.212687],[-96.83244,32.216875],[-96.83155,32.219357],[-96.826043,32.222033],[-96.824374,32.219858],[-96.810051,32.22704],[-96.815216,32.234224],[-96.814477,32.236437],[-96.809247,32.239328],[-96.807759,32.238194],[-96.799269,32.242271],[-96.797463,32.240243],[-96.795416,32.23984],[-96.786422,32.243564],[-96.778852,32.247836],[-96.761661,32.22251],[-96.775422,32.211359],[-96.786914,32.207152],[-96.787258,32.213406],[-96.790867,32.213029],[-96.792017,32.211049],[-96.791521,32.2102],[-96.792654,32.209395],[-96.792247,32.208897],[-96.794415,32.207793],[-96.792274,32.20458],[-96.78702,32.201585],[-96.781822,32.193334],[-96.771721,32.198356],[-96.769606,32.196098],[-96.754741,32.203362],[-96.7492,32.195079],[-96.752869,32.192675],[-96.735802,32.167411],[-96.732385,32.16753],[-96.729814,32.166186],[-96.726671,32.166564],[-96.723721,32.164619],[-96.72182,32.162402],[-96.716645,32.163365],[-96.712478,32.167502],[-96.708845,32.167658],[-96.707849,32.168819],[-96.705081,32.1696],[-96.702902,32.169147],[-96.749866,32.146495],[-96.874044,32.084917]]]},"properties":{"zip":"76651","city":"Italy","county":"Ellis","u2015":1458,"u2023":1539,"added":81,"growth":5.6,"moe":237,"certain":false,"peak_month":"2023-09","from_peak":-0.3,"value":259946}},{"type":"Feature","geometry":{"type":"Polygon","coordinates":[[[-97.065017,32.091791],[-97.06673,32.092225],[-97.070885,32.091853],[-97.072992,32.093055],[-97.076955,32.11282],[-97.079944,32.118836],[-97.08464,32.125858],[-97.07377,32.131715],[-97.081757,32.143586],[-97.072885,32.148138],[-97.078567,32.156844],[-97.077453,32.158037],[-97.079875,32.162457],[-97.055627,32.174768],[-97.053193,32.173662],[-97.045868,32.162663],[-97.034967,32.167865],[-97.031145,32.162974],[-97.029296,32.162684],[-97.027984,32.161156],[-97.020653,32.164029],[-97.016479,32.158426],[-97.0139,32.158965],[-97.048756,32.210641],[-97.011124,32.227176],[-96.989726,32.195684],[-96.981524,32.199638],[-96.9704,32.183391],[-96.974938,32.181173],[-96.969045,32.180238],[-96.966017,32.177584],[-96.958667,32.181216],[-96.958776,32.182386],[-96.955942,32.183863],[-96.940152,32.161378],[-96.939981,32.158604],[-96.936821,32.153659],[-96.930788,32.146922],[-96.929084,32.144376],[-96.928024,32.141267],[-96.904677,32.10699],[-96.895244,32.111359],[-96.890851,32.10361],[-96.886757,32.098624],[-96.884863,32.099137],[-96.882749,32.098516],[-96.880911,32.100084],[-96.880793,32.099382],[-96.87932,32.098979],[-96.879488,32.097182],[-96.878266,32.097382],[-96.877628,32.095288],[-96.875896,32.094812],[-96.874354,32.091545],[-96.877506,32.089992],[-96.874044,32.084917],[-96.940656,32.052087],[-96.965652,32.088569],[-96.962372,32.083475],[-96.972864,32.078389],[-96.986936,32.099227],[-97.001379,32.091836],[-97.004954,32.097102],[-97.011145,32.09434],[-97.015205,32.100498],[-97.062729,32.073355],[-97.067009,32.079551],[-97.059135,32.083345],[-97.065017,32.091791]]]},"properties":{"zip":"76670","city":"Italy","county":"Ellis","u2015":592,"u2023":752,"added":160,"growth":27.0,"moe":139,"certain":true,"peak_month":"2022-07","from_peak":-14.5,"value":261586}}]}