{"type":"FeatureCollection","features":[{"type":"Feature","geometry":{"type":"Point","coordinates":[-95.38866,29.78596]},"properties":{"name":"Houston","fips":"35000","u1":4774,"u2":2116,"u5":4988,"total":11878,"value":2822233445,"months":12,"series":{"2019":[5120,280,10063],"2020":[5923,225,10437],"2022":[6800,718,8227],"2023":[6589,1030,8777],"2024":[6805,1191,3885],"2025":[4774,2116,4988]}}},{"type":"Feature","geometry":{"type":"Point","coordinates":[-97.34876,32.78205]},"properties":{"name":"Fort Worth","fips":"27000","u1":5887,"u2":202,"u5":3348,"total":9437,"value":2319182836,"months":12,"series":{"2019":[5063,148,6128],"2020":[7190,164,2305],"2022":[7421,298,4259],"2023":[6631,285,3144],"2024":[6257,1014,5877],"2025":[5887,202,3348]}}},{"type":"Feature","geometry":{"type":"Point","coordinates":[-97.75371,30.29852]},"properties":{"name":"Austin","fips":"05000","u1":2079,"u2":355,"u5":6459,"total":8893,"value":1568252295,"months":12,"series":{"2019":[4568,212,9929],"2020":[4113,241,13336],"2022":[3344,304,14798],"2023":[1799,140,11745],"2024":[1935,176,7231],"2025":[2079,355,6459]}}},{"type":"Feature","geometry":{"type":"Point","coordinates":[-96.76669,32.79355]},"properties":{"name":"Dallas","fips":"19000","u1":2026,"u2":84,"u5":4883,"total":6993,"value":1484915618,"months":12,"series":{"2019":[2093,288,5699],"2020":[1475,229,1987],"2022":[2161,365,8183],"2023":[1995,250,4179],"2024":[1957,210,3871],"2025":[2026,84,4883]}}},{"type":"Feature","geometry":{"type":"Point","coordinates":[-96.82161,33.15598]},"properties":{"name":"Frisco","fips":"27684","u1":1090,"u2":0,"u5":4562,"total":5652,"value":1090429128,"months":12,"series":{"2019":[2081,0,960],"2020":[2444,0,735],"2022":[1327,0,1569],"2023":[1036,24,2340],"2024":[1285,0,48],"2025":[1090,0,4562]}}},{"type":"Feature","geometry":{"type":"Point","coordinates":[-98.52421,29.46003]},"properties":{"name":"San Antonio","fips":"65000","u1":3888,"u2":31,"u5":866,"total":4785,"value":1403455232,"months":12,"series":{"2019":[3890,72,5232],"2020":[4275,146,4804],"2022":[4686,197,9299],"2023":[4299,471,4389],"2024":[5000,28,1230],"2025":[3888,31,866]}}},{"type":"Feature","geometry":{"type":"Point","coordinates":[-97.14214,33.21704]},"properties":{"name":"Denton","fips":"19972","u1":898,"u2":32,"u5":2508,"total":3438,"value":822335284,"months":12,"series":{"2019":[994,16,871],"2020":[985,20,1855],"2022":[1832,4,2205],"2023":[1311,2,1979],"2024":[856,28,1092],"2025":[898,32,2508]}}},{"type":"Feature","geometry":{"type":"Point","coordinates":[-95.88407,29.69362]},"properties":{"name":"Fulshear","fips":"27876","u1":3264,"u2":0,"u5":0,"total":3264,"value":960037325,"months":12,"series":{"2019":[1253,0,0],"2020":[2345,0,172],"2022":[3001,0,0],"2023":[3854,0,0],"2024":[3970,0,0],"2025":[3264,0,0]}}},{"type":"Feature","geometry":{"type":"Point","coordinates":[-96.66647,33.20235]},"properties":{"name":"McKinney","fips":"45744","u1":1649,"u2":0,"u5":1391,"total":3040,"value":779271040,"months":12,"series":{"2019":[1491,6,1698],"2020":[1563,120,619],"2022":[1633,6,1676],"2023":[2250,4,2548],"2024":[2388,2,1520],"2025":[1649,0,1391]}}},{"type":"Feature","geometry":{"type":"Point","coordinates":[-96.79549,33.32379]},"properties":{"name":"Celina","fips":"13684","u1":2489,"u2":0,"u5":314,"total":2803,"value":765127458,"months":12,"series":{"2019":[1238,0,0],"2020":[1850,30,0],"2022":[1650,0,1546],"2023":[2467,38,191],"2024":[2906,2,1465],"2025":[2489,0,314]}}},{"type":"Feature","geometry":{"type":"Point","coordinates":[-101.88875,33.56195]},"properties":{"name":"Lubbock","fips":"45000","u1":1561,"u2":32,"u5":789,"total":2382,"value":640594219,"months":12,"series":{"2019":[1403,142,541],"2020":[1825,252,1523],"2022":[2036,230,680],"2023":[1635,22,536],"2024":[1570,30,252],"2025":[1561,32,789]}}},{"type":"Feature","geometry":{"type":"Point","coordinates":[-95.48232,30.32592]},"properties":{"name":"Conroe","fips":"16432","u1":1839,"u2":48,"u5":6,"total":1893,"value":500826515,"months":12,"series":{"2019":[1180,4,1048],"2020":[1545,28,366],"2022":[1865,40,1491],"2023":[1814,52,703],"2024":[2069,28,328],"2025":[1839,48,6]}}},{"type":"Feature","geometry":{"type":"Point","coordinates":[-97.69647,30.66512]},"properties":{"name":"Georgetown","fips":"29336","u1":1462,"u2":0,"u5":308,"total":1770,"value":479460056,"months":12,"series":{"2019":[1509,4,764],"2020":[2213,34,1048],"2022":[2253,22,2299],"2023":[1477,0,509],"2024":[2120,66,168],"2025":[1462,0,308]}}},{"type":"Feature","geometry":{"type":"Point","coordinates":[-106.42981,31.84754]},"properties":{"name":"El Paso","fips":"24000","u1":1466,"u2":114,"u5":142,"total":1722,"value":376371245,"months":0,"series":{"2019":[1646,133,325],"2020":[2099,119,340],"2022":[1649,92,227],"2023":[1572,98,182],"2024":[1644,100,143],"2025":[1466,114,142]}}},{"type":"Feature","geometry":{"type":"Point","coordinates":[-96.50678,33.18576]},"properties":{"name":"Princeton","fips":"59576","u1":1598,"u2":12,"u5":0,"total":1610,"value":471517945,"months":12,"series":{"2019":[797,0,0],"2020":[823,0,0],"2022":[796,0,0],"2023":[931,582,0],"2024":[1948,0,330],"2025":[1598,12,0]}}},{"type":"Feature","geometry":{"type":"Point","coordinates":[-97.12505,32.69976]},"properties":{"name":"Arlington","fips":"04000","u1":532,"u2":232,"u5":812,"total":1576,"value":228594388,"months":12,"series":{"2019":[840,4,818],"2020":[725,8,714],"2022":[736,14,2151],"2023":[696,4,565],"2024":[309,22,1372],"2025":[532,232,812]}}},{"type":"Feature","geometry":{"type":"Point","coordinates":[-98.2467,26.22514]},"properties":{"name":"McAllen","fips":"45384","u1":786,"u2":567,"u5":151,"total":1504,"value":254968241,"months":12,"series":{"2019":[536,33,296],"2020":[530,148,418],"2022":[668,425,287],"2023":[428,512,241],"2024":[669,623,430],"2025":[786,567,151]}}},{"type":"Feature","geometry":{"type":"Point","coordinates":[-97.28315,27.73356]},"properties":{"name":"Corpus Christi","fips":"17000","u1":1220,"u2":22,"u5":142,"total":1384,"value":374615332,"months":3,"series":{"2019":[997,10,0],"2020":[1190,0,0],"2022":[1096,0,0],"2023":[1064,0,0],"2024":[1029,14,0],"2025":[1220,22,142]}}},{"type":"Feature","geometry":{"type":"Point","coordinates":[-97.47872,25.98859]},"properties":{"name":"Brownsville","fips":"10768","u1":759,"u2":3,"u5":617,"total":1379,"value":163132868,"months":9,"series":{"2019":[692,0,0],"2020":[772,73,125],"2022":[763,98,188],"2023":[602,0,104],"2024":[674,0,356],"2025":[759,3,617]}}},{"type":"Feature","geometry":{"type":"Point","coordinates":[-98.15783,26.32262]},"properties":{"name":"Edinburg","fips":"22660","u1":529,"u2":658,"u5":192,"total":1379,"value":226575072,"months":12,"series":{"2019":[379,458,138],"2020":[539,622,46],"2022":[542,251,109],"2023":[590,611,216],"2024":[777,456,62],"2025":[529,658,192]}}},{"type":"Feature","geometry":{"type":"Point","coordinates":[-99.48764,27.56262]},"properties":{"name":"Laredo","fips":"41464","u1":1029,"u2":54,"u5":257,"total":1340,"value":321498814,"months":0,"series":{"2019":[1144,97,184],"2020":[1387,123,143],"2022":[1259,68,187],"2023":[1085,90,46],"2024":[1154,49,245],"2025":[1029,54,257]}}},{"type":"Feature","geometry":{"type":"Point","coordinates":[-97.86157,30.5736]},"properties":{"name":"Leander","fips":"42016","u1":951,"u2":13,"u5":372,"total":1336,"value":337209618,"months":12,"series":{"2019":[1769,56,414],"2020":[2014,0,288],"2022":[1692,0,609],"2023":[1701,36,841],"2024":[1190,3,0],"2025":[951,13,372]}}},{"type":"Feature","geometry":{"type":"Point","coordinates":[-102.11509,32.02415]},"properties":{"name":"Midland","fips":"48072","u1":1317,"u2":0,"u5":0,"total":1317,"value":297528331,"months":12,"series":{"2019":[1290,0,0],"2020":[1289,0,0],"2022":[593,0,0],"2023":[805,0,0],"2024":[1504,0,0],"2025":[1317,0,0]}}},{"type":"Feature","geometry":{"type":"Point","coordinates":[-96.29595,30.58515]},"properties":{"name":"College Station","fips":"15976","u1":811,"u2":32,"u5":455,"total":1298,"value":301987557,"months":12,"series":{"2019":[398,60,159],"2020":[484,26,655],"2022":[592,24,73],"2023":[448,16,277],"2024":[650,35,427],"2025":[811,32,455]}}},{"type":"Feature","geometry":{"type":"Point","coordinates":[-97.88375,29.99353]},"properties":{"name":"Kyle","fips":"39952","u1":912,"u2":0,"u5":386,"total":1298,"value":300302212,"months":12,"series":{"2019":[629,0,263],"2020":[1233,0,809],"2022":[1589,0,539],"2023":[1249,0,0],"2024":[1030,0,757],"2025":[912,0,386]}}},{"type":"Feature","geometry":{"type":"Point","coordinates":[-96.43454,33.02345]},"properties":{"name":"Lavon","fips":"41800","u1":571,"u2":370,"u5":325,"total":1266,"value":269244445,"months":12,"series":{"2019":[71,0,0],"2020":[274,0,0],"2022":[369,0,0],"2023":[326,0,0],"2024":[1177,20,0],"2025":[571,370,325]}}},{"type":"Feature","geometry":{"type":"Point","coordinates":[-97.38828,31.10515]},"properties":{"name":"Temple","fips":"72176","u1":1021,"u2":97,"u5":102,"total":1220,"value":334804333,"months":3,"series":{"2019":[978,4,0],"2020":[1265,82,0],"2022":[1101,114,705],"2023":[999,124,433],"2024":[1256,62,0],"2025":[1021,97,102]}}},{"type":"Feature","geometry":{"type":"Point","coordinates":[-96.89992,32.98892]},"properties":{"name":"Carrollton","fips":"13024","u1":16,"u2":0,"u5":1150,"total":1166,"value":192171456,"months":12,"series":{"2019":[349,0,0],"2020":[205,0,258],"2022":[171,0,0],"2023":[36,0,767],"2024":[22,0,0],"2025":[16,0,1150]}}},{"type":"Feature","geometry":{"type":"Point","coordinates":[-97.18938,31.55787]},"properties":{"name":"Waco","fips":"76000","u1":561,"u2":62,"u5":496,"total":1119,"value":243777691,"months":12,"series":{"2019":[624,38,276],"2020":[654,92,90],"2022":[603,36,324],"2023":[472,150,787],"2024":[489,76,140],"2025":[561,62,496]}}},{"type":"Feature","geometry":{"type":"Point","coordinates":[-96.62202,33.62715]},"properties":{"name":"Sherman","fips":"67496","u1":634,"u2":4,"u5":396,"total":1034,"value":241256144,"months":12,"series":{"2022":[815,22,588],"2023":[291,0,1259],"2024":[648,0,624],"2025":[634,4,396]}}},{"type":"Feature","geometry":{"type":"Point","coordinates":[-96.38063,30.66571]},"properties":{"name":"Bryan","fips":"10912","u1":876,"u2":156,"u5":0,"total":1032,"value":168762827,"months":12,"series":{"2019":[611,14,84],"2020":[746,8,18],"2022":[869,40,93],"2023":[615,10,0],"2024":[728,30,341],"2025":[876,156,0]}}},{"type":"Feature","geometry":{"type":"Point","coordinates":[-96.67355,33.10876]},"properties":{"name":"Allen","fips":"01924","u1":269,"u2":0,"u5":759,"total":1028,"value":261568450,"months":12,"series":{"2019":[493,0,736],"2020":[538,0,0],"2022":[287,0,255],"2023":[123,0,368],"2024":[166,37,0],"2025":[269,0,759]}}},{"type":"Feature","geometry":{"type":"Point","coordinates":[-99.73843,32.45425]},"properties":{"name":"Abilene","fips":"01000","u1":696,"u2":324,"u5":0,"total":1020,"value":256653757,"months":12,"series":{"2019":[333,16,0],"2020":[373,68,196],"2022":[452,50,274],"2023":[313,56,64],"2024":[385,96,0],"2025":[696,324,0]}}},{"type":"Feature","geometry":{"type":"Point","coordinates":[-102.3455,31.88118]},"properties":{"name":"Odessa","fips":"53388","u1":921,"u2":0,"u5":0,"total":921,"value":228214263,"months":12,"series":{"2019":[743,4,1035],"2020":[898,2,288],"2022":[1019,4,30],"2023":[824,0,5],"2024":[1004,0,0],"2025":[921,0,0]}}},{"type":"Feature","geometry":{"type":"Point","coordinates":[-97.60064,30.45068]},"properties":{"name":"Pflugerville","fips":"57176","u1":377,"u2":120,"u5":423,"total":920,"value":207906296,"months":12,"series":{"2019":[867,0,0],"2020":[725,0,608],"2022":[310,36,381],"2023":[228,19,181],"2024":[456,88,336],"2025":[377,120,423]}}},{"type":"Feature","geometry":{"type":"Point","coordinates":[-97.73072,31.0756]},"properties":{"name":"Killeen","fips":"39148","u1":490,"u2":136,"u5":284,"total":910,"value":199854132,"months":12,"series":{"2019":[700,158,0],"2020":[888,274,152],"2022":[497,158,0],"2023":[527,80,0],"2024":[680,208,246],"2025":[490,136,284]}}},{"type":"Feature","geometry":{"type":"Point","coordinates":[-98.1149,29.69918]},"properties":{"name":"New Braunfels","fips":"50820","u1":879,"u2":0,"u5":0,"total":879,"value":258268571,"months":12,"series":{"2019":[1549,0,188],"2020":[1983,16,784],"2022":[832,0,1835],"2023":[689,0,1406],"2024":[1271,3,1164],"2025":[879,0,0]}}},{"type":"Feature","geometry":{"type":"Point","coordinates":[-101.83098,35.19852]},"properties":{"name":"Amarillo","fips":"03000","u1":529,"u2":24,"u5":312,"total":865,"value":207766594,"months":12,"series":{"2019":[446,26,0],"2020":[560,0,285],"2022":[678,42,38],"2023":[497,12,55],"2024":[562,2,650],"2025":[529,24,312]}}},{"type":"Feature","geometry":{"type":"Point","coordinates":[-96.55368,33.34761]},"properties":{"name":"Anna","fips":"03300","u1":864,"u2":0,"u5":0,"total":864,"value":253752466,"months":12,"series":{"2019":[511,0,0],"2020":[945,0,0],"2022":[907,0,539],"2023":[1089,0,317],"2024":[1173,0,0],"2025":[864,0,0]}}},{"type":"Feature","geometry":{"type":"Point","coordinates":[-97.66361,30.52714]},"properties":{"name":"Round Rock","fips":"63500","u1":529,"u2":0,"u5":316,"total":845,"value":244763226,"months":12,"series":{"2019":[654,0,356],"2020":[451,62,592],"2022":[815,28,614],"2023":[1101,164,630],"2024":[902,0,1035],"2025":[529,0,316]}}},{"type":"Feature","geometry":{"type":"Point","coordinates":[-96.98896,32.46678]},"properties":{"name":"Midlothian","fips":"48096","u1":768,"u2":32,"u5":25,"total":825,"value":234342943,"months":12,"series":{"2019":[474,2,0],"2020":[494,2,0],"2022":[376,0,388],"2023":[860,2,0],"2024":[852,43,20],"2025":[768,32,25]}}},{"type":"Feature","geometry":{"type":"Point","coordinates":[-95.1086,29.48747]},"properties":{"name":"League","fips":"41980","u1":816,"u2":0,"u5":0,"total":816,"value":172266148,"months":0,"series":{"2019":[742,0,0],"2020":[847,0,0],"2022":[427,0,0],"2023":[686,0,0],"2024":[928,0,0],"2025":[816,0,0]}}},{"type":"Feature","geometry":{"type":"Point","coordinates":[-97.9683,29.5901]},"properties":{"name":"Seguin","fips":"66644","u1":801,"u2":10,"u5":0,"total":811,"value":237165811,"months":12,"series":{"2019":[134,38,0],"2020":[501,88,203],"2022":[1030,164,24],"2023":[724,14,456],"2024":[998,16,0],"2025":[801,10,0]}}},{"type":"Feature","geometry":{"type":"Point","coordinates":[-97.93653,29.87328]},"properties":{"name":"San Marcos","fips":"65600","u1":685,"u2":0,"u5":114,"total":799,"value":269034883,"months":10,"series":{"2019":[577,0,0],"2020":[625,0,0],"2022":[934,0,0],"2023":[782,0,660],"2024":[557,18,707],"2025":[685,0,114]}}},{"type":"Feature","geometry":{"type":"Point","coordinates":[-97.39215,30.35417]},"properties":{"name":"Elgin","fips":"23044","u1":229,"u2":0,"u5":537,"total":766,"value":139728465,"months":12,"series":{"2019":[73,0,10],"2020":[221,0,0],"2022":[388,2,0],"2023":[63,0,0],"2024":[212,10,150],"2025":[229,0,537]}}},{"type":"Feature","geometry":{"type":"Point","coordinates":[-96.9753,33.04541]},"properties":{"name":"Lewisville","fips":"42508","u1":228,"u2":0,"u5":528,"total":756,"value":140701397,"months":12,"series":{"2019":[296,0,633],"2020":[358,0,86],"2022":[435,0,937],"2023":[208,0,673],"2024":[140,0,1550],"2025":[228,0,528]}}},{"type":"Feature","geometry":{"type":"Point","coordinates":[-96.84476,32.40361]},"properties":{"name":"Waxahachie","fips":"76816","u1":746,"u2":0,"u5":0,"total":746,"value":149287589,"months":9,"series":{"2019":[576,0,107],"2020":[756,0,16],"2022":[729,0,45],"2023":[458,0,0],"2024":[586,0,0],"2025":[746,0,0]}}},{"type":"Feature","geometry":{"type":"Point","coordinates":[-95.36335,29.47972]},"properties":{"name":"Manvel","fips":"46500","u1":745,"u2":0,"u5":0,"total":745,"value":372940148,"months":12,"series":{"2019":[465,0,0],"2020":[774,0,0],"2022":[891,0,0],"2023":[686,0,0],"2024":[630,0,0],"2025":[745,0,0]}}},{"type":"Feature","geometry":{"type":"Point","coordinates":[-95.42368,29.44122]},"properties":{"name":"Iowa Colony","fips":"36092","u1":743,"u2":0,"u5":0,"total":743,"value":217934446,"months":12,"series":{"2022":[627,0,0],"2023":[780,0,0],"2024":[883,0,297],"2025":[743,0,0]}}},{"type":"Feature","geometry":{"type":"Point","coordinates":[-95.53579,29.55976]},"properties":{"name":"Missouri","fips":"48804","u1":109,"u2":0,"u5":628,"total":737,"value":100907285,"months":12,"series":{"2019":[567,0,0],"2020":[634,0,0],"2022":[421,0,0],"2023":[413,0,0],"2024":[118,0,0],"2025":[109,0,628]}}},{"type":"Feature","geometry":{"type":"Point","coordinates":[-96.5489,32.9155]},"properties":{"name":"Rowlett","fips":"63572","u1":110,"u2":16,"u5":603,"total":729,"value":147259851,"months":12,"series":{"2019":[243,0,385],"2020":[366,0,332],"2022":[243,0,652],"2023":[217,3,66],"2024":[134,2,31],"2025":[110,16,603]}}},{"type":"Feature","geometry":{"type":"Point","coordinates":[-98.32558,26.20386]},"properties":{"name":"Mission","fips":"48768","u1":382,"u2":236,"u5":104,"total":722,"value":112871194,"months":12,"series":{"2019":[377,0,8],"2020":[383,3,12],"2022":[372,46,120],"2023":[407,162,42],"2024":[363,232,100],"2025":[382,236,104]}}},{"type":"Feature","geometry":{"type":"Point","coordinates":[-96.70931,32.97165]},"properties":{"name":"Richardson","fips":"61796","u1":56,"u2":0,"u5":621,"total":677,"value":163834713,"months":12,"series":{"2019":[69,0,246],"2020":[45,0,0],"2022":[92,0,0],"2023":[26,0,0],"2024":[30,0,760],"2025":[56,0,621]}}},{"type":"Feature","geometry":{"type":"Point","coordinates":[-97.12137,32.56897]},"properties":{"name":"Mansfield","fips":"46452","u1":675,"u2":0,"u5":0,"total":675,"value":242110994,"months":12,"series":{"2019":[466,0,0],"2020":[845,0,0],"2022":[842,0,0],"2023":[627,10,0],"2024":[1035,0,696],"2025":[675,0,0]}}},{"type":"Feature","geometry":{"type":"Point","coordinates":[-96.78575,32.51831]},"properties":{"name":"Red Oak","fips":"61196","u1":343,"u2":0,"u5":324,"total":667,"value":134940918,"months":12,"series":{"2019":[217,0,0],"2020":[341,0,0],"2022":[367,0,0],"2023":[239,0,0],"2024":[367,0,0],"2025":[343,0,324]}}},{"type":"Feature","geometry":{"type":"Point","coordinates":[-97.02284,32.67743]},"properties":{"name":"Grand Prairie","fips":"30464","u1":356,"u2":68,"u5":240,"total":664,"value":129876342,"months":12,"series":{"2019":[208,0,978],"2020":[418,0,1040],"2022":[335,4,654],"2023":[373,2,964],"2024":[364,0,1218],"2025":[356,68,240]}}},{"type":"Feature","geometry":{"type":"Point","coordinates":[-96.10986,33.1116]},"properties":{"name":"Greenville","fips":"30920","u1":309,"u2":14,"u5":340,"total":663,"value":72585108,"months":12,"series":{"2019":[207,0,0],"2020":[290,0,218],"2022":[377,0,60],"2023":[402,0,0],"2024":[491,0,527],"2025":[309,14,340]}}},{"type":"Feature","geometry":{"type":"Point","coordinates":[-97.98736,26.16044]},"properties":{"name":"Weslaco","fips":"77272","u1":253,"u2":354,"u5":42,"total":649,"value":136691431,"months":12,"series":{"2019":[215,231,408],"2020":[229,60,0],"2022":[256,221,0],"2023":[187,208,0],"2024":[210,191,0],"2025":[253,354,42]}}},{"type":"Feature","geometry":{"type":"Point","coordinates":[-94.89459,29.44898]},"properties":{"name":"Texas","fips":"72392","u1":640,"u2":0,"u5":0,"total":640,"value":188161139,"months":12,"series":{"2019":[496,0,318],"2020":[778,0,348],"2022":[481,0,0],"2023":[596,16,6],"2024":[974,0,0],"2025":[640,0,0]}}},{"type":"Feature","geometry":{"type":"Point","coordinates":[-97.52283,30.3562]},"properties":{"name":"Manor","fips":"46440","u1":551,"u2":44,"u5":0,"total":595,"value":202330148,"months":0,"series":{"2019":[690,0,0],"2020":[700,0,897],"2022":[681,0,0],"2023":[577,46,0],"2024":[623,36,0],"2025":[551,44,0]}}},{"type":"Feature","geometry":{"type":"Point","coordinates":[-97.54258,30.54122]},"properties":{"name":"Hutto","fips":"35624","u1":582,"u2":0,"u5":0,"total":582,"value":235029295,"months":12,"series":{"2019":[533,0,0],"2020":[851,0,0],"2022":[709,0,0],"2023":[1129,0,0],"2024":[1010,0,0],"2025":[582,0,0]}}},{"type":"Feature","geometry":{"type":"Point","coordinates":[-97.41068,32.35528]},"properties":{"name":"Cleburne","fips":"15364","u1":434,"u2":0,"u5":140,"total":574,"value":136564403,"months":0,"series":{"2019":[238,16,0],"2020":[290,36,0],"2022":[307,18,564],"2023":[222,0,534],"2024":[582,0,66],"2025":[434,0,140]}}},{"type":"Feature","geometry":{"type":"Point","coordinates":[-96.91756,33.36452]},"properties":{"name":"Pilot Point","fips":"57476","u1":573,"u2":0,"u5":0,"total":573,"value":168134167,"months":12,"series":{"2019":[39,0,0],"2020":[96,0,0],"2022":[399,0,0],"2023":[341,0,0],"2024":[548,0,0],"2025":[573,0,0]}}},{"type":"Feature","geometry":{"type":"Point","coordinates":[-96.80873,33.23944]},"properties":{"name":"Prosper","fips":"59696","u1":367,"u2":0,"u5":201,"total":568,"value":133919354,"months":0,"series":{"2019":[859,0,0],"2020":[1115,0,0],"2022":[949,0,524],"2023":[877,0,0],"2024":[903,0,0],"2025":[367,0,201]}}},{"type":"Feature","geometry":{"type":"Point","coordinates":[-96.55696,33.28908]},"properties":{"name":"Melissa","fips":"47496","u1":553,"u2":0,"u5":0,"total":553,"value":161379424,"months":12,"series":{"2019":[560,0,0],"2020":[857,0,0],"2022":[1194,170,110],"2023":[953,0,0],"2024":[1263,32,0],"2025":[553,0,0]}}},{"type":"Feature","geometry":{"type":"Point","coordinates":[-98.0937,30.19594]},"properties":{"name":"Dripping Springs","fips":"21424","u1":521,"u2":0,"u5":0,"total":521,"value":373995256,"months":12,"series":{"2019":[323,0,0],"2020":[431,0,0],"2022":[598,2,175],"2023":[581,2,202],"2024":[491,0,0],"2025":[521,0,0]}}},{"type":"Feature","geometry":{"type":"Point","coordinates":[-96.43738,32.91705]},"properties":{"name":"Rockwall","fips":"62828","u1":507,"u2":4,"u5":0,"total":511,"value":148746097,"months":12,"series":{"2019":[258,0,288],"2020":[388,0,375],"2022":[261,0,0],"2023":[164,0,0],"2024":[319,0,0],"2025":[507,4,0]}}},{"type":"Feature","geometry":{"type":"Point","coordinates":[-97.90656,30.66385]},"properties":{"name":"Liberty Hill","fips":"42664","u1":321,"u2":0,"u5":187,"total":508,"value":111849229,"months":0,"series":{"2019":[224,0,0],"2020":[300,0,0],"2022":[974,0,0],"2023":[588,0,345],"2024":[350,0,207],"2025":[321,0,187]}}},{"type":"Feature","geometry":{"type":"Point","coordinates":[-96.31647,32.97348]},"properties":{"name":"Royse","fips":"63668","u1":498,"u2":0,"u5":0,"total":498,"value":148143955,"months":12,"series":{"2019":[243,0,0],"2020":[785,0,0],"2022":[1443,0,0],"2023":[703,0,0],"2024":[693,0,0],"2025":[498,0,0]}}},{"type":"Feature","geometry":{"type":"Point","coordinates":[-96.58443,32.75926]},"properties":{"name":"Mesquite","fips":"47892","u1":491,"u2":0,"u5":0,"total":491,"value":144518212,"months":12,"series":{"2019":[64,0,0],"2020":[257,0,0],"2022":[510,0,31],"2023":[512,0,0],"2024":[719,0,0],"2025":[491,0,0]}}},{"type":"Feature","geometry":{"type":"Point","coordinates":[-97.91406,31.11919]},"properties":{"name":"Copperas Cove","fips":"16624","u1":297,"u2":177,"u5":0,"total":474,"value":54442281,"months":12,"series":{"2019":[161,4,0],"2020":[266,62,0],"2022":[282,94,0],"2023":[280,154,0],"2024":[273,94,0],"2025":[297,177,0]}}},{"type":"Feature","geometry":{"type":"Point","coordinates":[-96.95451,33.2389]},"properties":{"name":"Providence Village","fips":"59748","u1":467,"u2":0,"u5":0,"total":467,"value":153963144,"months":12,"series":{"2022":[130,0,0],"2023":[373,0,0],"2024":[717,0,0],"2025":[467,0,0]}}},{"type":"Feature","geometry":{"type":"Point","coordinates":[-102.00578,33.50547]},"properties":{"name":"Wolfforth","fips":"79972","u1":462,"u2":2,"u5":0,"total":464,"value":112498042,"months":12,"series":{"2019":[82,14,0],"2020":[167,6,38],"2022":[266,40,0],"2023":[293,0,0],"2024":[331,10,0],"2025":[462,2,0]}}},{"type":"Feature","geometry":{"type":"Point","coordinates":[-96.31901,33.06268]},"properties":{"name":"Josephine","fips":"38068","u1":449,"u2":0,"u5":0,"total":449,"value":104031906,"months":12,"series":{"2019":[167,0,0],"2020":[772,0,0],"2022":[97,0,0],"2023":[551,0,0],"2024":[483,0,0],"2025":[449,0,0]}}},{"type":"Feature","geometry":{"type":"Point","coordinates":[-96.36042,33.16071]},"properties":{"name":"Farmersville","fips":"25488","u1":441,"u2":0,"u5":0,"total":441,"value":129961801,"months":12,"series":{"2019":[58,0,0],"2020":[61,0,0],"2022":[73,0,0],"2023":[68,0,0],"2024":[434,0,0],"2025":[441,0,0]}}},{"type":"Feature","geometry":{"type":"Point","coordinates":[-97.25687,33.07923]},"properties":{"name":"Northlake","fips":"52212","u1":438,"u2":0,"u5":0,"total":438,"value":129040039,"months":12,"series":{"2019":[488,0,0],"2020":[639,0,0],"2022":[330,0,0],"2023":[596,0,0],"2024":[637,0,0],"2025":[438,0,0]}}},{"type":"Feature","geometry":{"type":"Point","coordinates":[-98.24799,29.56257]},"properties":{"name":"Schertz","fips":"66128","u1":438,"u2":0,"u5":0,"total":438,"value":124081041,"months":12,"series":{"2019":[310,0,0],"2020":[381,0,0],"2022":[194,0,0],"2023":[140,0,300],"2024":[566,0,0],"2025":[438,0,0]}}},{"type":"Feature","geometry":{"type":"Point","coordinates":[-95.56537,29.62711]},"properties":{"name":"Stafford","fips":"69908","u1":21,"u2":0,"u5":411,"total":432,"value":59401380,"months":0,"series":{"2019":[7,0,0],"2020":[3,0,0],"2022":[39,0,0],"2023":[39,0,0],"2024":[29,0,455],"2025":[21,0,411]}}},{"type":"Feature","geometry":{"type":"Point","coordinates":[-98.21112,29.56322]},"properties":{"name":"Cibolo","fips":"14920","u1":287,"u2":8,"u5":133,"total":428,"value":79924322,"months":0,"series":{"2019":[347,0,480],"2020":[360,0,0],"2022":[298,10,0],"2023":[313,10,154],"2024":[324,8,133],"2025":[287,8,133]}}},{"type":"Feature","geometry":{"type":"Point","coordinates":[-95.63577,29.59352]},"properties":{"name":"Sugar Land","fips":"70808","u1":44,"u2":0,"u5":376,"total":420,"value":67915165,"months":12,"series":{"2019":[124,0,0],"2020":[148,0,0],"2022":[136,0,0],"2023":[36,0,160],"2024":[67,0,0],"2025":[44,0,376]}}},{"type":"Feature","geometry":{"type":"Point","coordinates":[-96.93014,33.1864]},"properties":{"name":"Little Elm","fips":"43012","u1":414,"u2":0,"u5":0,"total":414,"value":98237640,"months":12,"series":{"2019":[960,2,0],"2020":[1170,4,324],"2022":[1291,0,0],"2023":[928,0,0],"2024":[850,0,0],"2025":[414,0,0]}}},{"type":"Feature","geometry":{"type":"Point","coordinates":[-96.61554,33.50748]},"properties":{"name":"Howe","fips":"35084","u1":107,"u2":0,"u5":300,"total":407,"value":72254852,"months":12,"series":{"2022":[9,0,0],"2023":[7,0,0],"2024":[26,0,0],"2025":[107,0,300]}}},{"type":"Feature","geometry":{"type":"Point","coordinates":[-97.46381,32.67875]},"properties":{"name":"Benbrook","fips":"07552","u1":26,"u2":0,"u5":369,"total":395,"value":78129072,"months":12,"series":{"2019":[59,0,0],"2020":[30,0,179],"2022":[52,0,0],"2023":[24,0,0],"2024":[26,0,0],"2025":[26,0,369]}}},{"type":"Feature","geometry":{"type":"Point","coordinates":[-96.63382,32.32458]},"properties":{"name":"Ennis","fips":"24348","u1":380,"u2":0,"u5":0,"total":380,"value":111154659,"months":12,"series":{"2019":[71,4,0],"2020":[219,4,144],"2022":[212,0,0],"2023":[328,16,0],"2024":[358,2,0],"2025":[380,0,0]}}},{"type":"Feature","geometry":{"type":"Point","coordinates":[-97.32065,30.11113]},"properties":{"name":"Bastrop","fips":"05864","u1":202,"u2":170,"u5":0,"total":372,"value":87426390,"months":12,"series":{"2019":[75,0,0],"2020":[232,0,0],"2022":[215,0,0],"2023":[228,0,192],"2024":[130,250,0],"2025":[202,170,0]}}},{"type":"Feature","geometry":{"type":"Point","coordinates":[-97.31091,33.08711]},"properties":{"name":"Justin","fips":"38332","u1":363,"u2":0,"u5":0,"total":363,"value":129978305,"months":12,"series":{"2019":[151,0,0],"2020":[206,0,0],"2022":[127,0,0],"2023":[115,0,0],"2024":[435,0,0],"2025":[363,0,0]}}},{"type":"Feature","geometry":{"type":"Point","coordinates":[-97.69767,26.19162]},"properties":{"name":"Harlingen","fips":"32372","u1":225,"u2":104,"u5":32,"total":361,"value":54527829,"months":8,"series":{"2022":[69,59,27],"2023":[176,71,0],"2024":[239,86,88],"2025":[225,104,32]}}},{"type":"Feature","geometry":{"type":"Point","coordinates":[-97.32336,32.39585]},"properties":{"name":"Keene","fips":"38548","u1":109,"u2":0,"u5":252,"total":361,"value":45475166,"months":12,"series":{"2019":[5,0,0],"2020":[2,0,0],"2022":[28,0,0],"2023":[13,0,0],"2024":[46,2,0],"2025":[109,0,252]}}},{"type":"Feature","geometry":{"type":"Point","coordinates":[-98.72889,29.78457]},"properties":{"name":"Boerne","fips":"09160","u1":357,"u2":0,"u5":0,"total":357,"value":71400000,"months":9,"series":{"2019":[355,0,0],"2020":[399,0,0],"2022":[325,0,0],"2023":[310,0,0],"2024":[517,0,0],"2025":[357,0,0]}}},{"type":"Feature","geometry":{"type":"Point","coordinates":[-100.45046,31.44236]},"properties":{"name":"San Angelo","fips":"64472","u1":333,"u2":2,"u5":0,"total":335,"value":99430364,"months":12,"series":{"2019":[283,0,0],"2020":[686,0,0],"2022":[322,0,0],"2023":[252,0,0],"2024":[231,2,0],"2025":[333,2,0]}}},{"type":"Feature","geometry":{"type":"Point","coordinates":[-97.08275,27.81292]},"properties":{"name":"Port Aransas","fips":"58808","u1":265,"u2":0,"u5":60,"total":325,"value":75706958,"months":0,"series":{"2022":[141,3,274],"2023":[275,0,69],"2024":[300,0,47],"2025":[265,0,60]}}},{"type":"Feature","geometry":{"type":"Point","coordinates":[-96.44535,32.62894]},"properties":{"name":"Crandall","fips":"17504","u1":313,"u2":0,"u5":0,"total":313,"value":72458827,"months":12,"series":{"2019":[31,0,0],"2020":[55,0,0],"2022":[42,0,0],"2023":[213,0,0],"2024":[479,0,0],"2025":[313,0,0]}}},{"type":"Feature","geometry":{"type":"Point","coordinates":[-96.74868,33.05024]},"properties":{"name":"Plano","fips":"58016","u1":138,"u2":0,"u5":175,"total":313,"value":77808161,"months":12,"series":{"2019":[197,8,1140],"2020":[291,0,685],"2022":[186,24,1567],"2023":[170,0,326],"2024":[241,0,558],"2025":[138,0,175]}}},{"type":"Feature","geometry":{"type":"Point","coordinates":[-95.61934,30.09498]},"properties":{"name":"Tomball","fips":"73316","u1":309,"u2":0,"u5":0,"total":309,"value":76765934,"months":0,"series":{"2019":[98,0,0],"2020":[350,0,0],"2022":[339,0,0],"2023":[332,0,0],"2024":[345,0,0],"2025":[309,0,0]}}},{"type":"Feature","geometry":{"type":"Point","coordinates":[-98.15181,26.18938]},"properties":{"name":"San Juan","fips":"65516","u1":277,"u2":26,"u5":0,"total":303,"value":44910784,"months":12,"series":{"2019":[140,0,12],"2020":[155,0,0],"2022":[180,0,0],"2023":[196,112,25],"2024":[298,51,14],"2025":[277,26,0]}}},{"type":"Feature","geometry":{"type":"Point","coordinates":[-95.82202,29.54529]},"properties":{"name":"Rosenberg","fips":"63284","u1":301,"u2":0,"u5":0,"total":301,"value":86356032,"months":0,"series":{"2019":[268,0,0],"2020":[512,0,0],"2022":[412,0,83],"2023":[351,0,0],"2024":[388,0,0],"2025":[301,0,0]}}},{"type":"Feature","geometry":{"type":"Point","coordinates":[-96.38607,32.94322]},"properties":{"name":"Fate","fips":"25572","u1":297,"u2":0,"u5":0,"total":297,"value":87916958,"months":12,"series":{"2019":[544,0,0],"2020":[817,0,18],"2022":[464,4,18],"2023":[556,0,336],"2024":[575,0,0],"2025":[297,0,0]}}},{"type":"Feature","geometry":{"type":"Point","coordinates":[-97.47813,31.05333]},"properties":{"name":"Belton","fips":"07492","u1":291,"u2":4,"u5":0,"total":295,"value":55888475,"months":12,"series":{"2019":[107,40,0],"2020":[118,46,0],"2022":[226,52,0],"2023":[201,4,48],"2024":[275,8,0],"2025":[291,4,0]}}},{"type":"Feature","geometry":{"type":"Point","coordinates":[-98.30649,29.50727]},"properties":{"name":"Converse","fips":"16468","u1":293,"u2":0,"u5":0,"total":293,"value":50260454,"months":0,"series":{"2019":[221,0,0],"2020":[352,0,0],"2022":[332,0,0],"2023":[313,0,0],"2024":[330,0,0],"2025":[293,0,0]}}},{"type":"Feature","geometry":{"type":"Point","coordinates":[-95.28815,29.38511]},"properties":{"name":"Alvin","fips":"02272","u1":285,"u2":0,"u5":0,"total":285,"value":83505064,"months":12,"series":{"2019":[217,0,0],"2020":[283,2,0],"2022":[183,0,0],"2023":[382,0,0],"2024":[282,0,0],"2025":[285,0,0]}}},{"type":"Feature","geometry":{"type":"Point","coordinates":[-95.93014,30.07066]},"properties":{"name":"Waller","fips":"76228","u1":284,"u2":0,"u5":0,"total":284,"value":73776873,"months":12,"series":{"2019":[2,0,0],"2020":[4,0,0],"2022":[14,96,0],"2023":[51,38,10],"2024":[304,40,72],"2025":[284,0,0]}}},{"type":"Feature","geometry":{"type":"Point","coordinates":[-96.54554,32.65307]},"properties":{"name":"Seagoville","fips":"66428","u1":280,"u2":0,"u5":0,"total":280,"value":46347904,"months":12,"series":{"2019":[215,0,0],"2020":[219,0,0],"2022":[109,0,0],"2023":[90,0,0],"2024":[381,0,0],"2025":[280,0,0]}}},{"type":"Feature","geometry":{"type":"Point","coordinates":[-97.91283,26.15334]},"properties":{"name":"Mercedes","fips":"47700","u1":173,"u2":106,"u5":0,"total":279,"value":60597704,"months":0,"series":{"2019":[58,2,0],"2020":[68,0,0],"2022":[52,12,0],"2023":[121,4,0],"2024":[182,86,0],"2025":[173,106,0]}}},{"type":"Feature","geometry":{"type":"Point","coordinates":[-97.61384,30.81106]},"properties":{"name":"Jarrell","fips":"37396","u1":278,"u2":0,"u5":0,"total":278,"value":83110826,"months":12,"series":{"2019":[47,24,0],"2020":[96,18,0],"2022":[406,36,0],"2023":[151,0,0],"2024":[254,10,0],"2025":[278,0,0]}}},{"type":"Feature","geometry":{"type":"Point","coordinates":[-98.27812,30.55927]},"properties":{"name":"Marble Falls","fips":"46584","u1":180,"u2":0,"u5":96,"total":276,"value":61363984,"months":0,"series":{"2022":[109,2,12],"2023":[166,216,601],"2024":[212,0,76],"2025":[180,0,96]}}},{"type":"Feature","geometry":{"type":"Point","coordinates":[-95.73598,30.21186]},"properties":{"name":"Magnolia","fips":"46056","u1":275,"u2":0,"u5":0,"total":275,"value":52372845,"months":12,"series":{"2019":[52,0,0],"2020":[65,0,0],"2022":[493,0,324],"2023":[374,98,0],"2024":[304,48,0],"2025":[275,0,0]}}},{"type":"Feature","geometry":{"type":"Point","coordinates":[-96.45226,32.74366]},"properties":{"name":"Forney","fips":"26604","u1":273,"u2":0,"u5":0,"total":273,"value":80340566,"months":12,"series":{"2019":[308,0,0],"2020":[547,208,0],"2022":[257,0,324],"2023":[440,0,19],"2024":[680,0,0],"2025":[273,0,0]}}},{"type":"Feature","geometry":{"type":"Point","coordinates":[-95.3063,32.31797]},"properties":{"name":"Tyler","fips":"74144","u1":248,"u2":12,"u5":10,"total":270,"value":76513496,"months":12,"series":{"2019":[392,24,0],"2020":[362,84,17],"2022":[316,60,0],"2023":[268,249,5],"2024":[213,89,45],"2025":[248,12,10]}}},{"type":"Feature","geometry":{"type":"Point","coordinates":[-96.52087,33.02979]},"properties":{"name":"Wylie","fips":"80356","u1":231,"u2":26,"u5":12,"total":269,"value":73326327,"months":12,"series":{"2019":[424,4,0],"2020":[494,12,5],"2022":[254,6,10],"2023":[347,84,7],"2024":[311,66,67],"2025":[231,26,12]}}},{"type":"Feature","geometry":{"type":"Point","coordinates":[-95.69799,30.39092]},"properties":{"name":"Montgomery","fips":"49128","u1":259,"u2":0,"u5":0,"total":259,"value":76261644,"months":11,"series":{"2019":[64,0,54],"2020":[94,0,61],"2022":[75,0,13],"2023":[45,0,0],"2024":[117,0,0],"2025":[259,0,0]}}},{"type":"Feature","geometry":{"type":"Point","coordinates":[-94.85639,29.24523]},"properties":{"name":"Galveston","fips":"28068","u1":254,"u2":0,"u5":0,"total":254,"value":66139497,"months":0,"series":{"2019":[164,0,0],"2020":[237,0,0],"2022":[215,0,0],"2023":[289,0,0],"2024":[279,0,0],"2025":[254,0,0]}}},{"type":"Feature","geometry":{"type":"Point","coordinates":[-94.97479,33.15891]},"properties":{"name":"Mount Pleasant","fips":"49800","u1":13,"u2":0,"u5":240,"total":253,"value":42614489,"months":12,"series":{"2022":[0,0,16],"2023":[20,3,0],"2024":[35,2,10],"2025":[13,0,240]}}},{"type":"Feature","geometry":{"type":"Point","coordinates":[-95.10051,29.38899]},"properties":{"name":"Santa Fe","fips":"65726","u1":248,"u2":0,"u5":0,"total":248,"value":69007451,"months":0,"series":{"2019":[41,0,0],"2020":[59,0,0],"2022":[63,0,0],"2023":[58,0,0],"2024":[364,0,0],"2025":[248,0,0]}}},{"type":"Feature","geometry":{"type":"Point","coordinates":[-97.53791,32.8955]},"properties":{"name":"Azle","fips":"05168","u1":241,"u2":0,"u5":0,"total":241,"value":70277024,"months":12,"series":{"2019":[104,0,0],"2020":[71,0,0],"2022":[270,0,0],"2023":[154,0,0],"2024":[186,0,0],"2025":[241,0,0]}}},{"type":"Feature","geometry":{"type":"Point","coordinates":[-97.35879,32.57776]},"properties":{"name":"Crowley","fips":"17960","u1":234,"u2":0,"u5":0,"total":234,"value":68711633,"months":12,"series":{"2019":[478,0,0],"2020":[111,0,96],"2022":[126,0,96],"2023":[158,0,0],"2024":[248,4,5],"2025":[234,0,0]}}},{"type":"Feature","geometry":{"type":"Point","coordinates":[-97.76883,32.44926]},"properties":{"name":"Granbury","fips":"30416","u1":234,"u2":0,"u5":0,"total":234,"value":74077131,"months":12,"series":{"2022":[61,0,0],"2023":[65,0,0],"2024":[80,0,0],"2025":[234,0,0]}}},{"type":"Feature","geometry":{"type":"Point","coordinates":[-94.96579,29.76233]},"properties":{"name":"Baytown","fips":"06128","u1":229,"u2":4,"u5":0,"total":233,"value":62352915,"months":12,"series":{"2019":[310,2,0],"2020":[283,0,0],"2022":[154,0,0],"2023":[140,0,0],"2024":[142,0,347],"2025":[229,4,0]}}},{"type":"Feature","geometry":{"type":"Point","coordinates":[-95.48317,30.43142]},"properties":{"name":"Willis","fips":"79408","u1":129,"u2":4,"u5":96,"total":229,"value":50674005,"months":1,"series":{"2019":[20,0,0],"2020":[96,0,0],"2022":[17,4,0],"2023":[72,0,0],"2024":[173,10,0],"2025":[129,4,96]}}},{"type":"Feature","geometry":{"type":"Point","coordinates":[-96.5832,33.42169]},"properties":{"name":"Van Alstyne","fips":"74924","u1":225,"u2":0,"u5":0,"total":225,"value":65777774,"months":12,"series":{"2022":[322,0,0],"2023":[229,0,0],"2024":[376,0,0],"2025":[225,0,0]}}},{"type":"Feature","geometry":{"type":"Point","coordinates":[-98.30964,26.28818]},"properties":{"name":"Alton","fips":"02212","u1":144,"u2":80,"u5":0,"total":224,"value":35866636,"months":12,"series":{"2019":[144,70,0],"2020":[139,60,0],"2022":[211,274,16],"2023":[379,202,0],"2024":[157,356,0],"2025":[144,80,0]}}},{"type":"Feature","geometry":{"type":"Point","coordinates":[-97.53285,32.46239]},"properties":{"name":"Godley","fips":"29972","u1":222,"u2":0,"u5":0,"total":222,"value":65193146,"months":12,"series":{"2019":[114,0,5],"2020":[124,0,0],"2022":[346,0,0],"2023":[310,0,0],"2024":[281,0,0],"2025":[222,0,0]}}},{"type":"Feature","geometry":{"type":"Point","coordinates":[-95.4293,29.17208]},"properties":{"name":"Angleton","fips":"03264","u1":220,"u2":0,"u5":0,"total":220,"value":60980383,"months":0,"series":{"2019":[68,0,0],"2020":[78,0,0],"2022":[271,0,0],"2023":[231,0,0],"2024":[249,0,0],"2025":[220,0,0]}}},{"type":"Feature","geometry":{"type":"Point","coordinates":[-96.61484,32.71935]},"properties":{"name":"Balch Springs","fips":"05372","u1":220,"u2":0,"u5":0,"total":220,"value":65106814,"months":12,"series":{"2019":[45,0,0],"2020":[7,0,0],"2022":[38,4,0],"2023":[94,0,0],"2024":[67,0,0],"2025":[220,0,0]}}},{"type":"Feature","geometry":{"type":"Point","coordinates":[-97.07994,32.85078]},"properties":{"name":"Euless","fips":"24768","u1":84,"u2":0,"u5":135,"total":219,"value":45726567,"months":12,"series":{"2019":[96,0,314],"2020":[69,0,0],"2022":[23,0,0],"2023":[2,0,0],"2024":[29,0,371],"2025":[84,0,135]}}},{"type":"Feature","geometry":{"type":"Point","coordinates":[-97.09538,32.41951]},"properties":{"name":"Venus","fips":"75236","u1":90,"u2":126,"u5":0,"total":216,"value":33126884,"months":1,"series":{"2019":[67,2,0],"2020":[303,88,120],"2022":[93,118,25],"2023":[76,127,10],"2024":[82,121,10],"2025":[90,126,0]}}},{"type":"Feature","geometry":{"type":"Point","coordinates":[-97.56321,33.08435]},"properties":{"name":"Boyd","fips":"09748","u1":205,"u2":0,"u5":0,"total":205,"value":60211432,"months":12,"series":{"2019":[8,0,0],"2020":[2,0,0],"2022":[68,0,0],"2023":[144,2,0],"2024":[118,3,0],"2025":[205,0,0]}}},{"type":"Feature","geometry":{"type":"Point","coordinates":[-96.39676,30.15855]},"properties":{"name":"Brenham","fips":"10156","u1":194,"u2":3,"u5":0,"total":197,"value":35276473,"months":12,"series":{"2022":[181,0,0],"2023":[110,12,5],"2024":[107,4,0],"2025":[194,3,0]}}},{"type":"Feature","geometry":{"type":"Point","coordinates":[-94.08517,33.44928]},"properties":{"name":"Texarkana TX","fips":"72368","u1":42,"u2":146,"u5":0,"total":188,"value":31994315,"months":12,"series":{"2022":[44,0,0],"2023":[36,90,30],"2024":[30,74,5],"2025":[42,146,0]}}},{"type":"Feature","geometry":{"type":"Point","coordinates":[-96.98503,28.8287]},"properties":{"name":"Victoria","fips":"75428","u1":42,"u2":0,"u5":143,"total":185,"value":29038702,"months":12,"series":{"2022":[202,0,0],"2023":[54,28,0],"2024":[33,10,0],"2025":[42,0,143]}}},{"type":"Feature","geometry":{"type":"Point","coordinates":[-97.33943,32.96112]},"properties":{"name":"Haslet","fips":"32720","u1":182,"u2":0,"u5":0,"total":182,"value":53436762,"months":12,"series":{"2019":[83,0,0],"2020":[148,0,0],"2022":[192,0,0],"2023":[333,0,0],"2024":[225,0,0],"2025":[182,0,0]}}},{"type":"Feature","geometry":{"type":"Point","coordinates":[-97.99079,30.45188]},"properties":{"name":"Lago Vista","fips":"40264","u1":153,"u2":29,"u5":0,"total":182,"value":58562716,"months":1,"series":{"2019":[260,10,0],"2020":[320,10,0],"2022":[349,14,0],"2023":[158,42,0],"2024":[196,28,0],"2025":[153,29,0]}}},{"type":"Feature","geometry":{"type":"Point","coordinates":[-98.19011,26.16575]},"properties":{"name":"Pharr","fips":"57200","u1":112,"u2":60,"u5":10,"total":182,"value":43042864,"months":12,"series":{"2019":[240,240,16],"2020":[110,8,0],"2022":[147,122,6],"2023":[176,78,91],"2024":[107,176,15],"2025":[112,60,10]}}},{"type":"Feature","geometry":{"type":"Point","coordinates":[-96.95916,32.58099]},"properties":{"name":"Cedar Hill","fips":"13492","u1":180,"u2":0,"u5":0,"total":180,"value":64092742,"months":11,"series":{"2019":[76,4,144],"2020":[102,2,9],"2022":[247,12,0],"2023":[273,0,0],"2024":[255,0,0],"2025":[180,0,0]}}},{"type":"Feature","geometry":{"type":"Point","coordinates":[-99.13177,30.03837]},"properties":{"name":"Kerrville","fips":"39040","u1":89,"u2":0,"u5":88,"total":177,"value":42067206,"months":12,"series":{"2022":[81,2,79],"2023":[118,8,104],"2024":[94,2,322],"2025":[89,0,88]}}},{"type":"Feature","geometry":{"type":"Point","coordinates":[-95.96009,28.98375]},"properties":{"name":"Bay","fips":"05984","u1":123,"u2":0,"u5":44,"total":167,"value":27359355,"months":12,"series":{"2019":[17,0,0],"2020":[23,0,0],"2022":[62,6,0],"2023":[15,0,0],"2024":[43,0,0],"2025":[123,0,44]}}},{"type":"Feature","geometry":{"type":"Point","coordinates":[-94.87486,29.85125]},"properties":{"name":"Mont Belvieu","fips":"49068","u1":167,"u2":0,"u5":0,"total":167,"value":37453179,"months":0,"series":{"2019":[173,0,0],"2020":[240,0,0],"2022":[209,0,0],"2023":[178,0,0],"2024":[188,0,0],"2025":[167,0,0]}}},{"type":"Feature","geometry":{"type":"Point","coordinates":[-96.99075,33.17953]},"properties":{"name":"Oak Point","fips":"53130","u1":152,"u2":0,"u5":15,"total":167,"value":75076774,"months":12,"series":{"2019":[366,0,0],"2020":[382,0,0],"2022":[157,0,0],"2023":[173,0,0],"2024":[51,0,0],"2025":[152,0,15]}}},{"type":"Feature","geometry":{"type":"Point","coordinates":[-97.36539,32.86575]},"properties":{"name":"Saginaw","fips":"64112","u1":166,"u2":0,"u5":0,"total":166,"value":62362311,"months":12,"series":{"2019":[229,0,0],"2020":[97,0,0],"2022":[14,0,0],"2023":[9,2,261],"2024":[245,94,0],"2025":[166,0,0]}}},{"type":"Feature","geometry":{"type":"Point","coordinates":[-97.33522,32.51614]},"properties":{"name":"Burleson","fips":"11428","u1":163,"u2":0,"u5":0,"total":163,"value":47804018,"months":12,"series":{"2019":[206,34,293],"2020":[414,2,965],"2022":[332,0,275],"2023":[348,0,0],"2024":[208,0,0],"2025":[163,0,0]}}},{"type":"Feature","geometry":{"type":"Point","coordinates":[-96.54433,33.171]},"properties":{"name":"Lowry Crossing","fips":"44308","u1":162,"u2":0,"u5":0,"total":162,"value":48121758,"months":0,"series":{"2019":[1,0,0],"2020":[2,0,0],"2022":[3,0,0],"2023":[1,0,0],"2024":[99,0,0],"2025":[162,0,0]}}},{"type":"Feature","geometry":{"type":"Point","coordinates":[-96.95718,33.28928]},"properties":{"name":"Aubrey","fips":"04600","u1":159,"u2":0,"u5":0,"total":159,"value":41440029,"months":5,"series":{"2019":[524,0,0],"2020":[631,0,0],"2022":[149,0,0],"2023":[232,0,0],"2024":[128,0,0],"2025":[159,0,0]}}},{"type":"Feature","geometry":{"type":"Point","coordinates":[-96.63062,32.91008]},"properties":{"name":"Garland","fips":"29000","u1":107,"u2":4,"u5":48,"total":159,"value":40573571,"months":12,"series":{"2019":[243,0,435],"2020":[389,0,0],"2022":[279,0,0],"2023":[347,0,1491],"2024":[544,0,0],"2025":[107,4,48]}}},{"type":"Feature","geometry":{"type":"Point","coordinates":[-106.19029,31.67989]},"properties":{"name":"Horizon","fips":"34832","u1":159,"u2":0,"u5":0,"total":159,"value":45183192,"months":2,"series":{"2019":[234,0,0],"2020":[210,0,0],"2022":[304,0,0],"2023":[193,0,0],"2024":[168,0,0],"2025":[159,0,0]}}},{"type":"Feature","geometry":{"type":"Point","coordinates":[-94.14509,30.08511]},"properties":{"name":"Beaumont","fips":"07000","u1":157,"u2":0,"u5":0,"total":157,"value":46722995,"months":12,"series":{"2019":[218,0,0],"2020":[243,4,0],"2022":[309,0,0],"2023":[226,0,0],"2024":[185,0,0],"2025":[157,0,0]}}},{"type":"Feature","geometry":{"type":"Point","coordinates":[-97.68277,29.87774]},"properties":{"name":"Lockhart","fips":"43240","u1":152,"u2":2,"u5":0,"total":154,"value":45353897,"months":12,"series":{"2019":[43,12,75],"2020":[79,4,56],"2022":[14,0,35],"2023":[505,2,149],"2024":[253,6,0],"2025":[152,2,0]}}},{"type":"Feature","geometry":{"type":"Point","coordinates":[-96.46742,32.84385]},"properties":{"name":"Heath","fips":"32984","u1":148,"u2":0,"u5":0,"total":148,"value":43405909,"months":12,"series":{"2019":[129,0,0],"2020":[129,0,0],"2022":[197,0,0],"2023":[75,0,0],"2024":[99,0,0],"2025":[148,0,0]}}},{"type":"Feature","geometry":{"type":"Point","coordinates":[-94.76192,32.5193]},"properties":{"name":"Longview","fips":"43888","u1":144,"u2":4,"u5":0,"total":148,"value":43485065,"months":12,"series":{"2019":[152,2,12],"2020":[211,14,0],"2022":[250,8,144],"2023":[225,4,0],"2024":[139,18,0],"2025":[144,4,0]}}},{"type":"Feature","geometry":{"type":"Point","coordinates":[-96.86333,32.59917]},"properties":{"name":"DeSoto","fips":"20092","u1":147,"u2":0,"u5":0,"total":147,"value":48162717,"months":10,"series":{"2019":[131,0,120],"2020":[245,0,0],"2022":[143,0,0],"2023":[170,0,10],"2024":[186,0,0],"2025":[147,0,0]}}},{"type":"Feature","geometry":{"type":"Point","coordinates":[-95.55476,30.69915]},"properties":{"name":"Huntsville","fips":"35528","u1":116,"u2":0,"u5":31,"total":147,"value":30782153,"months":11,"series":{"2019":[44,0,235],"2020":[117,12,56],"2022":[330,23,141],"2023":[93,10,6],"2024":[109,5,0],"2025":[116,0,31]}}},{"type":"Feature","geometry":{"type":"Point","coordinates":[-98.32191,29.25793]},"properties":{"name":"Elmendorf","fips":"23272","u1":146,"u2":0,"u5":0,"total":146,"value":33573735,"months":12,"series":{"2019":[4,0,0],"2020":[56,0,0],"2022":[53,0,0],"2023":[86,0,0],"2024":[146,0,0],"2025":[146,0,0]}}},{"type":"Feature","geometry":{"type":"Point","coordinates":[-98.49596,28.96404]},"properties":{"name":"Pleasanton","fips":"58280","u1":143,"u2":0,"u5":0,"total":143,"value":38161142,"months":12,"series":{"2019":[24,0,0],"2020":[28,0,0],"2022":[18,2,0],"2023":[63,0,0],"2024":[51,0,0],"2025":[143,0,0]}}},{"type":"Feature","geometry":{"type":"Point","coordinates":[-94.99439,29.36851]},"properties":{"name":"La Marque","fips":"41116","u1":137,"u2":0,"u5":0,"total":137,"value":27640383,"months":0,"series":{"2019":[194,0,0],"2020":[241,0,0],"2022":[212,0,0],"2023":[268,0,0],"2024":[215,0,0],"2025":[137,0,0]}}},{"type":"Feature","geometry":{"type":"Point","coordinates":[-96.39111,32.84814]},"properties":{"name":"McLendon-Chisholm","fips":"45804","u1":137,"u2":0,"u5":0,"total":137,"value":69626161,"months":12,"series":{"2019":[118,0,0],"2020":[180,0,0],"2022":[151,0,0],"2023":[104,0,0],"2024":[124,0,0],"2025":[137,0,0]}}},{"type":"Feature","geometry":{"type":"Point","coordinates":[-97.43011,30.56918]},"properties":{"name":"Taylor","fips":"71948","u1":135,"u2":0,"u5":0,"total":135,"value":36709411,"months":0,"series":{"2019":[56,0,0],"2020":[152,2,0],"2022":[150,0,0],"2023":[142,0,0],"2024":[149,0,0],"2025":[135,0,0]}}},{"type":"Feature","geometry":{"type":"Point","coordinates":[-96.28277,32.7358]},"properties":{"name":"Terrell","fips":"72284","u1":135,"u2":0,"u5":0,"total":135,"value":24483106,"months":12,"series":{"2019":[45,0,0],"2020":[63,0,0],"2022":[162,0,0],"2023":[106,0,0],"2024":[109,0,0],"2025":[135,0,0]}}},{"type":"Feature","geometry":{"type":"Point","coordinates":[-98.24613,26.109]},"properties":{"name":"Hidalgo","fips":"33560","u1":131,"u2":0,"u5":0,"total":131,"value":37790887,"months":4,"series":{"2019":[85,0,0],"2020":[99,0,0],"2022":[96,0,0],"2023":[173,0,0],"2024":[146,0,0],"2025":[131,0,0]}}},{"type":"Feature","geometry":{"type":"Point","coordinates":[-97.60908,31.0755]},"properties":{"name":"Nolanville","fips":"51708","u1":131,"u2":0,"u5":0,"total":131,"value":43285802,"months":12,"series":{"2019":[59,0,0],"2020":[99,0,0],"2022":[110,0,0],"2023":[141,0,0],"2024":[252,0,0],"2025":[131,0,0]}}},{"type":"Feature","geometry":{"type":"Point","coordinates":[-96.67379,32.53694]},"properties":{"name":"Ferris","fips":"25752","u1":127,"u2":0,"u5":0,"total":127,"value":33294168,"months":7,"series":{"2019":[53,0,0],"2020":[27,0,0],"2022":[166,0,0],"2023":[302,0,0],"2024":[85,0,0],"2025":[127,0,0]}}},{"type":"Feature","geometry":{"type":"Point","coordinates":[-97.21091,32.40995]},"properties":{"name":"Alvarado","fips":"02260","u1":123,"u2":0,"u5":0,"total":123,"value":39750865,"months":12,"series":{"2019":[40,0,0],"2020":[143,0,0],"2022":[106,0,0],"2023":[220,2,0],"2024":[75,2,0],"2025":[123,0,0]}}},{"type":"Feature","geometry":{"type":"Point","coordinates":[-96.5812,33.76685]},"properties":{"name":"Denison","fips":"19900","u1":117,"u2":6,"u5":0,"total":123,"value":35114496,"months":12,"series":{"2022":[283,4,121],"2023":[211,16,0],"2024":[166,24,126],"2025":[117,6,0]}}},{"type":"Feature","geometry":{"type":"Point","coordinates":[-93.76083,30.1226]},"properties":{"name":"Orange","fips":"54132","u1":58,"u2":8,"u5":57,"total":123,"value":22832000,"months":0,"series":{"2022":[20,6,0],"2023":[19,4,0],"2024":[59,10,50],"2025":[58,8,57]}}},{"type":"Feature","geometry":{"type":"Point","coordinates":[-97.06472,28.02998]},"properties":{"name":"Rockport","fips":"62804","u1":123,"u2":0,"u5":0,"total":123,"value":36148774,"months":12,"series":{"2019":[203,0,0],"2020":[131,0,0],"2022":[124,0,0],"2023":[119,0,0],"2024":[134,0,0],"2025":[123,0,0]}}},{"type":"Feature","geometry":{"type":"Point","coordinates":[-94.91599,30.03155]},"properties":{"name":"Dayton","fips":"19432","u1":119,"u2":0,"u5":0,"total":119,"value":18631531,"months":12,"series":{"2019":[80,0,0],"2020":[83,0,0],"2022":[80,0,0],"2023":[105,0,0],"2024":[135,0,0],"2025":[119,0,0]}}},{"type":"Feature","geometry":{"type":"Point","coordinates":[-97.68042,32.9693]},"properties":{"name":"Springtown","fips":"69800","u1":118,"u2":0,"u5":0,"total":118,"value":33639860,"months":0,"series":{"2019":[28,0,0],"2020":[71,0,0],"2022":[97,2,0],"2023":[203,0,0],"2024":[101,0,0],"2025":[118,0,0]}}},{"type":"Feature","geometry":{"type":"Point","coordinates":[-95.83834,29.79033]},"properties":{"name":"Katy","fips":"38476","u1":116,"u2":0,"u5":0,"total":116,"value":64412677,"months":12,"series":{"2019":[539,0,319],"2020":[576,0,0],"2022":[430,0,0],"2023":[390,0,0],"2024":[170,0,0],"2025":[116,0,0]}}},{"type":"Feature","geometry":{"type":"Point","coordinates":[-97.48772,26.07508]},"properties":{"name":"Los Fresnos","fips":"44116","u1":108,"u2":8,"u5":0,"total":116,"value":17140465,"months":12,"series":{"2022":[55,30,0],"2023":[48,102,0],"2024":[42,34,0],"2025":[108,8,0]}}},{"type":"Feature","geometry":{"type":"Point","coordinates":[-97.11464,33.03435]},"properties":{"name":"Flower Mound","fips":"26232","u1":115,"u2":0,"u5":0,"total":115,"value":33932350,"months":12,"series":{"2019":[433,23,101],"2020":[429,0,0],"2022":[304,0,215],"2023":[119,0,0],"2024":[72,0,0],"2025":[115,0,0]}}},{"type":"Feature","geometry":{"type":"Point","coordinates":[-98.38228,26.23185]},"properties":{"name":"Palmview","fips":"54804","u1":46,"u2":68,"u5":0,"total":114,"value":15754845,"months":12,"series":{"2019":[38,0,0],"2020":[42,0,0],"2022":[39,0,0],"2023":[55,8,0],"2024":[56,0,0],"2025":[46,68,0]}}},{"type":"Feature","geometry":{"type":"Point","coordinates":[-97.42529,31.42033]},"properties":{"name":"McGregor","fips":"45672","u1":41,"u2":0,"u5":72,"total":113,"value":15190902,"months":0,"series":{"2022":[41,0,55],"2023":[42,0,60],"2024":[42,0,60],"2025":[41,0,72]}}},{"type":"Feature","geometry":{"type":"Point","coordinates":[-98.16514,29.14507]},"properties":{"name":"Floresville","fips":"26160","u1":112,"u2":0,"u5":0,"total":112,"value":30595366,"months":0,"series":{"2019":[54,0,0],"2020":[90,0,0],"2022":[32,0,0],"2023":[143,0,0],"2024":[120,0,0],"2025":[112,0,0]}}},{"type":"Feature","geometry":{"type":"Point","coordinates":[-96.11352,32.37004]},"properties":{"name":"Mabank","fips":"45324","u1":97,"u2":12,"u5":0,"total":109,"value":27156712,"months":12,"series":{"2019":[93,0,0],"2020":[113,0,0],"2022":[342,0,0],"2023":[132,6,0],"2024":[56,8,0],"2025":[97,12,0]}}},{"type":"Feature","geometry":{"type":"Point","coordinates":[-97.50143,28.03699]},"properties":{"name":"Sinton","fips":"68036","u1":109,"u2":0,"u5":0,"total":109,"value":30785748,"months":0,"series":{"2022":[27,0,0],"2023":[25,0,0],"2024":[25,0,0],"2025":[109,0,0]}}},{"type":"Feature","geometry":{"type":"Point","coordinates":[-95.40691,32.49336]},"properties":{"name":"Lindale","fips":"42820","u1":106,"u2":0,"u5":0,"total":106,"value":31285057,"months":12,"series":{"2022":[78,0,35],"2023":[56,19,8],"2024":[57,8,0],"2025":[106,0,0]}}},{"type":"Feature","geometry":{"type":"Point","coordinates":[-97.75312,30.00392]},"properties":{"name":"Niederwald","fips":"51492","u1":106,"u2":0,"u5":0,"total":106,"value":32047489,"months":0,"series":{"2022":[0,0,0],"2023":[0,0,0],"2024":[6,0,0],"2025":[106,0,0]}}},{"type":"Feature","geometry":{"type":"Point","coordinates":[-96.85461,32.55061]},"properties":{"name":"Glenn Heights","fips":"29840","u1":104,"u2":0,"u5":0,"total":104,"value":30785737,"months":12,"series":{"2019":[230,0,0],"2020":[423,0,0],"2022":[199,0,0],"2023":[240,0,0],"2024":[237,0,0],"2025":[104,0,0]}}},{"type":"Feature","geometry":{"type":"Point","coordinates":[-97.33396,27.88926]},"properties":{"name":"Portland","fips":"58904","u1":104,"u2":0,"u5":0,"total":104,"value":29825327,"months":0,"series":{"2022":[58,0,0],"2023":[56,0,0],"2024":[111,0,0],"2025":[104,0,0]}}},{"type":"Feature","geometry":{"type":"Point","coordinates":[-96.97021,32.85824]},"properties":{"name":"Irving","fips":"37000","u1":69,"u2":4,"u5":30,"total":103,"value":52566968,"months":12,"series":{"2019":[613,4,1370],"2020":[627,5,152],"2022":[157,0,1199],"2023":[172,0,378],"2024":[116,13,421],"2025":[69,4,30]}}},{"type":"Feature","geometry":{"type":"Point","coordinates":[-94.72773,31.32165]},"properties":{"name":"Lufkin","fips":"45072","u1":95,"u2":8,"u5":0,"total":103,"value":29076288,"months":12,"series":{"2022":[76,0,0],"2023":[50,12,0],"2024":[55,12,0],"2025":[95,8,0]}}},{"type":"Feature","geometry":{"type":"Point","coordinates":[-99.50392,32.40559]},"properties":{"name":"Clyde","fips":"15676","u1":102,"u2":0,"u5":0,"total":102,"value":9724821,"months":12,"series":{"2022":[4,0,0],"2023":[13,0,0],"2024":[11,0,0],"2025":[102,0,0]}}},{"type":"Feature","geometry":{"type":"Point","coordinates":[-95.01961,29.53092]},"properties":{"name":"Kemah","fips":"38776","u1":102,"u2":0,"u5":0,"total":102,"value":31085500,"months":12,"series":{"2019":[3,16,0],"2020":[2,4,0],"2022":[17,4,360],"2023":[145,0,0],"2024":[131,0,0],"2025":[102,0,0]}}},{"type":"Feature","geometry":{"type":"Point","coordinates":[-95.32187,29.55824]},"properties":{"name":"Pearland","fips":"56348","u1":101,"u2":0,"u5":0,"total":101,"value":29425697,"months":12,"series":{"2019":[654,0,0],"2020":[531,0,0],"2022":[338,0,0],"2023":[222,0,0],"2024":[60,0,0],"2025":[101,0,0]}}},{"type":"Feature","geometry":{"type":"Point","coordinates":[-106.59352,31.95945]},"properties":{"name":"Vinton","fips":"75668","u1":101,"u2":0,"u5":0,"total":101,"value":17330721,"months":0,"series":{"2019":[1,48,0],"2020":[2,0,0],"2022":[3,0,0],"2023":[24,0,0],"2024":[20,0,0],"2025":[101,0,0]}}},{"type":"Feature","geometry":{"type":"Point","coordinates":[-96.66756,33.33008]},"properties":{"name":"Weston","fips":"77740","u1":101,"u2":0,"u5":0,"total":101,"value":27330577,"months":1,"series":{"2019":[4,0,0],"2020":[6,0,0],"2022":[206,0,0],"2023":[53,0,0],"2024":[94,0,0],"2025":[101,0,0]}}},{"type":"Feature","geometry":{"type":"Point","coordinates":[-97.76615,32.75612]},"properties":{"name":"Weatherford","fips":"76864","u1":69,"u2":0,"u5":30,"total":99,"value":24587171,"months":10,"series":{"2019":[189,13,67],"2020":[265,19,36],"2022":[394,0,0],"2023":[163,0,0],"2024":[170,0,0],"2025":[69,0,30]}}},{"type":"Feature","geometry":{"type":"Point","coordinates":[-96.22692,33.04862]},"properties":{"name":"Caddo Mills","fips":"11716","u1":97,"u2":0,"u5":0,"total":97,"value":26226600,"months":12,"series":{"2019":[12,2,0],"2020":[331,0,0],"2022":[247,0,0],"2023":[388,0,0],"2024":[182,0,0],"2025":[97,0,0]}}},{"type":"Feature","geometry":{"type":"Point","coordinates":[-100.47482,28.70007]},"properties":{"name":"Eagle Pass","fips":"21892","u1":64,"u2":18,"u5":12,"total":94,"value":25449551,"months":12,"series":{"2019":[88,4,0],"2020":[121,18,0],"2022":[92,17,48],"2023":[62,10,0],"2024":[60,6,0],"2025":[64,18,12]}}},{"type":"Feature","geometry":{"type":"Point","coordinates":[-98.38043,30.5403]},"properties":{"name":"Horseshoe Bay","fips":"34862","u1":94,"u2":0,"u5":0,"total":94,"value":27978418,"months":12,"series":{"2022":[207,7,0],"2023":[119,8,0],"2024":[104,0,0],"2025":[94,0,0]}}},{"type":"Feature","geometry":{"type":"Point","coordinates":[-102.55213,32.32092]},"properties":{"name":"Andrews","fips":"03216","u1":67,"u2":0,"u5":26,"total":93,"value":18767099,"months":4,"series":{"2022":[24,0,0],"2023":[37,0,0],"2024":[24,0,48],"2025":[67,0,26]}}},{"type":"Feature","geometry":{"type":"Point","coordinates":[-95.31776,32.14334]},"properties":{"name":"Bullard","fips":"11212","u1":93,"u2":0,"u5":0,"total":93,"value":27495838,"months":11,"series":{"2022":[119,34,0],"2023":[68,4,0],"2024":[72,2,0],"2025":[93,0,0]}}},{"type":"Feature","geometry":{"type":"Point","coordinates":[-97.82548,26.15462]},"properties":{"name":"La Feria","fips":"40204","u1":93,"u2":0,"u5":0,"total":93,"value":15870217,"months":0,"series":{"2022":[10,0,0],"2023":[98,0,0],"2024":[104,0,0],"2025":[93,0,0]}}},{"type":"Feature","geometry":{"type":"Point","coordinates":[-95.19815,29.51053]},"properties":{"name":"Friendswood","fips":"27648","u1":92,"u2":0,"u5":0,"total":92,"value":73167182,"months":12,"series":{"2019":[83,3,0],"2020":[156,0,0],"2022":[102,0,0],"2023":[111,0,0],"2024":[130,0,0],"2025":[92,0,0]}}},{"type":"Feature","geometry":{"type":"Point","coordinates":[-98.44693,29.77675]},"properties":{"name":"Bulverde","fips":"11224","u1":91,"u2":0,"u5":0,"total":91,"value":26819523,"months":12,"series":{"2019":[43,0,0],"2020":[63,0,0],"2022":[180,0,0],"2023":[70,0,0],"2024":[66,0,0],"2025":[91,0,0]}}},{"type":"Feature","geometry":{"type":"Point","coordinates":[-98.11745,26.18104]},"properties":{"name":"Alamo","fips":"01576","u1":90,"u2":0,"u5":0,"total":90,"value":13462552,"months":12,"series":{"2019":[268,0,36],"2020":[155,20,8],"2022":[106,0,0],"2023":[94,0,0],"2024":[99,0,0],"2025":[90,0,0]}}},{"type":"Feature","geometry":{"type":"Point","coordinates":[-98.97666,31.71246]},"properties":{"name":"Brownwood","fips":"10780","u1":39,"u2":2,"u5":49,"total":90,"value":12880203,"months":12,"series":{"2022":[12,2,0],"2023":[122,0,0],"2024":[17,4,0],"2025":[39,2,49]}}},{"type":"Feature","geometry":{"type":"Point","coordinates":[-98.23821,30.74974]},"properties":{"name":"Burnet","fips":"11464","u1":88,"u2":2,"u5":0,"total":90,"value":26489621,"months":12,"series":{"2022":[126,4,0],"2023":[43,6,0],"2024":[65,0,0],"2025":[88,2,0]}}},{"type":"Feature","geometry":{"type":"Point","coordinates":[-97.0682,33.14336]},"properties":{"name":"Corinth","fips":"16696","u1":90,"u2":0,"u5":0,"total":90,"value":39001032,"months":12,"series":{"2019":[35,0,0],"2020":[42,0,0],"2022":[61,0,296],"2023":[240,0,0],"2024":[282,64,56],"2025":[90,0,0]}}},{"type":"Feature","geometry":{"type":"Point","coordinates":[-97.28279,32.6296]},"properties":{"name":"Everman","fips":"24912","u1":90,"u2":0,"u5":0,"total":90,"value":17519280,"months":0,"series":{"2019":[1,0,0],"2020":[3,0,0],"2022":[2,0,0],"2023":[1,0,0],"2024":[99,0,0],"2025":[90,0,0]}}},{"type":"Feature","geometry":{"type":"Point","coordinates":[-95.14936,29.65731]},"properties":{"name":"Pasadena","fips":"56000","u1":87,"u2":0,"u5":0,"total":87,"value":14815798,"months":12,"series":{"2019":[189,0,0],"2020":[144,0,0],"2022":[138,0,0],"2023":[109,0,0],"2024":[47,0,0],"2025":[87,0,0]}}},{"type":"Feature","geometry":{"type":"Point","coordinates":[-97.64449,31.05725]},"properties":{"name":"Harker Heights","fips":"32312","u1":49,"u2":36,"u5":0,"total":85,"value":15699063,"months":12,"series":{"2019":[142,40,0],"2020":[84,50,0],"2022":[97,102,0],"2023":[220,148,0],"2024":[47,48,0],"2025":[49,36,0]}}},{"type":"Feature","geometry":{"type":"Point","coordinates":[-95.22851,29.66115]},"properties":{"name":"South Houston","fips":"69020","u1":17,"u2":0,"u5":68,"total":85,"value":13931844,"months":12,"series":{"2019":[12,40,32],"2020":[17,2,0],"2022":[26,4,0],"2023":[12,6,0],"2024":[16,0,96],"2025":[17,0,68]}}},{"type":"Feature","geometry":{"type":"Point","coordinates":[-101.91912,34.99049]},"properties":{"name":"Canyon","fips":"12532","u1":78,"u2":6,"u5":0,"total":84,"value":23991331,"months":12,"series":{"2022":[79,12,72],"2023":[35,38,0],"2024":[32,6,0],"2025":[78,6,0]}}},{"type":"Feature","geometry":{"type":"Point","coordinates":[-95.04838,29.66886]},"properties":{"name":"La Porte","fips":"41440","u1":84,"u2":0,"u5":0,"total":84,"value":24755833,"months":12,"series":{"2019":[161,0,350],"2020":[255,0,294],"2022":[285,6,0],"2023":[154,0,0],"2024":[109,0,0],"2025":[84,0,0]}}},{"type":"Feature","geometry":{"type":"Point","coordinates":[-97.218,32.86048]},"properties":{"name":"North Richland Hills","fips":"52356","u1":83,"u2":0,"u5":0,"total":83,"value":24333390,"months":12,"series":{"2019":[232,0,727],"2020":[282,22,5],"2022":[250,0,0],"2023":[171,0,0],"2024":[171,0,0],"2025":[83,0,0]}}},{"type":"Feature","geometry":{"type":"Point","coordinates":[-97.58698,33.22591]},"properties":{"name":"Decatur","fips":"19528","u1":82,"u2":0,"u5":0,"total":82,"value":24248084,"months":12,"series":{"2019":[21,0,150],"2020":[21,0,0],"2022":[8,0,240],"2023":[4,0,0],"2024":[3,0,243],"2025":[82,0,0]}}},{"type":"Feature","geometry":{"type":"Point","coordinates":[-97.6439,26.12982]},"properties":{"name":"San Benito","fips":"65036","u1":81,"u2":0,"u5":0,"total":81,"value":23884640,"months":12,"series":{"2022":[34,24,0],"2023":[99,0,0],"2024":[111,0,0],"2025":[81,0,0]}}},{"type":"Feature","geometry":{"type":"Point","coordinates":[-97.72587,26.24475]},"properties":{"name":"Combes","fips":"16204","u1":78,"u2":0,"u5":0,"total":78,"value":9707157,"months":12,"series":{"2022":[15,0,0],"2023":[18,4,0],"2024":[12,0,0],"2025":[78,0,0]}}},{"type":"Feature","geometry":{"type":"Point","coordinates":[-106.26027,31.63822]},"properties":{"name":"Socorro","fips":"68636","u1":78,"u2":0,"u5":0,"total":78,"value":18015880,"months":6,"series":{"2019":[316,172,0],"2020":[541,40,0],"2022":[482,64,0],"2023":[170,0,0],"2024":[114,0,0],"2025":[78,0,0]}}},{"type":"Feature","geometry":{"type":"Point","coordinates":[-96.16359,29.76588]},"properties":{"name":"Sealy","fips":"66464","u1":76,"u2":0,"u5":0,"total":76,"value":22988789,"months":11,"series":{"2019":[6,0,0],"2020":[9,0,0],"2022":[8,0,0],"2023":[138,0,0],"2024":[146,0,0],"2025":[76,0,0]}}},{"type":"Feature","geometry":{"type":"Point","coordinates":[-95.09075,30.33814]},"properties":{"name":"Cleveland","fips":"15436","u1":74,"u2":0,"u5":0,"total":74,"value":18299173,"months":0,"series":{"2019":[30,4,0],"2020":[140,0,0],"2022":[205,0,0],"2023":[186,0,0],"2024":[43,0,0],"2025":[74,0,0]}}},{"type":"Feature","geometry":{"type":"Point","coordinates":[-97.84908,30.0763]},"properties":{"name":"Buda","fips":"11080","u1":66,"u2":6,"u5":0,"total":72,"value":20226689,"months":12,"series":{"2019":[184,0,0],"2020":[194,20,0],"2022":[32,4,0],"2023":[36,3,0],"2024":[43,25,0],"2025":[66,6,0]}}},{"type":"Feature","geometry":{"type":"Point","coordinates":[-96.08996,30.38713]},"properties":{"name":"Navasota","fips":"50472","u1":65,"u2":3,"u5":0,"total":68,"value":10868399,"months":12,"series":{"2019":[102,0,0],"2020":[87,0,0],"2022":[115,4,0],"2023":[150,0,0],"2024":[110,0,0],"2025":[65,3,0]}}},{"type":"Feature","geometry":{"type":"Point","coordinates":[-97.16782,33.37155]},"properties":{"name":"Sanger","fips":"65408","u1":68,"u2":0,"u5":0,"total":68,"value":19106943,"months":0,"series":{"2019":[98,4,0],"2020":[184,6,0],"2022":[70,0,0],"2023":[109,0,0],"2024":[59,0,0],"2025":[68,0,0]}}},{"type":"Feature","geometry":{"type":"Point","coordinates":[-97.11083,27.89113]},"properties":{"name":"Aransas Pass","fips":"03600","u1":67,"u2":0,"u5":0,"total":67,"value":16024973,"months":0,"series":{"2022":[73,0,0],"2023":[74,0,0],"2024":[74,0,0],"2025":[67,0,0]}}},{"type":"Feature","geometry":{"type":"Point","coordinates":[-97.25151,32.87185]},"properties":{"name":"Watauga","fips":"76672","u1":47,"u2":20,"u5":0,"total":67,"value":16878969,"months":12,"series":{"2019":[4,0,0],"2020":[1,0,0],"2022":[13,0,15],"2023":[16,0,15],"2024":[60,0,15],"2025":[47,20,0]}}},{"type":"Feature","geometry":{"type":"Point","coordinates":[-97.64694,29.68148]},"properties":{"name":"Luling","fips":"45096","u1":63,"u2":2,"u5":0,"total":65,"value":18901554,"months":12,"series":{"2019":[16,4,0],"2020":[16,8,0],"2022":[18,18,0],"2023":[3,4,0],"2024":[10,2,6],"2025":[63,2,0]}}},{"type":"Feature","geometry":{"type":"Point","coordinates":[-96.46648,32.08242]},"properties":{"name":"Corsicana","fips":"17060","u1":64,"u2":0,"u5":0,"total":64,"value":13010534,"months":12,"series":{"2022":[56,14,0],"2023":[117,2,0],"2024":[73,3,0],"2025":[64,0,0]}}},{"type":"Feature","geometry":{"type":"Point","coordinates":[-96.88048,32.92721]},"properties":{"name":"Farmers Branch","fips":"25452","u1":64,"u2":0,"u5":0,"total":64,"value":18877641,"months":12,"series":{"2019":[248,0,925],"2020":[229,0,0],"2022":[117,0,471],"2023":[75,0,0],"2024":[102,0,515],"2025":[64,0,0]}}},{"type":"Feature","geometry":{"type":"Point","coordinates":[-97.60834,32.69828]},"properties":{"name":"Aledo","fips":"01744","u1":63,"u2":0,"u5":0,"total":63,"value":22439319,"months":12,"series":{"2019":[75,0,0],"2020":[99,0,0],"2022":[81,0,0],"2023":[64,0,0],"2024":[103,0,0],"2025":[63,0,0]}}},{"type":"Feature","geometry":{"type":"Point","coordinates":[-96.70928,32.64209]},"properties":{"name":"Hutchins","fips":"35612","u1":63,"u2":0,"u5":0,"total":63,"value":18205964,"months":6,"series":{"2019":[49,0,0],"2020":[18,0,0],"2022":[211,0,0],"2023":[54,0,0],"2024":[84,0,0],"2025":[63,0,0]}}},{"type":"Feature","geometry":{"type":"Point","coordinates":[-98.09034,29.98413]},"properties":{"name":"Wimberley","fips":"79624","u1":13,"u2":0,"u5":50,"total":63,"value":10013715,"months":12,"series":{"2022":[7,0,0],"2023":[17,0,0],"2024":[12,0,0],"2025":[13,0,50]}}},{"type":"Feature","geometry":{"type":"Point","coordinates":[-95.47733,32.64657]},"properties":{"name":"Mineola","fips":"48648","u1":62,"u2":0,"u5":0,"total":62,"value":18364710,"months":12,"series":{"2022":[9,0,0],"2023":[31,0,24],"2024":[30,8,29],"2025":[62,0,0]}}},{"type":"Feature","geometry":{"type":"Point","coordinates":[-95.86357,32.55459]},"properties":{"name":"Canton","fips":"12496","u1":61,"u2":0,"u5":0,"total":61,"value":17107902,"months":0,"series":{"2022":[8,0,57],"2023":[12,0,17],"2024":[35,0,0],"2025":[61,0,0]}}},{"type":"Feature","geometry":{"type":"Point","coordinates":[-96.62449,33.05703]},"properties":{"name":"Parker","fips":"55152","u1":61,"u2":0,"u5":0,"total":61,"value":17939020,"months":12,"series":{"2019":[82,0,0],"2020":[94,0,0],"2022":[62,0,0],"2023":[40,0,0],"2024":[55,0,0],"2025":[61,0,0]}}},{"type":"Feature","geometry":{"type":"Point","coordinates":[-98.0617,30.74214]},"properties":{"name":"Bertram","fips":"07864","u1":60,"u2":0,"u5":0,"total":60,"value":13885102,"months":2,"series":{"2022":[42,0,0],"2023":[9,0,0],"2024":[46,0,0],"2025":[60,0,0]}}},{"type":"Feature","geometry":{"type":"Point","coordinates":[-97.22566,32.93349]},"properties":{"name":"Keller","fips":"38632","u1":60,"u2":0,"u5":0,"total":60,"value":43407665,"months":12,"series":{"2019":[98,0,0],"2020":[79,0,0],"2022":[57,0,475],"2023":[17,0,0],"2024":[35,0,0],"2025":[60,0,0]}}},{"type":"Feature","geometry":{"type":"Point","coordinates":[-95.59544,33.13082]},"properties":{"name":"Sulphur Springs","fips":"70904","u1":60,"u2":0,"u5":0,"total":60,"value":12009386,"months":0,"series":{"2019":[26,16,0],"2020":[32,23,0],"2022":[38,0,69],"2023":[33,6,24],"2024":[63,0,0],"2025":[60,0,0]}}},{"type":"Feature","geometry":{"type":"Point","coordinates":[-97.38371,32.45842]},"properties":{"name":"Joshua","fips":"38080","u1":58,"u2":0,"u5":0,"total":58,"value":26228372,"months":12,"series":{"2019":[36,0,0],"2020":[65,2,0],"2022":[72,0,0],"2023":[83,0,0],"2024":[69,0,0],"2025":[58,0,0]}}},{"type":"Feature","geometry":{"type":"Point","coordinates":[-96.61053,33.01862]},"properties":{"name":"Murphy","fips":"50100","u1":58,"u2":0,"u5":0,"total":58,"value":33134046,"months":12,"series":{"2019":[75,0,0],"2020":[37,0,0],"2022":[5,0,0],"2023":[6,0,0],"2024":[10,0,0],"2025":[58,0,0]}}},{"type":"Feature","geometry":{"type":"Point","coordinates":[-97.27068,32.8176]},"properties":{"name":"Haltom","fips":"31928","u1":57,"u2":0,"u5":0,"total":57,"value":9376885,"months":12,"series":{"2019":[64,0,0],"2020":[123,0,0],"2022":[69,0,0],"2023":[97,0,0],"2024":[160,0,0],"2025":[57,0,0]}}},{"type":"Feature","geometry":{"type":"Point","coordinates":[-97.1503,32.95447]},"properties":{"name":"Southlake","fips":"69032","u1":57,"u2":0,"u5":0,"total":57,"value":83755237,"months":12,"series":{"2019":[142,0,31],"2020":[64,0,0],"2022":[89,0,0],"2023":[55,0,0],"2024":[43,0,0],"2025":[57,0,0]}}},{"type":"Feature","geometry":{"type":"Point","coordinates":[-98.86812,29.35362]},"properties":{"name":"Castroville","fips":"13312","u1":56,"u2":0,"u5":0,"total":56,"value":29435831,"months":12,"series":{"2019":[9,0,0],"2020":[2,0,0],"2022":[9,0,0],"2023":[4,0,0],"2024":[86,0,0],"2025":[56,0,0]}}},{"type":"Feature","geometry":{"type":"Point","coordinates":[-98.05594,26.14673]},"properties":{"name":"Donna","fips":"20884","u1":21,"u2":13,"u5":22,"total":56,"value":5679368,"months":2,"series":{"2019":[43,0,0],"2020":[48,0,0],"2022":[50,0,0],"2023":[50,0,0],"2024":[53,0,0],"2025":[21,13,22]}}},{"type":"Feature","geometry":{"type":"Point","coordinates":[-96.27245,29.19995]},"properties":{"name":"El Campo","fips":"22864","u1":11,"u2":0,"u5":45,"total":56,"value":8648866,"months":0,"series":{"2022":[6,0,0],"2023":[12,0,57],"2024":[10,0,45],"2025":[11,0,45]}}},{"type":"Feature","geometry":{"type":"Point","coordinates":[-97.11969,31.45062]},"properties":{"name":"Robinson","fips":"62588","u1":29,"u2":26,"u5":0,"total":55,"value":11782518,"months":12,"series":{"2022":[70,18,0],"2023":[31,12,0],"2024":[27,18,0],"2025":[29,26,0]}}},{"type":"Feature","geometry":{"type":"Point","coordinates":[-97.98695,30.35451]},"properties":{"name":"Lakeway","fips":"40984","u1":54,"u2":0,"u5":0,"total":54,"value":15704619,"months":0,"series":{"2019":[230,16,5],"2020":[321,6,0],"2022":[178,19,0],"2023":[70,0,0],"2024":[55,0,0],"2025":[54,0,0]}}},{"type":"Feature","geometry":{"type":"Point","coordinates":[-98.52885,33.90693]},"properties":{"name":"Wichita Falls","fips":"79000","u1":42,"u2":4,"u5":8,"total":54,"value":14095486,"months":10,"series":{"2022":[96,0,216],"2023":[75,6,46],"2024":[89,16,5],"2025":[42,4,8]}}},{"type":"Feature","geometry":{"type":"Point","coordinates":[-94.20705,30.25619]},"properties":{"name":"Lumberton","fips":"45120","u1":53,"u2":0,"u5":0,"total":53,"value":15743914,"months":12,"series":{"2022":[119,0,0],"2023":[115,0,0],"2024":[75,0,0],"2025":[53,0,0]}}},{"type":"Feature","geometry":{"type":"Point","coordinates":[-97.30202,31.20078]},"properties":{"name":"Troy","fips":"73748","u1":42,"u2":10,"u5":0,"total":52,"value":11747005,"months":12,"series":{"2019":[45,0,0],"2020":[26,0,0],"2022":[165,18,0],"2023":[80,30,0],"2024":[55,16,0],"2025":[42,10,0]}}},{"type":"Feature","geometry":{"type":"Point","coordinates":[-96.79376,32.85061]},"properties":{"name":"University Park","fips":"74492","u1":52,"u2":0,"u5":0,"total":52,"value":15249584,"months":12,"series":{"2019":[48,27,19],"2020":[58,26,0],"2022":[69,0,24],"2023":[56,0,0],"2024":[50,7,8],"2025":[52,0,0]}}},{"type":"Feature","geometry":{"type":"Point","coordinates":[-98.87543,30.26603]},"properties":{"name":"Fredericksburg","fips":"27348","u1":51,"u2":0,"u5":0,"total":51,"value":10794255,"months":0,"series":{"2022":[86,2,0],"2023":[65,2,0],"2024":[52,0,0],"2025":[51,0,0]}}},{"type":"Feature","geometry":{"type":"Point","coordinates":[-96.55763,32.79736]},"properties":{"name":"Sunnyvale","fips":"71156","u1":51,"u2":0,"u5":0,"total":51,"value":1881059,"months":6,"series":{"2019":[113,0,0],"2020":[126,0,0],"2022":[72,0,0],"2023":[96,0,0],"2024":[80,0,0],"2025":[51,0,0]}}},{"type":"Feature","geometry":{"type":"Point","coordinates":[-96.68091,32.59753]},"properties":{"name":"Wilmer","fips":"79576","u1":51,"u2":0,"u5":0,"total":51,"value":16840630,"months":6,"series":{"2019":[41,0,216],"2020":[70,0,15],"2022":[60,0,44],"2023":[0,0,0],"2024":[15,0,5],"2025":[51,0,0]}}},{"type":"Feature","geometry":{"type":"Point","coordinates":[-97.14869,33.63902]},"properties":{"name":"Gainesville","fips":"27984","u1":48,"u2":2,"u5":0,"total":50,"value":13727821,"months":8,"series":{"2022":[28,0,0],"2023":[25,0,0],"2024":[118,12,0],"2025":[48,2,0]}}},{"type":"Feature","geometry":{"type":"Point","coordinates":[-98.3671,30.5894]},"properties":{"name":"Granite Shoals","fips":"30584","u1":50,"u2":0,"u5":0,"total":50,"value":14580943,"months":6,"series":{"2022":[77,0,0],"2023":[50,0,0],"2024":[52,0,0],"2025":[50,0,0]}}},{"type":"Feature","geometry":{"type":"Point","coordinates":[-98.79437,29.23383]},"properties":{"name":"Lytle","fips":"45288","u1":50,"u2":0,"u5":0,"total":50,"value":14649124,"months":12,"series":{"2019":[11,0,0],"2020":[13,0,0],"2022":[12,0,0],"2023":[49,0,0],"2024":[105,0,0],"2025":[50,0,0]}}},{"type":"Feature","geometry":{"type":"Point","coordinates":[-95.46218,29.70401]},"properties":{"name":"Bellaire","fips":"07300","u1":49,"u2":0,"u5":0,"total":49,"value":34173712,"months":9,"series":{"2019":[93,0,0],"2020":[61,0,0],"2022":[55,0,0],"2023":[44,0,0],"2024":[39,0,0],"2025":[49,0,0]}}},{"type":"Feature","geometry":{"type":"Point","coordinates":[-96.12876,32.3277]},"properties":{"name":"Gun Barrel","fips":"31592","u1":49,"u2":0,"u5":0,"total":49,"value":13816373,"months":2,"series":{"2022":[67,0,0],"2023":[80,0,0],"2024":[61,0,0],"2025":[49,0,0]}}},{"type":"Feature","geometry":{"type":"Point","coordinates":[-98.54081,28.91405]},"properties":{"name":"Jourdanton","fips":"38116","u1":48,"u2":0,"u5":0,"total":48,"value":9913765,"months":12,"series":{"2019":[3,0,0],"2020":[7,0,0],"2022":[7,0,0],"2023":[21,0,0],"2024":[63,0,0],"2025":[48,0,0]}}},{"type":"Feature","geometry":{"type":"Point","coordinates":[-95.43212,29.7157]},"properties":{"name":"West University Place","fips":"77956","u1":48,"u2":0,"u5":0,"total":48,"value":49683406,"months":12,"series":{"2019":[62,0,0],"2020":[45,0,0],"2022":[55,0,0],"2023":[37,0,0],"2024":[35,0,0],"2025":[48,0,0]}}},{"type":"Feature","geometry":{"type":"Point","coordinates":[-97.22728,32.80946]},"properties":{"name":"Richland Hills","fips":"61844","u1":47,"u2":0,"u5":0,"total":47,"value":13479202,"months":0,"series":{"2019":[5,4,0],"2020":[1,3,0],"2022":[4,2,0],"2023":[1,0,0],"2024":[54,0,0],"2025":[47,0,0]}}},{"type":"Feature","geometry":{"type":"Point","coordinates":[-97.52901,30.94715]},"properties":{"name":"Salado","fips":"64268","u1":47,"u2":0,"u5":0,"total":47,"value":14029622,"months":0,"series":{"2019":[2,0,0],"2020":[1,0,0],"2022":[3,0,0],"2023":[3,0,0],"2024":[39,0,0],"2025":[47,0,0]}}},{"type":"Feature","geometry":{"type":"Point","coordinates":[-98.34039,29.55449]},"properties":{"name":"Live Oak","fips":"43096","u1":46,"u2":0,"u5":0,"total":46,"value":11238989,"months":0,"series":{"2019":[82,0,0],"2020":[42,0,15],"2022":[54,0,0],"2023":[52,0,5],"2024":[56,0,0],"2025":[46,0,0]}}},{"type":"Feature","geometry":{"type":"Point","coordinates":[-96.89766,33.09255]},"properties":{"name":"The Colony","fips":"72530","u1":46,"u2":0,"u5":0,"total":46,"value":13616768,"months":12,"series":{"2019":[291,0,0],"2020":[239,0,0],"2022":[191,0,0],"2023":[142,0,0],"2024":[256,0,0],"2025":[46,0,0]}}},{"type":"Feature","geometry":{"type":"Point","coordinates":[-96.07652,30.10142]},"properties":{"name":"Hempstead","fips":"33200","u1":45,"u2":0,"u5":0,"total":45,"value":12916507,"months":0,"series":{"2019":[0,0,78],"2020":[0,0,68],"2022":[0,0,114],"2023":[0,0,92],"2024":[39,0,17],"2025":[45,0,0]}}},{"type":"Feature","geometry":{"type":"Point","coordinates":[-97.28722,26.05826]},"properties":{"name":"Port Isabel","fips":"58892","u1":40,"u2":5,"u5":0,"total":45,"value":17481522,"months":11,"series":{"2022":[14,11,0],"2023":[21,2,0],"2024":[11,29,0],"2025":[40,5,0]}}},{"type":"Feature","geometry":{"type":"Point","coordinates":[-93.94562,29.97648]},"properties":{"name":"Port Neches","fips":"58940","u1":31,"u2":4,"u5":10,"total":45,"value":12182705,"months":12,"series":{"2022":[24,6,0],"2023":[30,8,0],"2024":[31,2,0],"2025":[31,4,10]}}},{"type":"Feature","geometry":{"type":"Point","coordinates":[-96.57965,33.09417]},"properties":{"name":"Lucas","fips":"45012","u1":44,"u2":0,"u5":0,"total":44,"value":54639718,"months":12,"series":{"2019":[87,0,0],"2020":[112,0,0],"2022":[100,0,0],"2023":[46,0,0],"2024":[36,0,0],"2025":[44,0,0]}}},{"type":"Feature","geometry":{"type":"Point","coordinates":[-95.05875,29.45487]},"properties":{"name":"Dickinson","fips":"20344","u1":43,"u2":0,"u5":0,"total":43,"value":12828653,"months":0,"series":{"2019":[101,0,0],"2020":[176,0,0],"2022":[42,0,0],"2023":[49,0,0],"2024":[48,0,0],"2025":[43,0,0]}}},{"type":"Feature","geometry":{"type":"Point","coordinates":[-97.17026,26.12038]},"properties":{"name":"South Padre Island","fips":"69140","u1":32,"u2":6,"u5":5,"total":43,"value":27157057,"months":11,"series":{"2022":[37,0,0],"2023":[57,14,21],"2024":[36,0,49],"2025":[32,6,5]}}},{"type":"Feature","geometry":{"type":"Point","coordinates":[-97.69622,33.35705]},"properties":{"name":"Alvord","fips":"02284","u1":41,"u2":0,"u5":0,"total":41,"value":11968117,"months":12,"series":{"2019":[4,3,0],"2020":[10,0,0],"2022":[6,3,0],"2023":[1,0,0],"2024":[25,0,0],"2025":[41,0,0]}}},{"type":"Feature","geometry":{"type":"Point","coordinates":[-97.77089,33.20988]},"properties":{"name":"Bridgeport","fips":"10264","u1":33,"u2":8,"u5":0,"total":41,"value":6713944,"months":12,"series":{"2019":[10,0,0],"2020":[11,0,0],"2022":[14,0,0],"2023":[25,2,0],"2024":[19,0,0],"2025":[33,8,0]}}},{"type":"Feature","geometry":{"type":"Point","coordinates":[-95.54606,33.66874]},"properties":{"name":"Paris","fips":"55080","u1":37,"u2":4,"u5":0,"total":41,"value":10021265,"months":12,"series":{"2022":[23,17,0],"2023":[25,50,0],"2024":[18,12,71],"2025":[37,4,0]}}},{"type":"Feature","geometry":{"type":"Point","coordinates":[-103.52221,31.38942]},"properties":{"name":"Town of Pecos","fips":"73493","u1":26,"u2":15,"u5":0,"total":41,"value":8194782,"months":12,"series":{"2022":[28,0,0],"2023":[31,3,0],"2024":[22,0,0],"2025":[26,15,0]}}},{"type":"Feature","geometry":{"type":"Point","coordinates":[-97.07427,32.9344]},"properties":{"name":"Grapevine","fips":"30644","u1":40,"u2":0,"u5":0,"total":40,"value":26005495,"months":12,"series":{"2019":[44,0,432],"2020":[47,0,275],"2022":[32,0,0],"2023":[46,4,5],"2024":[30,0,0],"2025":[40,0,0]}}},{"type":"Feature","geometry":{"type":"Point","coordinates":[-98.69604,29.56868]},"properties":{"name":"Helotes","fips":"33146","u1":40,"u2":0,"u5":0,"total":40,"value":11705814,"months":12,"series":{"2019":[106,0,0],"2020":[45,0,0],"2022":[147,0,0],"2023":[70,0,0],"2024":[76,0,0],"2025":[40,0,0]}}},{"type":"Feature","geometry":{"type":"Point","coordinates":[-97.18082,32.83524]},"properties":{"name":"Hurst","fips":"35576","u1":40,"u2":0,"u5":0,"total":40,"value":11705814,"months":12,"series":{"2019":[22,0,0],"2020":[18,4,90],"2022":[4,0,0],"2023":[4,0,0],"2024":[2,0,0],"2025":[40,0,0]}}},{"type":"Feature","geometry":{"type":"Point","coordinates":[-97.29062,33.17871]},"properties":{"name":"Ponder","fips":"58664","u1":0,"u2":0,"u5":40,"total":40,"value":2800000,"months":12,"series":{"2019":[4,0,0],"2020":[0,0,0],"2022":[63,0,0],"2023":[40,0,0],"2024":[0,0,0],"2025":[0,0,40]}}},{"type":"Feature","geometry":{"type":"Point","coordinates":[-95.91575,29.49526]},"properties":{"name":"Beasley","fips":"06272","u1":39,"u2":0,"u5":0,"total":39,"value":11350798,"months":12,"series":{"2019":[0,0,0],"2020":[1,0,0],"2022":[9,0,0],"2023":[19,0,0],"2024":[41,0,0],"2025":[39,0,0]}}},{"type":"Feature","geometry":{"type":"Point","coordinates":[-102.40016,34.8226]},"properties":{"name":"Hereford","fips":"33320","u1":15,"u2":24,"u5":0,"total":39,"value":7488828,"months":0,"series":{"2022":[59,0,0],"2023":[43,12,0],"2024":[17,6,0],"2025":[15,24,0]}}},{"type":"Feature","geometry":{"type":"Point","coordinates":[-95.83868,29.39569]},"properties":{"name":"Needville","fips":"50628","u1":39,"u2":0,"u5":0,"total":39,"value":11451939,"months":12,"series":{"2019":[10,0,0],"2020":[10,0,0],"2022":[12,0,0],"2023":[15,0,0],"2024":[11,0,0],"2025":[39,0,0]}}},{"type":"Feature","geometry":{"type":"Point","coordinates":[-96.25781,32.65152]},"properties":{"name":"Oak Ridge","fips":"53160","u1":38,"u2":0,"u5":0,"total":38,"value":11080066,"months":12,"series":{"2019":[11,0,0],"2020":[14,0,0],"2022":[40,0,0],"2023":[33,0,0],"2024":[30,0,0],"2025":[38,0,0]}}},{"type":"Feature","geometry":{"type":"Point","coordinates":[-95.1108,30.82112]},"properties":{"name":"Onalaska","fips":"54048","u1":38,"u2":0,"u5":0,"total":38,"value":5040937,"months":8,"series":{"2022":[42,0,0],"2023":[36,0,0],"2024":[47,0,0],"2025":[38,0,0]}}},{"type":"Feature","geometry":{"type":"Point","coordinates":[-95.22115,32.22227]},"properties":{"name":"Whitehouse","fips":"78388","u1":38,"u2":0,"u5":0,"total":38,"value":11113780,"months":12,"series":{"2022":[143,0,0],"2023":[36,4,0],"2024":[66,0,0],"2025":[38,0,0]}}},{"type":"Feature","geometry":{"type":"Point","coordinates":[-97.19606,31.45142]},"properties":{"name":"Hewitt","fips":"33428","u1":36,"u2":0,"u5":0,"total":36,"value":16033124,"months":12,"series":{"2022":[128,0,0],"2023":[77,0,0],"2024":[35,0,0],"2025":[36,0,0]}}},{"type":"Feature","geometry":{"type":"Point","coordinates":[-96.10233,29.31778]},"properties":{"name":"Wharton","fips":"78136","u1":36,"u2":0,"u5":0,"total":36,"value":10563888,"months":12,"series":{"2019":[28,0,0],"2020":[46,0,0],"2022":[58,0,0],"2023":[3,0,0],"2024":[55,0,0],"2025":[36,0,0]}}},{"type":"Feature","geometry":{"type":"Point","coordinates":[-98.46988,26.25178]},"properties":{"name":"La Joya","fips":"40384","u1":26,"u2":9,"u5":0,"total":35,"value":7493278,"months":9,"series":{"2019":[24,0,11],"2020":[37,3,0],"2022":[25,60,0],"2023":[76,22,0],"2024":[59,20,0],"2025":[26,9,0]}}},{"type":"Feature","geometry":{"type":"Point","coordinates":[-93.92119,29.85824]},"properties":{"name":"Port Arthur","fips":"58820","u1":35,"u2":0,"u5":0,"total":35,"value":10470144,"months":12,"series":{"2019":[98,0,0],"2020":[578,14,0],"2022":[151,0,0],"2023":[60,0,0],"2024":[28,0,0],"2025":[35,0,0]}}},{"type":"Feature","geometry":{"type":"Point","coordinates":[-95.50403,29.78976]},"properties":{"name":"Spring Valley","fips":"69830","u1":35,"u2":0,"u5":0,"total":35,"value":10326869,"months":12,"series":{"2019":[23,0,0],"2020":[30,0,0],"2022":[27,0,0],"2023":[19,0,0],"2024":[13,0,0],"2025":[35,0,0]}}},{"type":"Feature","geometry":{"type":"Point","coordinates":[-96.83553,32.95892]},"properties":{"name":"Addison","fips":"01240","u1":34,"u2":0,"u5":0,"total":34,"value":11651200,"months":12,"series":{"2019":[0,3,194],"2020":[8,0,405],"2022":[22,0,0],"2023":[7,0,0],"2024":[55,0,0],"2025":[34,0,0]}}},{"type":"Feature","geometry":{"type":"Point","coordinates":[-97.57658,32.94596]},"properties":{"name":"Reno","fips":"61604","u1":34,"u2":0,"u5":0,"total":34,"value":10518175,"months":0,"series":{"2019":[70,0,0],"2020":[30,0,0],"2022":[32,0,0],"2023":[27,0,0],"2024":[39,0,0],"2025":[34,0,0]}}},{"type":"Feature","geometry":{"type":"Point","coordinates":[-96.61151,33.1399]},"properties":{"name":"Fairview","fips":"25224","u1":33,"u2":0,"u5":0,"total":33,"value":25340596,"months":11,"series":{"2019":[91,0,0],"2020":[113,0,0],"2022":[64,0,0],"2023":[25,0,0],"2024":[28,0,0],"2025":[33,0,0]}}},{"type":"Feature","geometry":{"type":"Point","coordinates":[-97.11517,32.00854]},"properties":{"name":"Hillsboro","fips":"34088","u1":33,"u2":0,"u5":0,"total":33,"value":7140472,"months":0,"series":{"2022":[42,0,0],"2023":[40,0,0],"2024":[40,0,0],"2025":[33,0,0]}}},{"type":"Feature","geometry":{"type":"Point","coordinates":[-101.17506,35.4332]},"properties":{"name":"White Deer","fips":"78316","u1":33,"u2":0,"u5":0,"total":33,"value":8455248,"months":0,"series":{"2022":[0,0,0],"2023":[34,0,0],"2024":[35,0,0],"2025":[33,0,0]}}},{"type":"Feature","geometry":{"type":"Point","coordinates":[-96.31385,32.57702]},"properties":{"name":"Kaufman","fips":"38488","u1":32,"u2":0,"u5":0,"total":32,"value":11744125,"months":12,"series":{"2019":[32,10,143],"2020":[28,0,0],"2022":[75,0,72],"2023":[49,10,0],"2024":[32,0,180],"2025":[32,0,0]}}},{"type":"Feature","geometry":{"type":"Point","coordinates":[-95.39747,29.0256]},"properties":{"name":"Clute","fips":"15652","u1":31,"u2":0,"u5":0,"total":31,"value":9136227,"months":9,"series":{"2019":[61,0,0],"2020":[69,0,0],"2022":[49,0,0],"2023":[17,0,0],"2024":[23,0,0],"2025":[31,0,0]}}},{"type":"Feature","geometry":{"type":"Point","coordinates":[-94.65285,31.6134]},"properties":{"name":"Nacogdoches","fips":"50256","u1":31,"u2":0,"u5":0,"total":31,"value":7509229,"months":0,"series":{"2022":[30,0,0],"2023":[32,0,0],"2024":[35,0,0],"2025":[31,0,0]}}},{"type":"Feature","geometry":{"type":"Point","coordinates":[-97.00852,30.65573]},"properties":{"name":"Rockdale","fips":"62672","u1":31,"u2":0,"u5":0,"total":31,"value":4158844,"months":12,"series":{"2022":[9,0,0],"2023":[8,0,0],"2024":[61,0,0],"2025":[31,0,0]}}},{"type":"Feature","geometry":{"type":"Point","coordinates":[-96.25942,29.94659]},"properties":{"name":"Bellville","fips":"07432","u1":30,"u2":0,"u5":0,"total":30,"value":8753000,"months":12,"series":{"2019":[7,0,0],"2020":[6,0,0],"2022":[24,0,0],"2023":[31,0,0],"2024":[52,0,0],"2025":[30,0,0]}}},{"type":"Feature","geometry":{"type":"Point","coordinates":[-96.70029,30.53044]},"properties":{"name":"Caldwell","fips":"11836","u1":30,"u2":0,"u5":0,"total":30,"value":5271714,"months":12,"series":{"2019":[6,0,72],"2020":[36,0,0],"2022":[34,0,0],"2023":[46,4,0],"2024":[34,2,0],"2025":[30,0,0]}}},{"type":"Feature","geometry":{"type":"Point","coordinates":[-97.17872,32.26776]},"properties":{"name":"Grandview","fips":"30512","u1":24,"u2":6,"u5":0,"total":30,"value":7844512,"months":0,"series":{"2019":[5,2,0],"2020":[2,4,0],"2022":[5,0,0],"2023":[8,0,0],"2024":[8,0,0],"2025":[24,6,0]}}},{"type":"Feature","geometry":{"type":"Point","coordinates":[-93.91643,29.9456]},"properties":{"name":"Groves","fips":"31328","u1":28,"u2":2,"u5":0,"total":30,"value":8595045,"months":12,"series":{"2019":[30,6,0],"2020":[34,14,0],"2022":[32,4,0],"2023":[28,4,0],"2024":[30,6,0],"2025":[28,2,0]}}},{"type":"Feature","geometry":{"type":"Point","coordinates":[-96.76629,33.46061]},"properties":{"name":"Gunter","fips":"31616","u1":30,"u2":0,"u5":0,"total":30,"value":20250430,"months":6,"series":{"2022":[40,0,0],"2023":[25,4,0],"2024":[34,0,0],"2025":[30,0,0]}}},{"type":"Feature","geometry":{"type":"Point","coordinates":[-94.9832,29.57021]},"properties":{"name":"Seabrook","fips":"66392","u1":30,"u2":0,"u5":0,"total":30,"value":11581629,"months":12,"series":{"2019":[27,0,0],"2020":[47,0,0],"2022":[39,0,0],"2023":[31,0,0],"2024":[60,2,0],"2025":[30,0,0]}}},{"type":"Feature","geometry":{"type":"Point","coordinates":[-96.17253,32.28035]},"properties":{"name":"Tool","fips":"73352","u1":30,"u2":0,"u5":0,"total":30,"value":14703197,"months":12,"series":{"2022":[38,0,0],"2023":[38,0,0],"2024":[36,0,0],"2025":[30,0,0]}}},{"type":"Feature","geometry":{"type":"Point","coordinates":[-94.80142,31.32864]},"properties":{"name":"Hudson","fips":"35228","u1":29,"u2":0,"u5":0,"total":29,"value":5915000,"months":12,"series":{"2022":[37,0,0],"2023":[21,0,0],"2024":[27,0,0],"2025":[29,0,0]}}},{"type":"Feature","geometry":{"type":"Point","coordinates":[-97.18993,33.00416]},"properties":{"name":"Trophy Club","fips":"73710","u1":29,"u2":0,"u5":0,"total":29,"value":28442489,"months":12,"series":{"2019":[34,0,0],"2020":[39,0,0],"2022":[2,0,0],"2023":[2,0,0],"2024":[21,0,0],"2025":[29,0,0]}}},{"type":"Feature","geometry":{"type":"Point","coordinates":[-97.99391,26.29713]},"properties":{"name":"Elsa","fips":"24036","u1":28,"u2":0,"u5":0,"total":28,"value":3127294,"months":12,"series":{"2019":[14,0,0],"2020":[17,0,0],"2022":[19,4,0],"2023":[28,0,0],"2024":[44,0,0],"2025":[28,0,0]}}},{"type":"Feature","geometry":{"type":"Point","coordinates":[-97.74385,32.24593]},"properties":{"name":"Glen Rose","fips":"29876","u1":27,"u2":0,"u5":0,"total":27,"value":8443910,"months":12,"series":{"2022":[14,0,0],"2023":[6,12,40],"2024":[21,12,10],"2025":[27,0,0]}}},{"type":"Feature","geometry":{"type":"Point","coordinates":[-97.15221,30.0087]},"properties":{"name":"Smithville","fips":"68456","u1":27,"u2":0,"u5":0,"total":27,"value":8055455,"months":12,"series":{"2019":[18,0,0],"2020":[21,4,0],"2022":[14,0,0],"2023":[33,2,0],"2024":[27,6,0],"2025":[27,0,0]}}},{"type":"Feature","geometry":{"type":"Point","coordinates":[-98.22016,32.21545]},"properties":{"name":"Stephenville","fips":"70208","u1":7,"u2":4,"u5":16,"total":27,"value":4839808,"months":12,"series":{"2022":[31,96,82],"2023":[47,14,6],"2024":[24,22,61],"2025":[7,4,16]}}},{"type":"Feature","geometry":{"type":"Point","coordinates":[-95.47812,32.30648]},"properties":{"name":"Chandler","fips":"14224","u1":22,"u2":4,"u5":0,"total":26,"value":5215280,"months":12,"series":{"2022":[36,6,0],"2023":[75,4,0],"2024":[90,12,0],"2025":[22,4,0]}}},{"type":"Feature","geometry":{"type":"Point","coordinates":[-98.63751,29.7468]},"properties":{"name":"Fair Oaks Ranch","fips":"25168","u1":26,"u2":0,"u5":0,"total":26,"value":7629007,"months":12,"series":{"2019":[112,0,0],"2020":[192,0,0],"2022":[120,0,0],"2023":[84,0,0],"2024":[94,0,0],"2025":[26,0,0]}}},{"type":"Feature","geometry":{"type":"Point","coordinates":[-97.14632,32.15845]},"properties":{"name":"Itasca","fips":"37084","u1":26,"u2":0,"u5":0,"total":26,"value":7707766,"months":12,"series":{"2022":[10,2,0],"2023":[14,0,0],"2024":[12,0,0],"2025":[26,0,0]}}},{"type":"Feature","geometry":{"type":"Point","coordinates":[-97.92691,26.29631]},"properties":{"name":"La Villa","fips":"41788","u1":26,"u2":0,"u5":0,"total":26,"value":3793298,"months":0,"series":{"2019":[28,0,0],"2020":[25,0,0],"2022":[25,0,0],"2023":[32,0,0],"2024":[32,0,0],"2025":[26,0,0]}}},{"type":"Feature","geometry":{"type":"Point","coordinates":[-98.4406,26.25804]},"properties":{"name":"Penitas","fips":"56696","u1":9,"u2":17,"u5":0,"total":26,"value":3673262,"months":0,"series":{"2019":[0,0,0],"2020":[0,0,0],"2022":[0,0,0],"2023":[0,0,0],"2024":[3,45,0],"2025":[9,17,0]}}},{"type":"Feature","geometry":{"type":"Point","coordinates":[-97.09461,31.80311]},"properties":{"name":"West","fips":"77332","u1":14,"u2":12,"u5":0,"total":26,"value":5988296,"months":12,"series":{"2022":[0,0,0],"2023":[11,0,0],"2024":[12,0,0],"2025":[14,12,0]}}},{"type":"Feature","geometry":{"type":"Point","coordinates":[-97.46052,32.7554]},"properties":{"name":"White Settlement","fips":"78544","u1":26,"u2":0,"u5":0,"total":26,"value":5321568,"months":12,"series":{"2019":[54,0,0],"2020":[48,0,0],"2022":[37,0,0],"2023":[8,0,0],"2024":[24,0,0],"2025":[26,0,0]}}},{"type":"Feature","geometry":{"type":"Point","coordinates":[-96.90234,33.66128]},"properties":{"name":"Whitesboro","fips":"78532","u1":26,"u2":0,"u5":0,"total":26,"value":7637435,"months":12,"series":{"2022":[17,0,0],"2023":[14,0,0],"2024":[38,0,0],"2025":[26,0,0]}}},{"type":"Feature","geometry":{"type":"Point","coordinates":[-97.64985,32.75483]},"properties":{"name":"Willow Park","fips":"79492","u1":26,"u2":0,"u5":0,"total":26,"value":9717731,"months":12,"series":{"2019":[24,0,0],"2020":[33,0,0],"2022":[133,0,152],"2023":[15,0,0],"2024":[20,0,0],"2025":[26,0,0]}}},{"type":"Feature","geometry":{"type":"Point","coordinates":[-95.89914,33.24206]},"properties":{"name":"Commerce","fips":"16240","u1":9,"u2":6,"u5":10,"total":25,"value":5312896,"months":12,"series":{"2019":[12,0,5],"2020":[4,0,12],"2022":[20,0,0],"2023":[22,32,0],"2024":[32,4,0],"2025":[9,6,10]}}},{"type":"Feature","geometry":{"type":"Point","coordinates":[-93.99475,30.92205]},"properties":{"name":"Jasper","fips":"37420","u1":25,"u2":0,"u5":0,"total":25,"value":7469482,"months":12,"series":{"2022":[54,2,129],"2023":[12,6,0],"2024":[27,15,0],"2025":[25,0,0]}}},{"type":"Feature","geometry":{"type":"Point","coordinates":[-97.20675,30.61405]},"properties":{"name":"Thorndale","fips":"72776","u1":25,"u2":0,"u5":0,"total":25,"value":6088136,"months":0,"series":{"2022":[5,9,0],"2023":[2,3,0],"2024":[10,0,0],"2025":[25,0,0]}}},{"type":"Feature","geometry":{"type":"Point","coordinates":[-96.59558,30.87698]},"properties":{"name":"Hearne","fips":"32972","u1":24,"u2":0,"u5":0,"total":24,"value":6898656,"months":0,"series":{"2019":[6,0,0],"2020":[6,0,0],"2022":[3,0,0],"2023":[0,0,0],"2024":[11,0,0],"2025":[24,0,0]}}},{"type":"Feature","geometry":{"type":"Point","coordinates":[-94.85946,32.39794]},"properties":{"name":"Kilgore","fips":"39124","u1":24,"u2":0,"u5":0,"total":24,"value":7128227,"months":12,"series":{"2022":[20,2,0],"2023":[35,0,0],"2024":[19,0,0],"2025":[24,0,0]}}},{"type":"Feature","geometry":{"type":"Point","coordinates":[-94.82675,29.87445]},"properties":{"name":"Old River-Winfree","fips":"53824","u1":24,"u2":0,"u5":0,"total":24,"value":8200000,"months":1,"series":{"2022":[3,0,0],"2023":[3,0,0],"2024":[18,0,0],"2025":[24,0,0]}}},{"type":"Feature","geometry":{"type":"Point","coordinates":[-100.88008,29.37088]},"properties":{"name":"Del Rio","fips":"19792","u1":23,"u2":0,"u5":0,"total":23,"value":6504671,"months":1,"series":{"2022":[75,12,0],"2023":[18,2,0],"2024":[29,0,0],"2025":[23,0,0]}}},{"type":"Feature","geometry":{"type":"Point","coordinates":[-96.77394,32.59226]},"properties":{"name":"Lancaster","fips":"41212","u1":23,"u2":0,"u5":0,"total":23,"value":3975572,"months":12,"series":{"2019":[222,0,0],"2020":[71,0,0],"2022":[145,0,0],"2023":[76,0,0],"2024":[40,0,0],"2025":[23,0,0]}}},{"type":"Feature","geometry":{"type":"Point","coordinates":[-104.83416,31.04067]},"properties":{"name":"Van Horn","fips":"75032","u1":5,"u2":18,"u5":0,"total":23,"value":3327054,"months":0,"series":{"2022":[8,10,0],"2023":[7,14,0],"2024":[9,16,0],"2025":[5,18,0]}}},{"type":"Feature","geometry":{"type":"Point","coordinates":[-97.20405,32.98086]},"properties":{"name":"Westlake","fips":"77620","u1":23,"u2":0,"u5":0,"total":23,"value":79122229,"months":0,"series":{"2019":[29,0,0],"2020":[18,0,0],"2022":[52,0,0],"2023":[28,0,0],"2024":[24,0,0],"2025":[23,0,0]}}},{"type":"Feature","geometry":{"type":"Point","coordinates":[-95.8322,32.20407]},"properties":{"name":"Athens","fips":"04504","u1":16,"u2":6,"u5":0,"total":22,"value":4712765,"months":12,"series":{"2022":[25,4,218],"2023":[9,2,0],"2024":[16,4,0],"2025":[16,6,0]}}},{"type":"Feature","geometry":{"type":"Point","coordinates":[-97.08962,31.60262]},"properties":{"name":"Bellmead","fips":"07408","u1":22,"u2":0,"u5":0,"total":22,"value":2452752,"months":0,"series":{"2022":[5,0,0],"2023":[13,0,0],"2024":[26,0,0],"2025":[22,0,0]}}},{"type":"Feature","geometry":{"type":"Point","coordinates":[-97.14868,32.89137]},"properties":{"name":"Colleyville","fips":"15988","u1":22,"u2":0,"u5":0,"total":22,"value":37120553,"months":12,"series":{"2019":[109,0,0],"2020":[84,0,0],"2022":[37,0,0],"2023":[49,0,0],"2024":[40,0,0],"2025":[22,0,0]}}},{"type":"Feature","geometry":{"type":"Point","coordinates":[-97.09785,33.09623]},"properties":{"name":"Copper Canyon","fips":"16636","u1":22,"u2":0,"u5":0,"total":22,"value":28701103,"months":11,"series":{"2019":[12,0,0],"2020":[14,0,0],"2022":[74,0,0],"2023":[109,0,0],"2024":[45,0,0],"2025":[22,0,0]}}},{"type":"Feature","geometry":{"type":"Point","coordinates":[-96.80123,32.83106]},"properties":{"name":"Highland Park","fips":"33824","u1":22,"u2":0,"u5":0,"total":22,"value":6487083,"months":12,"series":{"2019":[25,4,21],"2020":[32,0,0],"2022":[26,2,0],"2023":[27,0,0],"2024":[20,0,0],"2025":[22,0,0]}}},{"type":"Feature","geometry":{"type":"Point","coordinates":[-97.92966,30.47625]},"properties":{"name":"Jonestown","fips":"38020","u1":22,"u2":0,"u5":0,"total":22,"value":13788118,"months":12,"series":{"2019":[64,0,0],"2020":[79,0,0],"2022":[64,0,0],"2023":[36,0,0],"2024":[44,0,0],"2025":[22,0,0]}}},{"type":"Feature","geometry":{"type":"Point","coordinates":[-94.35149,32.53672]},"properties":{"name":"Marshall","fips":"46776","u1":22,"u2":0,"u5":0,"total":22,"value":5145925,"months":12,"series":{"2022":[36,48,148],"2023":[32,33,80],"2024":[32,8,15],"2025":[22,0,0]}}},{"type":"Feature","geometry":{"type":"Point","coordinates":[-97.22771,33.01438]},"properties":{"name":"Roanoke","fips":"62504","u1":12,"u2":10,"u5":0,"total":22,"value":5151104,"months":12,"series":{"2019":[120,0,0],"2020":[71,0,0],"2022":[32,0,0],"2023":[23,0,0],"2024":[25,0,0],"2025":[12,10,0]}}},{"type":"Feature","geometry":{"type":"Point","coordinates":[-97.42381,32.75985]},"properties":{"name":"Westworth","fips":"78076","u1":22,"u2":0,"u5":0,"total":22,"value":9568916,"months":0,"series":{"2019":[27,0,0],"2020":[23,0,0],"2022":[26,0,0],"2023":[22,0,0],"2024":[26,0,0],"2025":[22,0,0]}}},{"type":"Feature","geometry":{"type":"Point","coordinates":[-95.4987,29.77152]},"properties":{"name":"Hunters Creek","fips":"35480","u1":21,"u2":0,"u5":0,"total":21,"value":35212072,"months":12,"series":{"2019":[12,0,0],"2020":[11,0,0],"2022":[22,0,0],"2023":[20,0,0],"2024":[16,0,0],"2025":[21,0,0]}}},{"type":"Feature","geometry":{"type":"Point","coordinates":[-98.07766,32.81688]},"properties":{"name":"Mineral Wells","fips":"48684","u1":19,"u2":2,"u5":0,"total":21,"value":5767725,"months":0,"series":{"2022":[53,0,0],"2023":[54,0,0],"2024":[27,0,0],"2025":[19,2,0]}}},{"type":"Feature","geometry":{"type":"Point","coordinates":[-97.75292,26.22367]},"properties":{"name":"Primera","fips":"59540","u1":21,"u2":0,"u5":0,"total":21,"value":3961890,"months":12,"series":{"2022":[51,0,0],"2023":[22,0,0],"2024":[27,0,0],"2025":[21,0,0]}}},{"type":"Feature","geometry":{"type":"Point","coordinates":[-99.83425,32.28339]},"properties":{"name":"Buffalo Gap","fips":"11128","u1":20,"u2":0,"u5":0,"total":20,"value":3746831,"months":3,"series":{"2022":[12,2,0],"2023":[6,0,0],"2024":[24,0,0],"2025":[20,0,0]}}},{"type":"Feature","geometry":{"type":"Point","coordinates":[-98.32756,30.55501]},"properties":{"name":"Cottonwood Shores","fips":"17208","u1":20,"u2":0,"u5":0,"total":20,"value":5943408,"months":11,"series":{"2022":[37,0,0],"2023":[34,0,0],"2024":[37,0,0],"2025":[20,0,0]}}},{"type":"Feature","geometry":{"type":"Point","coordinates":[-94.78105,31.18818]},"properties":{"name":"Diboll","fips":"20308","u1":10,"u2":10,"u5":0,"total":20,"value":3864710,"months":4,"series":{"2022":[13,0,0],"2023":[8,8,0],"2024":[10,10,0],"2025":[10,10,0]}}},{"type":"Feature","geometry":{"type":"Point","coordinates":[-98.6143,29.49538]},"properties":{"name":"Leon Valley","fips":"42388","u1":20,"u2":0,"u5":0,"total":20,"value":5751768,"months":0,"series":{"2019":[5,0,0],"2020":[3,0,0],"2022":[2,0,0],"2023":[0,0,0],"2024":[0,0,0],"2025":[20,0,0]}}},{"type":"Feature","geometry":{"type":"Point","coordinates":[-96.88952,32.53519]},"properties":{"name":"Ovilla","fips":"54444","u1":20,"u2":0,"u5":0,"total":20,"value":13470979,"months":12,"series":{"2019":[38,0,0],"2020":[7,0,0],"2022":[98,0,0],"2023":[17,0,0],"2024":[36,0,0],"2025":[20,0,0]}}},{"type":"Feature","geometry":{"type":"Point","coordinates":[-94.96677,32.99964]},"properties":{"name":"Pittsburg","fips":"57908","u1":18,"u2":2,"u5":0,"total":20,"value":5697351,"months":0,"series":{"2022":[6,0,0],"2023":[5,0,0],"2024":[3,0,0],"2025":[18,2,0]}}},{"type":"Feature","geometry":{"type":"Point","coordinates":[-96.02184,32.89761]},"properties":{"name":"West Tawakoni","fips":"77896","u1":20,"u2":0,"u5":0,"total":20,"value":5739285,"months":0,"series":{"2019":[0,0,0],"2020":[0,0,0],"2022":[0,0,0],"2023":[18,0,0],"2024":[25,0,0],"2025":[20,0,0]}}},{"type":"Feature","geometry":{"type":"Point","coordinates":[-97.28706,29.10232]},"properties":{"name":"Cuero","fips":"18092","u1":19,"u2":0,"u5":0,"total":19,"value":5653637,"months":12,"series":{"2022":[21,0,0],"2023":[12,0,0],"2024":[8,0,0],"2025":[19,0,0]}}},{"type":"Feature","geometry":{"type":"Point","coordinates":[-101.9642,35.86133]},"properties":{"name":"Dumas","fips":"21556","u1":15,"u2":4,"u5":0,"total":19,"value":3018500,"months":12,"series":{"2022":[35,0,0],"2023":[15,0,152],"2024":[24,2,0],"2025":[15,4,0]}}},{"type":"Feature","geometry":{"type":"Point","coordinates":[-94.94603,32.7318]},"properties":{"name":"Gilmer","fips":"29564","u1":17,"u2":2,"u5":0,"total":19,"value":5356078,"months":0,"series":{"2022":[0,0,0],"2023":[0,7,16],"2024":[29,2,0],"2025":[17,2,0]}}},{"type":"Feature","geometry":{"type":"Point","coordinates":[-95.26516,29.99203]},"properties":{"name":"Humble","fips":"35348","u1":7,"u2":12,"u5":0,"total":19,"value":5352959,"months":0,"series":{"2019":[2,0,0],"2020":[4,0,0],"2022":[2,0,0],"2023":[0,0,0],"2024":[4,0,0],"2025":[7,12,0]}}},{"type":"Feature","geometry":{"type":"Point","coordinates":[-97.29682,26.10748]},"properties":{"name":"Laguna Vista","fips":"40336","u1":17,"u2":2,"u5":0,"total":19,"value":5184912,"months":0,"series":{"2022":[70,0,0],"2023":[40,0,0],"2024":[37,0,0],"2025":[17,2,0]}}},{"type":"Feature","geometry":{"type":"Point","coordinates":[-98.29532,26.25826]},"properties":{"name":"Palmhurst","fips":"54780","u1":19,"u2":0,"u5":0,"total":19,"value":11102990,"months":12,"series":{"2019":[6,0,0],"2020":[8,0,0],"2022":[7,0,0],"2023":[3,0,0],"2024":[4,0,0],"2025":[19,0,0]}}},{"type":"Feature","geometry":{"type":"Point","coordinates":[-95.40454,29.07235]},"properties":{"name":"Richwood","fips":"61904","u1":19,"u2":0,"u5":0,"total":19,"value":6779040,"months":11,"series":{"2019":[26,0,0],"2020":[32,0,0],"2022":[17,0,0],"2023":[11,0,0],"2024":[8,0,0],"2025":[19,0,0]}}},{"type":"Feature","geometry":{"type":"Point","coordinates":[-96.34108,33.42689]},"properties":{"name":"Trenton","fips":"73592","u1":19,"u2":0,"u5":0,"total":19,"value":6184742,"months":12,"series":{"2022":[7,0,0],"2023":[8,0,0],"2024":[10,0,0],"2025":[19,0,0]}}},{"type":"Feature","geometry":{"type":"Point","coordinates":[-94.33681,32.15257]},"properties":{"name":"Carthage","fips":"13108","u1":8,"u2":10,"u5":0,"total":18,"value":3343456,"months":1,"series":{"2022":[11,0,0],"2023":[10,0,0],"2024":[6,0,0],"2025":[8,10,0]}}},{"type":"Feature","geometry":{"type":"Point","coordinates":[-97.03773,28.0724]},"properties":{"name":"Fulton","fips":"27888","u1":18,"u2":0,"u5":0,"total":18,"value":4129074,"months":0,"series":{"2022":[0,0,0],"2023":[15,0,0],"2024":[18,0,0],"2025":[18,0,0]}}},{"type":"Feature","geometry":{"type":"Point","coordinates":[-95.45785,32.48896]},"properties":{"name":"Hideaway","fips":"33578","u1":18,"u2":0,"u5":0,"total":18,"value":4973999,"months":0,"series":{"2022":[13,0,0],"2023":[19,0,0],"2024":[21,0,0],"2025":[18,0,0]}}},{"type":"Feature","geometry":{"type":"Point","coordinates":[-97.40254,30.88347]},"properties":{"name":"Holland","fips":"34508","u1":18,"u2":0,"u5":0,"total":18,"value":4110000,"months":0,"series":{"2019":[2,0,0],"2020":[1,0,0],"2022":[9,0,0],"2023":[9,0,0],"2024":[6,0,0],"2025":[18,0,0]}}},{"type":"Feature","geometry":{"type":"Point","coordinates":[-97.86101,27.50936]},"properties":{"name":"Kingsville","fips":"39352","u1":18,"u2":0,"u5":0,"total":18,"value":3017352,"months":8,"series":{"2022":[22,0,5],"2023":[22,0,5],"2024":[24,0,0],"2025":[18,0,0]}}},{"type":"Feature","geometry":{"type":"Point","coordinates":[-96.48329,31.68085]},"properties":{"name":"Mexia","fips":"47916","u1":18,"u2":0,"u5":0,"total":18,"value":5447530,"months":0,"series":{"2019":[4,0,0],"2020":[3,0,0],"2022":[4,0,0],"2023":[9,0,0],"2024":[9,0,0],"2025":[18,0,0]}}},{"type":"Feature","geometry":{"type":"Point","coordinates":[-96.62784,28.61806]},"properties":{"name":"Port Lavaca","fips":"58916","u1":18,"u2":0,"u5":0,"total":18,"value":4395157,"months":12,"series":{"2022":[34,0,0],"2023":[20,2,0],"2024":[9,0,0],"2025":[18,0,0]}}},{"type":"Feature","geometry":{"type":"Point","coordinates":[-97.87096,33.17736]},"properties":{"name":"Runaway Bay","fips":"63782","u1":18,"u2":0,"u5":0,"total":18,"value":4645677,"months":11,"series":{"2019":[21,0,0],"2020":[18,0,5],"2022":[60,0,0],"2023":[32,0,0],"2024":[28,0,0],"2025":[18,0,0]}}},{"type":"Feature","geometry":{"type":"Point","coordinates":[-98.02908,31.98585]},"properties":{"name":"Hico","fips":"33548","u1":9,"u2":8,"u5":0,"total":17,"value":1842231,"months":1,"series":{"2019":[3,0,0],"2020":[8,0,0],"2022":[14,2,0],"2023":[13,2,0],"2024":[14,2,0],"2025":[9,8,0]}}},{"type":"Feature","geometry":{"type":"Point","coordinates":[-97.2076,27.87019]},"properties":{"name":"Ingleside","fips":"36008","u1":17,"u2":0,"u5":0,"total":17,"value":5260438,"months":12,"series":{"2022":[24,0,0],"2023":[18,2,0],"2024":[15,0,0],"2025":[17,0,0]}}},{"type":"Feature","geometry":{"type":"Point","coordinates":[-96.71636,28.41317]},"properties":{"name":"Seadrift","fips":"66416","u1":17,"u2":0,"u5":0,"total":17,"value":4658090,"months":0,"series":{"2022":[18,0,0],"2023":[16,0,0],"2024":[18,0,0],"2025":[17,0,0]}}},{"type":"Feature","geometry":{"type":"Point","coordinates":[-98.56444,26.27522]},"properties":{"name":"Sullivan","fips":"70868","u1":17,"u2":0,"u5":0,"total":17,"value":1564843,"months":11,"series":{"2019":[20,0,0],"2020":[5,0,0],"2022":[7,0,0],"2023":[10,0,0],"2024":[15,4,0],"2025":[17,0,0]}}},{"type":"Feature","geometry":{"type":"Point","coordinates":[-97.74893,28.40524]},"properties":{"name":"Beeville","fips":"07192","u1":16,"u2":0,"u5":0,"total":16,"value":1630120,"months":6,"series":{"2019":[11,6,0],"2020":[12,14,0],"2022":[13,0,0],"2023":[13,0,0],"2024":[15,0,0],"2025":[16,0,0]}}},{"type":"Feature","geometry":{"type":"Point","coordinates":[-96.00117,29.44696]},"properties":{"name":"Kendleton","fips":"38848","u1":16,"u2":0,"u5":0,"total":16,"value":5075176,"months":2,"series":{"2019":[3,0,0],"2020":[5,0,0],"2022":[4,0,0],"2023":[4,0,0],"2024":[4,0,0],"2025":[16,0,0]}}},{"type":"Feature","geometry":{"type":"Point","coordinates":[-98.1827,31.06403]},"properties":{"name":"Lampasas","fips":"41188","u1":16,"u2":0,"u5":0,"total":16,"value":4486118,"months":0,"series":{"2019":[31,2,0],"2020":[48,0,0],"2022":[32,0,0],"2023":[22,0,0],"2024":[15,0,0],"2025":[16,0,0]}}},{"type":"Feature","geometry":{"type":"Point","coordinates":[-97.45907,31.15131]},"properties":{"name":"Morgans Point Resort","fips":"49392","u1":16,"u2":0,"u5":0,"total":16,"value":4752151,"months":12,"series":{"2019":[33,0,0],"2020":[29,0,0],"2022":[12,0,0],"2023":[3,0,0],"2024":[8,0,0],"2025":[16,0,0]}}},{"type":"Feature","geometry":{"type":"Point","coordinates":[-97.40208,32.80276]},"properties":{"name":"Sansom Park","fips":"65660","u1":12,"u2":4,"u5":0,"total":16,"value":4114155,"months":12,"series":{"2019":[11,0,0],"2020":[7,0,0],"2022":[6,0,0],"2023":[11,10,0],"2024":[13,8,0],"2025":[12,4,0]}}},{"type":"Feature","geometry":{"type":"Point","coordinates":[-98.30722,29.55231]},"properties":{"name":"Universal","fips":"74408","u1":16,"u2":0,"u5":0,"total":16,"value":4927200,"months":12,"series":{"2019":[73,0,0],"2020":[88,0,0],"2022":[78,0,0],"2023":[33,10,0],"2024":[17,0,0],"2025":[16,0,0]}}},{"type":"Feature","geometry":{"type":"Point","coordinates":[-97.15064,33.07899]},"properties":{"name":"Bartonville","fips":"05768","u1":15,"u2":0,"u5":0,"total":15,"value":33193657,"months":12,"series":{"2019":[7,0,0],"2020":[16,0,0],"2022":[16,0,0],"2023":[15,0,0],"2024":[24,0,0],"2025":[15,0,0]}}},{"type":"Feature","geometry":{"type":"Point","coordinates":[-97.844,33.55666]},"properties":{"name":"Bowie","fips":"09640","u1":11,"u2":4,"u5":0,"total":15,"value":3431000,"months":12,"series":{"2022":[25,36,0],"2023":[4,2,0],"2024":[22,0,0],"2025":[11,4,0]}}},{"type":"Feature","geometry":{"type":"Point","coordinates":[-97.73243,31.44415]},"properties":{"name":"Gatesville","fips":"29168","u1":15,"u2":0,"u5":0,"total":15,"value":4268283,"months":0,"series":{"2019":[13,12,0],"2020":[66,78,0],"2022":[16,16,0],"2023":[12,0,0],"2024":[18,0,0],"2025":[15,0,0]}}},{"type":"Feature","geometry":{"type":"Point","coordinates":[-102.07603,36.33757]},"properties":{"name":"Stratford","fips":"70544","u1":15,"u2":0,"u5":0,"total":15,"value":1635090,"months":0,"series":{"2022":[17,0,0],"2023":[15,0,0],"2024":[17,0,0],"2025":[15,0,0]}}},{"type":"Feature","geometry":{"type":"Point","coordinates":[-97.30155,33.13331]},"properties":{"name":"DISH","fips":"20540","u1":14,"u2":0,"u5":0,"total":14,"value":4019994,"months":0,"series":{"2019":[0,0,0],"2020":[0,0,0],"2022":[0,0,0],"2023":[1,0,0],"2024":[9,0,0],"2025":[14,0,0]}}},{"type":"Feature","geometry":{"type":"Point","coordinates":[-94.5703,32.5015]},"properties":{"name":"Hallsville","fips":"31904","u1":14,"u2":0,"u5":0,"total":14,"value":4020460,"months":0,"series":{"2022":[67,0,0],"2023":[37,26,0],"2024":[24,6,0],"2025":[14,0,0]}}},{"type":"Feature","geometry":{"type":"Point","coordinates":[-97.43054,32.81298]},"properties":{"name":"Lake Worth","fips":"41056","u1":14,"u2":0,"u5":0,"total":14,"value":2891000,"months":12,"series":{"2019":[7,0,0],"2020":[16,0,0],"2022":[7,0,0],"2023":[5,0,0],"2024":[8,0,0],"2025":[14,0,0]}}},{"type":"Feature","geometry":{"type":"Point","coordinates":[-98.20471,29.41971]},"properties":{"name":"St. Hedwig","fips":"64172","u1":14,"u2":0,"u5":0,"total":14,"value":6334290,"months":12,"series":{"2019":[3,0,0],"2020":[14,0,0],"2022":[14,0,0],"2023":[13,0,0],"2024":[7,0,0],"2025":[14,0,0]}}},{"type":"Feature","geometry":{"type":"Point","coordinates":[-95.2833,28.9559]},"properties":{"name":"Surfside Beach","fips":"71384","u1":14,"u2":0,"u5":0,"total":14,"value":4118950,"months":12,"series":{"2019":[29,0,0],"2020":[37,0,0],"2022":[39,4,0],"2023":[15,0,0],"2024":[16,0,0],"2025":[14,0,0]}}},{"type":"Feature","geometry":{"type":"Point","coordinates":[-97.79199,29.96501]},"properties":{"name":"Uhland","fips":"74216","u1":14,"u2":0,"u5":0,"total":14,"value":2863084,"months":0,"series":{"2022":[16,0,0],"2023":[14,0,0],"2024":[16,0,0],"2025":[14,0,0]}}},{"type":"Feature","geometry":{"type":"Point","coordinates":[-96.77735,29.70006]},"properties":{"name":"Weimar","fips":"77020","u1":14,"u2":0,"u5":0,"total":14,"value":2895340,"months":0,"series":{"2022":[19,0,0],"2023":[16,0,0],"2024":[16,0,0],"2025":[14,0,0]}}},{"type":"Feature","geometry":{"type":"Point","coordinates":[-98.60436,31.90048]},"properties":{"name":"Comanche","fips":"16192","u1":9,"u2":4,"u5":0,"total":13,"value":2985768,"months":0,"series":{"2022":[1,0,0],"2023":[0,0,0],"2024":[4,0,0],"2025":[9,4,0]}}},{"type":"Feature","geometry":{"type":"Point","coordinates":[-96.928,30.18332]},"properties":{"name":"Giddings","fips":"29432","u1":13,"u2":0,"u5":0,"total":13,"value":3863537,"months":12,"series":{"2022":[35,0,0],"2023":[17,2,0],"2024":[16,0,0],"2025":[13,0,0]}}},{"type":"Feature","geometry":{"type":"Point","coordinates":[-98.68126,33.96179]},"properties":{"name":"Iowa Park","fips":"36104","u1":11,"u2":2,"u5":0,"total":13,"value":3514511,"months":12,"series":{"2022":[9,0,0],"2023":[7,0,0],"2024":[15,0,0],"2025":[11,2,0]}}},{"type":"Feature","geometry":{"type":"Point","coordinates":[-97.10463,31.63085]},"properties":{"name":"Lacy-Lakeview","fips":"40168","u1":13,"u2":0,"u5":0,"total":13,"value":2347468,"months":0,"series":{"2022":[16,0,0],"2023":[13,0,0],"2024":[14,0,0],"2025":[13,0,0]}}},{"type":"Feature","geometry":{"type":"Point","coordinates":[-97.78682,30.27361]},"properties":{"name":"Rollingwood","fips":"63008","u1":13,"u2":0,"u5":0,"total":13,"value":3251635,"months":0,"series":{"2019":[6,0,0],"2020":[6,0,0],"2022":[11,0,0],"2023":[15,0,0],"2024":[13,0,0],"2025":[13,0,0]}}},{"type":"Feature","geometry":{"type":"Point","coordinates":[-102.64981,32.72219]},"properties":{"name":"Seminole","fips":"66764","u1":13,"u2":0,"u5":0,"total":13,"value":3869502,"months":0,"series":{"2022":[2,0,0],"2023":[8,0,0],"2024":[18,0,0],"2025":[13,0,0]}}},{"type":"Feature","geometry":{"type":"Point","coordinates":[-100.40858,32.46943]},"properties":{"name":"Sweetwater","fips":"71540","u1":13,"u2":0,"u5":0,"total":13,"value":2179081,"months":0,"series":{"2022":[1,0,0],"2023":[5,0,0],"2024":[15,0,0],"2025":[13,0,0]}}},{"type":"Feature","geometry":{"type":"Point","coordinates":[-97.23135,31.49872]},"properties":{"name":"Woodway","fips":"80224","u1":13,"u2":0,"u5":0,"total":13,"value":3909740,"months":12,"series":{"2022":[51,0,0],"2023":[38,0,0],"2024":[46,0,0],"2025":[13,0,0]}}},{"type":"Feature","geometry":{"type":"Point","coordinates":[-97.18667,33.1102]},"properties":{"name":"Argyle","fips":"03768","u1":12,"u2":0,"u5":0,"total":12,"value":3988756,"months":11,"series":{"2019":[75,0,0],"2020":[99,0,0],"2022":[140,0,0],"2023":[150,0,0],"2024":[46,0,0],"2025":[12,0,0]}}},{"type":"Feature","geometry":{"type":"Point","coordinates":[-96.40628,33.2839]},"properties":{"name":"Blue Ridge","fips":"08872","u1":12,"u2":0,"u5":0,"total":12,"value":3877540,"months":0,"series":{"2019":[14,0,0],"2020":[0,2,0],"2022":[1,2,0],"2023":[2,2,0],"2024":[15,0,0],"2025":[12,0,0]}}},{"type":"Feature","geometry":{"type":"Point","coordinates":[-95.53174,29.76476]},"properties":{"name":"Bunker Hill","fips":"11300","u1":12,"u2":0,"u5":0,"total":12,"value":22712679,"months":0,"series":{"2019":[8,0,0],"2020":[7,0,0],"2022":[16,0,0],"2023":[14,0,0],"2024":[15,0,0],"2025":[12,0,0]}}},{"type":"Feature","geometry":{"type":"Point","coordinates":[-96.10899,32.2666]},"properties":{"name":"Enchanted Oaks","fips":"24228","u1":12,"u2":0,"u5":0,"total":12,"value":6112858,"months":0,"series":{"2022":[1,0,0],"2023":[0,0,0],"2024":[3,0,0],"2025":[12,0,0]}}},{"type":"Feature","geometry":{"type":"Point","coordinates":[-94.94653,32.5426]},"properties":{"name":"Gladewater","fips":"29660","u1":8,"u2":4,"u5":0,"total":12,"value":2610966,"months":0,"series":{"2022":[9,8,0],"2023":[5,8,0],"2024":[6,8,0],"2025":[8,4,0]}}},{"type":"Feature","geometry":{"type":"Point","coordinates":[-98.57775,33.10178]},"properties":{"name":"Graham","fips":"30392","u1":12,"u2":0,"u5":0,"total":12,"value":1206000,"months":0,"series":{"2022":[9,0,0],"2023":[5,0,0],"2024":[5,0,0],"2025":[12,0,0]}}},{"type":"Feature","geometry":{"type":"Point","coordinates":[-95.64713,31.75442]},"properties":{"name":"Palestine","fips":"54708","u1":12,"u2":0,"u5":0,"total":12,"value":2256820,"months":12,"series":{"2022":[26,0,160],"2023":[16,0,9],"2024":[16,9,0],"2025":[12,0,0]}}},{"type":"Feature","geometry":{"type":"Point","coordinates":[-94.40461,30.13784]},"properties":{"name":"Sour Lake","fips":"68828","u1":12,"u2":0,"u5":0,"total":12,"value":3086155,"months":12,"series":{"2022":[25,0,0],"2023":[7,0,0],"2024":[7,0,0],"2025":[12,0,0]}}},{"type":"Feature","geometry":{"type":"Point","coordinates":[-97.39283,27.98004]},"properties":{"name":"Taft","fips":"71684","u1":12,"u2":0,"u5":0,"total":12,"value":1735389,"months":0,"series":{"2022":[36,0,0],"2023":[13,0,0],"2024":[15,0,0],"2025":[12,0,0]}}},{"type":"Feature","geometry":{"type":"Point","coordinates":[-98.4472,29.47708]},"properties":{"name":"Terrell Hills","fips":"72296","u1":12,"u2":0,"u5":0,"total":12,"value":3526916,"months":12,"series":{"2019":[13,0,0],"2020":[12,0,0],"2022":[17,0,6],"2023":[23,0,0],"2024":[16,0,0],"2025":[12,0,0]}}},{"type":"Feature","geometry":{"type":"Point","coordinates":[-95.17296,32.49275]},"properties":{"name":"Winona","fips":"79828","u1":12,"u2":0,"u5":0,"total":12,"value":2820000,"months":0,"series":{"2022":[4,0,0],"2023":[4,0,0],"2024":[4,0,0],"2025":[12,0,0]}}},{"type":"Feature","geometry":{"type":"Point","coordinates":[-94.8548,29.72724]},"properties":{"name":"Beach","fips":"06200","u1":11,"u2":0,"u5":0,"total":11,"value":3230899,"months":12,"series":{"2019":[22,0,0],"2020":[14,0,0],"2022":[42,0,0],"2023":[16,0,0],"2024":[8,0,0],"2025":[11,0,0]}}},{"type":"Feature","geometry":{"type":"Point","coordinates":[-97.135,32.84643]},"properties":{"name":"Bedford","fips":"07132","u1":11,"u2":0,"u5":0,"total":11,"value":3140585,"months":0,"series":{"2019":[1,0,0],"2020":[3,0,0],"2022":[2,0,0],"2023":[2,0,0],"2024":[30,2,0],"2025":[11,0,0]}}},{"type":"Feature","geometry":{"type":"Point","coordinates":[-97.4472,29.51255]},"properties":{"name":"Gonzales","fips":"30116","u1":11,"u2":0,"u5":0,"total":11,"value":2549292,"months":0,"series":{"2022":[15,0,0],"2023":[10,0,0],"2024":[11,0,0],"2025":[11,0,0]}}},{"type":"Feature","geometry":{"type":"Point","coordinates":[-94.35116,32.7634]},"properties":{"name":"Jefferson","fips":"37528","u1":7,"u2":4,"u5":0,"total":11,"value":2405973,"months":0,"series":{"2022":[7,6,0],"2023":[5,4,0],"2024":[6,2,0],"2025":[7,4,0]}}},{"type":"Feature","geometry":{"type":"Point","coordinates":[-97.2102,31.38311]},"properties":{"name":"Lorena","fips":"44020","u1":11,"u2":0,"u5":0,"total":11,"value":3329049,"months":0,"series":{"2022":[1,0,0],"2023":[9,0,0],"2024":[5,0,0],"2025":[11,0,0]}}},{"type":"Feature","geometry":{"type":"Point","coordinates":[-95.7584,29.57946]},"properties":{"name":"Richmond","fips":"61892","u1":11,"u2":0,"u5":0,"total":11,"value":3180329,"months":12,"series":{"2019":[0,0,0],"2020":[7,0,336],"2022":[189,0,0],"2023":[126,2,0],"2024":[98,0,0],"2025":[11,0,0]}}},{"type":"Feature","geometry":{"type":"Point","coordinates":[-97.39836,32.77658]},"properties":{"name":"River Oaks","fips":"62384","u1":11,"u2":0,"u5":0,"total":11,"value":3143311,"months":12,"series":{"2019":[7,0,0],"2020":[3,0,0],"2022":[5,0,0],"2023":[10,0,0],"2024":[11,0,0],"2025":[11,0,0]}}},{"type":"Feature","geometry":{"type":"Point","coordinates":[-96.48422,33.5203]},"properties":{"name":"Tom Bean","fips":"73328","u1":9,"u2":2,"u5":0,"total":11,"value":948896,"months":0,"series":{"2022":[2,12,0],"2023":[8,2,0],"2024":[9,6,0],"2025":[9,2,0]}}},{"type":"Feature","geometry":{"type":"Point","coordinates":[-99.77815,29.21531]},"properties":{"name":"Uvalde","fips":"74588","u1":11,"u2":0,"u5":0,"total":11,"value":1457500,"months":12,"series":{"2019":[28,0,0],"2020":[19,0,0],"2022":[17,0,13],"2023":[17,2,0],"2024":[15,2,0],"2025":[11,0,0]}}},{"type":"Feature","geometry":{"type":"Point","coordinates":[-96.99027,32.96385]},"properties":{"name":"Coppell","fips":"16612","u1":10,"u2":0,"u5":0,"total":10,"value":2934882,"months":12,"series":{"2019":[36,0,0],"2020":[34,0,0],"2022":[11,0,0],"2023":[4,0,0],"2024":[5,0,0],"2025":[10,0,0]}}},{"type":"Feature","geometry":{"type":"Point","coordinates":[-97.61548,32.52976]},"properties":{"name":"Cresson","fips":"17648","u1":10,"u2":0,"u5":0,"total":10,"value":2562200,"months":0,"series":{"2022":[48,0,0],"2023":[12,0,0],"2024":[12,0,0],"2025":[10,0,0]}}},{"type":"Feature","geometry":{"type":"Point","coordinates":[-96.48749,31.02501]},"properties":{"name":"Franklin","fips":"27288","u1":10,"u2":0,"u5":0,"total":10,"value":1579000,"months":12,"series":{"2019":[1,0,0],"2020":[50,4,0],"2022":[2,0,0],"2023":[3,0,0],"2024":[4,4,0],"2025":[10,0,0]}}},{"type":"Feature","geometry":{"type":"Point","coordinates":[-95.26518,31.96013]},"properties":{"name":"Jacksonville","fips":"37216","u1":10,"u2":0,"u5":0,"total":10,"value":2653874,"months":0,"series":{"2022":[7,0,0],"2023":[23,0,0],"2024":[26,0,0],"2025":[10,0,0]}}},{"type":"Feature","geometry":{"type":"Point","coordinates":[-96.98677,33.27787]},"properties":{"name":"Krugerville","fips":"39916","u1":10,"u2":0,"u5":0,"total":10,"value":5596790,"months":12,"series":{"2019":[10,0,0],"2020":[57,0,0],"2022":[0,0,0],"2023":[16,0,0],"2024":[12,0,0],"2025":[10,0,0]}}},{"type":"Feature","geometry":{"type":"Point","coordinates":[-96.02226,32.22309]},"properties":{"name":"Log Cabin","fips":"43354","u1":10,"u2":0,"u5":0,"total":10,"value":2534008,"months":4,"series":{"2022":[11,0,0],"2023":[23,0,0],"2024":[10,0,0],"2025":[10,0,0]}}},{"type":"Feature","geometry":{"type":"Point","coordinates":[-103.04005,31.62883]},"properties":{"name":"Monahans","fips":"48936","u1":0,"u2":10,"u5":0,"total":10,"value":1150000,"months":0,"series":{"2022":[0,0,0],"2023":[0,0,0],"2024":[0,0,0],"2025":[0,10,0]}}},{"type":"Feature","geometry":{"type":"Point","coordinates":[-98.10938,29.48904]},"properties":{"name":"New Berlin","fips":"50796","u1":10,"u2":0,"u5":0,"total":10,"value":2869640,"months":0,"series":{"2019":[5,0,0],"2020":[10,0,0],"2022":[9,0,0],"2023":[16,0,0],"2024":[14,0,0],"2025":[10,0,0]}}},{"type":"Feature","geometry":{"type":"Point","coordinates":[-96.67243,32.42569]},"properties":{"name":"Palmer","fips":"54744","u1":10,"u2":0,"u5":0,"total":10,"value":2364070,"months":0,"series":{"2019":[12,0,0],"2020":[13,0,0],"2022":[11,0,0],"2023":[11,0,0],"2024":[10,0,0],"2025":[10,0,0]}}},{"type":"Feature","geometry":{"type":"Point","coordinates":[-95.989,30.08465]},"properties":{"name":"Prairie View","fips":"59336","u1":10,"u2":0,"u5":0,"total":10,"value":1847413,"months":0,"series":{"2019":[3,0,0],"2020":[4,0,68],"2022":[9,0,0],"2023":[7,0,0],"2024":[10,0,0],"2025":[10,0,0]}}},{"type":"Feature","geometry":{"type":"Point","coordinates":[-97.55669,26.03579]},"properties":{"name":"Rancho Viejo","fips":"60544","u1":10,"u2":0,"u5":0,"total":10,"value":5715862,"months":1,"series":{"2022":[18,0,0],"2023":[9,0,0],"2024":[11,0,0],"2025":[10,0,0]}}},{"type":"Feature","geometry":{"type":"Point","coordinates":[-95.05363,32.2279]},"properties":{"name":"Arp","fips":"04156","u1":5,"u2":4,"u5":0,"total":9,"value":1641334,"months":7,"series":{"2022":[8,0,0],"2023":[4,0,0],"2024":[9,0,0],"2025":[5,4,0]}}},{"type":"Feature","geometry":{"type":"Point","coordinates":[-97.39734,26.13288]},"properties":{"name":"Bayview","fips":"06140","u1":9,"u2":0,"u5":0,"total":9,"value":2126572,"months":0,"series":{"2019":[9,0,0],"2020":[9,0,0],"2022":[10,0,0],"2023":[9,0,0],"2024":[9,0,0],"2025":[9,0,0]}}},{"type":"Feature","geometry":{"type":"Point","coordinates":[-96.19052,33.58789]},"properties":{"name":"Bonham","fips":"09328","u1":7,"u2":2,"u5":0,"total":9,"value":2030000,"months":12,"series":{"2022":[35,40,0],"2023":[32,39,0],"2024":[47,14,0],"2025":[7,2,0]}}},{"type":"Feature","geometry":{"type":"Point","coordinates":[-96.55705,29.70545]},"properties":{"name":"Columbus","fips":"16168","u1":9,"u2":0,"u5":0,"total":9,"value":1355000,"months":12,"series":{"2022":[8,0,0],"2023":[10,0,0],"2024":[8,0,0],"2025":[9,0,0]}}},{"type":"Feature","geometry":{"type":"Point","coordinates":[-97.34061,32.65609]},"properties":{"name":"Edgecliff Village","fips":"22588","u1":9,"u2":0,"u5":0,"total":9,"value":1671543,"months":0,"series":{"2019":[9,0,0],"2020":[10,0,0],"2022":[10,0,0],"2023":[8,0,0],"2024":[12,0,0],"2025":[9,0,0]}}},{"type":"Feature","geometry":{"type":"Point","coordinates":[-98.68961,33.81432]},"properties":{"name":"Holliday","fips":"34532","u1":4,"u2":5,"u5":0,"total":9,"value":1730000,"months":12,"series":{"2019":[12,0,0],"2020":[10,6,0],"2022":[14,0,0],"2023":[9,9,0],"2024":[12,2,0],"2025":[4,5,0]}}},{"type":"Feature","geometry":{"type":"Point","coordinates":[-96.88664,32.18594]},"properties":{"name":"Italy","fips":"37072","u1":9,"u2":0,"u5":0,"total":9,"value":1912577,"months":12,"series":{"2019":[6,8,0],"2020":[14,8,0],"2022":[5,0,0],"2023":[10,0,0],"2024":[6,0,0],"2025":[9,0,0]}}},{"type":"Feature","geometry":{"type":"Point","coordinates":[-98.12208,29.35421]},"properties":{"name":"La Vernia","fips":"41764","u1":9,"u2":0,"u5":0,"total":9,"value":4462707,"months":12,"series":{"2019":[0,0,0],"2020":[23,0,0],"2022":[60,2,0],"2023":[15,10,0],"2024":[9,0,0],"2025":[9,0,0]}}},{"type":"Feature","geometry":{"type":"Point","coordinates":[-95.51557,29.75869]},"properties":{"name":"Piney Point","fips":"57800","u1":9,"u2":0,"u5":0,"total":9,"value":19093965,"months":0,"series":{"2019":[11,0,0],"2020":[10,0,0],"2022":[10,0,0],"2023":[10,0,0],"2024":[9,0,0],"2025":[9,0,0]}}},{"type":"Feature","geometry":{"type":"Point","coordinates":[-104.3653,29.56035]},"properties":{"name":"Presidio","fips":"59396","u1":9,"u2":0,"u5":0,"total":9,"value":1941369,"months":0,"series":{"2022":[8,0,0],"2023":[11,0,0],"2024":[11,0,0],"2025":[9,0,0]}}},{"type":"Feature","geometry":{"type":"Point","coordinates":[-95.15489,30.1812]},"properties":{"name":"Roman Forest","fips":"63044","u1":9,"u2":0,"u5":0,"total":9,"value":2375000,"months":12,"series":{"2019":[7,8,0],"2020":[19,20,0],"2022":[94,0,0],"2023":[24,0,0],"2024":[2,0,0],"2025":[9,0,0]}}},{"type":"Feature","geometry":{"type":"Point","coordinates":[-96.21417,32.32892]},"properties":{"name":"Seven Points","fips":"66908","u1":9,"u2":0,"u5":0,"total":9,"value":1957500,"months":0,"series":{"2022":[7,0,0],"2023":[11,0,0],"2024":[11,0,0],"2025":[9,0,0]}}},{"type":"Feature","geometry":{"type":"Point","coordinates":[-96.72877,33.62303]},"properties":{"name":"Southmayd","fips":"69104","u1":9,"u2":0,"u5":0,"total":9,"value":2584132,"months":0,"series":{"2022":[6,0,0],"2023":[9,0,0],"2024":[6,0,0],"2025":[9,0,0]}}},{"type":"Feature","geometry":{"type":"Point","coordinates":[-95.43671,29.70894]},"properties":{"name":"Southside Place","fips":"69272","u1":9,"u2":0,"u5":0,"total":9,"value":5119911,"months":0,"series":{"2019":[12,0,0],"2020":[14,0,0],"2022":[13,0,0],"2023":[11,0,0],"2024":[11,0,0],"2025":[9,0,0]}}},{"type":"Feature","geometry":{"type":"Point","coordinates":[-97.80836,30.29204]},"properties":{"name":"West Lake Hills","fips":"77632","u1":7,"u2":2,"u5":0,"total":9,"value":11692230,"months":12,"series":{"2019":[12,0,0],"2020":[12,0,0],"2022":[18,0,0],"2023":[32,0,0],"2024":[27,0,0],"2025":[7,2,0]}}},{"type":"Feature","geometry":{"type":"Point","coordinates":[-95.567,29.04531]},"properties":{"name":"Brazoria","fips":"10072","u1":8,"u2":0,"u5":0,"total":8,"value":830653,"months":0,"series":{"2019":[3,0,0],"2020":[7,0,0],"2022":[3,0,0],"2023":[4,0,0],"2024":[3,0,0],"2025":[8,0,0]}}},{"type":"Feature","geometry":{"type":"Point","coordinates":[-97.01592,33.69871]},"properties":{"name":"Callisburg","fips":"11968","u1":8,"u2":0,"u5":0,"total":8,"value":2025305,"months":0,"series":{"2022":[0,0,0],"2023":[1,0,0],"2024":[5,0,0],"2025":[8,0,0]}}},{"type":"Feature","geometry":{"type":"Point","coordinates":[-101.30883,32.29499]},"properties":{"name":"Coahoma","fips":"15700","u1":8,"u2":0,"u5":0,"total":8,"value":2444992,"months":0,"series":{"2022":[3,0,0],"2023":[5,0,0],"2024":[4,0,0],"2025":[8,0,0]}}},{"type":"Feature","geometry":{"type":"Point","coordinates":[-95.6925,33.37134]},"properties":{"name":"Cooper","fips":"16564","u1":8,"u2":0,"u5":0,"total":8,"value":2395383,"months":12,"series":{"2019":[7,0,0],"2020":[7,2,0],"2022":[6,0,0],"2023":[9,2,0],"2024":[7,0,0],"2025":[8,0,0]}}},{"type":"Feature","geometry":{"type":"Point","coordinates":[-95.11506,29.68978]},"properties":{"name":"Deer Park","fips":"19624","u1":8,"u2":0,"u5":0,"total":8,"value":2368134,"months":12,"series":{"2019":[9,4,0],"2020":[12,0,0],"2022":[2,0,0],"2023":[12,0,276],"2024":[5,0,0],"2025":[8,0,0]}}},{"type":"Feature","geometry":{"type":"Point","coordinates":[-95.93973,32.90107]},"properties":{"name":"East Tawakoni","fips":"22276","u1":8,"u2":0,"u5":0,"total":8,"value":2405000,"months":12,"series":{"2022":[14,0,0],"2023":[9,0,0],"2024":[13,0,0],"2025":[8,0,0]}}},{"type":"Feature","geometry":{"type":"Point","coordinates":[-98.81745,32.40236]},"properties":{"name":"Eastland","fips":"22132","u1":8,"u2":0,"u5":0,"total":8,"value":1254120,"months":0,"series":{"2024":[0,0,0],"2025":[8,0,0]}}},{"type":"Feature","geometry":{"type":"Point","coordinates":[-95.5192,29.77987]},"properties":{"name":"Hedwig","fips":"33068","u1":8,"u2":0,"u5":0,"total":8,"value":2351277,"months":12,"series":{"2019":[4,0,0],"2020":[8,0,0],"2022":[11,0,0],"2023":[10,0,0],"2024":[8,0,0],"2025":[8,0,0]}}},{"type":"Feature","geometry":{"type":"Point","coordinates":[-99.16154,29.35307]},"properties":{"name":"Hondo","fips":"34676","u1":8,"u2":0,"u5":0,"total":8,"value":1893293,"months":12,"series":{"2019":[3,0,0],"2020":[8,0,0],"2022":[6,0,0],"2023":[10,0,0],"2024":[9,0,0],"2025":[8,0,0]}}},{"type":"Feature","geometry":{"type":"Point","coordinates":[-98.15934,33.22564]},"properties":{"name":"Jacksboro","fips":"37168","u1":8,"u2":0,"u5":0,"total":8,"value":2298394,"months":0,"series":{"2022":[0,0,0],"2023":[10,0,0],"2024":[10,0,0],"2025":[8,0,0]}}},{"type":"Feature","geometry":{"type":"Point","coordinates":[-97.2172,32.64346]},"properties":{"name":"Kennedale","fips":"38896","u1":8,"u2":0,"u5":0,"total":8,"value":2133689,"months":12,"series":{"2019":[21,0,0],"2020":[20,0,0],"2022":[63,0,251],"2023":[62,0,205],"2024":[8,0,0],"2025":[8,0,0]}}},{"type":"Feature","geometry":{"type":"Point","coordinates":[-96.87681,29.91292]},"properties":{"name":"La Grange","fips":"40276","u1":2,"u2":6,"u5":0,"total":8,"value":1236114,"months":0,"series":{"2019":[3,0,0],"2020":[6,2,0],"2022":[5,0,0],"2023":[5,0,0],"2024":[6,4,0],"2025":[2,6,0]}}},{"type":"Feature","geometry":{"type":"Point","coordinates":[-97.02337,33.12786]},"properties":{"name":"Lake Dallas","fips":"40516","u1":8,"u2":0,"u5":0,"total":8,"value":2360001,"months":1,"series":{"2019":[5,0,0],"2020":[10,0,0],"2022":[49,0,0],"2023":[3,0,0],"2024":[3,0,0],"2025":[8,0,0]}}},{"type":"Feature","geometry":{"type":"Point","coordinates":[-97.21854,33.64159]},"properties":{"name":"Lindsay","fips":"42868","u1":8,"u2":0,"u5":0,"total":8,"value":1997198,"months":3,"series":{"2022":[9,0,0],"2023":[28,0,0],"2024":[28,0,0],"2025":[8,0,0]}}},{"type":"Feature","geometry":{"type":"Point","coordinates":[-95.94066,32.9961]},"properties":{"name":"Lone Oak","fips":"43636","u1":0,"u2":0,"u5":8,"total":8,"value":1148128,"months":12,"series":{"2019":[8,0,0],"2020":[25,4,0],"2022":[6,3,0],"2023":[2,0,0],"2024":[3,0,0],"2025":[0,0,8]}}},{"type":"Feature","geometry":{"type":"Point","coordinates":[-97.73514,26.04931]},"properties":{"name":"Los Indios","fips":"44128","u1":8,"u2":0,"u5":0,"total":8,"value":2294464,"months":0,"series":{"2022":[4,0,0],"2023":[0,0,0],"2024":[12,0,0],"2025":[8,0,0]}}},{"type":"Feature","geometry":{"type":"Point","coordinates":[-104.02545,30.31068]},"properties":{"name":"Marfa","fips":"46620","u1":8,"u2":0,"u5":0,"total":8,"value":2382512,"months":12,"series":{"2022":[0,0,0],"2023":[7,0,0],"2024":[12,0,0],"2025":[8,0,0]}}},{"type":"Feature","geometry":{"type":"Point","coordinates":[-97.35895,31.30658]},"properties":{"name":"Moody","fips":"49200","u1":8,"u2":0,"u5":0,"total":8,"value":997336,"months":0,"series":{"2022":[9,0,0],"2023":[9,0,0],"2024":[11,0,0],"2025":[8,0,0]}}},{"type":"Feature","geometry":{"type":"Point","coordinates":[-97.38733,33.65853]},"properties":{"name":"Muenster","fips":"49932","u1":8,"u2":0,"u5":0,"total":8,"value":2368135,"months":12,"series":{"2022":[8,0,0],"2023":[20,0,0],"2024":[13,0,0],"2025":[8,0,0]}}},{"type":"Feature","geometry":{"type":"Point","coordinates":[-94.0016,29.96891]},"properties":{"name":"Nederland","fips":"50580","u1":8,"u2":0,"u5":0,"total":8,"value":2291464,"months":0,"series":{"2022":[20,0,0],"2023":[13,4,0],"2024":[11,0,0],"2025":[8,0,0]}}},{"type":"Feature","geometry":{"type":"Point","coordinates":[-96.49782,32.2388]},"properties":{"name":"Rice","fips":"61736","u1":2,"u2":6,"u5":0,"total":8,"value":1506604,"months":0,"series":{"2019":[0,0,0],"2020":[2,0,0],"2022":[4,0,0],"2023":[2,0,0],"2024":[0,0,0],"2025":[2,6,0]}}},{"type":"Feature","geometry":{"type":"Point","coordinates":[-97.58163,26.23455]},"properties":{"name":"Rio Hondo","fips":"62180","u1":3,"u2":0,"u5":5,"total":8,"value":1448510,"months":0,"series":{"2022":[3,0,61],"2023":[6,0,64],"2024":[3,0,10],"2025":[3,0,5]}}},{"type":"Feature","geometry":{"type":"Point","coordinates":[-97.37445,32.23583]},"properties":{"name":"Rio Vista","fips":"62240","u1":8,"u2":0,"u5":0,"total":8,"value":1865032,"months":0,"series":{"2019":[7,0,0],"2020":[23,0,0],"2022":[3,0,0],"2023":[6,0,0],"2024":[8,0,0],"2025":[8,0,0]}}},{"type":"Feature","geometry":{"type":"Point","coordinates":[-95.14912,31.79776]},"properties":{"name":"Rusk","fips":"63848","u1":8,"u2":0,"u5":0,"total":8,"value":1745000,"months":12,"series":{"2022":[14,0,0],"2023":[11,0,0],"2024":[8,0,0],"2025":[8,0,0]}}},{"type":"Feature","geometry":{"type":"Point","coordinates":[-96.90749,29.682]},"properties":{"name":"Schulenburg","fips":"66188","u1":8,"u2":0,"u5":0,"total":8,"value":650000,"months":12,"series":{"2022":[11,0,0],"2023":[4,4,0],"2024":[2,0,0],"2025":[8,0,0]}}},{"type":"Feature","geometry":{"type":"Point","coordinates":[-98.31339,29.58661]},"properties":{"name":"Selma","fips":"66704","u1":8,"u2":0,"u5":0,"total":8,"value":2342848,"months":12,"series":{"2019":[20,124,606],"2020":[49,60,0],"2022":[37,0,0],"2023":[36,0,0],"2024":[15,0,0],"2025":[8,0,0]}}},{"type":"Feature","geometry":{"type":"Point","coordinates":[-101.99023,33.69001]},"properties":{"name":"Shallowater","fips":"67136","u1":8,"u2":0,"u5":0,"total":8,"value":2359705,"months":11,"series":{"2019":[10,0,0],"2020":[10,0,0],"2022":[11,0,0],"2023":[12,0,0],"2024":[10,0,0],"2025":[8,0,0]}}},{"type":"Feature","geometry":{"type":"Point","coordinates":[-95.00205,30.49095]},"properties":{"name":"Shepherd","fips":"67424","u1":8,"u2":0,"u5":0,"total":8,"value":2299549,"months":0,"series":{"2019":[0,0,0],"2020":[0,0,0],"2022":[0,0,0],"2023":[6,0,0],"2024":[6,0,0],"2025":[8,0,0]}}},{"type":"Feature","geometry":{"type":"Point","coordinates":[-98.17842,28.46686]},"properties":{"name":"Three Rivers","fips":"72872","u1":8,"u2":0,"u5":0,"total":8,"value":2200390,"months":0,"series":{"2022":[2,0,0],"2023":[4,0,0],"2024":[8,0,0],"2025":[8,0,0]}}},{"type":"Feature","geometry":{"type":"Point","coordinates":[-99.86659,32.45223]},"properties":{"name":"Tye","fips":"74132","u1":8,"u2":0,"u5":0,"total":8,"value":2298396,"months":0,"series":{"2022":[0,0,0],"2023":[4,0,0],"2024":[1,0,0],"2025":[8,0,0]}}},{"type":"Feature","geometry":{"type":"Point","coordinates":[-97.59128,30.67575]},"properties":{"name":"Weir","fips":"77056","u1":8,"u2":0,"u5":0,"total":8,"value":1200000,"months":0,"series":{"2019":[1,0,0],"2020":[2,0,0],"2022":[1,0,0],"2023":[1,0,0],"2024":[6,0,0],"2025":[8,0,0]}}},{"type":"Feature","geometry":{"type":"Point","coordinates":[-103.00595,31.56733]},"properties":{"name":"Wickett","fips":"79036","u1":8,"u2":0,"u5":0,"total":8,"value":2388712,"months":0,"series":{"2019":[0,0,0],"2020":[0,0,0],"2022":[0,0,0],"2023":[1,0,0],"2024":[7,0,0],"2025":[8,0,0]}}},{"type":"Feature","geometry":{"type":"Point","coordinates":[-96.7173,32.09236]},"properties":{"name":"Blooming Grove","fips":"08788","u1":3,"u2":4,"u5":0,"total":7,"value":1320830,"months":0,"series":{"2019":[0,0,0],"2020":[0,0,0],"2022":[0,4,0],"2023":[2,0,0],"2024":[8,8,0],"2025":[3,4,0]}}},{"type":"Feature","geometry":{"type":"Point","coordinates":[-97.24805,31.31021]},"properties":{"name":"Bruceville-Eddy","fips":"10828","u1":1,"u2":6,"u5":0,"total":7,"value":1033110,"months":0,"series":{"2024":[0,0,0],"2025":[1,6,0]}}},{"type":"Feature","geometry":{"type":"Point","coordinates":[-106.22887,31.59007]},"properties":{"name":"Clint","fips":"15544","u1":7,"u2":0,"u5":0,"total":7,"value":2525760,"months":12,"series":{"2019":[4,0,0],"2020":[1,0,0],"2022":[5,0,0],"2023":[26,0,0],"2024":[6,0,0],"2025":[7,0,0]}}},{"type":"Feature","geometry":{"type":"Point","coordinates":[-102.83223,32.96787]},"properties":{"name":"Denver City","fips":"19984","u1":7,"u2":0,"u5":0,"total":7,"value":1941165,"months":0,"series":{"2022":[1,0,0],"2023":[0,0,0],"2024":[6,0,0],"2025":[7,0,0]}}},{"type":"Feature","geometry":{"type":"Point","coordinates":[-96.27311,33.57928]},"properties":{"name":"Ector","fips":"22516","u1":7,"u2":0,"u5":0,"total":7,"value":2025528,"months":0,"series":{"2019":[1,0,0],"2020":[0,0,0],"2022":[0,0,0],"2023":[0,0,0],"2024":[0,0,0],"2025":[7,0,0]}}},{"type":"Feature","geometry":{"type":"Point","coordinates":[-98.19242,33.81459]},"properties":{"name":"Henrietta","fips":"33284","u1":3,"u2":4,"u5":0,"total":7,"value":1357021,"months":12,"series":{"2022":[8,0,0],"2023":[7,0,0],"2024":[5,8,0],"2025":[3,4,0]}}},{"type":"Feature","geometry":{"type":"Point","coordinates":[-99.23766,30.07699]},"properties":{"name":"Ingram","fips":"36032","u1":7,"u2":0,"u5":0,"total":7,"value":1942195,"months":0,"series":{"2022":[7,0,0],"2023":[1,0,0],"2024":[4,0,0],"2025":[7,0,0]}}},{"type":"Feature","geometry":{"type":"Point","coordinates":[-95.24096,29.76626]},"properties":{"name":"Jacinto","fips":"37156","u1":7,"u2":0,"u5":0,"total":7,"value":1854000,"months":12,"series":{"2019":[7,0,0],"2020":[5,0,0],"2022":[12,0,0],"2023":[12,0,0],"2024":[5,0,0],"2025":[7,0,0]}}},{"type":"Feature","geometry":{"type":"Point","coordinates":[-94.7879,30.03772]},"properties":{"name":"Liberty","fips":"42568","u1":7,"u2":0,"u5":0,"total":7,"value":2246017,"months":12,"series":{"2019":[7,0,0],"2020":[10,0,0],"2022":[9,0,0],"2023":[7,0,0],"2024":[11,2,0],"2025":[7,0,0]}}},{"type":"Feature","geometry":{"type":"Point","coordinates":[-96.83024,31.54194]},"properties":{"name":"Mart","fips":"46824","u1":7,"u2":0,"u5":0,"total":7,"value":878152,"months":0,"series":{"2022":[16,0,0],"2023":[5,0,0],"2024":[4,0,0],"2025":[7,0,0]}}},{"type":"Feature","geometry":{"type":"Point","coordinates":[-94.41921,33.46126]},"properties":{"name":"New Boston","fips":"50808","u1":7,"u2":0,"u5":0,"total":7,"value":1827000,"months":12,"series":{"2022":[5,4,5],"2023":[5,0,0],"2024":[2,0,0],"2025":[7,0,0]}}},{"type":"Feature","geometry":{"type":"Point","coordinates":[-96.23347,28.71708]},"properties":{"name":"Palacios","fips":"54684","u1":7,"u2":0,"u5":0,"total":7,"value":2180189,"months":9,"series":{"2022":[16,0,0],"2023":[11,4,0],"2024":[15,0,0],"2025":[7,0,0]}}},{"type":"Feature","geometry":{"type":"Point","coordinates":[-97.68861,33.14977]},"properties":{"name":"Paradise","fips":"55056","u1":7,"u2":0,"u5":0,"total":7,"value":3060000,"months":12,"series":{"2019":[11,0,0],"2020":[7,2,0],"2022":[37,0,0],"2023":[13,0,0],"2024":[16,0,0],"2025":[7,0,0]}}},{"type":"Feature","geometry":{"type":"Point","coordinates":[-99.09752,28.89147]},"properties":{"name":"Pearsall","fips":"56384","u1":7,"u2":0,"u5":0,"total":7,"value":712663,"months":0,"series":{"2019":[5,0,0],"2020":[7,0,0],"2022":[10,0,0],"2023":[10,0,0],"2024":[11,0,0],"2025":[7,0,0]}}},{"type":"Feature","geometry":{"type":"Point","coordinates":[-101.38146,33.19104]},"properties":{"name":"Post","fips":"59012","u1":7,"u2":0,"u5":0,"total":7,"value":1417455,"months":0,"series":{"2022":[2,0,0],"2023":[0,0,0],"2024":[5,0,0],"2025":[7,0,0]}}},{"type":"Feature","geometry":{"type":"Point","coordinates":[-96.67126,33.77033]},"properties":{"name":"Pottsboro","fips":"59132","u1":7,"u2":0,"u5":0,"total":7,"value":3190538,"months":11,"series":{"2022":[34,0,0],"2023":[18,0,0],"2024":[16,0,0],"2025":[7,0,0]}}},{"type":"Feature","geometry":{"type":"Point","coordinates":[-98.55639,29.58612]},"properties":{"name":"Shavano Park","fips":"67268","u1":7,"u2":0,"u5":0,"total":7,"value":2063688,"months":12,"series":{"2019":[19,0,0],"2020":[24,0,0],"2022":[36,0,0],"2023":[15,0,0],"2024":[13,0,0],"2025":[7,0,0]}}},{"type":"Feature","geometry":{"type":"Point","coordinates":[-98.41872,30.58615]},"properties":{"name":"Sunrise Beach","fips":"71228","u1":7,"u2":0,"u5":0,"total":7,"value":2092742,"months":12,"series":{"2022":[10,0,0],"2023":[16,0,0],"2024":[11,0,0],"2025":[7,0,0]}}},{"type":"Feature","geometry":{"type":"Point","coordinates":[-96.91575,33.47252]},"properties":{"name":"Tioga","fips":"73112","u1":7,"u2":0,"u5":0,"total":7,"value":2209675,"months":12,"series":{"2022":[34,0,0],"2023":[10,0,0],"2024":[11,0,0],"2025":[7,0,0]}}},{"type":"Feature","geometry":{"type":"Point","coordinates":[-97.75073,32.05623]},"properties":{"name":"Walnut Springs","fips":"76348","u1":7,"u2":0,"u5":0,"total":7,"value":550000,"months":12,"series":{"2022":[3,0,0],"2023":[7,0,0],"2024":[9,0,0],"2025":[7,0,0]}}},{"type":"Feature","geometry":{"type":"Point","coordinates":[-103.66502,30.36392]},"properties":{"name":"Alpine","fips":"02104","u1":6,"u2":0,"u5":0,"total":6,"value":702948,"months":0,"series":{"2022":[7,0,0],"2023":[4,0,0],"2024":[7,0,0],"2025":[6,0,0]}}},{"type":"Feature","geometry":{"type":"Point","coordinates":[-97.21103,28.09609]},"properties":{"name":"Bayside","fips":"06104","u1":6,"u2":0,"u5":0,"total":6,"value":1102071,"months":0,"series":{"2022":[3,0,0],"2023":[0,0,0],"2024":[5,0,0],"2025":[6,0,0]}}},{"type":"Feature","geometry":{"type":"Point","coordinates":[-101.47957,32.23869]},"properties":{"name":"Big Spring","fips":"08236","u1":6,"u2":0,"u5":0,"total":6,"value":1130026,"months":10,"series":{"2022":[13,0,0],"2023":[10,0,0],"2024":[58,2,5],"2025":[6,0,0]}}},{"type":"Feature","geometry":{"type":"Point","coordinates":[-102.88466,34.51566]},"properties":{"name":"Bovina","fips":"09628","u1":6,"u2":0,"u5":0,"total":6,"value":1777230,"months":0,"series":{"2022":[0,0,0],"2023":[0,0,0],"2024":[1,0,0],"2025":[6,0,0]}}},{"type":"Feature","geometry":{"type":"Point","coordinates":[-98.56729,34.0749]},"properties":{"name":"Burkburnett","fips":"11368","u1":6,"u2":0,"u5":0,"total":6,"value":1777230,"months":12,"series":{"2022":[8,0,0],"2023":[12,0,0],"2024":[42,0,5],"2025":[6,0,0]}}},{"type":"Feature","geometry":{"type":"Point","coordinates":[-98.98184,32.38723]},"properties":{"name":"Cisco","fips":"15004","u1":6,"u2":0,"u5":0,"total":6,"value":1777230,"months":12,"series":{"2022":[20,0,5],"2023":[6,0,0],"2024":[10,0,0],"2025":[6,0,0]}}},{"type":"Feature","geometry":{"type":"Point","coordinates":[-98.40667,30.27479]},"properties":{"name":"Johnson","fips":"37780","u1":6,"u2":0,"u5":0,"total":6,"value":1490174,"months":0,"series":{"2022":[5,0,0],"2023":[4,0,0],"2024":[5,0,0],"2025":[6,0,0]}}},{"type":"Feature","geometry":{"type":"Point","coordinates":[-95.45213,29.05154]},"properties":{"name":"Lake Jackson","fips":"40588","u1":6,"u2":0,"u5":0,"total":6,"value":1767672,"months":12,"series":{"2019":[49,0,0],"2020":[35,0,0],"2022":[73,0,0],"2023":[69,0,0],"2024":[5,0,0],"2025":[6,0,0]}}},{"type":"Feature","geometry":{"type":"Point","coordinates":[-96.2456,33.38199]},"properties":{"name":"Leonard","fips":"42352","u1":6,"u2":0,"u5":0,"total":6,"value":1725528,"months":0,"series":{"2022":[6,0,0],"2023":[7,0,0],"2024":[5,0,0],"2025":[6,0,0]}}},{"type":"Feature","geometry":{"type":"Point","coordinates":[-95.08645,29.54483]},"properties":{"name":"Nassau Bay","fips":"50376","u1":1,"u2":0,"u5":5,"total":6,"value":976762,"months":0,"series":{"2019":[0,0,0],"2020":[3,0,0],"2022":[2,0,0],"2023":[1,0,0],"2024":[4,0,5],"2025":[1,0,5]}}},{"type":"Feature","geometry":{"type":"Point","coordinates":[-95.49436,30.38067]},"properties":{"name":"Panorama","fips":"55008","u1":6,"u2":0,"u5":0,"total":6,"value":1723448,"months":0,"series":{"2019":[21,0,0],"2020":[17,0,0],"2022":[11,0,0],"2023":[3,0,0],"2024":[1,0,0],"2025":[6,0,0]}}},{"type":"Feature","geometry":{"type":"Point","coordinates":[-97.95659,26.09614]},"properties":{"name":"Progreso","fips":"59636","u1":6,"u2":0,"u5":0,"total":6,"value":1123000,"months":12,"series":{"2019":[20,10,0],"2020":[25,10,0],"2022":[27,14,0],"2023":[28,12,0],"2024":[27,6,0],"2025":[6,0,0]}}},{"type":"Feature","geometry":{"type":"Point","coordinates":[-97.04004,33.16315]},"properties":{"name":"Shady Shores","fips":"67100","u1":6,"u2":0,"u5":0,"total":6,"value":4117862,"months":12,"series":{"2019":[15,0,0],"2020":[33,0,0],"2022":[15,0,0],"2023":[17,0,0],"2024":[4,0,0],"2025":[6,0,0]}}},{"type":"Feature","geometry":{"type":"Point","coordinates":[-98.65671,29.22848]},"properties":{"name":"Somerset","fips":"68708","u1":6,"u2":0,"u5":0,"total":6,"value":930000,"months":12,"series":{"2019":[9,0,0],"2020":[6,0,0],"2022":[5,0,0],"2023":[7,0,0],"2024":[2,0,0],"2025":[6,0,0]}}},{"type":"Feature","geometry":{"type":"Point","coordinates":[-93.99666,30.12917]},"properties":{"name":"Vidor","fips":"75476","u1":3,"u2":3,"u5":0,"total":6,"value":1204671,"months":0,"series":{"2022":[0,0,0],"2023":[0,0,0],"2024":[0,0,0],"2025":[3,3,0]}}},{"type":"Feature","geometry":{"type":"Point","coordinates":[-94.12697,33.42384]},"properties":{"name":"Wake","fips":"76096","u1":6,"u2":0,"u5":0,"total":6,"value":1079154,"months":0,"series":{"2019":[3,0,0],"2020":[4,0,0],"2022":[3,0,0],"2023":[3,0,0],"2024":[3,0,0],"2025":[6,0,0]}}},{"type":"Feature","geometry":{"type":"Point","coordinates":[-95.11875,29.53187]},"properties":{"name":"Webster","fips":"76948","u1":6,"u2":0,"u5":0,"total":6,"value":1759244,"months":12,"series":{"2019":[26,0,0],"2020":[3,0,0],"2022":[49,0,0],"2023":[79,0,0],"2024":[45,0,0],"2025":[6,0,0]}}},{"type":"Feature","geometry":{"type":"Point","coordinates":[-95.64907,29.14232]},"properties":{"name":"West Columbia","fips":"77416","u1":3,"u2":3,"u5":0,"total":6,"value":1022000,"months":12,"series":{"2019":[7,3,0],"2020":[10,0,0],"2022":[12,0,0],"2023":[7,2,0],"2024":[8,3,0],"2025":[3,3,0]}}},{"type":"Feature","geometry":{"type":"Point","coordinates":[-97.41227,32.74366]},"properties":{"name":"Westover Hills","fips":"77788","u1":6,"u2":0,"u5":0,"total":6,"value":6637940,"months":0,"series":{"2019":[1,0,0],"2020":[3,0,0],"2022":[4,0,0],"2023":[4,0,0],"2024":[0,0,0],"2025":[6,0,0]}}},{"type":"Feature","geometry":{"type":"Point","coordinates":[-96.39564,33.5108]},"properties":{"name":"Whitewright","fips":"78628","u1":6,"u2":0,"u5":0,"total":6,"value":1392810,"months":12,"series":{"2022":[5,0,0],"2023":[0,0,0],"2024":[4,0,0],"2025":[6,0,0]}}},{"type":"Feature","geometry":{"type":"Point","coordinates":[-103.15412,31.7545]},"properties":{"name":"Wink","fips":"79768","u1":6,"u2":0,"u5":0,"total":6,"value":1815846,"months":0,"series":{"2019":[0,0,0],"2020":[0,0,0],"2022":[0,0,0],"2023":[0,0,0],"2024":[0,0,0],"2025":[6,0,0]}}},{"type":"Feature","geometry":{"type":"Point","coordinates":[-97.14693,29.29341]},"properties":{"name":"Yoakum","fips":"80560","u1":6,"u2":0,"u5":0,"total":6,"value":1799638,"months":0,"series":{"2022":[1,0,0],"2023":[0,0,0],"2024":[6,0,0],"2025":[6,0,0]}}},{"type":"Feature","geometry":{"type":"Point","coordinates":[-96.41274,33.6165]},"properties":{"name":"Bells","fips":"07420","u1":5,"u2":0,"u5":0,"total":5,"value":1045508,"months":0,"series":{"2022":[2,2,0],"2023":[0,0,0],"2024":[5,0,0],"2025":[5,0,0]}}},{"type":"Feature","geometry":{"type":"Point","coordinates":[-98.9366,31.74215]},"properties":{"name":"Early","fips":"21904","u1":5,"u2":0,"u5":0,"total":5,"value":1493897,"months":12,"series":{"2022":[2,0,0],"2023":[5,0,0],"2024":[1,0,0],"2025":[5,0,0]}}},{"type":"Feature","geometry":{"type":"Point","coordinates":[-95.04411,29.57294]},"properties":{"name":"El Lago","fips":"23164","u1":5,"u2":0,"u5":0,"total":5,"value":1437940,"months":0,"series":{"2019":[0,0,0],"2020":[1,0,0],"2022":[0,0,0],"2023":[0,0,0],"2024":[0,0,0],"2025":[5,0,0]}}},{"type":"Feature","geometry":{"type":"Point","coordinates":[-97.26624,32.66194]},"properties":{"name":"Forest Hill","fips":"26544","u1":5,"u2":0,"u5":0,"total":5,"value":1683038,"months":12,"series":{"2019":[41,4,0],"2020":[51,0,0],"2022":[106,26,0],"2023":[80,18,0],"2024":[6,0,0],"2025":[5,0,0]}}},{"type":"Feature","geometry":{"type":"Point","coordinates":[-96.08327,32.88397]},"properties":{"name":"Hawk Cove","fips":"32810","u1":5,"u2":0,"u5":0,"total":5,"value":1433780,"months":0,"series":{"2019":[0,0,0],"2020":[0,0,0],"2022":[0,0,0],"2023":[0,0,0],"2024":[6,0,0],"2025":[5,0,0]}}},{"type":"Feature","geometry":{"type":"Point","coordinates":[-94.57718,31.28036]},"properties":{"name":"Huntington","fips":"35492","u1":5,"u2":0,"u5":0,"total":5,"value":1481025,"months":12,"series":{"2019":[4,0,0],"2020":[3,0,0],"2022":[6,0,0],"2023":[7,0,0],"2024":[6,0,0],"2025":[5,0,0]}}},{"type":"Feature","geometry":{"type":"Point","coordinates":[-97.85133,28.81153]},"properties":{"name":"Kenedy","fips":"38860","u1":5,"u2":0,"u5":0,"total":5,"value":600000,"months":0,"series":{"2022":[3,0,0],"2023":[1,0,0],"2024":[3,0,0],"2025":[5,0,0]}}},{"type":"Feature","geometry":{"type":"Point","coordinates":[-102.3635,33.5806]},"properties":{"name":"Levelland","fips":"42448","u1":5,"u2":0,"u5":0,"total":5,"value":1549163,"months":1,"series":{"2022":[5,0,0],"2023":[8,0,0],"2024":[5,0,0],"2025":[5,0,0]}}},{"type":"Feature","geometry":{"type":"Point","coordinates":[-98.14242,29.57232]},"properties":{"name":"Marion","fips":"46692","u1":5,"u2":0,"u5":0,"total":5,"value":1737571,"months":12,"series":{"2019":[20,0,0],"2020":[6,0,0],"2022":[7,0,0],"2023":[7,0,0],"2024":[5,0,0],"2025":[5,0,0]}}},{"type":"Feature","geometry":{"type":"Point","coordinates":[-97.81705,28.09092]},"properties":{"name":"Mathis","fips":"47040","u1":5,"u2":0,"u5":0,"total":5,"value":824445,"months":0,"series":{"2022":[7,0,0],"2023":[6,0,0],"2024":[7,0,0],"2025":[5,0,0]}}},{"type":"Feature","geometry":{"type":"Point","coordinates":[-95.11498,31.98075]},"properties":{"name":"New Summerfield","fips":"51336","u1":5,"u2":0,"u5":0,"total":5,"value":1434475,"months":0,"series":{"2022":[1,0,0],"2023":[0,0,0],"2024":[5,0,0],"2025":[5,0,0]}}},{"type":"Feature","geometry":{"type":"Point","coordinates":[-95.86891,32.93016]},"properties":{"name":"Point","fips":"58532","u1":5,"u2":0,"u5":0,"total":5,"value":1432165,"months":0,"series":{"2022":[0,0,0],"2023":[1,0,0],"2024":[8,0,0],"2025":[5,0,0]}}},{"type":"Feature","geometry":{"type":"Point","coordinates":[-98.00145,30.38207]},"properties":{"name":"Point Venture","fips":"58586","u1":5,"u2":0,"u5":0,"total":5,"value":4536000,"months":12,"series":{"2019":[32,0,0],"2020":[28,0,0],"2022":[33,0,0],"2023":[4,0,0],"2024":[3,0,0],"2025":[5,0,0]}}},{"type":"Feature","geometry":{"type":"Point","coordinates":[-96.31894,32.63296]},"properties":{"name":"Post Oak Bend","fips":"59065","u1":5,"u2":0,"u5":0,"total":5,"value":2085306,"months":2,"series":{"2022":[6,0,0],"2023":[7,0,0],"2024":[5,0,0],"2025":[5,0,0]}}},{"type":"Feature","geometry":{"type":"Point","coordinates":[-97.81953,30.14422]},"properties":{"name":"San Leanna","fips":"65552","u1":5,"u2":0,"u5":0,"total":5,"value":1003665,"months":0,"series":{"2019":[4,0,0],"2020":[5,0,0],"2022":[4,0,0],"2023":[8,0,0],"2024":[8,0,0],"2025":[5,0,0]}}},{"type":"Feature","geometry":{"type":"Point","coordinates":[-96.53101,30.34575]},"properties":{"name":"Somerville","fips":"68720","u1":5,"u2":0,"u5":0,"total":5,"value":1496997,"months":0,"series":{"2019":[0,0,0],"2020":[0,0,0],"2022":[5,0,0],"2023":[4,0,0],"2024":[8,0,0],"2025":[5,0,0]}}},{"type":"Feature","geometry":{"type":"Point","coordinates":[-95.70786,30.14388]},"properties":{"name":"Stagecoach","fips":"69932","u1":5,"u2":0,"u5":0,"total":5,"value":1497602,"months":0,"series":{"2019":[5,0,0],"2020":[3,0,0],"2022":[2,0,0],"2023":[1,0,0],"2024":[4,0,0],"2025":[5,0,0]}}},{"type":"Feature","geometry":{"type":"Point","coordinates":[-101.79269,32.13163]},"properties":{"name":"Stanton","fips":"70040","u1":5,"u2":0,"u5":0,"total":5,"value":868000,"months":12,"series":{"2022":[1,0,0],"2023":[5,8,0],"2024":[1,4,0],"2025":[5,0,0]}}},{"type":"Feature","geometry":{"type":"Point","coordinates":[-95.12284,32.14503]},"properties":{"name":"Troup","fips":"73724","u1":5,"u2":0,"u5":0,"total":5,"value":997114,"months":0,"series":{"2022":[10,0,0],"2023":[6,0,0],"2024":[8,0,0],"2025":[5,0,0]}}},{"type":"Feature","geometry":{"type":"Point","coordinates":[-97.90791,30.44533]},"properties":{"name":"Volente","fips":"75752","u1":5,"u2":0,"u5":0,"total":5,"value":1432167,"months":0,"series":{"2019":[6,0,0],"2020":[0,0,0],"2022":[0,0,0],"2023":[0,0,0],"2024":[13,0,0],"2025":[5,0,0]}}},{"type":"Feature","geometry":{"type":"Point","coordinates":[-98.11153,30.02665]},"properties":{"name":"Woodcreek","fips":"80058","u1":5,"u2":0,"u5":0,"total":5,"value":1500333,"months":12,"series":{"2019":[11,0,0],"2020":[18,0,0],"2022":[7,5,0],"2023":[5,4,0],"2024":[3,0,0],"2025":[5,0,0]}}},{"type":"Feature","geometry":{"type":"Point","coordinates":[-98.6272,33.59269]},"properties":{"name":"Archer","fips":"03696","u1":4,"u2":0,"u5":0,"total":4,"value":1007923,"months":0,"series":{"2022":[1,0,0],"2023":[2,0,0],"2024":[4,0,0],"2025":[4,0,0]}}},{"type":"Feature","geometry":{"type":"Point","coordinates":[-97.9625,30.30823]},"properties":{"name":"Bee Cave","fips":"07156","u1":4,"u2":0,"u5":0,"total":4,"value":826609,"months":3,"series":{"2019":[88,0,0],"2020":[89,0,0],"2022":[65,0,0],"2023":[6,0,0],"2024":[4,0,0],"2025":[4,0,0]}}},{"type":"Feature","geometry":{"type":"Point","coordinates":[-98.41687,30.09873]},"properties":{"name":"Blanco","fips":"08536","u1":4,"u2":0,"u5":0,"total":4,"value":1475454,"months":6,"series":{"2022":[18,0,0],"2023":[12,0,0],"2024":[5,0,0],"2025":[4,0,0]}}},{"type":"Feature","geometry":{"type":"Point","coordinates":[-98.78967,31.82444]},"properties":{"name":"Blanket","fips":"08596","u1":4,"u2":0,"u5":0,"total":4,"value":1210564,"months":0,"series":{"2022":[0,0,0],"2023":[0,0,0],"2024":[0,0,0],"2025":[4,0,0]}}},{"type":"Feature","geometry":{"type":"Point","coordinates":[-98.04517,30.40883]},"properties":{"name":"Briarcliff","fips":"10197","u1":4,"u2":0,"u5":0,"total":4,"value":1184820,"months":10,"series":{"2024":[0,0,0],"2025":[4,0,0]}}},{"type":"Feature","geometry":{"type":"Point","coordinates":[-96.03814,32.20962]},"properties":{"name":"Caney City","fips":"12472","u1":4,"u2":0,"u5":0,"total":4,"value":1109299,"months":0,"series":{"2022":[0,0,0],"2023":[0,0,0],"2024":[7,0,0],"2025":[4,0,0]}}},{"type":"Feature","geometry":{"type":"Point","coordinates":[-96.19447,33.28967]},"properties":{"name":"Celeste","fips":"13672","u1":4,"u2":0,"u5":0,"total":4,"value":1077901,"months":0,"series":{"2019":[2,0,0],"2020":[2,0,0],"2022":[6,0,0],"2023":[4,0,0],"2024":[4,0,0],"2025":[4,0,0]}}},{"type":"Feature","geometry":{"type":"Point","coordinates":[-94.17931,31.79319]},"properties":{"name":"Center","fips":"13732","u1":4,"u2":0,"u5":0,"total":4,"value":719583,"months":0,"series":{"2022":[2,0,0],"2023":[2,0,0],"2024":[1,0,0],"2025":[4,0,0]}}},{"type":"Feature","geometry":{"type":"Point","coordinates":[-95.03254,29.54548]},"properties":{"name":"Clear Lake Shores","fips":"15328","u1":4,"u2":0,"u5":0,"total":4,"value":1167209,"months":12,"series":{"2019":[8,0,0],"2020":[9,0,0],"2022":[5,0,0],"2023":[3,0,0],"2024":[3,0,0],"2025":[4,0,0]}}},{"type":"Feature","geometry":{"type":"Point","coordinates":[-99.42231,31.8316]},"properties":{"name":"Coleman","fips":"15916","u1":4,"u2":0,"u5":0,"total":4,"value":1006074,"months":0,"series":{"2022":[3,0,0],"2023":[7,0,0],"2024":[5,0,0],"2025":[4,0,0]}}},{"type":"Feature","geometry":{"type":"Point","coordinates":[-96.51892,32.59156]},"properties":{"name":"Combine","fips":"16216","u1":4,"u2":0,"u5":0,"total":4,"value":830000,"months":12,"series":{"2019":[6,0,0],"2020":[10,0,0],"2022":[14,0,0],"2023":[8,0,0],"2024":[9,0,0],"2025":[4,0,0]}}},{"type":"Feature","geometry":{"type":"Point","coordinates":[-97.44676,31.53786]},"properties":{"name":"Crawford","fips":"17564","u1":4,"u2":0,"u5":0,"total":4,"value":1080264,"months":0,"series":{"2022":[3,0,0],"2023":[5,0,0],"2024":[7,0,0],"2025":[4,0,0]}}},{"type":"Feature","geometry":{"type":"Point","coordinates":[-97.15667,32.69369]},"properties":{"name":"Dalworthington Gardens","fips":"19084","u1":4,"u2":0,"u5":0,"total":4,"value":1144112,"months":0,"series":{"2019":[7,0,0],"2020":[6,0,0],"2022":[8,0,0],"2023":[7,0,0],"2024":[3,0,0],"2025":[4,0,0]}}},{"type":"Feature","geometry":{"type":"Point","coordinates":[-96.32827,29.58796]},"properties":{"name":"Eagle Lake","fips":"21844","u1":4,"u2":0,"u5":0,"total":4,"value":600000,"months":0,"series":{"2022":[2,0,0],"2023":[5,0,0],"2024":[5,0,0],"2025":[4,0,0]}}},{"type":"Feature","geometry":{"type":"Point","coordinates":[-96.67587,29.90633]},"properties":{"name":"Fayetteville","fips":"25644","u1":4,"u2":0,"u5":0,"total":4,"value":982923,"months":0,"series":{"2022":[0,0,0],"2023":[0,0,0],"2024":[3,0,0],"2025":[4,0,0]}}},{"type":"Feature","geometry":{"type":"Point","coordinates":[-102.88421,30.89257]},"properties":{"name":"Fort Stockton","fips":"26808","u1":4,"u2":0,"u5":0,"total":4,"value":886600,"months":0,"series":{"2022":[11,0,15],"2023":[4,0,5],"2024":[5,0,5],"2025":[4,0,0]}}},{"type":"Feature","geometry":{"type":"Point","coordinates":[-95.71132,32.67755]},"properties":{"name":"Grand Saline","fips":"30476","u1":4,"u2":0,"u5":0,"total":4,"value":560000,"months":0,"series":{"2022":[1,0,0],"2023":[1,0,0],"2024":[0,0,0],"2025":[4,0,0]}}},{"type":"Feature","geometry":{"type":"Point","coordinates":[-96.52838,31.5258]},"properties":{"name":"Groesbeck","fips":"31280","u1":4,"u2":0,"u5":0,"total":4,"value":206999,"months":0,"series":{"2022":[6,0,0],"2023":[0,0,5],"2024":[8,0,0],"2025":[4,0,0]}}},{"type":"Feature","geometry":{"type":"Point","coordinates":[-96.94353,29.4431]},"properties":{"name":"Hallettsville","fips":"31868","u1":4,"u2":0,"u5":0,"total":4,"value":337332,"months":0,"series":{"2022":[0,0,0],"2023":[3,0,0],"2024":[1,0,0],"2025":[4,0,0]}}},{"type":"Feature","geometry":{"type":"Point","coordinates":[-97.90006,28.88561]},"properties":{"name":"Karnes","fips":"38452","u1":4,"u2":0,"u5":0,"total":4,"value":1017410,"months":12,"series":{"2022":[13,0,0],"2023":[13,0,0],"2024":[7,0,0],"2025":[4,0,0]}}},{"type":"Feature","geometry":{"type":"Point","coordinates":[-96.2262,32.43783]},"properties":{"name":"Kemp","fips":"38788","u1":4,"u2":0,"u5":0,"total":4,"value":1146194,"months":0,"series":{"2019":[2,0,0],"2020":[3,0,0],"2022":[2,0,0],"2023":[7,0,0],"2024":[8,0,0],"2025":[4,0,0]}}},{"type":"Feature","geometry":{"type":"Point","coordinates":[-96.22512,32.13081]},"properties":{"name":"Kerens","fips":"38992","u1":4,"u2":0,"u5":0,"total":4,"value":1052764,"months":0,"series":{"2022":[2,0,0],"2023":[7,0,0],"2024":[4,0,0],"2025":[4,0,0]}}},{"type":"Feature","geometry":{"type":"Point","coordinates":[-98.81162,29.30996]},"properties":{"name":"LaCoste","fips":"40108","u1":4,"u2":0,"u5":0,"total":4,"value":1231524,"months":0,"series":{"2019":[4,0,0],"2020":[2,0,0],"2022":[3,0,0],"2023":[3,0,0],"2024":[3,0,0],"2025":[4,0,0]}}},{"type":"Feature","geometry":{"type":"Point","coordinates":[-98.54027,33.82921]},"properties":{"name":"Lakeside City","fips":"40756","u1":4,"u2":0,"u5":0,"total":4,"value":1400000,"months":12,"series":{"2022":[25,0,0],"2023":[26,0,0],"2024":[7,0,0],"2025":[4,0,0]}}},{"type":"Feature","geometry":{"type":"Point","coordinates":[-97.00959,30.41399]},"properties":{"name":"Lexington","fips":"42532","u1":2,"u2":2,"u5":0,"total":4,"value":580000,"months":0,"series":{"2022":[9,0,0],"2023":[2,0,0],"2024":[2,0,0],"2025":[2,2,0]}}},{"type":"Feature","geometry":{"type":"Point","coordinates":[-97.35304,30.9876]},"properties":{"name":"Little River-Academy","fips":"43066","u1":0,"u2":4,"u5":0,"total":4,"value":460376,"months":0,"series":{"2019":[2,0,0],"2020":[1,0,0],"2022":[0,0,0],"2023":[0,0,0],"2024":[0,16,0],"2025":[0,4,0]}}},{"type":"Feature","geometry":{"type":"Point","coordinates":[-96.89334,31.30852]},"properties":{"name":"Marlin","fips":"46740","u1":2,"u2":2,"u5":0,"total":4,"value":79000,"months":0,"series":{"2019":[0,0,0],"2020":[0,0,0],"2022":[1,0,0],"2023":[0,0,0],"2024":[0,0,0],"2025":[2,2,0]}}},{"type":"Feature","geometry":{"type":"Point","coordinates":[-99.22874,30.748]},"properties":{"name":"Mason","fips":"46968","u1":4,"u2":0,"u5":0,"total":4,"value":1095051,"months":12,"series":{"2022":[12,0,0],"2023":[2,0,0],"2024":[4,0,0],"2025":[4,0,0]}}},{"type":"Feature","geometry":{"type":"Point","coordinates":[-100.18532,31.60062]},"properties":{"name":"Miles","fips":"48396","u1":4,"u2":0,"u5":0,"total":4,"value":1191256,"months":12,"series":{"2022":[6,0,0],"2023":[6,0,0],"2024":[2,0,0],"2025":[4,0,0]}}},{"type":"Feature","geometry":{"type":"Point","coordinates":[-102.72838,34.22918]},"properties":{"name":"Muleshoe","fips":"49968","u1":4,"u2":0,"u5":0,"total":4,"value":1045402,"months":0,"series":{"2022":[0,0,0],"2023":[0,0,0],"2024":[1,0,0],"2025":[4,0,0]}}},{"type":"Feature","geometry":{"type":"Point","coordinates":[-94.13437,33.44226]},"properties":{"name":"Nash","fips":"50352","u1":4,"u2":0,"u5":0,"total":4,"value":1191256,"months":12,"series":{"2022":[35,6,0],"2023":[6,0,0],"2024":[10,0,0],"2025":[4,0,0]}}},{"type":"Feature","geometry":{"type":"Point","coordinates":[-97.58752,27.94624]},"properties":{"name":"Odem","fips":"53376","u1":4,"u2":0,"u5":0,"total":4,"value":691015,"months":0,"series":{"2022":[22,0,0],"2023":[14,0,0],"2024":[3,0,0],"2025":[4,0,0]}}},{"type":"Feature","geometry":{"type":"Point","coordinates":[-100.79766,36.39287]},"properties":{"name":"Perryton","fips":"56912","u1":4,"u2":0,"u5":0,"total":4,"value":320000,"months":0,"series":{"2022":[1,0,0],"2023":[0,0,0],"2024":[4,0,0],"2025":[4,0,0]}}},{"type":"Feature","geometry":{"type":"Point","coordinates":[-96.1313,32.90897]},"properties":{"name":"Quinlan","fips":"60140","u1":4,"u2":0,"u5":0,"total":4,"value":1175639,"months":12,"series":{"2019":[4,0,0],"2020":[9,0,0],"2022":[7,0,0],"2023":[6,0,0],"2024":[8,0,0],"2025":[4,0,0]}}},{"type":"Feature","geometry":{"type":"Point","coordinates":[-101.68382,33.53031]},"properties":{"name":"Ransom Canyon","fips":"60672","u1":4,"u2":0,"u5":0,"total":4,"value":1146606,"months":0,"series":{"2019":[2,0,0],"2020":[4,0,0],"2022":[3,0,0],"2023":[4,0,0],"2024":[5,0,0],"2025":[4,0,0]}}},{"type":"Feature","geometry":{"type":"Point","coordinates":[-97.66916,27.79397]},"properties":{"name":"Robstown","fips":"62600","u1":4,"u2":0,"u5":0,"total":4,"value":310000,"months":12,"series":{"2022":[86,0,5],"2023":[46,0,0],"2024":[6,0,0],"2025":[4,0,0]}}},{"type":"Feature","geometry":{"type":"Point","coordinates":[-96.57933,32.97259]},"properties":{"name":"Sachse","fips":"64064","u1":4,"u2":0,"u5":0,"total":4,"value":2536600,"months":12,"series":{"2019":[45,0,0],"2020":[159,0,600],"2022":[226,0,493],"2023":[159,0,0],"2024":[48,0,0],"2025":[4,0,0]}}},{"type":"Feature","geometry":{"type":"Point","coordinates":[-95.69855,29.04637]},"properties":{"name":"Sweeny","fips":"71492","u1":2,"u2":2,"u5":0,"total":4,"value":367945,"months":12,"series":{"2019":[2,0,0],"2020":[9,0,0],"2022":[8,0,0],"2023":[5,0,0],"2024":[9,2,0],"2025":[2,2,0]}}},{"type":"Feature","geometry":{"type":"Point","coordinates":[-94.91579,29.29733]},"properties":{"name":"Tiki Island","fips":"72989","u1":4,"u2":0,"u5":0,"total":4,"value":2389000,"months":12,"series":{"2019":[13,0,0],"2020":[6,0,0],"2022":[9,0,0],"2023":[8,0,0],"2024":[7,0,0],"2025":[4,0,0]}}},{"type":"Feature","geometry":{"type":"Point","coordinates":[-95.6375,32.52401]},"properties":{"name":"Van","fips":"74912","u1":4,"u2":0,"u5":0,"total":4,"value":660000,"months":12,"series":{"2022":[11,0,0],"2023":[10,0,0],"2024":[9,7,0],"2025":[4,0,0]}}},{"type":"Feature","geometry":{"type":"Point","coordinates":[-99.30001,34.14797]},"properties":{"name":"Vernon","fips":"75308","u1":4,"u2":0,"u5":0,"total":4,"value":1210564,"months":0,"series":{"2022":[4,0,0],"2023":[4,0,45],"2024":[4,0,15],"2025":[4,0,0]}}},{"type":"Feature","geometry":{"type":"Point","coordinates":[-96.00516,32.70926]},"properties":{"name":"Wills Point","fips":"79564","u1":4,"u2":0,"u5":0,"total":4,"value":1184820,"months":12,"series":{"2022":[4,3,0],"2023":[0,0,0],"2024":[0,0,0],"2025":[4,0,0]}}},{"type":"Feature","geometry":{"type":"Point","coordinates":[-101.8154,33.84192]},"properties":{"name":"Abernathy","fips":"00160","u1":3,"u2":0,"u5":0,"total":3,"value":558750,"months":0,"series":{"2022":[10,0,0],"2023":[10,0,0],"2024":[11,0,0],"2025":[3,0,0]}}},{"type":"Feature","geometry":{"type":"Point","coordinates":[-94.16725,33.11358]},"properties":{"name":"Atlanta","fips":"04516","u1":3,"u2":0,"u5":0,"total":3,"value":471000,"months":12,"series":{"2022":[2,0,0],"2023":[13,0,0],"2024":[10,0,0],"2025":[3,0,0]}}},{"type":"Feature","geometry":{"type":"Point","coordinates":[-95.11268,32.58597]},"properties":{"name":"Big Sandy","fips":"08224","u1":3,"u2":0,"u5":0,"total":3,"value":270000,"months":0,"series":{"2022":[6,0,0],"2023":[5,0,0],"2024":[2,0,0],"2025":[3,0,0]}}},{"type":"Feature","geometry":{"type":"Point","coordinates":[-95.38604,33.66323]},"properties":{"name":"Blossom","fips":"08812","u1":3,"u2":0,"u5":0,"total":3,"value":586433,"months":0,"series":{"2022":[9,0,0],"2023":[10,0,0],"2024":[6,0,0],"2025":[3,0,0]}}},{"type":"Feature","geometry":{"type":"Point","coordinates":[-93.84117,30.0301]},"properties":{"name":"Bridge","fips":"10252","u1":3,"u2":0,"u5":0,"total":3,"value":1351400,"months":5,"series":{"2022":[24,0,6],"2023":[26,6,60],"2024":[4,12,0],"2025":[3,0,0]}}},{"type":"Feature","geometry":{"type":"Point","coordinates":[-99.85888,28.5266]},"properties":{"name":"Carrizo Springs","fips":"12988","u1":3,"u2":0,"u5":0,"total":3,"value":790140,"months":0,"series":{"2022":[0,0,0],"2023":[0,0,0],"2024":[4,0,0],"2025":[3,0,0]}}},{"type":"Feature","geometry":{"type":"Point","coordinates":[-97.58401,31.78208]},"properties":{"name":"Clifton","fips":"15472","u1":3,"u2":0,"u5":0,"total":3,"value":822866,"months":0,"series":{"2022":[3,0,0],"2023":[2,0,0],"2024":[3,0,0],"2025":[3,0,0]}}},{"type":"Feature","geometry":{"type":"Point","coordinates":[-97.32694,32.48276]},"properties":{"name":"Cross Timber","fips":"17917","u1":3,"u2":0,"u5":0,"total":3,"value":2100000,"months":0,"series":{"2019":[2,0,0],"2020":[1,0,0],"2022":[1,0,0],"2023":[1,0,0],"2024":[1,0,0],"2025":[3,0,0]}}},{"type":"Feature","geometry":{"type":"Point","coordinates":[-96.71509,31.89412]},"properties":{"name":"Dawson","fips":"19420","u1":3,"u2":0,"u5":0,"total":3,"value":1018500,"months":0,"series":{"2022":[0,0,0],"2023":[0,0,0],"2024":[3,0,0],"2025":[3,0,0]}}},{"type":"Feature","geometry":{"type":"Point","coordinates":[-98.9049,29.14561]},"properties":{"name":"Devine","fips":"20152","u1":3,"u2":0,"u5":0,"total":3,"value":637500,"months":0,"series":{"2019":[8,0,0],"2020":[6,0,0],"2022":[4,0,0],"2023":[10,0,0],"2024":[4,0,0],"2025":[3,0,0]}}},{"type":"Feature","geometry":{"type":"Point","coordinates":[-97.11165,33.06329]},"properties":{"name":"Double Oak","fips":"21028","u1":3,"u2":0,"u5":0,"total":3,"value":856524,"months":0,"series":{"2019":[5,0,0],"2020":[4,0,0],"2022":[4,0,0],"2023":[0,0,0],"2024":[3,0,0],"2025":[3,0,0]}}},{"type":"Feature","geometry":{"type":"Point","coordinates":[-100.59793,30.86173]},"properties":{"name":"Eldorado","fips":"22960","u1":3,"u2":0,"u5":0,"total":3,"value":891715,"months":0,"series":{"2022":[0,0,0],"2023":[2,0,0],"2024":[2,0,0],"2025":[3,0,0]}}},{"type":"Feature","geometry":{"type":"Point","coordinates":[-98.92001,34.03249]},"properties":{"name":"Electra","fips":"22984","u1":3,"u2":0,"u5":0,"total":3,"value":180000,"months":0,"series":{"2022":[1,0,0],"2023":[0,0,0],"2024":[4,0,0],"2025":[3,0,0]}}},{"type":"Feature","geometry":{"type":"Point","coordinates":[-95.36032,28.94431]},"properties":{"name":"Freeport","fips":"27420","u1":3,"u2":0,"u5":0,"total":3,"value":1130000,"months":12,"series":{"2019":[20,0,0],"2020":[16,0,0],"2022":[7,0,0],"2023":[7,0,0],"2024":[6,0,0],"2025":[3,0,0]}}},{"type":"Feature","geometry":{"type":"Point","coordinates":[-98.68361,29.61732]},"properties":{"name":"Grey Forest","fips":"31100","u1":3,"u2":0,"u5":0,"total":3,"value":858604,"months":0,"series":{"2019":[1,6,0],"2020":[1,6,0],"2022":[0,0,0],"2023":[0,0,0],"2024":[0,0,0],"2025":[3,0,0]}}},{"type":"Feature","geometry":{"type":"Point","coordinates":[-98.48933,29.58318]},"properties":{"name":"Hill Country","fips":"33968","u1":3,"u2":0,"u5":0,"total":3,"value":5886000,"months":0,"series":{"2019":[1,0,0],"2020":[1,0,0],"2022":[2,0,0],"2023":[7,0,0],"2024":[0,0,0],"2025":[3,0,0]}}},{"type":"Feature","geometry":{"type":"Point","coordinates":[-95.4885,29.79085]},"properties":{"name":"Hilshire","fips":"34148","u1":3,"u2":0,"u5":0,"total":3,"value":858604,"months":0,"series":{"2019":[5,0,0],"2020":[3,0,0],"2022":[5,0,0],"2023":[2,0,0],"2024":[6,0,0],"2025":[3,0,0]}}},{"type":"Feature","geometry":{"type":"Point","coordinates":[-95.51468,29.20825]},"properties":{"name":"Holiday Lakes","fips":"34502","u1":3,"u2":0,"u5":0,"total":3,"value":387588,"months":0,"series":{"2019":[1,0,0],"2020":[13,0,0],"2022":[5,0,0],"2023":[5,0,0],"2024":[2,0,0],"2025":[3,0,0]}}},{"type":"Feature","geometry":{"type":"Point","coordinates":[-94.28412,33.47068]},"properties":{"name":"Hooks","fips":"34736","u1":3,"u2":0,"u5":0,"total":3,"value":652500,"months":0,"series":{"2022":[2,0,0],"2023":[1,0,0],"2024":[3,0,0],"2025":[3,0,0]}}},{"type":"Feature","geometry":{"type":"Point","coordinates":[-100.71251,32.40865]},"properties":{"name":"Loraine","fips":"43996","u1":3,"u2":0,"u5":0,"total":3,"value":907923,"months":0,"series":{"2022":[0,0,0],"2023":[0,0,0],"2024":[0,0,0],"2025":[3,0,0]}}},{"type":"Feature","geometry":{"type":"Point","coordinates":[-98.29538,30.56389]},"properties":{"name":"Meadowlakes","fips":"47330","u1":3,"u2":0,"u5":0,"total":3,"value":600000,"months":5,"series":{"2022":[11,0,0],"2023":[8,0,0],"2024":[2,0,0],"2025":[3,0,0]}}},{"type":"Feature","geometry":{"type":"Point","coordinates":[-96.94979,32.12139]},"properties":{"name":"Milford","fips":"48408","u1":3,"u2":0,"u5":0,"total":3,"value":279999,"months":0,"series":{"2019":[1,0,0],"2020":[2,0,0],"2022":[5,0,0],"2023":[7,0,0],"2024":[8,0,0],"2025":[3,0,0]}}},{"type":"Feature","geometry":{"type":"Point","coordinates":[-96.85541,32.51298]},"properties":{"name":"Oak Leaf","fips":"53115","u1":3,"u2":0,"u5":0,"total":3,"value":1305000,"months":12,"series":{"2019":[3,0,0],"2020":[19,0,0],"2022":[3,0,0],"2023":[1,0,0],"2024":[2,0,0],"2025":[3,0,0]}}},{"type":"Feature","geometry":{"type":"Point","coordinates":[-95.44159,30.15693]},"properties":{"name":"Oak Ridge North","fips":"53190","u1":3,"u2":0,"u5":0,"total":3,"value":855176,"months":0,"series":{"2019":[2,0,0],"2020":[1,0,0],"2022":[0,0,0],"2023":[5,0,0],"2024":[8,0,0],"2025":[3,0,0]}}},{"type":"Feature","geometry":{"type":"Point","coordinates":[-95.32789,28.99967]},"properties":{"name":"Oyster Creek","fips":"54528","u1":3,"u2":0,"u5":0,"total":3,"value":697034,"months":0,"series":{"2019":[4,0,0],"2020":[7,0,0],"2022":[1,0,0],"2023":[2,0,0],"2024":[1,0,0],"2025":[3,0,0]}}},{"type":"Feature","geometry":{"type":"Point","coordinates":[-100.96503,35.54785]},"properties":{"name":"Pampa","fips":"54912","u1":3,"u2":0,"u5":0,"total":3,"value":875507,"months":0,"series":{"2022":[0,0,0],"2023":[0,0,0],"2024":[7,0,0],"2025":[3,0,0]}}},{"type":"Feature","geometry":{"type":"Point","coordinates":[-97.51892,32.92275]},"properties":{"name":"Pelican Bay","fips":"56640","u1":3,"u2":0,"u5":0,"total":3,"value":778422,"months":2,"series":{"2022":[59,0,0],"2023":[27,0,0],"2024":[36,0,0],"2025":[3,0,0]}}},{"type":"Feature","geometry":{"type":"Point","coordinates":[-96.47869,32.05069]},"properties":{"name":"Retreat","fips":"61616","u1":3,"u2":0,"u5":0,"total":3,"value":637500,"months":0,"series":{"2022":[2,0,0],"2023":[0,0,0],"2024":[2,0,0],"2025":[3,0,0]}}},{"type":"Feature","geometry":{"type":"Point","coordinates":[-98.16064,29.59307]},"properties":{"name":"Santa Clara","fips":"65690","u1":3,"u2":0,"u5":0,"total":3,"value":862764,"months":0,"series":{"2022":[0,0,0],"2023":[0,0,0],"2024":[0,0,0],"2025":[3,0,0]}}},{"type":"Feature","geometry":{"type":"Point","coordinates":[-96.55051,33.0438]},"properties":{"name":"St. Paul","fips":"64220","u1":3,"u2":0,"u5":0,"total":3,"value":2461174,"months":0,"series":{"2019":[1,0,0],"2020":[1,0,0],"2022":[2,0,0],"2023":[1,0,0],"2024":[1,0,0],"2025":[3,0,0]}}},{"type":"Feature","geometry":{"type":"Point","coordinates":[-97.29773,30.58815]},"properties":{"name":"Thrall","fips":"72824","u1":3,"u2":0,"u5":0,"total":3,"value":888615,"months":12,"series":{"2019":[10,0,0],"2020":[13,0,0],"2022":[1,0,0],"2023":[0,0,0],"2024":[1,0,0],"2025":[3,0,0]}}},{"type":"Feature","geometry":{"type":"Point","coordinates":[-97.9201,32.39001]},"properties":{"name":"Tolar","fips":"73268","u1":3,"u2":0,"u5":0,"total":3,"value":862765,"months":12,"series":{"2022":[42,0,0],"2023":[33,0,0],"2024":[33,0,0],"2025":[3,0,0]}}},{"type":"Feature","geometry":{"type":"Point","coordinates":[-96.10535,32.15621]},"properties":{"name":"Trinidad","fips":"73652","u1":3,"u2":0,"u5":0,"total":3,"value":447000,"months":0,"series":{"2022":[0,0,0],"2023":[0,0,0],"2024":[0,0,0],"2025":[3,0,0]}}},{"type":"Feature","geometry":{"type":"Point","coordinates":[-96.24552,32.93548]},"properties":{"name":"Union Valley","fips":"74372","u1":3,"u2":0,"u5":0,"total":3,"value":1400000,"months":12,"series":{"2022":[13,0,0],"2023":[5,0,0],"2024":[7,0,0],"2025":[3,0,0]}}},{"type":"Feature","geometry":{"type":"Point","coordinates":[-97.16005,33.48582]},"properties":{"name":"Valley View","fips":"74756","u1":3,"u2":0,"u5":0,"total":3,"value":859299,"months":0,"series":{"2022":[5,0,0],"2023":[25,2,0],"2024":[12,0,0],"2025":[3,0,0]}}},{"type":"Feature","geometry":{"type":"Point","coordinates":[-95.18362,30.18134]},"properties":{"name":"Woodbranch","fips":"80044","u1":3,"u2":0,"u5":0,"total":3,"value":1604197,"months":12,"series":{"2019":[27,0,0],"2020":[33,0,0],"2022":[29,0,0],"2023":[28,0,0],"2024":[22,0,0],"2025":[3,0,0]}}},{"type":"Feature","geometry":{"type":"Point","coordinates":[-98.06523,27.75559]},"properties":{"name":"Alice","fips":"01852","u1":2,"u2":0,"u5":0,"total":2,"value":409796,"months":0,"series":{"2022":[3,0,0],"2023":[4,0,0],"2024":[3,0,0],"2025":[2,0,0]}}},{"type":"Feature","geometry":{"type":"Point","coordinates":[-94.67875,29.76498]},"properties":{"name":"Anahuac","fips":"03144","u1":2,"u2":0,"u5":0,"total":2,"value":592033,"months":12,"series":{"2019":[2,0,0],"2020":[10,0,0],"2022":[12,0,0],"2023":[3,0,0],"2024":[1,0,0],"2025":[2,0,0]}}},{"type":"Feature","geometry":{"type":"Point","coordinates":[-106.59337,31.98753]},"properties":{"name":"Anthony","fips":"03432","u1":2,"u2":0,"u5":0,"total":2,"value":238052,"months":0,"series":{"2019":[5,0,0],"2020":[6,0,0],"2022":[4,0,0],"2023":[0,0,0],"2024":[1,0,0],"2025":[2,0,0]}}},{"type":"Feature","geometry":{"type":"Point","coordinates":[-95.49766,29.15267]},"properties":{"name":"Baileys Prairie","fips":"05288","u1":2,"u2":0,"u5":0,"total":2,"value":333334,"months":0,"series":{"2019":[3,0,0],"2020":[5,0,0],"2022":[5,0,0],"2023":[1,0,0],"2024":[1,0,0],"2025":[2,0,0]}}},{"type":"Feature","geometry":{"type":"Point","coordinates":[-99.0742,29.7255]},"properties":{"name":"Bandera","fips":"05528","u1":2,"u2":0,"u5":0,"total":2,"value":538767,"months":0,"series":{"2019":[1,0,0],"2020":[1,0,0],"2022":[3,0,0],"2023":[3,0,0],"2024":[4,2,0],"2025":[2,0,0]}}},{"type":"Feature","geometry":{"type":"Point","coordinates":[-99.13032,31.71613]},"properties":{"name":"Bangs","fips":"05552","u1":2,"u2":0,"u5":0,"total":2,"value":341933,"months":0,"series":{"2022":[1,0,0],"2023":[0,2,0],"2024":[0,0,0],"2025":[2,0,0]}}},{"type":"Feature","geometry":{"type":"Point","coordinates":[-95.46667,32.08777]},"properties":{"name":"Berryville","fips":"07852","u1":2,"u2":0,"u5":0,"total":2,"value":583605,"months":12,"series":{"2019":[2,0,0],"2020":[7,0,0],"2022":[14,0,0],"2023":[8,0,0],"2024":[12,0,0],"2025":[2,0,0]}}},{"type":"Feature","geometry":{"type":"Point","coordinates":[-94.27109,30.15175]},"properties":{"name":"Bevil Oaks","fips":"08128","u1":2,"u2":0,"u5":0,"total":2,"value":575176,"months":0,"series":{"2022":[0,0,0],"2023":[0,0,0],"2024":[0,0,0],"2025":[2,0,0]}}},{"type":"Feature","geometry":{"type":"Point","coordinates":[-101.4018,35.65913]},"properties":{"name":"Borger","fips":"09556","u1":2,"u2":0,"u5":0,"total":2,"value":418152,"months":0,"series":{"2019":[0,0,0],"2020":[1,0,0],"2022":[5,0,0],"2023":[2,0,0],"2024":[2,0,0],"2025":[2,0,0]}}},{"type":"Feature","geometry":{"type":"Point","coordinates":[-99.36991,31.13215]},"properties":{"name":"Brady","fips":"09916","u1":2,"u2":0,"u5":0,"total":2,"value":572866,"months":0,"series":{"2022":[0,0,0],"2023":[0,0,0],"2024":[2,0,0],"2025":[2,0,0]}}},{"type":"Feature","geometry":{"type":"Point","coordinates":[-98.91252,32.75663]},"properties":{"name":"Breckenridge","fips":"10132","u1":2,"u2":0,"u5":0,"total":2,"value":315400,"months":0,"series":{"2022":[3,0,0],"2023":[6,0,0],"2024":[2,0,0],"2025":[2,0,0]}}},{"type":"Feature","geometry":{"type":"Point","coordinates":[-95.31801,29.59087]},"properties":{"name":"Brookside","fips":"10648","u1":2,"u2":0,"u5":0,"total":2,"value":950000,"months":12,"series":{"2019":[6,0,0],"2020":[10,0,0],"2022":[10,0,0],"2023":[8,0,0],"2024":[3,0,0],"2025":[2,0,0]}}},{"type":"Feature","geometry":{"type":"Point","coordinates":[-96.88858,32.73818]},"properties":{"name":"Cockrell Hill","fips":"15796","u1":2,"u2":0,"u5":0,"total":2,"value":575177,"months":12,"series":{"2019":[0,0,0],"2020":[0,0,0],"2022":[2,0,0],"2023":[3,0,0],"2024":[2,0,0],"2025":[2,0,0]}}},{"type":"Feature","geometry":{"type":"Point","coordinates":[-96.90716,33.55936]},"properties":{"name":"Collinsville","fips":"16036","u1":2,"u2":0,"u5":0,"total":2,"value":546486,"months":12,"series":{"2022":[21,0,0],"2023":[16,0,0],"2024":[21,0,0],"2025":[2,0,0]}}},{"type":"Feature","geometry":{"type":"Point","coordinates":[-94.82749,30.99881]},"properties":{"name":"Corrigan","fips":"17036","u1":2,"u2":0,"u5":0,"total":2,"value":572868,"months":0,"series":{"2022":[1,0,0],"2023":[1,0,0],"2024":[2,0,0],"2025":[2,0,0]}}},{"type":"Feature","geometry":{"type":"Point","coordinates":[-96.39524,32.4617]},"properties":{"name":"Cottonwood","fips":"17200","u1":2,"u2":0,"u5":0,"total":2,"value":375000,"months":0,"series":{"2019":[1,0,0],"2020":[2,0,0],"2022":[5,0,0],"2023":[0,0,0],"2024":[2,0,0],"2025":[2,0,0]}}},{"type":"Feature","geometry":{"type":"Point","coordinates":[-99.82579,28.69074]},"properties":{"name":"Crystal","fips":"18020","u1":0,"u2":2,"u5":0,"total":2,"value":249820,"months":0,"series":{"2022":[1,0,0],"2023":[1,0,0],"2024":[3,0,0],"2025":[0,2,0]}}},{"type":"Feature","geometry":{"type":"Point","coordinates":[-102.51227,36.05795]},"properties":{"name":"Dalhart","fips":"18524","u1":2,"u2":0,"u5":0,"total":2,"value":480000,"months":11,"series":{"2022":[9,0,0],"2023":[7,0,0],"2024":[8,0,0],"2025":[2,0,0]}}},{"type":"Feature","geometry":{"type":"Point","coordinates":[-95.34617,29.22742]},"properties":{"name":"Danbury","fips":"19120","u1":2,"u2":0,"u5":0,"total":2,"value":545310,"months":12,"series":{"2019":[4,0,0],"2020":[3,0,0],"2022":[9,0,0],"2023":[8,0,0],"2024":[2,0,0],"2025":[2,0,0]}}},{"type":"Feature","geometry":{"type":"Point","coordinates":[-97.10598,29.68887]},"properties":{"name":"Flatonia","fips":"26028","u1":2,"u2":0,"u5":0,"total":2,"value":287500,"months":0,"series":{"2022":[0,0,0],"2023":[0,0,0],"2024":[6,0,0],"2025":[2,0,0]}}},{"type":"Feature","geometry":{"type":"Point","coordinates":[-97.79198,30.8407]},"properties":{"name":"Florence","fips":"26136","u1":2,"u2":0,"u5":0,"total":2,"value":575176,"months":0,"series":{"2019":[5,2,0],"2020":[5,0,0],"2022":[2,0,0],"2023":[1,0,0],"2024":[0,0,0],"2025":[2,0,0]}}},{"type":"Feature","geometry":{"type":"Point","coordinates":[-95.23328,29.74521]},"properties":{"name":"Galena Park","fips":"27996","u1":2,"u2":0,"u5":0,"total":2,"value":121250,"months":0,"series":{"2019":[1,0,0],"2020":[2,0,0],"2022":[6,0,0],"2023":[3,0,0],"2024":[0,0,0],"2025":[2,0,0]}}},{"type":"Feature","geometry":{"type":"Point","coordinates":[-97.23411,31.71088]},"properties":{"name":"Gholson","fips":"29408","u1":2,"u2":0,"u5":0,"total":2,"value":361205,"months":10,"series":{"2024":[0,0,0],"2025":[2,0,0]}}},{"type":"Feature","geometry":{"type":"Point","coordinates":[-97.39169,28.67092]},"properties":{"name":"Goliad","fips":"30080","u1":2,"u2":0,"u5":0,"total":2,"value":79220,"months":0,"series":{"2022":[26,0,0],"2023":[8,0,0],"2024":[10,0,0],"2025":[2,0,0]}}},{"type":"Feature","geometry":{"type":"Point","coordinates":[-97.07664,31.37211]},"properties":{"name":"Golinda","fips":"30092","u1":2,"u2":0,"u5":0,"total":2,"value":546294,"months":0,"series":{"2022":[3,0,0],"2023":[5,0,0],"2024":[1,0,0],"2025":[2,0,0]}}},{"type":"Feature","geometry":{"type":"Point","coordinates":[-101.10695,35.20497]},"properties":{"name":"Groom","fips":"31292","u1":2,"u2":0,"u5":0,"total":2,"value":585508,"months":0,"series":{"2022":[0,0,0],"2023":[0,0,0],"2024":[2,0,0],"2025":[2,0,0]}}},{"type":"Feature","geometry":{"type":"Point","coordinates":[-96.94963,31.54236]},"properties":{"name":"Hallsburg","fips":"31880","u1":2,"u2":0,"u5":0,"total":2,"value":446433,"months":0,"series":{"2022":[6,0,0],"2023":[2,0,0],"2024":[2,0,0],"2025":[2,0,0]}}},{"type":"Feature","geometry":{"type":"Point","coordinates":[-94.73775,30.14923]},"properties":{"name":"Hardin","fips":"32240","u1":2,"u2":0,"u5":0,"total":2,"value":512440,"months":0,"series":{"2019":[3,0,0],"2020":[4,0,0],"2022":[1,0,0],"2023":[0,0,0],"2024":[2,0,0],"2025":[2,0,0]}}},{"type":"Feature","geometry":{"type":"Point","coordinates":[-100.90785,35.03481]},"properties":{"name":"Howardwick","fips":"35072","u1":2,"u2":0,"u5":0,"total":2,"value":116666,"months":0,"series":{"2022":[3,0,0],"2023":[2,0,0],"2024":[1,0,0],"2025":[2,0,0]}}},{"type":"Feature","geometry":{"type":"Point","coordinates":[-96.80032,31.84698]},"properties":{"name":"Hubbard","fips":"35180","u1":2,"u2":0,"u5":0,"total":2,"value":550000,"months":0,"series":{"2022":[0,0,0],"2023":[3,0,0],"2024":[8,0,0],"2025":[2,0,0]}}},{"type":"Feature","geometry":{"type":"Point","coordinates":[-97.70041,32.75096]},"properties":{"name":"Hudson Oaks","fips":"35254","u1":2,"u2":0,"u5":0,"total":2,"value":625000,"months":12,"series":{"2019":[4,0,338],"2020":[1,0,0],"2022":[3,0,0],"2023":[1,0,0],"2024":[3,0,0],"2025":[2,0,0]}}},{"type":"Feature","geometry":{"type":"Point","coordinates":[-94.97979,29.1901]},"properties":{"name":"Jamaica Beach","fips":"37252","u1":2,"u2":0,"u5":0,"total":2,"value":530176,"months":0,"series":{"2019":[9,0,0],"2020":[8,0,0],"2022":[15,0,0],"2023":[3,0,0],"2024":[2,0,0],"2025":[2,0,0]}}},{"type":"Feature","geometry":{"type":"Point","coordinates":[-93.90008,30.65778]},"properties":{"name":"Kirbyville","fips":"39460","u1":2,"u2":0,"u5":0,"total":2,"value":260032,"months":0,"series":{"2022":[20,0,0],"2023":[9,0,0],"2024":[3,0,0],"2025":[2,0,0]}}},{"type":"Feature","geometry":{"type":"Point","coordinates":[-102.3348,33.91918]},"properties":{"name":"Littlefield","fips":"43024","u1":2,"u2":0,"u5":0,"total":2,"value":589074,"months":0,"series":{"2022":[0,0,0],"2023":[0,0,0],"2024":[0,0,0],"2025":[2,0,0]}}},{"type":"Feature","geometry":{"type":"Point","coordinates":[-94.93831,30.70999]},"properties":{"name":"Livingston","fips":"43132","u1":2,"u2":0,"u5":0,"total":2,"value":625000,"months":12,"series":{"2022":[15,18,0],"2023":[8,4,0],"2024":[17,4,0],"2025":[2,0,0]}}},{"type":"Feature","geometry":{"type":"Point","coordinates":[-101.44247,34.12305]},"properties":{"name":"Lockney","fips":"43252","u1":2,"u2":0,"u5":0,"total":2,"value":840000,"months":0,"series":{"2022":[0,0,0],"2023":[0,0,0],"2024":[0,0,0],"2025":[2,0,0]}}},{"type":"Feature","geometry":{"type":"Point","coordinates":[-97.03333,31.20596]},"properties":{"name":"Lott","fips":"44176","u1":2,"u2":0,"u5":0,"total":2,"value":240094,"months":0,"series":{"2022":[0,0,0],"2023":[0,0,0],"2024":[3,0,0],"2025":[2,0,0]}}},{"type":"Feature","geometry":{"type":"Point","coordinates":[-100.0111,32.46973]},"properties":{"name":"Merkel","fips":"47796","u1":2,"u2":0,"u5":0,"total":2,"value":175000,"months":0,"series":{"2019":[1,0,0],"2020":[0,0,0],"2022":[0,0,0],"2023":[0,0,0],"2024":[2,0,0],"2025":[2,0,0]}}},{"type":"Feature","geometry":{"type":"Point","coordinates":[-96.38096,33.04627]},"properties":{"name":"Nevada","fips":"50760","u1":2,"u2":0,"u5":0,"total":2,"value":592033,"months":12,"series":{"2019":[26,0,0],"2020":[31,0,0],"2022":[23,0,0],"2023":[31,0,0],"2024":[29,0,0],"2025":[2,0,0]}}},{"type":"Feature","geometry":{"type":"Point","coordinates":[-95.39722,32.24407]},"properties":{"name":"Noonday","fips":"51756","u1":2,"u2":0,"u5":0,"total":2,"value":896017,"months":12,"series":{"2022":[0,0,0],"2023":[7,0,0],"2024":[1,0,0],"2025":[2,0,0]}}},{"type":"Feature","geometry":{"type":"Point","coordinates":[-96.31855,32.53315]},"properties":{"name":"Oak Grove","fips":"52902","u1":2,"u2":0,"u5":0,"total":2,"value":478488,"months":0,"series":{"2019":[4,0,0],"2020":[4,0,0],"2022":[4,0,0],"2023":[4,0,0],"2024":[1,0,0],"2025":[2,0,0]}}},{"type":"Feature","geometry":{"type":"Point","coordinates":[-101.38043,35.34607]},"properties":{"name":"Panhandle","fips":"54960","u1":2,"u2":0,"u5":0,"total":2,"value":594000,"months":0,"series":{"2022":[3,0,0],"2023":[0,0,0],"2024":[2,0,0],"2025":[2,0,0]}}},{"type":"Feature","geometry":{"type":"Point","coordinates":[-95.97639,29.81843]},"properties":{"name":"Pattison","fips":"56108","u1":2,"u2":0,"u5":0,"total":2,"value":575176,"months":0,"series":{"2019":[1,0,0],"2020":[2,0,0],"2022":[4,0,0],"2023":[1,2,0],"2024":[0,0,0],"2025":[2,0,0]}}},{"type":"Feature","geometry":{"type":"Point","coordinates":[-102.82148,33.18833]},"properties":{"name":"Plains","fips":"57968","u1":2,"u2":0,"u5":0,"total":2,"value":605282,"months":0,"series":{"2022":[1,0,0],"2023":[6,0,0],"2024":[0,0,0],"2025":[2,0,0]}}},{"type":"Feature","geometry":{"type":"Point","coordinates":[-101.7235,34.19112]},"properties":{"name":"Plainview","fips":"57980","u1":2,"u2":0,"u5":0,"total":2,"value":495000,"months":0,"series":{"2022":[1,0,0],"2023":[0,0,0],"2024":[2,0,0],"2025":[2,0,0]}}},{"type":"Feature","geometry":{"type":"Point","coordinates":[-97.95881,26.07125]},"properties":{"name":"Progreso Lakes","fips":"59642","u1":2,"u2":0,"u5":0,"total":2,"value":592034,"months":11,"series":{"2019":[1,0,0],"2020":[3,0,0],"2022":[3,0,0],"2023":[3,0,0],"2024":[4,0,0],"2025":[2,0,0]}}},{"type":"Feature","geometry":{"type":"Point","coordinates":[-97.22902,30.93007]},"properties":{"name":"Rogers","fips":"62924","u1":2,"u2":0,"u5":0,"total":2,"value":605282,"months":0,"series":{"2019":[1,0,0],"2020":[0,0,0],"2022":[0,0,0],"2023":[0,0,0],"2024":[0,0,0],"2025":[2,0,0]}}},{"type":"Feature","geometry":{"type":"Point","coordinates":[-102.1551,33.41333]},"properties":{"name":"Ropesville","fips":"63140","u1":2,"u2":0,"u5":0,"total":2,"value":575176,"months":0,"series":{"2022":[7,0,0],"2023":[4,0,0],"2024":[2,0,0],"2025":[2,0,0]}}},{"type":"Feature","geometry":{"type":"Point","coordinates":[-97.77653,27.97716]},"properties":{"name":"San Patricio","fips":"65612","u1":2,"u2":0,"u5":0,"total":2,"value":575176,"months":0,"series":{"2022":[4,0,0],"2023":[8,0,0],"2024":[6,0,0],"2025":[2,0,0]}}},{"type":"Feature","geometry":{"type":"Point","coordinates":[-94.17638,30.34561]},"properties":{"name":"Silsbee","fips":"67832","u1":2,"u2":0,"u5":0,"total":2,"value":605281,"months":12,"series":{"2022":[0,0,0],"2023":[0,0,6],"2024":[0,0,0],"2025":[2,0,0]}}},{"type":"Feature","geometry":{"type":"Point","coordinates":[-95.99084,29.68248]},"properties":{"name":"Simonton","fips":"67964","u1":2,"u2":0,"u5":0,"total":2,"value":400000,"months":0,"series":{"2019":[5,0,0],"2020":[7,0,0],"2022":[6,0,0],"2023":[7,0,0],"2024":[1,0,0],"2025":[2,0,0]}}},{"type":"Feature","geometry":{"type":"Point","coordinates":[-96.0542,32.19278]},"properties":{"name":"Star Harbor","fips":"70076","u1":2,"u2":0,"u5":0,"total":2,"value":575176,"months":12,"series":{"2022":[5,0,0],"2023":[6,0,0],"2024":[0,0,0],"2025":[2,0,0]}}},{"type":"Feature","geometry":{"type":"Point","coordinates":[-101.82451,36.01838]},"properties":{"name":"Sunray","fips":"71180","u1":2,"u2":0,"u5":0,"total":2,"value":435000,"months":0,"series":{"2022":[3,0,0],"2023":[2,0,0],"2024":[1,0,0],"2025":[2,0,0]}}},{"type":"Feature","geometry":{"type":"Point","coordinates":[-97.45609,31.64535]},"properties":{"name":"Valley Mills","fips":"74732","u1":2,"u2":0,"u5":0,"total":2,"value":605282,"months":0,"series":{"2022":[1,0,0],"2023":[1,0,0],"2024":[3,0,0],"2025":[2,0,0]}}},{"type":"Feature","geometry":{"type":"Point","coordinates":[-96.06374,29.63165]},"properties":{"name":"Wallis","fips":"76240","u1":2,"u2":0,"u5":0,"total":2,"value":235000,"months":0,"series":{"2019":[8,0,0],"2020":[10,0,0],"2022":[4,0,0],"2023":[1,0,0],"2024":[2,0,0],"2025":[2,0,0]}}},{"type":"Feature","geometry":{"type":"Point","coordinates":[-94.90561,32.55301]},"properties":{"name":"Warren","fips":"76576","u1":2,"u2":0,"u5":0,"total":2,"value":960000,"months":0,"series":{"2022":[0,0,0],"2023":[0,0,0],"2024":[1,0,0],"2025":[2,0,0]}}},{"type":"Feature","geometry":{"type":"Point","coordinates":[-93.75985,30.07915]},"properties":{"name":"West Orange","fips":"77752","u1":2,"u2":0,"u5":0,"total":2,"value":592410,"months":12,"series":{"2019":[3,0,0],"2020":[4,0,0],"2022":[3,0,0],"2023":[3,0,0],"2024":[4,0,0],"2025":[2,0,0]}}},{"type":"Feature","geometry":{"type":"Point","coordinates":[-96.42696,31.99762]},"properties":{"name":"Angus","fips":"03288","u1":1,"u2":0,"u5":0,"total":1,"value":287588,"months":0,"series":{"2022":[1,0,0],"2023":[3,0,0],"2024":[1,0,0],"2025":[1,0,0]}}},{"type":"Feature","geometry":{"type":"Point","coordinates":[-97.65805,32.69377]},"properties":{"name":"Annetta","fips":"03336","u1":1,"u2":0,"u5":0,"total":1,"value":652183,"months":0,"series":{"2019":[4,0,0],"2020":[2,0,0],"2022":[2,0,0],"2023":[5,0,0],"2024":[1,0,0],"2025":[1,0,0]}}},{"type":"Feature","geometry":{"type":"Point","coordinates":[-97.50962,33.05594]},"properties":{"name":"Aurora","fips":"04672","u1":1,"u2":0,"u5":0,"total":1,"value":287588,"months":0,"series":{"2019":[4,0,0],"2020":[1,0,0],"2022":[0,0,0],"2023":[1,0,0],"2024":[1,0,0],"2025":[1,0,0]}}},{"type":"Feature","geometry":{"type":"Point","coordinates":[-97.43226,30.79521]},"properties":{"name":"Bartlett","fips":"05732","u1":1,"u2":0,"u5":0,"total":1,"value":286433,"months":0,"series":{"2019":[0,3,0],"2020":[0,0,0],"2022":[0,0,0],"2023":[0,0,0],"2024":[6,0,5],"2025":[1,0,0]}}},{"type":"Feature","geometry":{"type":"Point","coordinates":[-94.939,29.32564]},"properties":{"name":"Bayou Vista","fips":"06060","u1":1,"u2":0,"u5":0,"total":1,"value":186409,"months":0,"series":{"2019":[10,0,0],"2020":[9,0,0],"2022":[8,0,0],"2023":[1,0,0],"2024":[3,0,0],"2025":[1,0,0]}}},{"type":"Feature","geometry":{"type":"Point","coordinates":[-96.67597,31.16571]},"properties":{"name":"Bremond","fips":"10144","u1":1,"u2":0,"u5":0,"total":1,"value":301000,"months":0,"series":{"2024":[0,0,0],"2025":[1,0,0]}}},{"type":"Feature","geometry":{"type":"Point","coordinates":[-100.29543,31.88575]},"properties":{"name":"Bronte","fips":"10528","u1":1,"u2":0,"u5":0,"total":1,"value":286434,"months":0,"series":{"2022":[4,0,0],"2023":[0,0,0],"2024":[3,0,0],"2025":[1,0,0]}}},{"type":"Feature","geometry":{"type":"Point","coordinates":[-96.67154,30.97915]},"properties":{"name":"Calvert","fips":"11992","u1":1,"u2":0,"u5":0,"total":1,"value":325000,"months":0,"series":{"2019":[0,0,0],"2020":[0,0,0],"2022":[0,0,0],"2023":[0,0,0],"2024":[0,0,0],"2025":[1,0,0]}}},{"type":"Feature","geometry":{"type":"Point","coordinates":[-100.8583,32.39949]},"properties":{"name":"Colorado","fips":"16120","u1":1,"u2":0,"u5":0,"total":1,"value":302641,"months":0,"series":{"2022":[0,0,0],"2023":[0,0,0],"2024":[0,0,0],"2025":[1,0,0]}}},{"type":"Feature","geometry":{"type":"Point","coordinates":[-95.45639,31.31768]},"properties":{"name":"Crockett","fips":"17744","u1":1,"u2":0,"u5":0,"total":1,"value":286433,"months":0,"series":{"2022":[0,6,0],"2023":[2,3,0],"2024":[3,0,0],"2025":[1,0,0]}}},{"type":"Feature","geometry":{"type":"Point","coordinates":[-96.99851,33.2291]},"properties":{"name":"Cross Roads","fips":"17852","u1":1,"u2":0,"u5":0,"total":1,"value":389500,"months":12,"series":{"2022":[0,0,0],"2023":[3,0,0],"2024":[0,0,0],"2025":[1,0,0]}}},{"type":"Feature","geometry":{"type":"Point","coordinates":[-95.83931,33.13532]},"properties":{"name":"Cumby","fips":"18128","u1":1,"u2":0,"u5":0,"total":1,"value":287589,"months":0,"series":{"2022":[0,0,0],"2023":[3,0,0],"2024":[3,0,0],"2025":[1,0,0]}}},{"type":"Feature","geometry":{"type":"Point","coordinates":[-94.7251,33.03059]},"properties":{"name":"Daingerfield","fips":"18464","u1":1,"u2":0,"u5":0,"total":1,"value":106100,"months":0,"series":{"2022":[2,0,0],"2023":[0,0,0],"2024":[0,0,0],"2025":[1,0,0]}}},{"type":"Feature","geometry":{"type":"Point","coordinates":[-99.17646,28.66752]},"properties":{"name":"Dilley","fips":"20428","u1":1,"u2":0,"u5":0,"total":1,"value":287589,"months":0,"series":{"2022":[3,0,0],"2023":[0,0,0],"2024":[1,0,0],"2025":[1,0,0]}}},{"type":"Feature","geometry":{"type":"Point","coordinates":[-98.33913,32.08749]},"properties":{"name":"Dublin","fips":"21484","u1":1,"u2":0,"u5":0,"total":1,"value":10000,"months":0,"series":{"2022":[4,0,0],"2023":[3,0,0],"2024":[3,0,0],"2025":[1,0,0]}}},{"type":"Feature","geometry":{"type":"Point","coordinates":[-95.88343,32.69398]},"properties":{"name":"Edgewood","fips":"22612","u1":1,"u2":0,"u5":0,"total":1,"value":302641,"months":0,"series":{"2022":[5,0,0],"2023":[1,2,0],"2024":[1,2,0],"2025":[1,0,0]}}},{"type":"Feature","geometry":{"type":"Point","coordinates":[-98.15037,31.47678]},"properties":{"name":"Evant","fips":"24864","u1":1,"u2":0,"u5":0,"total":1,"value":200000,"months":0,"series":{"2022":[0,0,0],"2023":[0,0,0],"2024":[1,0,0],"2025":[1,0,0]}}},{"type":"Feature","geometry":{"type":"Point","coordinates":[-96.16978,31.71831]},"properties":{"name":"Fairfield","fips":"25104","u1":1,"u2":0,"u5":0,"total":1,"value":286433,"months":0,"series":{"2019":[4,0,0],"2020":[3,0,0],"2022":[4,0,0],"2023":[3,0,0],"2024":[2,0,0],"2025":[1,0,0]}}},{"type":"Feature","geometry":{"type":"Point","coordinates":[-98.02165,28.98216]},"properties":{"name":"Falls","fips":"25392","u1":1,"u2":0,"u5":0,"total":1,"value":417487,"months":0,"series":{"2022":[0,0,0],"2023":[0,0,0],"2024":[0,0,0],"2025":[1,0,0]}}},{"type":"Feature","geometry":{"type":"Point","coordinates":[-95.50436,32.05609]},"properties":{"name":"Frankston","fips":"27300","u1":1,"u2":0,"u5":0,"total":1,"value":240000,"months":0,"series":{"2022":[1,0,0],"2023":[5,0,0],"2024":[4,0,0],"2025":[1,0,0]}}},{"type":"Feature","geometry":{"type":"Point","coordinates":[-96.80854,32.07881]},"properties":{"name":"Frost","fips":"27768","u1":1,"u2":0,"u5":0,"total":1,"value":286434,"months":0,"series":{"2022":[4,0,0],"2023":[1,0,0],"2024":[3,0,0],"2025":[1,0,0]}}},{"type":"Feature","geometry":{"type":"Point","coordinates":[-98.1183,28.33]},"properties":{"name":"George West","fips":"29348","u1":1,"u2":0,"u5":0,"total":1,"value":120000,"months":0,"series":{"2022":[0,0,0],"2023":[4,0,0],"2024":[4,0,0],"2025":[1,0,0]}}},{"type":"Feature","geometry":{"type":"Point","coordinates":[-98.12078,31.69969]},"properties":{"name":"Hamilton","fips":"31952","u1":1,"u2":0,"u5":0,"total":1,"value":200000,"months":0,"series":{"2019":[0,0,0],"2020":[1,0,0],"2022":[4,0,0],"2023":[4,2,0],"2024":[2,6,0],"2025":[1,0,0]}}},{"type":"Feature","geometry":{"type":"Point","coordinates":[-94.79797,32.15933]},"properties":{"name":"Henderson","fips":"33212","u1":1,"u2":0,"u5":0,"total":1,"value":151667,"months":0,"series":{"2022":[0,0,58],"2023":[5,0,19],"2024":[4,0,0],"2025":[1,0,0]}}},{"type":"Feature","geometry":{"type":"Point","coordinates":[-98.39508,30.60745]},"properties":{"name":"Highland Haven","fips":"33794","u1":1,"u2":0,"u5":0,"total":1,"value":286434,"months":0,"series":{"2022":[3,0,0],"2023":[3,0,0],"2024":[6,0,0],"2025":[1,0,0]}}},{"type":"Feature","geometry":{"type":"Point","coordinates":[-97.06149,33.08965]},"properties":{"name":"Highland","fips":"33848","u1":1,"u2":0,"u5":0,"total":1,"value":1425154,"months":12,"series":{"2019":[47,0,0],"2020":[37,0,0],"2022":[34,0,0],"2023":[2,0,0],"2024":[3,0,0],"2025":[1,0,0]}}},{"type":"Feature","geometry":{"type":"Point","coordinates":[-95.90902,33.58664]},"properties":{"name":"Honey Grove","fips":"34700","u1":1,"u2":0,"u5":0,"total":1,"value":287588,"months":0,"series":{"2022":[0,0,0],"2023":[0,0,0],"2024":[0,0,0],"2025":[1,0,0]}}},{"type":"Feature","geometry":{"type":"Point","coordinates":[-97.50274,26.08768]},"properties":{"name":"Indian Lake","fips":"35918","u1":1,"u2":0,"u5":0,"total":1,"value":287588,"months":0,"series":{"2022":[0,0,0],"2023":[0,2,0],"2024":[0,0,0],"2025":[1,0,0]}}},{"type":"Feature","geometry":{"type":"Point","coordinates":[-97.22119,27.83025]},"properties":{"name":"Ingleside on the Bay","fips":"36020","u1":1,"u2":0,"u5":0,"total":1,"value":305154,"months":0,"series":{"2022":[0,0,0],"2023":[1,0,0],"2024":[1,0,0],"2025":[1,0,0]}}},{"type":"Feature","geometry":{"type":"Point","coordinates":[-95.57262,29.89067]},"properties":{"name":"Jersey","fips":"37612","u1":1,"u2":0,"u5":0,"total":1,"value":507995,"months":0,"series":{"2019":[1,0,0],"2020":[2,0,0],"2022":[0,0,0],"2023":[0,0,0],"2024":[0,0,0],"2025":[1,0,0]}}},{"type":"Feature","geometry":{"type":"Point","coordinates":[-97.97273,31.0755]},"properties":{"name":"Kempner","fips":"38800","u1":1,"u2":0,"u5":0,"total":1,"value":226667,"months":0,"series":{"2019":[1,0,0],"2020":[1,0,0],"2022":[7,0,0],"2023":[5,0,0],"2024":[3,0,0],"2025":[1,0,0]}}},{"type":"Feature","geometry":{"type":"Point","coordinates":[-94.31608,30.37259]},"properties":{"name":"Kountze","fips":"39868","u1":1,"u2":0,"u5":0,"total":1,"value":302641,"months":12,"series":{"2022":[4,0,0],"2023":[4,0,0],"2024":[2,0,0],"2025":[1,0,0]}}},{"type":"Feature","geometry":{"type":"Point","coordinates":[-97.22697,33.26441]},"properties":{"name":"Krum","fips":"39928","u1":1,"u2":0,"u5":0,"total":1,"value":277200,"months":12,"series":{"2019":[135,0,0],"2020":[98,0,0],"2022":[192,0,0],"2023":[86,0,0],"2024":[23,0,0],"2025":[1,0,0]}}},{"type":"Feature","geometry":{"type":"Point","coordinates":[-97.83099,33.20728]},"properties":{"name":"Lake Bridgeport","fips":"40450","u1":1,"u2":0,"u5":0,"total":1,"value":285508,"months":0,"series":{"2019":[0,0,0],"2020":[0,0,0],"2022":[0,0,0],"2023":[0,0,0],"2024":[2,0,0],"2025":[1,0,0]}}},{"type":"Feature","geometry":{"type":"Point","coordinates":[-101.78166,35.0569]},"properties":{"name":"Lake Tanglewood","fips":"40804","u1":1,"u2":0,"u5":0,"total":1,"value":287588,"months":0,"series":{"2022":[3,0,0],"2023":[2,0,0],"2024":[3,0,0],"2025":[1,0,0]}}},{"type":"Feature","geometry":{"type":"Point","coordinates":[-97.48671,32.82225]},"properties":{"name":"Lakeside","fips":"40744","u1":1,"u2":0,"u5":0,"total":1,"value":285508,"months":0,"series":{"2019":[1,0,0],"2020":[0,0,0],"2022":[1,0,0],"2023":[0,0,0],"2024":[3,0,0],"2025":[1,0,0]}}},{"type":"Feature","geometry":{"type":"Point","coordinates":[-98.67641,30.75084]},"properties":{"name":"Llano","fips":"43144","u1":1,"u2":0,"u5":0,"total":1,"value":320000,"months":3,"series":{"2022":[13,0,0],"2023":[19,0,0],"2024":[2,0,0],"2025":[1,0,0]}}},{"type":"Feature","geometry":{"type":"Point","coordinates":[-97.78939,26.4145]},"properties":{"name":"Lyford","fips":"45228","u1":1,"u2":0,"u5":0,"total":1,"value":165000,"months":10,"series":{"2022":[6,0,0],"2023":[5,0,0],"2024":[2,0,0],"2025":[1,0,0]}}},{"type":"Feature","geometry":{"type":"Point","coordinates":[-95.90909,30.95375]},"properties":{"name":"Madisonville","fips":"45996","u1":1,"u2":0,"u5":0,"total":1,"value":302641,"months":0,"series":{"2022":[5,0,0],"2023":[2,0,0],"2024":[1,0,0],"2025":[1,0,0]}}},{"type":"Feature","geometry":{"type":"Point","coordinates":[-97.83916,29.84461]},"properties":{"name":"Martindale","fips":"46848","u1":1,"u2":0,"u5":0,"total":1,"value":56000,"months":0,"series":{"2019":[4,0,0],"2020":[1,0,0],"2022":[0,0,0],"2023":[2,0,0],"2024":[3,0,0],"2025":[1,0,0]}}},{"type":"Feature","geometry":{"type":"Point","coordinates":[-94.34614,33.32989]},"properties":{"name":"Maud","fips":"47088","u1":1,"u2":0,"u5":0,"total":1,"value":286433,"months":0,"series":{"2022":[1,0,0],"2023":[1,0,0],"2024":[3,3,0],"2025":[1,0,0]}}},{"type":"Feature","geometry":{"type":"Point","coordinates":[-95.2253,33.17601]},"properties":{"name":"Mount Vernon","fips":"49860","u1":1,"u2":0,"u5":0,"total":1,"value":286433,"months":0,"series":{"2022":[0,0,0],"2023":[0,0,0],"2024":[7,0,0],"2025":[1,0,0]}}},{"type":"Feature","geometry":{"type":"Point","coordinates":[-96.56349,33.21153]},"properties":{"name":"New Hope","fips":"51036","u1":1,"u2":0,"u5":0,"total":1,"value":450000,"months":0,"series":{"2019":[5,0,0],"2020":[1,0,0],"2022":[0,0,0],"2023":[2,0,0],"2024":[2,0,0],"2025":[1,0,0]}}},{"type":"Feature","geometry":{"type":"Point","coordinates":[-97.4855,33.00494]},"properties":{"name":"Newark","fips":"50772","u1":1,"u2":0,"u5":0,"total":1,"value":153451,"months":0,"series":{"2019":[2,0,0],"2020":[1,0,0],"2022":[0,0,0],"2023":[0,0,0],"2024":[0,0,0],"2025":[1,0,0]}}},{"type":"Feature","geometry":{"type":"Point","coordinates":[-98.75837,33.36439]},"properties":{"name":"Olney","fips":"54000","u1":1,"u2":0,"u5":0,"total":1,"value":302641,"months":0,"series":{"2022":[0,0,0],"2023":[0,0,0],"2024":[0,0,0],"2025":[1,0,0]}}},{"type":"Feature","geometry":{"type":"Point","coordinates":[-97.93855,27.9562]},"properties":{"name":"Orange Grove","fips":"54168","u1":1,"u2":0,"u5":0,"total":1,"value":175000,"months":0,"series":{"2019":[7,0,0],"2020":[7,0,0],"2022":[5,0,0],"2023":[0,0,0],"2024":[3,0,0],"2025":[1,0,0]}}},{"type":"Feature","geometry":{"type":"Point","coordinates":[-95.96876,29.60287]},"properties":{"name":"Orchard","fips":"54192","u1":1,"u2":0,"u5":0,"total":1,"value":200000,"months":0,"series":{"2019":[3,0,0],"2020":[2,0,0],"2022":[2,0,0],"2023":[2,0,0],"2024":[2,0,0],"2025":[1,0,0]}}},{"type":"Feature","geometry":{"type":"Point","coordinates":[-94.71815,32.80079]},"properties":{"name":"Ore","fips":"54216","u1":1,"u2":0,"u5":0,"total":1,"value":302641,"months":0,"series":{"2022":[0,0,0],"2023":[0,0,0],"2024":[0,0,0],"2025":[1,0,0]}}},{"type":"Feature","geometry":{"type":"Point","coordinates":[-97.75464,26.20143]},"properties":{"name":"Palm Valley","fips":"54798","u1":1,"u2":0,"u5":0,"total":1,"value":176720,"months":0,"series":{"2022":[0,0,0],"2023":[0,0,0],"2024":[0,0,0],"2025":[1,0,0]}}},{"type":"Feature","geometry":{"type":"Point","coordinates":[-98.59807,33.93765]},"properties":{"name":"Pleasant Valley","fips":"58400","u1":1,"u2":0,"u5":0,"total":1,"value":302641,"months":0,"series":{"2019":[0,0,0],"2020":[0,0,0],"2022":[0,0,0],"2023":[0,0,0],"2024":[0,0,0],"2025":[1,0,0]}}},{"type":"Feature","geometry":{"type":"Point","coordinates":[-98.57136,29.03799]},"properties":{"name":"Poteet","fips":"59084","u1":1,"u2":0,"u5":0,"total":1,"value":287588,"months":12,"series":{"2019":[7,0,0],"2020":[9,0,0],"2022":[14,0,0],"2023":[14,0,0],"2024":[5,0,0],"2025":[1,0,0]}}},{"type":"Feature","geometry":{"type":"Point","coordinates":[-98.08093,29.07259]},"properties":{"name":"Poth","fips":"59096","u1":1,"u2":0,"u5":0,"total":1,"value":287588,"months":0,"series":{"2019":[2,0,0],"2020":[2,0,0],"2022":[8,0,0],"2023":[7,0,0],"2024":[5,0,0],"2025":[1,0,0]}}},{"type":"Feature","geometry":{"type":"Point","coordinates":[-94.25476,33.35845]},"properties":{"name":"Redwater","fips":"61340","u1":1,"u2":0,"u5":0,"total":1,"value":286433,"months":0,"series":{"2022":[0,0,0],"2023":[2,0,0],"2024":[3,0,0],"2025":[1,0,0]}}},{"type":"Feature","geometry":{"type":"Point","coordinates":[-97.27498,28.30744]},"properties":{"name":"Refugio","fips":"61436","u1":1,"u2":0,"u5":0,"total":1,"value":233908,"months":0,"series":{"2022":[28,0,15],"2023":[6,0,0],"2024":[8,0,0],"2025":[1,0,0]}}},{"type":"Feature","geometry":{"type":"Point","coordinates":[-97.47791,33.06464]},"properties":{"name":"Rhome","fips":"61700","u1":1,"u2":0,"u5":0,"total":1,"value":267754,"months":0,"series":{"2019":[8,0,0],"2020":[14,0,0],"2022":[5,0,0],"2023":[2,0,0],"2024":[1,0,0],"2025":[1,0,0]}}},{"type":"Feature","geometry":{"type":"Point","coordinates":[-100.53223,32.44193]},"properties":{"name":"Roscoe","fips":"63176","u1":1,"u2":0,"u5":0,"total":1,"value":287588,"months":0,"series":{"2022":[0,0,0],"2023":[0,0,0],"2024":[0,0,0],"2025":[1,0,0]}}},{"type":"Feature","geometry":{"type":"Point","coordinates":[-96.36603,33.59984]},"properties":{"name":"Savoy","fips":"66008","u1":1,"u2":0,"u5":0,"total":1,"value":253217,"months":0,"series":{"2022":[0,0,0],"2023":[2,0,0],"2024":[2,4,0],"2025":[1,0,0]}}},{"type":"Feature","geometry":{"type":"Point","coordinates":[-95.45562,30.18401]},"properties":{"name":"Shenandoah","fips":"67400","u1":1,"u2":0,"u5":0,"total":1,"value":810360,"months":12,"series":{"2019":[63,0,0],"2020":[51,0,0],"2022":[86,0,0],"2023":[14,0,0],"2024":[1,0,0],"2025":[1,0,0]}}},{"type":"Feature","geometry":{"type":"Point","coordinates":[-97.17337,29.43319]},"properties":{"name":"Shiner","fips":"67640","u1":1,"u2":0,"u5":0,"total":1,"value":296205,"months":12,"series":{"2022":[14,0,0],"2023":[5,0,0],"2024":[2,0,0],"2025":[1,0,0]}}},{"type":"Feature","geometry":{"type":"Point","coordinates":[-95.01889,29.62043]},"properties":{"name":"Shoreacres","fips":"67688","u1":1,"u2":0,"u5":0,"total":1,"value":349250,"months":0,"series":{"2019":[4,0,0],"2020":[2,0,0],"2022":[2,0,0],"2023":[1,0,0],"2024":[2,0,0],"2025":[1,0,0]}}},{"type":"Feature","geometry":{"type":"Point","coordinates":[-101.64752,33.44207]},"properties":{"name":"Slaton","fips":"68180","u1":1,"u2":0,"u5":0,"total":1,"value":80000,"months":12,"series":{"2019":[3,0,48],"2020":[5,0,15],"2022":[4,2,0],"2023":[1,4,0],"2024":[2,6,0],"2025":[1,0,0]}}},{"type":"Feature","geometry":{"type":"Point","coordinates":[-100.91157,32.71331]},"properties":{"name":"Snyder","fips":"68624","u1":1,"u2":0,"u5":0,"total":1,"value":180000,"months":12,"series":{"2022":[2,0,0],"2023":[4,0,0],"2024":[32,0,0],"2025":[1,0,0]}}},{"type":"Feature","geometry":{"type":"Point","coordinates":[-99.67178,33.0155]},"properties":{"name":"Stamford","fips":"69980","u1":1,"u2":0,"u5":0,"total":1,"value":286434,"months":0,"series":{"2022":[0,0,0],"2023":[0,0,0],"2024":[1,0,0],"2025":[1,0,0]}}},{"type":"Feature","geometry":{"type":"Point","coordinates":[-95.05609,29.57653]},"properties":{"name":"Taylor Lake","fips":"71960","u1":1,"u2":0,"u5":0,"total":1,"value":200000,"months":12,"series":{"2019":[2,0,0],"2020":[4,0,0],"2022":[9,0,45],"2023":[9,0,20],"2024":[5,0,0],"2025":[1,0,0]}}},{"type":"Feature","geometry":{"type":"Point","coordinates":[-101.81859,35.0538]},"properties":{"name":"Timbercreek Canyon","fips":"73030","u1":1,"u2":0,"u5":0,"total":1,"value":500000,"months":0,"series":{"2022":[4,0,0],"2023":[3,0,0],"2024":[2,0,0],"2025":[1,0,0]}}},{"type":"Feature","geometry":{"type":"Point","coordinates":[-97.31927,31.95202]},"properties":{"name":"Whitney","fips":"78664","u1":1,"u2":0,"u5":0,"total":1,"value":162000,"months":0,"series":{"2022":[8,0,0],"2023":[3,0,0],"2024":[5,0,0],"2025":[1,0,0]}}},{"type":"Feature","geometry":{"type":"Point","coordinates":[-98.43483,33.576]},"properties":{"name":"Windthorst","fips":"79696","u1":1,"u2":0,"u5":0,"total":1,"value":500000,"months":0,"series":{"2022":[0,0,0],"2023":[0,0,0],"2024":[0,0,0],"2025":[1,0,0]}}},{"type":"Feature","geometry":{"type":"Point","coordinates":[-95.29094,32.95571]},"properties":{"name":"Winnsboro","fips":"79816","u1":1,"u2":0,"u5":0,"total":1,"value":302641,"months":12,"series":{"2022":[5,0,0],"2023":[5,0,0],"2024":[1,0,0],"2025":[1,0,0]}}},{"type":"Feature","geometry":{"type":"Point","coordinates":[-94.42331,30.77398]},"properties":{"name":"Woodville","fips":"80212","u1":1,"u2":0,"u5":0,"total":1,"value":302641,"months":0,"series":{"2022":[8,0,0],"2023":[0,0,0],"2024":[0,0,0],"2025":[1,0,0]}}}],"meta":{"latest":2025,"years":[2019,2020,2022,2023,2024,2025],"missing":[2021]}}