{"type":"FeatureCollection","name":"US metro building permits, 2025","attribution":"US Census Bureau, Building Permits Survey","license":"Public domain (US Government work)","source":"https://www2.census.gov/econ/bps/CBSA%20(beginning%20Jan%202024)/cbsa2025a.txt","year":2025,"note":"Units authorised by building permit, not homes completed. Points are a representative point inside each CBSA polygon, not a city centre.","features":[{"type":"Feature","geometry":{"type":"Point","coordinates":[-97.06936,32.73723]},"properties":{"cbsa":"19100","metro":"Dallas-Fort Worth-Arlington  TX","units":66179,"sf":39790,"mf":24607,"small":1782,"value":16311148000,"mf_share":0.3718,"rank":1}},{"type":"Feature","geometry":{"type":"Point","coordinates":[-95.4103,29.8584]},"properties":{"cbsa":"26420","metro":"Houston-Pasadena-The Woodlands  TX","units":65075,"sf":46219,"mf":16385,"small":2471,"value":16890753000,"mf_share":0.2518,"rank":2}},{"type":"Feature","geometry":{"type":"Point","coordinates":[-74.64937,40.50708]},"properties":{"cbsa":"35620","metro":"New York-Newark-Jersey City  NY-NJ","units":44444,"sf":10477,"mf":31550,"small":2417,"value":9377806000,"mf_share":0.7099,"rank":3}},{"type":"Feature","geometry":{"type":"Point","coordinates":[-112.14773,33.29607]},"properties":{"cbsa":"38060","metro":"Phoenix-Mesa-Chandler  AZ","units":39699,"sf":23755,"mf":14800,"small":1144,"value":10059623000,"mf_share":0.3728,"rank":4}},{"type":"Feature","geometry":{"type":"Point","coordinates":[-84.41694,33.78677]},"properties":{"cbsa":"12060","metro":"Atlanta-Sandy Springs-Roswell  GA","units":33670,"sf":22065,"mf":11052,"small":553,"value":8699053000,"mf_share":0.3282,"rank":5}},{"type":"Feature","geometry":{"type":"Point","coordinates":[-81.41506,28.42592]},"properties":{"cbsa":"36740","metro":"Orlando-Kissimmee-Sanford  FL","units":27845,"sf":14198,"mf":13463,"small":184,"value":6915359000,"mf_share":0.4835,"rank":6}},{"type":"Feature","geometry":{"type":"Point","coordinates":[-97.67957,30.30783]},"properties":{"cbsa":"12420","metro":"Austin-Round Rock-San Marcos  TX","units":27322,"sf":14810,"mf":11749,"small":763,"value":6253229000,"mf_share":0.43,"rank":7}},{"type":"Feature","geometry":{"type":"Point","coordinates":[-118.30072,34.10058]},"properties":{"cbsa":"31080","metro":"Los Angeles-Long Beach-Anaheim  CA","units":27242,"sf":12883,"mf":12525,"small":1834,"value":5940031000,"mf_share":0.4598,"rank":8}},{"type":"Feature","geometry":{"type":"Point","coordinates":[-80.49321,26.0333]},"properties":{"cbsa":"33100","metro":"Miami-Fort Lauderdale-West Palm Beach  FL","units":23453,"sf":5873,"mf":16699,"small":881,"value":7112620000,"mf_share":0.712,"rank":9}},{"type":"Feature","geometry":{"type":"Point","coordinates":[-82.45561,28.13702]},"properties":{"cbsa":"45300","metro":"Tampa-St. Petersburg-Clearwater  FL","units":22747,"sf":13596,"mf":8771,"small":380,"value":6120358000,"mf_share":0.3856,"rank":10}},{"type":"Feature","geometry":{"type":"Point","coordinates":[-80.90073,35.23114]},"properties":{"cbsa":"16740","metro":"Charlotte-Concord-Gastonia  NC-SC","units":22233,"sf":16242,"mf":5820,"small":171,"value":5705474000,"mf_share":0.2618,"rank":11}},{"type":"Feature","geometry":{"type":"Point","coordinates":[-86.80331,36.04314]},"properties":{"cbsa":"34980","metro":"Nashville-Davidson--Murfreesboro--Franklin  TN","units":19203,"sf":13267,"mf":5827,"small":109,"value":5499719000,"mf_share":0.3034,"rank":12}},{"type":"Feature","geometry":{"type":"Point","coordinates":[-77.52534,38.86485]},"properties":{"cbsa":"47900","metro":"Washington-Arlington-Alexandria  DC-VA-MD-WV","units":17990,"sf":10168,"mf":7392,"small":430,"value":4255885000,"mf_share":0.4109,"rank":13}},{"type":"Feature","geometry":{"type":"Point","coordinates":[-82.31359,27.2963]},"properties":{"cbsa":"35840","metro":"North Port-Bradenton-Sarasota  FL","units":17642,"sf":11297,"mf":5857,"small":488,"value":4891070000,"mf_share":0.332,"rank":14}},{"type":"Feature","geometry":{"type":"Point","coordinates":[-78.58802,35.78477]},"properties":{"cbsa":"39580","metro":"Raleigh-Cary  NC","units":17543,"sf":11760,"mf":5542,"small":241,"value":4521369000,"mf_share":0.3159,"rank":15}},{"type":"Feature","geometry":{"type":"Point","coordinates":[-104.86568,39.37063]},"properties":{"cbsa":"19740","metro":"Denver-Aurora-Centennial  CO","units":15948,"sf":7477,"mf":8195,"small":276,"value":4291745000,"mf_share":0.5139,"rank":16}},{"type":"Feature","geometry":{"type":"Point","coordinates":[-116.05296,34.63596]},"properties":{"cbsa":"40140","metro":"Riverside-San Bernardino-Ontario  CA","units":15937,"sf":9977,"mf":5415,"small":545,"value":4099252000,"mf_share":0.3398,"rank":17}},{"type":"Feature","geometry":{"type":"Point","coordinates":[-87.76529,41.56968]},"properties":{"cbsa":"16980","metro":"Chicago-Naperville-Elgin  IL-IN","units":15778,"sf":9497,"mf":5324,"small":957,"value":5235417000,"mf_share":0.3374,"rank":18}},{"type":"Feature","geometry":{"type":"Point","coordinates":[-82.85134,40.06114]},"properties":{"cbsa":"18140","metro":"Columbus  OH","units":15757,"sf":5549,"mf":9549,"small":659,"value":3564092000,"mf_share":0.606,"rank":19}},{"type":"Feature","geometry":{"type":"Point","coordinates":[-121.87216,47.51115]},"properties":{"cbsa":"42660","metro":"Seattle-Tacoma-Bellevue  WA","units":15659,"sf":6136,"mf":8199,"small":1324,"value":4364401000,"mf_share":0.5236,"rank":20}},{"type":"Feature","geometry":{"type":"Point","coordinates":[-93.51099,45.22465]},"properties":{"cbsa":"33460","metro":"Minneapolis-St. Paul-Bloomington  MN-WI","units":14516,"sf":8868,"mf":5342,"small":306,"value":4583445000,"mf_share":0.368,"rank":21}},{"type":"Feature","geometry":{"type":"Point","coordinates":[-115.25472,35.92284]},"properties":{"cbsa":"29820","metro":"Las Vegas-Henderson-North Las Vegas  NV","units":14466,"sf":9422,"mf":4540,"small":504,"value":3078604000,"mf_share":0.3138,"rank":22}},{"type":"Feature","geometry":{"type":"Point","coordinates":[-81.89731,26.57178]},"properties":{"cbsa":"15980","metro":"Cape Coral-Fort Myers  FL","units":13547,"sf":9962,"mf":3385,"small":200,"value":3763847000,"mf_share":0.2499,"rank":23}},{"type":"Feature","geometry":{"type":"Point","coordinates":[-81.90953,30.19803]},"properties":{"cbsa":"27260","metro":"Jacksonville  FL","units":13455,"sf":9512,"mf":3700,"small":243,"value":3216359000,"mf_share":0.275,"rank":24}},{"type":"Feature","geometry":{"type":"Point","coordinates":[-75.22836,39.91057]},"properties":{"cbsa":"37980","metro":"Philadelphia-Camden-Wilmington  PA-NJ-DE-MD","units":12900,"sf":7256,"mf":4935,"small":709,"value":2725713000,"mf_share":0.3826,"rank":25}},{"type":"Feature","geometry":{"type":"Point","coordinates":[-116.68843,33.04359]},"properties":{"cbsa":"41740","metro":"San Diego-Chula Vista-Carlsbad  CA","units":11707,"sf":3506,"mf":7311,"small":890,"value":2505521000,"mf_share":0.6245,"rank":26}},{"type":"Feature","geometry":{"type":"Point","coordinates":[-86.16223,39.74232]},"properties":{"cbsa":"26900","metro":"Indianapolis-Carmel-Greenwood  IN","units":11463,"sf":9322,"mf":1974,"small":167,"value":3975156000,"mf_share":0.1722,"rank":27}},{"type":"Feature","geometry":{"type":"Point","coordinates":[-121.14794,38.67057]},"properties":{"cbsa":"40900","metro":"Sacramento-Roseville-Folsom  CA","units":10689,"sf":7716,"mf":2550,"small":423,"value":3129836000,"mf_share":0.2386,"rank":28}},{"type":"Feature","geometry":{"type":"Point","coordinates":[-98.63121,29.36484]},"properties":{"cbsa":"41700","metro":"San Antonio-New Braunfels  TX","units":10546,"sf":8651,"mf":1846,"small":49,"value":2851357000,"mf_share":0.175,"rank":29}},{"type":"Feature","geometry":{"type":"Point","coordinates":[-71.21169,42.56949]},"properties":{"cbsa":"14460","metro":"Boston-Cambridge-Newton  MA-NH","units":10072,"sf":3971,"mf":5695,"small":406,"value":3342952000,"mf_share":0.5654,"rank":30}},{"type":"Feature","geometry":{"type":"Point","coordinates":[-94.58648,38.87524]},"properties":{"cbsa":"28140","metro":"Kansas City  MO-KS","units":9893,"sf":5202,"mf":4278,"small":413,"value":2736882000,"mf_share":0.4324,"rank":31}},{"type":"Feature","geometry":{"type":"Point","coordinates":[-116.50175,43.23923]},"properties":{"cbsa":"14260","metro":"Boise City  ID","units":9438,"sf":7970,"mf":1218,"small":250,"value":2405495000,"mf_share":0.1291,"rank":32}},{"type":"Feature","geometry":{"type":"Point","coordinates":[-77.55481,37.33082]},"properties":{"cbsa":"40060","metro":"Richmond  VA","units":9091,"sf":4399,"mf":4372,"small":320,"value":1670697000,"mf_share":0.4809,"rank":33}},{"type":"Feature","geometry":{"type":"Point","coordinates":[-94.01232,36.11359]},"properties":{"cbsa":"22220","metro":"Fayetteville-Springdale-Rogers  AR","units":8961,"sf":5666,"mf":2922,"small":373,"value":2450787000,"mf_share":0.3261,"rank":34}},{"type":"Feature","geometry":{"type":"Point","coordinates":[-83.31876,42.7187]},"properties":{"cbsa":"19820","metro":"Detroit-Warren-Dearborn  MI","units":8805,"sf":4859,"mf":3223,"small":723,"value":2255843000,"mf_share":0.366,"rank":35}},{"type":"Feature","geometry":{"type":"Point","coordinates":[-97.72474,35.42023]},"properties":{"cbsa":"36420","metro":"Oklahoma City  OK","units":8576,"sf":6497,"mf":1334,"small":745,"value":2161380000,"mf_share":0.1556,"rank":36}},{"type":"Feature","geometry":{"type":"Point","coordinates":[-122.67678,45.64526]},"properties":{"cbsa":"38900","metro":"Portland-Vancouver-Hillsboro  OR-WA","units":8318,"sf":6133,"mf":1995,"small":190,"value":2915672000,"mf_share":0.2398,"rank":37}},{"type":"Feature","geometry":{"type":"Point","coordinates":[-82.44576,34.69381]},"properties":{"cbsa":"24860","metro":"Greenville-Anderson-Greer  SC","units":8255,"sf":7317,"mf":703,"small":235,"value":2994945000,"mf_share":0.0852,"rank":38}},{"type":"Feature","geometry":{"type":"Point","coordinates":[-81.7125,27.96981]},"properties":{"cbsa":"29460","metro":"Lakeland-Winter Haven  FL","units":8236,"sf":6725,"mf":1336,"small":175,"value":2263404000,"mf_share":0.1622,"rank":39}},{"type":"Feature","geometry":{"type":"Point","coordinates":[-84.202,36.0167]},"properties":{"cbsa":"28940","metro":"Knoxville  TN","units":7855,"sf":4969,"mf":2780,"small":106,"value":2116921000,"mf_share":0.3539,"rank":40}},{"type":"Feature","geometry":{"type":"Point","coordinates":[-121.85206,37.60232]},"properties":{"cbsa":"41860","metro":"San Francisco-Oakland-Fremont  CA","units":7750,"sf":2713,"mf":4884,"small":153,"value":2474721000,"mf_share":0.6302,"rank":41}},{"type":"Feature","geometry":{"type":"Point","coordinates":[-112.93977,40.48143]},"properties":{"cbsa":"41620","metro":"Salt Lake City-Murray  UT","units":7702,"sf":3015,"mf":4471,"small":216,"value":2178849000,"mf_share":0.5805,"rank":42}},{"type":"Feature","geometry":{"type":"Point","coordinates":[-77.97976,34.26794]},"properties":{"cbsa":"48900","metro":"Wilmington  NC","units":7622,"sf":6378,"mf":1126,"small":118,"value":2049785000,"mf_share":0.1477,"rank":43}},{"type":"Feature","geometry":{"type":"Point","coordinates":[-111.67465,39.94799]},"properties":{"cbsa":"39340","metro":"Provo-Orem-Lehi  UT","units":7304,"sf":5395,"mf":1695,"small":214,"value":2138515000,"mf_share":0.2321,"rank":44}},{"type":"Feature","geometry":{"type":"Point","coordinates":[-98.19021,26.39087]},"properties":{"cbsa":"32580","metro":"McAllen-Edinburg-Mission  TX","units":7301,"sf":4523,"mf":570,"small":2208,"value":1454999000,"mf_share":0.0781,"rank":45}},{"type":"Feature","geometry":{"type":"Point","coordinates":[-80.00024,32.98621]},"properties":{"cbsa":"16700","metro":"Charleston-North Charleston  SC","units":7287,"sf":5799,"mf":1337,"small":151,"value":2301091000,"mf_share":0.1835,"rank":46}},{"type":"Feature","geometry":{"type":"Point","coordinates":[-84.48337,39.13432]},"properties":{"cbsa":"17140","metro":"Cincinnati  OH-KY-IN","units":7264,"sf":4311,"mf":2491,"small":462,"value":1742749000,"mf_share":0.3429,"rank":47}},{"type":"Feature","geometry":{"type":"Point","coordinates":[-89.71992,42.99646]},"properties":{"cbsa":"31540","metro":"Madison  WI","units":6947,"sf":1725,"mf":5008,"small":214,"value":1728571000,"mf_share":0.7209,"rank":48}},{"type":"Feature","geometry":{"type":"Point","coordinates":[-78.96718,33.93026]},"properties":{"cbsa":"34820","metro":"Myrtle Beach-Conway-North Myrtle Beach  SC","units":6511,"sf":6418,"mf":77,"small":16,"value":1405886000,"mf_share":0.0118,"rank":49}},{"type":"Feature","geometry":{"type":"Point","coordinates":[-96.03124,41.27657]},"properties":{"cbsa":"36540","metro":"Omaha  NE-IA","units":6377,"sf":3360,"mf":2816,"small":201,"value":1077068000,"mf_share":0.4416,"rank":50}},{"type":"Feature","geometry":{"type":"Point","coordinates":[-93.73116,41.55507]},"properties":{"cbsa":"19780","metro":"Des Moines-West Des Moines  IA","units":6249,"sf":3426,"mf":2675,"small":148,"value":1843905000,"mf_share":0.4281,"rank":51}},{"type":"Feature","geometry":{"type":"Point","coordinates":[-85.65047,38.2112]},"properties":{"cbsa":"31140","metro":"Louisville-Jefferson County  KY-IN","units":6103,"sf":3567,"mf":2436,"small":100,"value":1527586000,"mf_share":0.3991,"rank":52}},{"type":"Feature","geometry":{"type":"Point","coordinates":[-78.99576,36.02141]},"properties":{"cbsa":"20500","metro":"Durham-Chapel Hill  NC","units":6100,"sf":3751,"mf":2263,"small":86,"value":1928943000,"mf_share":0.371,"rank":53}},{"type":"Feature","geometry":{"type":"Point","coordinates":[-81.29029,34.02721]},"properties":{"cbsa":"17900","metro":"Columbia  SC","units":6070,"sf":4969,"mf":864,"small":237,"value":1516499000,"mf_share":0.1423,"rank":54}},{"type":"Feature","geometry":{"type":"Point","coordinates":[-90.33586,38.79366]},"properties":{"cbsa":"41180","metro":"St. Louis  MO-IL","units":6066,"sf":4142,"mf":1523,"small":401,"value":1971440000,"mf_share":0.2511,"rank":55}},{"type":"Feature","geometry":{"type":"Point","coordinates":[-82.02255,29.24619]},"properties":{"cbsa":"36100","metro":"Ocala  FL","units":5985,"sf":5420,"mf":379,"small":186,"value":1203725000,"mf_share":0.0633,"rank":56}},{"type":"Feature","geometry":{"type":"Point","coordinates":[-104.69223,38.78321]},"properties":{"cbsa":"17820","metro":"Colorado Springs  CO","units":5825,"sf":2839,"mf":2804,"small":182,"value":2100012000,"mf_share":0.4814,"rank":57}},{"type":"Feature","geometry":{"type":"Point","coordinates":[-76.71921,39.21922]},"properties":{"cbsa":"12580","metro":"Baltimore-Columbia-Towson  MD","units":5799,"sf":3606,"mf":2169,"small":24,"value":1462691000,"mf_share":0.374,"rank":58}},{"type":"Feature","geometry":{"type":"Point","coordinates":[-79.90857,40.43871]},"properties":{"cbsa":"38300","metro":"Pittsburgh  PA","units":5797,"sf":3452,"mf":2218,"small":127,"value":1424316000,"mf_share":0.3826,"rank":59}},{"type":"Feature","geometry":{"type":"Point","coordinates":[-121.39616,36.86567]},"properties":{"cbsa":"41940","metro":"San Jose-Sunnyvale-Santa Clara  CA","units":5570,"sf":2042,"mf":3483,"small":45,"value":1336562000,"mf_share":0.6253,"rank":60}},{"type":"Feature","geometry":{"type":"Point","coordinates":[-81.22994,29.12288]},"properties":{"cbsa":"19660","metro":"Deltona-Daytona Beach-Ormond Beach  FL","units":5412,"sf":4029,"mf":1066,"small":317,"value":1799027000,"mf_share":0.197,"rank":61}},{"type":"Feature","geometry":{"type":"Point","coordinates":[-81.42587,32.16502]},"properties":{"cbsa":"42340","metro":"Savannah  GA","units":5371,"sf":3226,"mf":2063,"small":82,"value":1159838000,"mf_share":0.3841,"rank":62}},{"type":"Feature","geometry":{"type":"Point","coordinates":[-96.12884,36.20319]},"properties":{"cbsa":"46140","metro":"Tulsa  OK","units":5154,"sf":3740,"mf":1292,"small":122,"value":1124563000,"mf_share":0.2507,"rank":63}},{"type":"Feature","geometry":{"type":"Point","coordinates":[-80.43122,27.2345]},"properties":{"cbsa":"38940","metro":"Port St. Lucie  FL","units":4853,"sf":4311,"mf":442,"small":100,"value":1663022000,"mf_share":0.0911,"rank":64}},{"type":"Feature","geometry":{"type":"Point","coordinates":[-80.36864,36.03101]},"properties":{"cbsa":"49180","metro":"Winston-Salem  NC","units":4699,"sf":4342,"mf":336,"small":21,"value":1349928000,"mf_share":0.0715,"rank":65}},{"type":"Feature","geometry":{"type":"Point","coordinates":[-111.6507,31.89069]},"properties":{"cbsa":"46060","metro":"Tucson  AZ","units":4658,"sf":3592,"mf":1018,"small":48,"value":1525811000,"mf_share":0.2185,"rank":66}},{"type":"Feature","geometry":{"type":"Point","coordinates":[-80.73451,28.29711]},"properties":{"cbsa":"37340","metro":"Palm Bay-Melbourne-Titusville  FL","units":4624,"sf":3376,"mf":1230,"small":18,"value":1643980000,"mf_share":0.266,"rank":67}},{"type":"Feature","geometry":{"type":"Point","coordinates":[-86.7548,34.72233]},"properties":{"cbsa":"26620","metro":"Huntsville  AL","units":4519,"sf":3313,"mf":1126,"small":80,"value":1098526000,"mf_share":0.2492,"rank":68}},{"type":"Feature","geometry":{"type":"Point","coordinates":[-81.82913,34.80956]},"properties":{"cbsa":"43900","metro":"Spartanburg  SC","units":4359,"sf":4075,"mf":276,"small":8,"value":852824000,"mf_share":0.0633,"rank":69}},{"type":"Feature","geometry":{"type":"Point","coordinates":[-91.0504,30.32829]},"properties":{"cbsa":"12940","metro":"Baton Rouge  LA","units":4314,"sf":2775,"mf":1517,"small":22,"value":857471000,"mf_share":0.3516,"rank":70}},{"type":"Feature","geometry":{"type":"Point","coordinates":[-85.52865,42.93658]},"properties":{"cbsa":"24340","metro":"Grand Rapids-Wyoming-Kentwood  MI","units":4267,"sf":2558,"mf":1571,"small":138,"value":1339313000,"mf_share":0.3682,"rank":71}},{"type":"Feature","geometry":{"type":"Point","coordinates":[-86.81576,33.43282]},"properties":{"cbsa":"13820","metro":"Birmingham  AL","units":4219,"sf":3116,"mf":1076,"small":27,"value":1206680000,"mf_share":0.255,"rank":72}},{"type":"Feature","geometry":{"type":"Point","coordinates":[-81.57389,41.48009]},"properties":{"cbsa":"17410","metro":"Cleveland  OH","units":4174,"sf":2866,"mf":1214,"small":94,"value":1319453000,"mf_share":0.2908,"rank":73}},{"type":"Feature","geometry":{"type":"Point","coordinates":[-82.01933,33.4216]},"properties":{"cbsa":"12260","metro":"Augusta-Richmond County  GA-SC","units":4141,"sf":3688,"mf":402,"small":51,"value":1095565000,"mf_share":0.0971,"rank":74}},{"type":"Feature","geometry":{"type":"Point","coordinates":[-87.11116,40.432]},"properties":{"cbsa":"29200","metro":"Lafayette-West Lafayette  IN","units":4058,"sf":632,"mf":3395,"small":31,"value":852502000,"mf_share":0.8366,"rank":75}},{"type":"Feature","geometry":{"type":"Point","coordinates":[-76.40807,36.84103]},"properties":{"cbsa":"47260","metro":"Virginia Beach-Chesapeake-Norfolk  VA-NC","units":3953,"sf":3223,"mf":657,"small":73,"value":1115208000,"mf_share":0.1662,"rank":76}},{"type":"Feature","geometry":{"type":"Point","coordinates":[-75.39765,38.73975]},"properties":{"cbsa":"42580","metro":"Seaford  DE","units":3885,"sf":3264,"mf":493,"small":128,"value":509114000,"mf_share":0.1269,"rank":77}},{"type":"Feature","geometry":{"type":"Point","coordinates":[-79.78949,36.06078]},"properties":{"cbsa":"24660","metro":"Greensboro-High Point  NC","units":3830,"sf":2552,"mf":1176,"small":102,"value":1038277000,"mf_share":0.307,"rank":78}},{"type":"Feature","geometry":{"type":"Point","coordinates":[-82.69415,29.47765]},"properties":{"cbsa":"23540","metro":"Gainesville  FL","units":3674,"sf":1023,"mf":2629,"small":22,"value":677566000,"mf_share":0.7156,"rank":79}},{"type":"Feature","geometry":{"type":"Point","coordinates":[-111.91791,41.10863]},"properties":{"cbsa":"36260","metro":"Ogden  UT","units":3599,"sf":1746,"mf":1656,"small":197,"value":980670000,"mf_share":0.4601,"rank":80}},{"type":"Feature","geometry":{"type":"Point","coordinates":[-119.57235,36.8611]},"properties":{"cbsa":"23420","metro":"Fresno  CA","units":3518,"sf":3146,"mf":290,"small":82,"value":1208027000,"mf_share":0.0824,"rank":81}},{"type":"Feature","geometry":{"type":"Point","coordinates":[-82.09853,28.61413]},"properties":{"cbsa":"48680","metro":"Wildwood-The Villages  FL","units":3516,"sf":3105,"mf":225,"small":186,"value":790255000,"mf_share":0.064,"rank":82}},{"type":"Feature","geometry":{"type":"Point","coordinates":[-70.5901,43.62115]},"properties":{"cbsa":"38860","metro":"Portland-South Portland  ME","units":3487,"sf":1945,"mf":1383,"small":159,"value":1054596000,"mf_share":0.3966,"rank":83}},{"type":"Feature","geometry":{"type":"Point","coordinates":[-73.37217,41.33292]},"properties":{"cbsa":"14860","metro":"Bridgeport-Stamford-Danbury  CT","units":3478,"sf":524,"mf":2866,"small":88,"value":1111959000,"mf_share":0.824,"rank":84}},{"type":"Feature","geometry":{"type":"Point","coordinates":[-86.34152,30.56328]},"properties":{"cbsa":"18880","metro":"Crestview-Fort Walton Beach-Destin  FL","units":3456,"sf":2414,"mf":959,"small":83,"value":1483670000,"mf_share":0.2775,"rank":85}},{"type":"Feature","geometry":{"type":"Point","coordinates":[-97.89972,31.23733]},"properties":{"cbsa":"28660","metro":"Killeen-Temple  TX","units":3358,"sf":2500,"mf":386,"small":472,"value":778224000,"mf_share":0.1149,"rank":86}},{"type":"Feature","geometry":{"type":"Point","coordinates":[-87.09734,30.63079]},"properties":{"cbsa":"37860","metro":"Pensacola-Ferry Pass-Brent  FL","units":3327,"sf":3295,"mf":32,"small":0,"value":867459000,"mf_share":0.0096,"rank":87}},{"type":"Feature","geometry":{"type":"Point","coordinates":[-88.97529,30.59554]},"properties":{"cbsa":"25060","metro":"Gulfport-Biloxi  MS","units":3312,"sf":2755,"mf":513,"small":44,"value":501008000,"mf_share":0.1549,"rank":88}},{"type":"Feature","geometry":{"type":"Point","coordinates":[-89.79933,35.06959]},"properties":{"cbsa":"32820","metro":"Memphis  TN-MS-AR","units":3298,"sf":3082,"mf":195,"small":21,"value":938651000,"mf_share":0.0591,"rank":89}},{"type":"Feature","geometry":{"type":"Point","coordinates":[-82.55645,35.60282]},"properties":{"cbsa":"11700","metro":"Asheville  NC","units":3238,"sf":1795,"mf":1425,"small":18,"value":1090776000,"mf_share":0.4401,"rank":90}},{"type":"Feature","geometry":{"type":"Point","coordinates":[-117.83914,48.09977]},"properties":{"cbsa":"44060","metro":"Spokane-Spokane Valley  WA","units":3172,"sf":1571,"mf":1425,"small":176,"value":761426000,"mf_share":0.4492,"rank":91}},{"type":"Feature","geometry":{"type":"Point","coordinates":[-118.72043,35.30452]},"properties":{"cbsa":"12540","metro":"Bakersfield-Delano  CA","units":3159,"sf":2793,"mf":125,"small":241,"value":699428000,"mf_share":0.0396,"rank":92}},{"type":"Feature","geometry":{"type":"Point","coordinates":[-92.33632,34.72196]},"properties":{"cbsa":"30780","metro":"Little Rock-North Little Rock-Conway  AR","units":3142,"sf":2566,"mf":397,"small":179,"value":688882000,"mf_share":0.1264,"rank":93}},{"type":"Feature","geometry":{"type":"Point","coordinates":[-81.51145,35.83239]},"properties":{"cbsa":"25860","metro":"Hickory-Lenoir-Morganton  NC","units":3136,"sf":2434,"mf":505,"small":197,"value":778680000,"mf_share":0.161,"rank":94}},{"type":"Feature","geometry":{"type":"Point","coordinates":[-120.72019,44.17993]},"properties":{"cbsa":"13460","metro":"Bend  OR","units":3122,"sf":1414,"mf":1511,"small":197,"value":823668000,"mf_share":0.484,"rank":95}},{"type":"Feature","geometry":{"type":"Point","coordinates":[-97.16658,37.54171]},"properties":{"cbsa":"48620","metro":"Wichita  KS","units":3111,"sf":1463,"mf":134,"small":1514,"value":745091000,"mf_share":0.0431,"rank":96}},{"type":"Feature","geometry":{"type":"Point","coordinates":[-88.21619,43.19342]},"properties":{"cbsa":"33340","metro":"Milwaukee-Waukesha  WI","units":3105,"sf":1734,"mf":1132,"small":239,"value":1185727000,"mf_share":0.3646,"rank":97}},{"type":"Feature","geometry":{"type":"Point","coordinates":[-80.81641,32.39758]},"properties":{"cbsa":"25940","metro":"Hilton Head Island-Bluffton-Port Royal  SC","units":3077,"sf":2390,"mf":687,"small":0,"value":1219287000,"mf_share":0.2233,"rank":98}},{"type":"Feature","geometry":{"type":"Point","coordinates":[-81.95281,26.90182]},"properties":{"cbsa":"39460","metro":"Punta Gorda  FL","units":3015,"sf":2571,"mf":214,"small":230,"value":898468000,"mf_share":0.071,"rank":99}},{"type":"Feature","geometry":{"type":"Point","coordinates":[-104.54651,40.46115]},"properties":{"cbsa":"24540","metro":"Greeley  CO","units":2993,"sf":2011,"mf":982,"small":0,"value":933320000,"mf_share":0.3281,"rank":100}},{"type":"Feature","geometry":{"type":"Point","coordinates":[-85.43628,35.0617]},"properties":{"cbsa":"16860","metro":"Chattanooga  TN-GA","units":2958,"sf":2547,"mf":159,"small":252,"value":697666000,"mf_share":0.0538,"rank":101}},{"type":"Feature","geometry":{"type":"Point","coordinates":[-119.66233,40.22381]},"properties":{"cbsa":"39900","metro":"Reno  NV","units":2951,"sf":1914,"mf":965,"small":72,"value":758003000,"mf_share":0.327,"rank":102}},{"type":"Feature","geometry":{"type":"Point","coordinates":[-87.70814,36.72694]},"properties":{"cbsa":"17300","metro":"Clarksville  TN-KY","units":2916,"sf":1754,"mf":1018,"small":144,"value":527442000,"mf_share":0.3491,"rank":103}},{"type":"Feature","geometry":{"type":"Point","coordinates":[-71.32692,41.66975]},"properties":{"cbsa":"39300","metro":"Providence-Warwick  RI-MA","units":2894,"sf":1169,"mf":1180,"small":545,"value":606850000,"mf_share":0.4077,"rank":104}},{"type":"Feature","geometry":{"type":"Point","coordinates":[-102.04759,33.3934]},"properties":{"cbsa":"31180","metro":"Lubbock  TX","units":2869,"sf":2046,"mf":789,"small":34,"value":759401000,"mf_share":0.275,"rank":105}},{"type":"Feature","geometry":{"type":"Point","coordinates":[-113.47641,37.37949]},"properties":{"cbsa":"41100","metro":"St. George  UT","units":2857,"sf":2497,"mf":326,"small":34,"value":656018000,"mf_share":0.1141,"rank":106}},{"type":"Feature","geometry":{"type":"Point","coordinates":[-106.73424,35.27208]},"properties":{"cbsa":"10740","metro":"Albuquerque  NM","units":2830,"sf":1812,"mf":984,"small":34,"value":596795000,"mf_share":0.3477,"rank":107}},{"type":"Feature","geometry":{"type":"Point","coordinates":[-84.25081,30.35238]},"properties":{"cbsa":"45220","metro":"Tallahassee  FL","units":2742,"sf":1234,"mf":1458,"small":50,"value":579403000,"mf_share":0.5317,"rank":108}},{"type":"Feature","geometry":{"type":"Point","coordinates":[-81.34872,26.20266]},"properties":{"cbsa":"34940","metro":"Naples-Marco Island  FL","units":2736,"sf":1945,"mf":724,"small":67,"value":1464941000,"mf_share":0.2646,"rank":109}},{"type":"Feature","geometry":{"type":"Point","coordinates":[-97.51997,26.19426]},"properties":{"cbsa":"15180","metro":"Brownsville-Harlingen  TX","units":2702,"sf":1838,"mf":687,"small":177,"value":460008000,"mf_share":0.2543,"rank":110}},{"type":"Feature","geometry":{"type":"Point","coordinates":[-87.78387,30.77428]},"properties":{"cbsa":"19300","metro":"Daphne-Fairhope-Foley  AL","units":2665,"sf":2517,"mf":132,"small":16,"value":869613000,"mf_share":0.0495,"rank":111}},{"type":"Feature","geometry":{"type":"Point","coordinates":[-121.25021,37.88269]},"properties":{"cbsa":"44700","metro":"Stockton-Lodi  CA","units":2522,"sf":2520,"mf":0,"small":2,"value":1021989000,"mf_share":0.0,"rank":112}},{"type":"Feature","geometry":{"type":"Point","coordinates":[-105.46471,40.69637]},"properties":{"cbsa":"22660","metro":"Fort Collins  CO","units":2436,"sf":985,"mf":1367,"small":84,"value":617874000,"mf_share":0.5612,"rank":113}},{"type":"Feature","geometry":{"type":"Point","coordinates":[-119.38459,46.2534]},"properties":{"cbsa":"28420","metro":"Kennewick-Richland  WA","units":2431,"sf":1381,"mf":977,"small":73,"value":592809000,"mf_share":0.4019,"rank":114}},{"type":"Feature","geometry":{"type":"Point","coordinates":[-96.91602,40.90001]},"properties":{"cbsa":"30700","metro":"Lincoln  NE","units":2402,"sf":1024,"mf":1364,"small":14,"value":537569000,"mf_share":0.5679,"rank":115}},{"type":"Feature","geometry":{"type":"Point","coordinates":[-96.4431,30.8751]},"properties":{"cbsa":"17780","metro":"College Station-Bryan  TX","units":2391,"sf":1748,"mf":455,"small":188,"value":484135000,"mf_share":0.1903,"rank":116}},{"type":"Feature","geometry":{"type":"Point","coordinates":[-84.46023,38.10436]},"properties":{"cbsa":"30460","metro":"Lexington-Fayette  KY","units":2327,"sf":1556,"mf":661,"small":110,"value":501985000,"mf_share":0.2841,"rank":117}},{"type":"Feature","geometry":{"type":"Point","coordinates":[-96.99528,43.45188]},"properties":{"cbsa":"43620","metro":"Sioux Falls  SD-MN","units":2327,"sf":1225,"mf":1026,"small":76,"value":512115000,"mf_share":0.4409,"rank":118}},{"type":"Feature","geometry":{"type":"Point","coordinates":[-85.69101,30.32907]},"properties":{"cbsa":"37460","metro":"Panama City-Panama City Beach  FL","units":2295,"sf":1908,"mf":344,"small":43,"value":756352000,"mf_share":0.1499,"rank":119}},{"type":"Feature","geometry":{"type":"Point","coordinates":[-73.73794,41.60334]},"properties":{"cbsa":"28880","metro":"Kiryas Joel-Poughkeepsie-Newburgh  NY","units":2220,"sf":841,"mf":1324,"small":55,"value":600521000,"mf_share":0.5964,"rank":120}},{"type":"Feature","geometry":{"type":"Point","coordinates":[-78.83531,35.41559]},"properties":{"cbsa":"11360","metro":"Anderson Creek  NC","units":2205,"sf":2195,"mf":0,"small":10,"value":722253000,"mf_share":0.0,"rank":121}},{"type":"Feature","geometry":{"type":"Point","coordinates":[-78.57,38.02692]},"properties":{"cbsa":"16820","metro":"Charlottesville  VA","units":2135,"sf":1068,"mf":1043,"small":24,"value":578628000,"mf_share":0.4885,"rank":122}},{"type":"Feature","geometry":{"type":"Point","coordinates":[-97.40691,27.95198]},"properties":{"cbsa":"18580","metro":"Corpus Christi  TX","units":2116,"sf":1952,"mf":142,"small":22,"value":564534000,"mf_share":0.0671,"rank":123}},{"type":"Feature","geometry":{"type":"Point","coordinates":[-79.05125,35.06451]},"properties":{"cbsa":"22180","metro":"Fayetteville  NC","units":2105,"sf":1379,"mf":716,"small":10,"value":444955000,"mf_share":0.3401,"rank":124}},{"type":"Feature","geometry":{"type":"Point","coordinates":[-82.4755,28.87788]},"properties":{"cbsa":"26140","metro":"Homosassa Springs  FL","units":2102,"sf":2082,"mf":6,"small":14,"value":514894000,"mf_share":0.0029,"rank":125}},{"type":"Feature","geometry":{"type":"Point","coordinates":[-92.29899,30.00403]},"properties":{"cbsa":"29180","metro":"Lafayette  LA","units":2063,"sf":2063,"mf":0,"small":0,"value":510902000,"mf_share":0.0,"rank":126}},{"type":"Feature","geometry":{"type":"Point","coordinates":[-105.40912,31.30368]},"properties":{"cbsa":"21340","metro":"El Paso  TX","units":2050,"sf":1790,"mf":142,"small":118,"value":457336000,"mf_share":0.0693,"rank":127}},{"type":"Feature","geometry":{"type":"Point","coordinates":[-73.71091,42.86744]},"properties":{"cbsa":"10580","metro":"Albany-Schenectady-Troy  NY","units":2047,"sf":1277,"mf":697,"small":73,"value":627797000,"mf_share":0.3405,"rank":128}},{"type":"Feature","geometry":{"type":"Point","coordinates":[-76.18105,43.19506]},"properties":{"cbsa":"45060","metro":"Syracuse  NY","units":2041,"sf":617,"mf":1363,"small":61,"value":316977000,"mf_share":0.6678,"rank":129}},{"type":"Feature","geometry":{"type":"Point","coordinates":[-79.40003,36.07532]},"properties":{"cbsa":"15500","metro":"Burlington  NC","units":2027,"sf":1674,"mf":319,"small":34,"value":343665000,"mf_share":0.1574,"rank":130}},{"type":"Feature","geometry":{"type":"Point","coordinates":[-105.35019,40.13578]},"properties":{"cbsa":"14500","metro":"Boulder  CO","units":2001,"sf":428,"mf":1534,"small":39,"value":569586000,"mf_share":0.7666,"rank":131}},{"type":"Feature","geometry":{"type":"Point","coordinates":[-83.78919,34.31491]},"properties":{"cbsa":"23580","metro":"Gainesville  GA","units":1996,"sf":1892,"mf":86,"small":18,"value":642767000,"mf_share":0.0431,"rank":132}},{"type":"Feature","geometry":{"type":"Point","coordinates":[-84.26836,39.86526]},"properties":{"cbsa":"19430","metro":"Dayton-Kettering-Beavercreek  OH","units":1986,"sf":1309,"mf":532,"small":145,"value":560106000,"mf_share":0.2679,"rank":133}},{"type":"Feature","geometry":{"type":"Point","coordinates":[-75.35793,40.76157]},"properties":{"cbsa":"10900","metro":"Allentown-Bethlehem-Easton  PA-NJ","units":1974,"sf":1202,"mf":711,"small":61,"value":447017000,"mf_share":0.3602,"rank":134}},{"type":"Feature","geometry":{"type":"Point","coordinates":[-96.66303,33.56597]},"properties":{"cbsa":"43300","metro":"Sherman-Denison  TX","units":1881,"sf":1175,"mf":696,"small":10,"value":449705000,"mf_share":0.37,"rank":135}},{"type":"Feature","geometry":{"type":"Point","coordinates":[-83.57976,34.1625]},"properties":{"cbsa":"27600","metro":"Jefferson  GA","units":1827,"sf":1816,"mf":11,"small":0,"value":626755000,"mf_share":0.006,"rank":136}},{"type":"Feature","geometry":{"type":"Point","coordinates":[-113.99441,35.59939]},"properties":{"cbsa":"29420","metro":"Lake Havasu City-Kingman  AZ","units":1817,"sf":1706,"mf":64,"small":47,"value":373895000,"mf_share":0.0352,"rank":137}},{"type":"Feature","geometry":{"type":"Point","coordinates":[-118.80514,36.13898]},"properties":{"cbsa":"47300","metro":"Visalia  CA","units":1790,"sf":1567,"mf":130,"small":93,"value":473582000,"mf_share":0.0726,"rank":138}},{"type":"Feature","geometry":{"type":"Point","coordinates":[-122.59744,47.72528]},"properties":{"cbsa":"14740","metro":"Bremerton-Silverdale-Port Orchard  WA","units":1780,"sf":631,"mf":1128,"small":21,"value":496145000,"mf_share":0.6337,"rank":139}},{"type":"Feature","geometry":{"type":"Point","coordinates":[-93.15672,37.35472]},"properties":{"cbsa":"44180","metro":"Springfield  MO","units":1761,"sf":1407,"mf":256,"small":98,"value":554227000,"mf_share":0.1454,"rank":140}},{"type":"Feature","geometry":{"type":"Point","coordinates":[-77.4521,42.94681]},"properties":{"cbsa":"40380","metro":"Rochester  NY","units":1750,"sf":1251,"mf":404,"small":95,"value":526914000,"mf_share":0.2309,"rank":141}},{"type":"Feature","geometry":{"type":"Point","coordinates":[-112.44368,34.68191]},"properties":{"cbsa":"39150","metro":"Prescott Valley-Prescott  AZ","units":1718,"sf":1347,"mf":304,"small":67,"value":629946000,"mf_share":0.1769,"rank":142}},{"type":"Feature","geometry":{"type":"Point","coordinates":[-116.68529,47.575]},"properties":{"cbsa":"17660","metro":"Coeur dAlene  ID","units":1705,"sf":1217,"mf":411,"small":77,"value":546512000,"mf_share":0.2411,"rank":143}},{"type":"Feature","geometry":{"type":"Point","coordinates":[-89.8684,29.6209]},"properties":{"cbsa":"35380","metro":"New Orleans-Metairie  LA","units":1694,"sf":922,"mf":318,"small":454,"value":405755000,"mf_share":0.1877,"rank":144}},{"type":"Feature","geometry":{"type":"Point","coordinates":[-111.24216,40.53196]},"properties":{"cbsa":"25720","metro":"Heber  UT","units":1691,"sf":1120,"mf":561,"small":10,"value":1194174000,"mf_share":0.3318,"rank":145}},{"type":"Feature","geometry":{"type":"Point","coordinates":[-71.94334,42.40923]},"properties":{"cbsa":"49340","metro":"Worcester  MA","units":1690,"sf":776,"mf":807,"small":107,"value":442148000,"mf_share":0.4775,"rank":146}},{"type":"Feature","geometry":{"type":"Point","coordinates":[-122.87944,38.493]},"properties":{"cbsa":"42220","metro":"Santa Rosa-Petaluma  CA","units":1690,"sf":790,"mf":892,"small":8,"value":422896000,"mf_share":0.5278,"rank":147}},{"type":"Feature","geometry":{"type":"Point","coordinates":[-122.90143,46.98648]},"properties":{"cbsa":"36500","metro":"Olympia-Lacey-Tumwater  WA","units":1669,"sf":743,"mf":908,"small":18,"value":326366000,"mf_share":0.544,"rank":148}},{"type":"Feature","geometry":{"type":"Point","coordinates":[-85.06931,40.95597]},"properties":{"cbsa":"23060","metro":"Fort Wayne  IN","units":1641,"sf":1449,"mf":134,"small":58,"value":559892000,"mf_share":0.0817,"rank":149}},{"type":"Feature","geometry":{"type":"Point","coordinates":[-78.11126,39.48823]},"properties":{"cbsa":"25180","metro":"Hagerstown-Martinsburg  MD-WV","units":1624,"sf":1416,"mf":202,"small":6,"value":372435000,"mf_share":0.1244,"rank":150}},{"type":"Feature","geometry":{"type":"Point","coordinates":[-74.65798,39.34232]},"properties":{"cbsa":"12100","metro":"Atlantic City-Hammonton  NJ","units":1613,"sf":1347,"mf":81,"small":185,"value":547836000,"mf_share":0.0502,"rank":151}},{"type":"Feature","geometry":{"type":"Point","coordinates":[-119.11852,34.61525]},"properties":{"cbsa":"37100","metro":"Oxnard-Thousand Oaks-Ventura  CA","units":1609,"sf":540,"mf":1042,"small":27,"value":383220000,"mf_share":0.6476,"rank":152}},{"type":"Feature","geometry":{"type":"Point","coordinates":[-76.74485,39.98065]},"properties":{"cbsa":"49620","metro":"York-Hanover  PA","units":1589,"sf":1025,"mf":554,"small":10,"value":367170000,"mf_share":0.3486,"rank":153}},{"type":"Feature","geometry":{"type":"Point","coordinates":[-85.45537,32.4844]},"properties":{"cbsa":"12220","metro":"Auburn-Opelika  AL","units":1581,"sf":1557,"mf":0,"small":24,"value":453998000,"mf_share":0.0,"rank":154}},{"type":"Feature","geometry":{"type":"Point","coordinates":[-89.93824,32.51974]},"properties":{"cbsa":"27140","metro":"Jackson  MS","units":1568,"sf":1402,"mf":101,"small":65,"value":397211000,"mf_share":0.0644,"rank":155}},{"type":"Feature","geometry":{"type":"Point","coordinates":[-66.07039,18.23361]},"properties":{"cbsa":"41980","metro":"San Juan-Bayamon-Caguas  PR","units":1546,"sf":1459,"mf":62,"small":25,"value":289771000,"mf_share":0.0401,"rank":156}},{"type":"Feature","geometry":{"type":"Point","coordinates":[-122.76927,43.86601]},"properties":{"cbsa":"21660","metro":"Eugene-Springfield  OR","units":1545,"sf":730,"mf":749,"small":66,"value":341658000,"mf_share":0.4848,"rank":157}},{"type":"Feature","geometry":{"type":"Point","coordinates":[-111.19959,45.17571]},"properties":{"cbsa":"14580","metro":"Bozeman  MT","units":1544,"sf":843,"mf":567,"small":134,"value":288233000,"mf_share":0.3672,"rank":158}},{"type":"Feature","geometry":{"type":"Point","coordinates":[-112.69339,43.64104]},"properties":{"cbsa":"26820","metro":"Idaho Falls  ID","units":1540,"sf":1016,"mf":470,"small":54,"value":314755000,"mf_share":0.3052,"rank":159}},{"type":"Feature","geometry":{"type":"Point","coordinates":[-72.61992,41.64689]},"properties":{"cbsa":"25540","metro":"Hartford-West Hartford-East Hartford  CT","units":1504,"sf":515,"mf":891,"small":98,"value":355421000,"mf_share":0.5924,"rank":160}},{"type":"Feature","geometry":{"type":"Point","coordinates":[-96.92802,46.84761]},"properties":{"cbsa":"22020","metro":"Fargo  ND-MN","units":1498,"sf":812,"mf":668,"small":18,"value":384830000,"mf_share":0.4459,"rank":161}},{"type":"Feature","geometry":{"type":"Point","coordinates":[-78.6876,42.90991]},"properties":{"cbsa":"15380","metro":"Buffalo-Cheektowaga  NY","units":1484,"sf":902,"mf":500,"small":82,"value":495793000,"mf_share":0.3369,"rank":162}},{"type":"Feature","geometry":{"type":"Point","coordinates":[-86.44152,37.02653]},"properties":{"cbsa":"14540","metro":"Bowling Green  KY","units":1470,"sf":708,"mf":708,"small":54,"value":316449000,"mf_share":0.4816,"rank":163}},{"type":"Feature","geometry":{"type":"Point","coordinates":[-97.25559,31.63011]},"properties":{"cbsa":"47380","metro":"Waco  TX","units":1460,"sf":786,"mf":568,"small":106,"value":317669000,"mf_share":0.389,"rank":164}},{"type":"Feature","geometry":{"type":"Point","coordinates":[-158.03398,21.47717]},"properties":{"cbsa":"46520","metro":"Urban Honolulu  HI","units":1446,"sf":607,"mf":717,"small":122,"value":465000000,"mf_share":0.4959,"rank":165}},{"type":"Feature","geometry":{"type":"Point","coordinates":[-123.14555,44.97842]},"properties":{"cbsa":"41420","metro":"Salem  OR","units":1426,"sf":873,"mf":496,"small":57,"value":374679000,"mf_share":0.3478,"rank":166}},{"type":"Feature","geometry":{"type":"Point","coordinates":[-81.71765,32.3455]},"properties":{"cbsa":"44340","metro":"Statesboro  GA","units":1414,"sf":945,"mf":298,"small":171,"value":240941000,"mf_share":0.2107,"rank":167}},{"type":"Feature","geometry":{"type":"Point","coordinates":[-88.08455,44.7874]},"properties":{"cbsa":"24580","metro":"Green Bay  WI","units":1413,"sf":832,"mf":413,"small":168,"value":512626000,"mf_share":0.2923,"rank":168}},{"type":"Feature","geometry":{"type":"Point","coordinates":[-77.38996,34.67934]},"properties":{"cbsa":"27340","metro":"Jacksonville  NC","units":1372,"sf":1318,"mf":20,"small":34,"value":298503000,"mf_share":0.0146,"rank":169}},{"type":"Feature","geometry":{"type":"Point","coordinates":[-120.03062,34.79813]},"properties":{"cbsa":"42200","metro":"Santa Maria-Santa Barbara  CA","units":1371,"sf":433,"mf":936,"small":2,"value":342915000,"mf_share":0.6827,"rank":170}},{"type":"Feature","geometry":{"type":"Point","coordinates":[-83.73336,32.49602]},"properties":{"cbsa":"47580","metro":"Warner Robins  GA","units":1357,"sf":1271,"mf":84,"small":2,"value":241583000,"mf_share":0.0619,"rank":171}},{"type":"Feature","geometry":{"type":"Point","coordinates":[-99.29054,27.72942]},"properties":{"cbsa":"29700","metro":"Laredo  TX","units":1340,"sf":1029,"mf":257,"small":54,"value":321499000,"mf_share":0.1918,"rank":172}},{"type":"Feature","geometry":{"type":"Point","coordinates":[-101.95152,32.30539]},"properties":{"cbsa":"33260","metro":"Midland  TX","units":1322,"sf":1322,"mf":0,"small":0,"value":298396000,"mf_share":0.0,"rank":173}},{"type":"Feature","geometry":{"type":"Point","coordinates":[-76.23345,39.99495]},"properties":{"cbsa":"29540","metro":"Lancaster  PA","units":1296,"sf":818,"mf":429,"small":49,"value":360068000,"mf_share":0.331,"rank":174}},{"type":"Feature","geometry":{"type":"Point","coordinates":[-77.39247,35.60333]},"properties":{"cbsa":"24780","metro":"Greenville  NC","units":1285,"sf":1108,"mf":28,"small":149,"value":235017000,"mf_share":0.0218,"rank":175}},{"type":"Feature","geometry":{"type":"Point","coordinates":[-83.17495,33.98535]},"properties":{"cbsa":"12020","metro":"Athens-Clarke County  GA","units":1278,"sf":756,"mf":522,"small":0,"value":330509000,"mf_share":0.4085,"rank":176}},{"type":"Feature","geometry":{"type":"Point","coordinates":[-91.59823,41.55492]},"properties":{"cbsa":"26980","metro":"Iowa City  IA","units":1266,"sf":526,"mf":683,"small":57,"value":321321000,"mf_share":0.5395,"rank":177}},{"type":"Feature","geometry":{"type":"Point","coordinates":[-88.26099,44.24148]},"properties":{"cbsa":"11540","metro":"Appleton  WI","units":1264,"sf":626,"mf":584,"small":54,"value":346917000,"mf_share":0.462,"rank":178}},{"type":"Feature","geometry":{"type":"Point","coordinates":[-86.71609,39.25392]},"properties":{"cbsa":"14020","metro":"Bloomington  IN","units":1261,"sf":312,"mf":878,"small":71,"value":294718000,"mf_share":0.6963,"rank":179}},{"type":"Feature","geometry":{"type":"Point","coordinates":[-75.57312,39.09579]},"properties":{"cbsa":"20100","metro":"Dover  DE","units":1261,"sf":1030,"mf":195,"small":36,"value":187686000,"mf_share":0.1546,"rank":180}},{"type":"Feature","geometry":{"type":"Point","coordinates":[-73.12512,44.59358]},"properties":{"cbsa":"15540","metro":"Burlington-South Burlington  VT","units":1258,"sf":456,"mf":732,"small":70,"value":395107000,"mf_share":0.5819,"rank":181}},{"type":"Feature","geometry":{"type":"Point","coordinates":[-155.43957,19.5804]},"properties":{"cbsa":"25900","metro":"Hilo-Kailua  HI","units":1230,"sf":1156,"mf":56,"small":18,"value":520772000,"mf_share":0.0455,"rank":182}},{"type":"Feature","geometry":{"type":"Point","coordinates":[-121.73083,48.81365]},"properties":{"cbsa":"13380","metro":"Bellingham  WA","units":1214,"sf":607,"mf":496,"small":111,"value":281104000,"mf_share":0.4086,"rank":183}},{"type":"Feature","geometry":{"type":"Point","coordinates":[-120.9789,37.55777]},"properties":{"cbsa":"33700","metro":"Modesto  CA","units":1205,"sf":894,"mf":300,"small":11,"value":202259000,"mf_share":0.249,"rank":184}},{"type":"Feature","geometry":{"type":"Point","coordinates":[-77.11585,40.34452]},"properties":{"cbsa":"25420","metro":"Harrisburg-Carlisle  PA","units":1201,"sf":899,"mf":237,"small":65,"value":306286000,"mf_share":0.1973,"rank":185}},{"type":"Feature","geometry":{"type":"Point","coordinates":[-111.75622,41.86166]},"properties":{"cbsa":"30860","metro":"Logan  UT-ID","units":1176,"sf":914,"mf":262,"small":0,"value":371353000,"mf_share":0.2228,"rank":186}},{"type":"Feature","geometry":{"type":"Point","coordinates":[-74.70226,40.28915]},"properties":{"cbsa":"45940","metro":"Trenton-Princeton  NJ","units":1164,"sf":805,"mf":340,"small":19,"value":220873000,"mf_share":0.2921,"rank":187}},{"type":"Feature","geometry":{"type":"Point","coordinates":[-90.40659,30.62302]},"properties":{"cbsa":"25220","metro":"Hammond  LA","units":1163,"sf":696,"mf":461,"small":6,"value":204777000,"mf_share":0.3964,"rank":188}},{"type":"Feature","geometry":{"type":"Point","coordinates":[-99.87931,32.51895]},"properties":{"cbsa":"10180","metro":"Abilene  TX","units":1160,"sf":834,"mf":0,"small":326,"value":277030000,"mf_share":0.0,"rank":189}},{"type":"Feature","geometry":{"type":"Point","coordinates":[-82.38269,36.57873]},"properties":{"cbsa":"28700","metro":"Kingsport-Bristol  TN-VA","units":1156,"sf":817,"mf":319,"small":20,"value":224201000,"mf_share":0.276,"rank":190}},{"type":"Feature","geometry":{"type":"Point","coordinates":[-113.94653,32.75763]},"properties":{"cbsa":"49740","metro":"Yuma  AZ","units":1155,"sf":806,"mf":308,"small":41,"value":200527000,"mf_share":0.2667,"rank":191}},{"type":"Feature","geometry":{"type":"Point","coordinates":[-83.49696,35.77024]},"properties":{"cbsa":"42940","metro":"Sevierville  TN","units":1139,"sf":1011,"mf":77,"small":51,"value":334746000,"mf_share":0.0676,"rank":192}},{"type":"Feature","geometry":{"type":"Point","coordinates":[-79.21847,37.40992]},"properties":{"cbsa":"31340","metro":"Lynchburg  VA","units":1115,"sf":975,"mf":122,"small":18,"value":313202000,"mf_share":0.1094,"rank":193}},{"type":"Feature","geometry":{"type":"Point","coordinates":[-88.21846,30.74448]},"properties":{"cbsa":"33660","metro":"Mobile  AL","units":1102,"sf":986,"mf":102,"small":14,"value":303286000,"mf_share":0.0926,"rank":194}},{"type":"Feature","geometry":{"type":"Point","coordinates":[-89.9666,30.43402]},"properties":{"cbsa":"43640","metro":"Slidell-Mandeville-Covington  LA","units":1096,"sf":1086,"mf":0,"small":10,"value":349056000,"mf_share":0.0,"rank":195}},{"type":"Feature","geometry":{"type":"Point","coordinates":[-83.83849,42.25487]},"properties":{"cbsa":"11460","metro":"Ann Arbor  MI","units":1088,"sf":532,"mf":534,"small":22,"value":440925000,"mf_share":0.4908,"rank":196}},{"type":"Feature","geometry":{"type":"Point","coordinates":[-120.16479,47.85716]},"properties":{"cbsa":"48300","metro":"Wenatchee-East Wenatchee  WA","units":1086,"sf":530,"mf":521,"small":35,"value":309572000,"mf_share":0.4797,"rank":197}},{"type":"Feature","geometry":{"type":"Point","coordinates":[-79.45703,35.28765]},"properties":{"cbsa":"38240","metro":"Pinehurst-Southern Pines  NC","units":1077,"sf":1043,"mf":0,"small":34,"value":257503000,"mf_share":0.0,"rank":198}},{"type":"Feature","geometry":{"type":"Point","coordinates":[-86.42072,32.38039]},"properties":{"cbsa":"33860","metro":"Montgomery  AL","units":1073,"sf":809,"mf":264,"small":0,"value":249621000,"mf_share":0.246,"rank":199}},{"type":"Feature","geometry":{"type":"Point","coordinates":[-77.70316,40.0246]},"properties":{"cbsa":"16540","metro":"Chambersburg  PA","units":1033,"sf":576,"mf":375,"small":82,"value":233702000,"mf_share":0.363,"rank":200}},{"type":"Feature","geometry":{"type":"Point","coordinates":[-93.74246,32.48736]},"properties":{"cbsa":"43340","metro":"Shreveport-Bossier City  LA","units":1029,"sf":939,"mf":82,"small":8,"value":248647000,"mf_share":0.0797,"rank":201}},{"type":"Feature","geometry":{"type":"Point","coordinates":[-108.80893,45.69629]},"properties":{"cbsa":"13740","metro":"Billings  MT","units":1029,"sf":709,"mf":116,"small":204,"value":290348000,"mf_share":0.1127,"rank":202}},{"type":"Feature","geometry":{"type":"Point","coordinates":[-72.83281,41.37663]},"properties":{"cbsa":"35300","metro":"New Haven  CT","units":1020,"sf":161,"mf":762,"small":97,"value":167023000,"mf_share":0.7471,"rank":203}},{"type":"Feature","geometry":{"type":"Point","coordinates":[-90.66118,35.79465]},"properties":{"cbsa":"27860","metro":"Jonesboro  AR","units":1017,"sf":616,"mf":119,"small":282,"value":127810000,"mf_share":0.117,"rank":204}},{"type":"Feature","geometry":{"type":"Point","coordinates":[-111.45194,44.25238]},"properties":{"cbsa":"39940","metro":"Rexburg  ID","units":998,"sf":540,"mf":270,"small":188,"value":193981000,"mf_share":0.2705,"rank":205}},{"type":"Feature","geometry":{"type":"Point","coordinates":[-121.58163,39.69855]},"properties":{"cbsa":"17020","metro":"Chico  CA","units":997,"sf":662,"mf":301,"small":34,"value":165853000,"mf_share":0.3019,"rank":206}},{"type":"Feature","geometry":{"type":"Point","coordinates":[-79.11886,38.19353]},"properties":{"cbsa":"44420","metro":"Staunton-Stuarts Draft  VA","units":995,"sf":517,"mf":470,"small":8,"value":216874000,"mf_share":0.4724,"rank":207}},{"type":"Feature","geometry":{"type":"Point","coordinates":[-102.0641,35.40117]},"properties":{"cbsa":"11100","metro":"Amarillo  TX","units":994,"sf":652,"mf":312,"small":30,"value":243825000,"mf_share":0.3139,"rank":208}},{"type":"Feature","geometry":{"type":"Point","coordinates":[-91.5984,42.16439]},"properties":{"cbsa":"16300","metro":"Cedar Rapids  IA","units":987,"sf":464,"mf":400,"small":123,"value":236830000,"mf_share":0.4053,"rank":209}},{"type":"Feature","geometry":{"type":"Point","coordinates":[-94.08382,30.03694]},"properties":{"cbsa":"13140","metro":"Beaumont-Port Arthur  TX","units":960,"sf":879,"mf":67,"small":14,"value":266707000,"mf_share":0.0698,"rank":210}},{"type":"Feature","geometry":{"type":"Point","coordinates":[-102.78727,44.38377]},"properties":{"cbsa":"39660","metro":"Rapid City  SD","units":958,"sf":860,"mf":80,"small":18,"value":320451000,"mf_share":0.0835,"rank":211}},{"type":"Feature","geometry":{"type":"Point","coordinates":[-77.98482,35.39328]},"properties":{"cbsa":"24140","metro":"Goldsboro  NC","units":954,"sf":879,"mf":54,"small":21,"value":156226000,"mf_share":0.0566,"rank":212}},{"type":"Feature","geometry":{"type":"Point","coordinates":[-91.28658,44.90087]},"properties":{"cbsa":"20740","metro":"Eau Claire  WI","units":946,"sf":331,"mf":479,"small":136,"value":249936000,"mf_share":0.5063,"rank":213}},{"type":"Feature","geometry":{"type":"Point","coordinates":[-122.75705,42.58855]},"properties":{"cbsa":"32780","metro":"Medford  OR","units":944,"sf":609,"mf":310,"small":25,"value":245269000,"mf_share":0.3284,"rank":214}},{"type":"Feature","geometry":{"type":"Point","coordinates":[-84.65023,35.17096]},"properties":{"cbsa":"17420","metro":"Cleveland  TN","units":938,"sf":844,"mf":30,"small":64,"value":241613000,"mf_share":0.032,"rank":215}},{"type":"Feature","geometry":{"type":"Point","coordinates":[-102.5431,31.86879]},"properties":{"cbsa":"36220","metro":"Odessa  TX","units":921,"sf":921,"mf":0,"small":0,"value":228214000,"mf_share":0.0,"rank":216}},{"type":"Feature","geometry":{"type":"Point","coordinates":[-82.29457,36.24642]},"properties":{"cbsa":"27740","metro":"Johnson City  TN","units":915,"sf":868,"mf":21,"small":26,"value":328732000,"mf_share":0.023,"rank":217}},{"type":"Feature","geometry":{"type":"Point","coordinates":[-88.19565,40.35611]},"properties":{"cbsa":"16580","metro":"Champaign-Urbana  IL","units":913,"sf":312,"mf":585,"small":16,"value":193557000,"mf_share":0.6407,"rank":218}},{"type":"Feature","geometry":{"type":"Point","coordinates":[-83.35464,30.9474]},"properties":{"cbsa":"46660","metro":"Valdosta  GA","units":905,"sf":901,"mf":0,"small":4,"value":203758000,"mf_share":0.0,"rank":219}},{"type":"Feature","geometry":{"type":"Point","coordinates":[-78.49065,39.29775]},"properties":{"cbsa":"49020","metro":"Winchester  VA-WV","units":904,"sf":900,"mf":0,"small":4,"value":210007000,"mf_share":0.0,"rank":220}},{"type":"Feature","geometry":{"type":"Point","coordinates":[-79.82853,34.12941]},"properties":{"cbsa":"22500","metro":"Florence  SC","units":902,"sf":750,"mf":136,"small":16,"value":157201000,"mf_share":0.1508,"rank":221}},{"type":"Feature","geometry":{"type":"Point","coordinates":[-157.00771,21.13488]},"properties":{"cbsa":"27980","metro":"Kahului-Wailuku  HI","units":902,"sf":527,"mf":297,"small":78,"value":285771000,"mf_share":0.3293,"rank":222}},{"type":"Feature","geometry":{"type":"Point","coordinates":[-94.21875,46.91718]},"properties":{"cbsa":"14660","metro":"Brainerd  MN","units":896,"sf":708,"mf":168,"small":20,"value":286691000,"mf_share":0.1875,"rank":223}},{"type":"Feature","geometry":{"type":"Point","coordinates":[-88.05967,42.59502]},"properties":{"cbsa":"28450","metro":"Kenosha  WI","units":892,"sf":180,"mf":518,"small":194,"value":356779000,"mf_share":0.5807,"rank":224}},{"type":"Feature","geometry":{"type":"Point","coordinates":[-113.77234,47.12605]},"properties":{"cbsa":"33540","metro":"Missoula  MT","units":889,"sf":426,"mf":387,"small":76,"value":208579000,"mf_share":0.4353,"rank":225}},{"type":"Feature","geometry":{"type":"Point","coordinates":[-121.90294,38.25478]},"properties":{"cbsa":"46700","metro":"Vallejo  CA","units":881,"sf":750,"mf":120,"small":11,"value":287438000,"mf_share":0.1362,"rank":226}},{"type":"Feature","geometry":{"type":"Point","coordinates":[-80.04657,37.28793]},"properties":{"cbsa":"40220","metro":"Roanoke  VA","units":877,"sf":555,"mf":316,"small":6,"value":228284000,"mf_share":0.3603,"rank":227}},{"type":"Feature","geometry":{"type":"Point","coordinates":[-93.03931,36.6522]},"properties":{"cbsa":"14700","metro":"Branson  MO","units":863,"sf":861,"mf":0,"small":2,"value":294481000,"mf_share":0.0,"rank":228}},{"type":"Feature","geometry":{"type":"Point","coordinates":[-84.61271,42.63982]},"properties":{"cbsa":"29620","metro":"Lansing-East Lansing  MI","units":861,"sf":547,"mf":286,"small":28,"value":227301000,"mf_share":0.3322,"rank":229}},{"type":"Feature","geometry":{"type":"Point","coordinates":[-78.94655,38.51891]},"properties":{"cbsa":"25500","metro":"Harrisonburg  VA","units":847,"sf":662,"mf":121,"small":64,"value":188889000,"mf_share":0.1429,"rank":230}},{"type":"Feature","geometry":{"type":"Point","coordinates":[-106.83779,32.30331]},"properties":{"cbsa":"29740","metro":"Las Cruces  NM","units":833,"sf":744,"mf":0,"small":89,"value":211843000,"mf_share":0.0,"rank":231}},{"type":"Feature","geometry":{"type":"Point","coordinates":[-114.07063,48.27874]},"properties":{"cbsa":"28060","metro":"Kalispell  MT","units":830,"sf":196,"mf":630,"small":4,"value":220028000,"mf_share":0.759,"rank":232}},{"type":"Feature","geometry":{"type":"Point","coordinates":[-87.60971,37.99614]},"properties":{"cbsa":"21780","metro":"Evansville  IN","units":825,"sf":594,"mf":120,"small":111,"value":234101000,"mf_share":0.1455,"rank":233}},{"type":"Feature","geometry":{"type":"Point","coordinates":[-92.56689,39.0163]},"properties":{"cbsa":"17860","metro":"Columbia  MO","units":825,"sf":643,"mf":146,"small":36,"value":304715000,"mf_share":0.177,"rank":234}},{"type":"Feature","geometry":{"type":"Point","coordinates":[-121.60128,39.22628]},"properties":{"cbsa":"49700","metro":"Yuba City  CA","units":821,"sf":589,"mf":211,"small":21,"value":288412000,"mf_share":0.257,"rank":235}},{"type":"Feature","geometry":{"type":"Point","coordinates":[-85.22758,32.98992]},"properties":{"cbsa":"29300","metro":"LaGrange  GA-AL","units":818,"sf":462,"mf":346,"small":10,"value":210664000,"mf_share":0.423,"rank":236}},{"type":"Feature","geometry":{"type":"Point","coordinates":[-84.27203,37.53096]},"properties":{"cbsa":"40080","metro":"Richmond-Berea  KY","units":813,"sf":473,"mf":308,"small":32,"value":78587000,"mf_share":0.3788,"rank":237}},{"type":"Feature","geometry":{"type":"Point","coordinates":[-108.58576,38.94423]},"properties":{"cbsa":"24300","metro":"Grand Junction  CO","units":810,"sf":693,"mf":117,"small":0,"value":112920000,"mf_share":0.1444,"rank":238}},{"type":"Feature","geometry":{"type":"Point","coordinates":[-85.76431,44.88285]},"properties":{"cbsa":"45900","metro":"Traverse City  MI","units":808,"sf":786,"mf":6,"small":16,"value":203011000,"mf_share":0.0074,"rank":239}},{"type":"Feature","geometry":{"type":"Point","coordinates":[-85.45468,36.17045]},"properties":{"cbsa":"18260","metro":"Cookeville  TN","units":801,"sf":749,"mf":38,"small":14,"value":217884000,"mf_share":0.0474,"rank":240}},{"type":"Feature","geometry":{"type":"Point","coordinates":[-94.64008,45.52615]},"properties":{"cbsa":"41060","metro":"St. Cloud  MN","units":787,"sf":434,"mf":329,"small":24,"value":208657000,"mf_share":0.418,"rank":241}},{"type":"Feature","geometry":{"type":"Point","coordinates":[-120.61636,37.22232]},"properties":{"cbsa":"32900","metro":"Merced  CA","units":780,"sf":697,"mf":80,"small":3,"value":246738000,"mf_share":0.1026,"rank":242}},{"type":"Feature","geometry":{"type":"Point","coordinates":[-85.85925,41.6412]},"properties":{"cbsa":"21140","metro":"Elkhart-Goshen  IN","units":777,"sf":325,"mf":442,"small":10,"value":188730000,"mf_share":0.5689,"rank":243}},{"type":"Feature","geometry":{"type":"Point","coordinates":[-121.491,36.35879]},"properties":{"cbsa":"41500","metro":"Salinas  CA","units":775,"sf":663,"mf":96,"small":16,"value":168739000,"mf_share":0.1239,"rank":244}},{"type":"Feature","geometry":{"type":"Point","coordinates":[-81.28188,27.28268]},"properties":{"cbsa":"42700","metro":"Sebring-  FL","units":768,"sf":706,"mf":0,"small":62,"value":183146000,"mf_share":0.0,"rank":245}},{"type":"Feature","geometry":{"type":"Point","coordinates":[-83.11146,34.77466]},"properties":{"cbsa":"42860","metro":"Seneca  SC","units":753,"sf":733,"mf":20,"small":0,"value":320779000,"mf_share":0.0266,"rank":246}},{"type":"Feature","geometry":{"type":"Point","coordinates":[-81.3448,41.06142]},"properties":{"cbsa":"10420","metro":"Akron  OH","units":751,"sf":638,"mf":78,"small":35,"value":298000000,"mf_share":0.1039,"rank":247}},{"type":"Feature","geometry":{"type":"Point","coordinates":[-86.29371,41.70475]},"properties":{"cbsa":"43780","metro":"South Bend-Mishawaka  IN-MI","units":751,"sf":517,"mf":191,"small":43,"value":265623000,"mf_share":0.2543,"rank":248}},{"type":"Feature","geometry":{"type":"Point","coordinates":[-92.56264,43.97765]},"properties":{"cbsa":"40340","metro":"Rochester  MN","units":734,"sf":483,"mf":241,"small":10,"value":213245000,"mf_share":0.3283,"rank":249}},{"type":"Feature","geometry":{"type":"Point","coordinates":[-67.07016,18.37604]},"properties":{"cbsa":"10380","metro":"Aguadilla  PR","units":716,"sf":519,"mf":168,"small":29,"value":94341000,"mf_share":0.2346,"rank":250}},{"type":"Feature","geometry":{"type":"Point","coordinates":[-120.64934,46.58109]},"properties":{"cbsa":"49420","metro":"Yakima  WA","units":713,"sf":602,"mf":80,"small":31,"value":197395000,"mf_share":0.1122,"rank":251}},{"type":"Feature","geometry":{"type":"Point","coordinates":[-72.16946,43.79448]},"properties":{"cbsa":"30150","metro":"Lebanon-Claremont  NH-VT","units":706,"sf":562,"mf":104,"small":40,"value":271774000,"mf_share":0.1473,"rank":252}},{"type":"Feature","geometry":{"type":"Point","coordinates":[-77.00285,35.12209]},"properties":{"cbsa":"35100","metro":"New Bern  NC","units":696,"sf":696,"mf":0,"small":0,"value":172493000,"mf_share":0.0,"rank":253}},{"type":"Feature","geometry":{"type":"Point","coordinates":[-88.54189,42.68618]},"properties":{"cbsa":"48580","metro":"Whitewater-Elkhorn  WI","units":691,"sf":405,"mf":250,"small":36,"value":224393000,"mf_share":0.3618,"rank":254}},{"type":"Feature","geometry":{"type":"Point","coordinates":[-88.64512,44.12195]},"properties":{"cbsa":"36780","metro":"Oshkosh-Neenah  WI","units":682,"sf":283,"mf":387,"small":12,"value":160985000,"mf_share":0.5674,"rank":255}},{"type":"Feature","geometry":{"type":"Point","coordinates":[-113.31665,37.84348]},"properties":{"cbsa":"16260","metro":"Cedar City  UT","units":678,"sf":678,"mf":0,"small":0,"value":190390000,"mf_share":0.0,"rank":256}},{"type":"Feature","geometry":{"type":"Point","coordinates":[-79.19807,35.41152]},"properties":{"cbsa":"41820","metro":"Sanford  NC","units":674,"sf":674,"mf":0,"small":0,"value":125231000,"mf_share":0.0,"rank":257}},{"type":"Feature","geometry":{"type":"Point","coordinates":[-114.55299,42.46589]},"properties":{"cbsa":"46300","metro":"Twin Falls  ID","units":670,"sf":644,"mf":6,"small":20,"value":193874000,"mf_share":0.009,"rank":258}},{"type":"Feature","geometry":{"type":"Point","coordinates":[-88.04298,42.73119]},"properties":{"cbsa":"39540","metro":"Racine-Mount Pleasant  WI","units":667,"sf":232,"mf":363,"small":72,"value":156133000,"mf_share":0.5442,"rank":259}},{"type":"Feature","geometry":{"type":"Point","coordinates":[-94.2515,35.35225]},"properties":{"cbsa":"22900","metro":"Fort Smith  AR-OK","units":663,"sf":245,"mf":112,"small":306,"value":112577000,"mf_share":0.1689,"rank":260}},{"type":"Feature","geometry":{"type":"Point","coordinates":[-120.3551,35.34824]},"properties":{"cbsa":"42020","metro":"San Luis Obispo-Paso Robles  CA","units":663,"sf":642,"mf":7,"small":14,"value":235242000,"mf_share":0.0106,"rank":261}},{"type":"Feature","geometry":{"type":"Point","coordinates":[-92.42754,47.21329]},"properties":{"cbsa":"20260","metro":"Duluth  MN-WI","units":647,"sf":424,"mf":206,"small":17,"value":164862000,"mf_share":0.3184,"rank":262}},{"type":"Feature","geometry":{"type":"Point","coordinates":[-81.28354,40.69735]},"properties":{"cbsa":"15940","metro":"Canton-Massillon  OH","units":643,"sf":472,"mf":102,"small":69,"value":178818000,"mf_share":0.1586,"rank":263}},{"type":"Feature","geometry":{"type":"Point","coordinates":[-75.87734,41.28416]},"properties":{"cbsa":"42540","metro":"Scranton--Wilkes-Barre  PA","units":639,"sf":517,"mf":55,"small":67,"value":209049000,"mf_share":0.0861,"rank":264}},{"type":"Feature","geometry":{"type":"Point","coordinates":[-95.94554,39.04346]},"properties":{"cbsa":"45820","metro":"Topeka  KS","units":635,"sf":333,"mf":250,"small":52,"value":142430000,"mf_share":0.3937,"rank":265}},{"type":"Feature","geometry":{"type":"Point","coordinates":[-112.0424,35.66562]},"properties":{"cbsa":"22380","metro":"Flagstaff  AZ","units":634,"sf":421,"mf":183,"small":30,"value":185701000,"mf_share":0.2886,"rank":266}},{"type":"Feature","geometry":{"type":"Point","coordinates":[-71.72129,42.97705]},"properties":{"cbsa":"31700","metro":"Manchester-Nashua  NH","units":632,"sf":380,"mf":188,"small":64,"value":218073000,"mf_share":0.2975,"rank":267}},{"type":"Feature","geometry":{"type":"Point","coordinates":[-81.50072,31.33796]},"properties":{"cbsa":"15260","metro":"Brunswick-St.Simons  GA","units":631,"sf":599,"mf":0,"small":32,"value":243131000,"mf_share":0.0,"rank":268}},{"type":"Feature","geometry":{"type":"Point","coordinates":[-81.65702,31.80474]},"properties":{"cbsa":"25980","metro":"Hinesville  GA","units":630,"sf":623,"mf":0,"small":7,"value":165210000,"mf_share":0.0,"rank":269}},{"type":"Feature","geometry":{"type":"Point","coordinates":[-69.97474,41.79794]},"properties":{"cbsa":"12700","metro":"Barnstable Town  MA","units":630,"sf":333,"mf":252,"small":45,"value":354479000,"mf_share":0.4,"rank":270}},{"type":"Feature","geometry":{"type":"Point","coordinates":[-94.56505,37.1691]},"properties":{"cbsa":"27900","metro":"Joplin  MO-KS","units":620,"sf":520,"mf":5,"small":95,"value":119212000,"mf_share":0.0081,"rank":271}},{"type":"Feature","geometry":{"type":"Point","coordinates":[-87.81575,33.06842]},"properties":{"cbsa":"46220","metro":"Tuscaloosa  AL","units":616,"sf":501,"mf":64,"small":51,"value":165923000,"mf_share":0.1039,"rank":272}},{"type":"Feature","geometry":{"type":"Point","coordinates":[-84.91248,32.35354]},"properties":{"cbsa":"17980","metro":"Columbus  GA-AL","units":605,"sf":571,"mf":30,"small":4,"value":168770000,"mf_share":0.0496,"rank":273}},{"type":"Feature","geometry":{"type":"Point","coordinates":[-90.39118,41.42323]},"properties":{"cbsa":"19340","metro":"Davenport-Moline-Rock Island  IA-IL","units":595,"sf":377,"mf":140,"small":78,"value":142863000,"mf_share":0.2353,"rank":274}},{"type":"Feature","geometry":{"type":"Point","coordinates":[-112.15411,42.63177]},"properties":{"cbsa":"38540","metro":"Pocatello  ID","units":592,"sf":297,"mf":96,"small":199,"value":112255000,"mf_share":0.1622,"rank":275}},{"type":"Feature","geometry":{"type":"Point","coordinates":[-90.71032,29.50816]},"properties":{"cbsa":"26380","metro":"Houma-Bayou Cane-Thibodaux  LA","units":591,"sf":559,"mf":0,"small":32,"value":141098000,"mf_share":0.0,"rank":276}},{"type":"Feature","geometry":{"type":"Point","coordinates":[-85.24821,31.39712]},"properties":{"cbsa":"20020","metro":"Dothan  AL","units":590,"sf":454,"mf":120,"small":16,"value":143242000,"mf_share":0.2034,"rank":277}},{"type":"Feature","geometry":{"type":"Point","coordinates":[-83.45347,36.11736]},"properties":{"cbsa":"34100","metro":"Morristown  TN","units":589,"sf":544,"mf":0,"small":45,"value":187354000,"mf_share":0.0,"rank":278}},{"type":"Feature","geometry":{"type":"Point","coordinates":[-75.93116,40.42249]},"properties":{"cbsa":"39740","metro":"Reading  PA","units":582,"sf":335,"mf":179,"small":68,"value":120645000,"mf_share":0.3076,"rank":279}},{"type":"Feature","geometry":{"type":"Point","coordinates":[-81.22425,26.65604]},"properties":{"cbsa":"17500","metro":"Clewiston  FL","units":578,"sf":562,"mf":0,"small":16,"value":99626000,"mf_share":0.0,"rank":280}},{"type":"Feature","geometry":{"type":"Point","coordinates":[-119.71281,39.18003]},"properties":{"cbsa":"16180","metro":"Carson City  NV","units":573,"sf":322,"mf":243,"small":8,"value":165731000,"mf_share":0.4241,"rank":281}},{"type":"Feature","geometry":{"type":"Point","coordinates":[-86.05914,35.43262]},"properties":{"cbsa":"46100","metro":"Tullahoma-Manchester  TN","units":573,"sf":483,"mf":85,"small":5,"value":151280000,"mf_share":0.1483,"rank":282}},{"type":"Feature","geometry":{"type":"Point","coordinates":[-74.76818,41.69507]},"properties":{"cbsa":"33910","metro":"Monticello  NY","units":568,"sf":474,"mf":69,"small":25,"value":174307000,"mf_share":0.1215,"rank":283}},{"type":"Feature","geometry":{"type":"Point","coordinates":[-96.61935,42.65016]},"properties":{"cbsa":"43580","metro":"Sioux City  IA-NE-SD","units":559,"sf":218,"mf":316,"small":25,"value":122359000,"mf_share":0.5653,"rank":284}},{"type":"Feature","geometry":{"type":"Point","coordinates":[-104.66497,41.33571]},"properties":{"cbsa":"16940","metro":"Cheyenne  WY","units":556,"sf":325,"mf":188,"small":43,"value":119659000,"mf_share":0.3381,"rank":285}},{"type":"Feature","geometry":{"type":"Point","coordinates":[-81.56114,35.38856]},"properties":{"cbsa":"43140","metro":"Shelby-Kings Mountain  NC","units":555,"sf":396,"mf":102,"small":57,"value":118517000,"mf_share":0.1838,"rank":286}},{"type":"Feature","geometry":{"type":"Point","coordinates":[-92.31589,42.59943]},"properties":{"cbsa":"47940","metro":"Waterloo-Cedar Falls  IA","units":554,"sf":221,"mf":283,"small":50,"value":121026000,"mf_share":0.5108,"rank":287}},{"type":"Feature","geometry":{"type":"Point","coordinates":[-84.85736,34.8021]},"properties":{"cbsa":"19140","metro":"Dalton  GA","units":550,"sf":417,"mf":5,"small":128,"value":107502000,"mf_share":0.0091,"rank":288}},{"type":"Feature","geometry":{"type":"Point","coordinates":[-93.21448,30.04529]},"properties":{"cbsa":"29340","metro":"Lake Charles  LA","units":546,"sf":526,"mf":0,"small":20,"value":121250000,"mf_share":0.0,"rank":289}},{"type":"Feature","geometry":{"type":"Point","coordinates":[-95.25836,32.42534]},"properties":{"cbsa":"46340","metro":"Tyler  TX","units":543,"sf":517,"mf":10,"small":16,"value":155542000,"mf_share":0.0184,"rank":290}},{"type":"Feature","geometry":{"type":"Point","coordinates":[-76.47979,40.41769]},"properties":{"cbsa":"30140","metro":"Lebanon  PA","units":542,"sf":289,"mf":231,"small":22,"value":149234000,"mf_share":0.4262,"rank":291}},{"type":"Feature","geometry":{"type":"Point","coordinates":[-110.58513,43.95777]},"properties":{"cbsa":"27220","metro":"Jackson  WY-ID","units":541,"sf":360,"mf":167,"small":14,"value":412138000,"mf_share":0.3087,"rank":292}},{"type":"Feature","geometry":{"type":"Point","coordinates":[-81.71812,36.25623]},"properties":{"cbsa":"14380","metro":"Boone  NC","units":536,"sf":238,"mf":284,"small":14,"value":300572000,"mf_share":0.5299,"rank":293}},{"type":"Feature","geometry":{"type":"Point","coordinates":[-77.76981,35.95511]},"properties":{"cbsa":"40580","metro":"Rocky Mount  NC","units":536,"sf":534,"mf":0,"small":2,"value":108108000,"mf_share":0.0,"rank":294}},{"type":"Feature","geometry":{"type":"Point","coordinates":[-95.59345,30.79777]},"properties":{"cbsa":"26660","metro":"Huntsville  TX","units":533,"sf":485,"mf":24,"small":24,"value":109264000,"mf_share":0.045,"rank":295}},{"type":"Feature","geometry":{"type":"Point","coordinates":[-89.48355,34.28594]},"properties":{"cbsa":"37060","metro":"Oxford  MS","units":531,"sf":473,"mf":0,"small":58,"value":160979000,"mf_share":0.0,"rank":296}},{"type":"Feature","geometry":{"type":"Point","coordinates":[-92.01614,32.62508]},"properties":{"cbsa":"33740","metro":"Monroe  LA","units":530,"sf":512,"mf":11,"small":7,"value":121054000,"mf_share":0.0208,"rank":297}},{"type":"Feature","geometry":{"type":"Point","coordinates":[-82.97634,35.5335]},"properties":{"cbsa":"48200","metro":"Waynesville  NC","units":514,"sf":352,"mf":160,"small":2,"value":175483000,"mf_share":0.3113,"rank":298}},{"type":"Feature","geometry":{"type":"Point","coordinates":[-73.08909,41.48489]},"properties":{"cbsa":"47930","metro":"Waterbury-Shelton  CT","units":513,"sf":288,"mf":206,"small":19,"value":95920000,"mf_share":0.4016,"rank":299}},{"type":"Feature","geometry":{"type":"Point","coordinates":[-83.74468,32.82525]},"properties":{"cbsa":"31420","metro":"Macon-Bibb County  GA","units":511,"sf":511,"mf":0,"small":0,"value":132021000,"mf_share":0.0,"rank":300}},{"type":"Feature","geometry":{"type":"Point","coordinates":[-69.79289,44.40335]},"properties":{"cbsa":"12300","metro":"Augusta-Waterville  ME","units":510,"sf":398,"mf":100,"small":12,"value":121105000,"mf_share":0.1961,"rank":301}},{"type":"Feature","geometry":{"type":"Point","coordinates":[-119.83527,36.04447]},"properties":{"cbsa":"25260","metro":"Hanford-Corcoran  CA","units":507,"sf":389,"mf":90,"small":28,"value":151224000,"mf_share":0.1775,"rank":302}},{"type":"Feature","geometry":{"type":"Point","coordinates":[-105.9841,35.59955]},"properties":{"cbsa":"42140","metro":"Santa Fe  NM","units":495,"sf":251,"mf":244,"small":0,"value":132481000,"mf_share":0.4929,"rank":303}},{"type":"Feature","geometry":{"type":"Point","coordinates":[-96.49863,39.2183]},"properties":{"cbsa":"31740","metro":"Manhattan  KS","units":495,"sf":300,"mf":191,"small":4,"value":128194000,"mf_share":0.3859,"rank":304}},{"type":"Feature","geometry":{"type":"Point","coordinates":[-83.64939,41.45001]},"properties":{"cbsa":"45780","metro":"Toledo  OH","units":493,"sf":423,"mf":60,"small":10,"value":173144000,"mf_share":0.1217,"rank":305}},{"type":"Feature","geometry":{"type":"Point","coordinates":[-80.52554,37.09337]},"properties":{"cbsa":"13980","metro":"Blacksburg-Christiansburg-Radford  VA","units":492,"sf":416,"mf":72,"small":4,"value":149349000,"mf_share":0.1463,"rank":306}},{"type":"Feature","geometry":{"type":"Point","coordinates":[-85.91975,37.71288]},"properties":{"cbsa":"21060","metro":"Elizabethtown  KY","units":491,"sf":399,"mf":40,"small":52,"value":107810000,"mf_share":0.0815,"rank":307}},{"type":"Feature","geometry":{"type":"Point","coordinates":[-85.5304,42.20216]},"properties":{"cbsa":"28020","metro":"Kalamazoo-Portage  MI","units":487,"sf":479,"mf":0,"small":8,"value":160691000,"mf_share":0.0,"rank":308}},{"type":"Feature","geometry":{"type":"Point","coordinates":[-68.43413,45.51983]},"properties":{"cbsa":"12620","metro":"Bangor  ME","units":486,"sf":316,"mf":91,"small":79,"value":106145000,"mf_share":0.1872,"rank":309}},{"type":"Feature","geometry":{"type":"Point","coordinates":[-113.03701,41.73211]},"properties":{"cbsa":"14940","metro":"Brigham City  UT-ID","units":484,"sf":397,"mf":52,"small":35,"value":164313000,"mf_share":0.1074,"rank":310}},{"type":"Feature","geometry":{"type":"Point","coordinates":[-123.40668,44.49935]},"properties":{"cbsa":"18700","metro":"Corvallis  OR","units":484,"sf":103,"mf":369,"small":12,"value":110016000,"mf_share":0.7624,"rank":311}},{"type":"Feature","geometry":{"type":"Point","coordinates":[-96.47737,32.04325]},"properties":{"cbsa":"18620","metro":"Corsicana  TX","units":477,"sf":459,"mf":0,"small":18,"value":132262000,"mf_share":0.0,"rank":312}},{"type":"Feature","geometry":{"type":"Point","coordinates":[-77.21454,39.89602]},"properties":{"cbsa":"23900","metro":"Gettysburg  PA","units":476,"sf":476,"mf":0,"small":0,"value":174571000,"mf_share":0.0,"rank":313}},{"type":"Feature","geometry":{"type":"Point","coordinates":[-91.32073,43.78921]},"properties":{"cbsa":"29100","metro":"La Crosse-Onalaska  WI-MN","units":476,"sf":318,"mf":138,"small":20,"value":138372000,"mf_share":0.2899,"rank":314}},{"type":"Feature","geometry":{"type":"Point","coordinates":[-97.36804,41.63452]},"properties":{"cbsa":"18100","metro":"Columbus  NE","units":474,"sf":176,"mf":234,"small":64,"value":85144000,"mf_share":0.4937,"rank":315}},{"type":"Feature","geometry":{"type":"Point","coordinates":[-88.90501,35.74098]},"properties":{"cbsa":"27180","metro":"Jackson  TN","units":472,"sf":460,"mf":0,"small":12,"value":132711000,"mf_share":0.0,"rank":316}},{"type":"Feature","geometry":{"type":"Point","coordinates":[-76.47475,42.47718]},"properties":{"cbsa":"27060","metro":"Ithaca  NY","units":471,"sf":146,"mf":287,"small":38,"value":110236000,"mf_share":0.6093,"rank":317}},{"type":"Feature","geometry":{"type":"Point","coordinates":[-76.47085,34.88733]},"properties":{"cbsa":"33980","metro":"Morehead City  NC","units":471,"sf":468,"mf":0,"small":3,"value":246575000,"mf_share":0.0,"rank":318}},{"type":"Feature","geometry":{"type":"Point","coordinates":[-122.00033,37.0469]},"properties":{"cbsa":"42100","metro":"Santa Cruz-Watsonville  CA","units":470,"sf":163,"mf":303,"small":4,"value":87754000,"mf_share":0.6447,"rank":319}},{"type":"Feature","geometry":{"type":"Point","coordinates":[-76.09403,42.21996]},"properties":{"cbsa":"13780","metro":"Binghamton  NY","units":468,"sf":159,"mf":302,"small":7,"value":74395000,"mf_share":0.6453,"rank":320}},{"type":"Feature","geometry":{"type":"Point","coordinates":[-82.34672,34.25735]},"properties":{"cbsa":"24940","metro":"Greenwood  SC","units":467,"sf":467,"mf":0,"small":0,"value":89206000,"mf_share":0.0,"rank":321}},{"type":"Feature","geometry":{"type":"Point","coordinates":[-109.75033,31.94032]},"properties":{"cbsa":"43420","metro":"Sierra Vista-Douglas  AZ","units":463,"sf":433,"mf":14,"small":16,"value":68031000,"mf_share":0.0302,"rank":322}},{"type":"Feature","geometry":{"type":"Point","coordinates":[-70.20317,44.20126]},"properties":{"cbsa":"30340","metro":"Lewiston-Auburn  ME","units":453,"sf":269,"mf":164,"small":20,"value":106584000,"mf_share":0.362,"rank":323}},{"type":"Feature","geometry":{"type":"Point","coordinates":[-86.21625,43.31598]},"properties":{"cbsa":"34740","metro":"Muskegon-Norton Shores  MI","units":451,"sf":351,"mf":0,"small":100,"value":124501000,"mf_share":0.0,"rank":324}},{"type":"Feature","geometry":{"type":"Point","coordinates":[-81.65641,30.94296]},"properties":{"cbsa":"28680","metro":"Kingsland  GA","units":446,"sf":418,"mf":12,"small":16,"value":121870000,"mf_share":0.0269,"rank":325}},{"type":"Feature","geometry":{"type":"Point","coordinates":[-83.69163,43.00661]},"properties":{"cbsa":"22420","metro":"Flint  MI","units":444,"sf":366,"mf":64,"small":14,"value":127845000,"mf_share":0.1441,"rank":326}},{"type":"Feature","geometry":{"type":"Point","coordinates":[-110.29738,35.27606]},"properties":{"cbsa":"43320","metro":"Show Low  AZ","units":441,"sf":417,"mf":0,"small":24,"value":133252000,"mf_share":0.0,"rank":327}},{"type":"Feature","geometry":{"type":"Point","coordinates":[-72.0934,41.52941]},"properties":{"cbsa":"35980","metro":"Norwich-New London-Willimantic  CT","units":440,"sf":285,"mf":112,"small":43,"value":120326000,"mf_share":0.2545,"rank":328}},{"type":"Feature","geometry":{"type":"Point","coordinates":[-76.63593,38.41618]},"properties":{"cbsa":"30500","metro":"Lexington Park  MD","units":439,"sf":383,"mf":45,"small":11,"value":131232000,"mf_share":0.1025,"rank":329}},{"type":"Feature","geometry":{"type":"Point","coordinates":[-74.22545,41.89437]},"properties":{"cbsa":"28740","metro":"Kingston  NY","units":434,"sf":273,"mf":124,"small":37,"value":132135000,"mf_share":0.2857,"rank":330}},{"type":"Feature","geometry":{"type":"Point","coordinates":[-119.49245,47.29085]},"properties":{"cbsa":"34180","metro":"Moses Lake  WA","units":431,"sf":374,"mf":5,"small":52,"value":118705000,"mf_share":0.0116,"rank":331}},{"type":"Feature","geometry":{"type":"Point","coordinates":[-122.38406,46.6227]},"properties":{"cbsa":"16500","metro":"Centralia  WA","units":431,"sf":373,"mf":0,"small":58,"value":112559000,"mf_share":0.0,"rank":332}},{"type":"Feature","geometry":{"type":"Point","coordinates":[-106.90395,44.75638]},"properties":{"cbsa":"43260","metro":"Sheridan  WY","units":423,"sf":293,"mf":104,"small":26,"value":108456000,"mf_share":0.2459,"rank":333}},{"type":"Feature","geometry":{"type":"Point","coordinates":[-71.41412,43.49516]},"properties":{"cbsa":"29060","metro":"Laconia  NH","units":423,"sf":332,"mf":38,"small":53,"value":173139000,"mf_share":0.0898,"rank":334}},{"type":"Feature","geometry":{"type":"Point","coordinates":[-88.77494,43.02184]},"properties":{"cbsa":"48020","metro":"Watertown-Fort Atkinson  WI","units":420,"sf":172,"mf":228,"small":20,"value":83615000,"mf_share":0.5429,"rank":335}},{"type":"Feature","geometry":{"type":"Point","coordinates":[-77.93446,35.70188]},"properties":{"cbsa":"48980","metro":"Wilson  NC","units":411,"sf":357,"mf":24,"small":30,"value":98658000,"mf_share":0.0584,"rank":336}},{"type":"Feature","geometry":{"type":"Point","coordinates":[-101.08678,46.84956]},"properties":{"cbsa":"13900","metro":"Bismarck  ND","units":411,"sf":369,"mf":6,"small":36,"value":139611000,"mf_share":0.0146,"rank":337}},{"type":"Feature","geometry":{"type":"Point","coordinates":[-85.85381,41.23663]},"properties":{"cbsa":"47700","metro":"Warsaw  IN","units":409,"sf":316,"mf":85,"small":8,"value":155246000,"mf_share":0.2078,"rank":338}},{"type":"Feature","geometry":{"type":"Point","coordinates":[-87.08857,34.54986]},"properties":{"cbsa":"19460","metro":"Decatur  AL","units":406,"sf":263,"mf":135,"small":8,"value":80643000,"mf_share":0.3325,"rank":339}},{"type":"Feature","geometry":{"type":"Point","coordinates":[-87.7704,34.78503]},"properties":{"cbsa":"22520","metro":"Florence-Muscle Shoals  AL","units":400,"sf":197,"mf":105,"small":98,"value":43547000,"mf_share":0.2625,"rank":340}},{"type":"Feature","geometry":{"type":"Point","coordinates":[-85.889,42.59246]},"properties":{"cbsa":"26090","metro":"Holland  MI","units":399,"sf":397,"mf":0,"small":2,"value":163888000,"mf_share":0.0,"rank":341}},{"type":"Feature","geometry":{"type":"Point","coordinates":[-79.14076,34.62532]},"properties":{"cbsa":"31300","metro":"Lumberton  NC","units":399,"sf":291,"mf":104,"small":4,"value":79719000,"mf_share":0.2607,"rank":342}},{"type":"Feature","geometry":{"type":"Point","coordinates":[-86.57377,36.75165]},"properties":{"cbsa":"23190","metro":"Franklin  KY","units":396,"sf":205,"mf":178,"small":13,"value":78416000,"mf_share":0.4495,"rank":343}},{"type":"Feature","geometry":{"type":"Point","coordinates":[-93.69818,42.03615]},"properties":{"cbsa":"11180","metro":"Ames  IA","units":392,"sf":199,"mf":157,"small":36,"value":99418000,"mf_share":0.4005,"rank":344}},{"type":"Feature","geometry":{"type":"Point","coordinates":[-83.52058,34.60072]},"properties":{"cbsa":"18460","metro":"Cornelia  GA","units":390,"sf":378,"mf":12,"small":0,"value":114936000,"mf_share":0.0308,"rank":345}},{"type":"Feature","geometry":{"type":"Point","coordinates":[-89.07215,42.67136]},"properties":{"cbsa":"27500","metro":"Janesville-Beloit  WI","units":388,"sf":316,"mf":16,"small":56,"value":118877000,"mf_share":0.0412,"rank":346}},{"type":"Feature","geometry":{"type":"Point","coordinates":[-83.79048,39.94531]},"properties":{"cbsa":"44220","metro":"Springfield  OH","units":387,"sf":225,"mf":158,"small":4,"value":92607000,"mf_share":0.4083,"rank":347}},{"type":"Feature","geometry":{"type":"Point","coordinates":[-89.57759,30.77379]},"properties":{"cbsa":"38100","metro":"Picayune  MS","units":383,"sf":383,"mf":0,"small":0,"value":38417000,"mf_share":0.0,"rank":348}},{"type":"Feature","geometry":{"type":"Point","coordinates":[-86.44836,35.55517]},"properties":{"cbsa":"43180","metro":"Shelbyville  TN","units":378,"sf":376,"mf":0,"small":2,"value":91036000,"mf_share":0.0,"rank":349}},{"type":"Feature","geometry":{"type":"Point","coordinates":[-89.05157,42.3083]},"properties":{"cbsa":"40420","metro":"Rockford  IL","units":377,"sf":363,"mf":0,"small":14,"value":101835000,"mf_share":0.0,"rank":350}},{"type":"Feature","geometry":{"type":"Point","coordinates":[-79.34711,33.44377]},"properties":{"cbsa":"34680","metro":"Murrells Inlet  SC","units":377,"sf":377,"mf":0,"small":0,"value":221870000,"mf_share":0.0,"rank":351}},{"type":"Feature","geometry":{"type":"Point","coordinates":[-95.27846,38.91188]},"properties":{"cbsa":"29940","metro":"Lawrence  KS","units":377,"sf":230,"mf":131,"small":16,"value":111735000,"mf_share":0.3475,"rank":352}},{"type":"Feature","geometry":{"type":"Point","coordinates":[-107.84538,37.32118]},"properties":{"cbsa":"20420","metro":"Durango  CO","units":376,"sf":188,"mf":168,"small":20,"value":136223000,"mf_share":0.4468,"rank":353}},{"type":"Feature","geometry":{"type":"Point","coordinates":[-121.86603,48.44685]},"properties":{"cbsa":"34580","metro":"Mount Vernon-Anacortes  WA","units":373,"sf":168,"mf":186,"small":19,"value":85265000,"mf_share":0.4987,"rank":354}},{"type":"Feature","geometry":{"type":"Point","coordinates":[-86.39344,41.97836]},"properties":{"cbsa":"35660","metro":"Niles  MI","units":372,"sf":255,"mf":73,"small":44,"value":139648000,"mf_share":0.1962,"rank":355}},{"type":"Feature","geometry":{"type":"Point","coordinates":[-86.78647,35.4544]},"properties":{"cbsa":"30280","metro":"Lewisburg  TN","units":367,"sf":299,"mf":59,"small":9,"value":81723000,"mf_share":0.1608,"rank":356}},{"type":"Feature","geometry":{"type":"Point","coordinates":[-122.32965,38.49148]},"properties":{"cbsa":"34900","metro":"Napa  CA","units":364,"sf":258,"mf":92,"small":14,"value":147942000,"mf_share":0.2527,"rank":357}},{"type":"Feature","geometry":{"type":"Point","coordinates":[-106.05381,39.50167]},"properties":{"cbsa":"14720","metro":"Breckenridge  CO","units":364,"sf":181,"mf":180,"small":3,"value":172829000,"mf_share":0.4945,"rank":358}},{"type":"Feature","geometry":{"type":"Point","coordinates":[-87.93435,43.70122]},"properties":{"cbsa":"43100","metro":"Sheboygan  WI","units":364,"sf":163,"mf":189,"small":12,"value":108668000,"mf_share":0.5192,"rank":359}},{"type":"Feature","geometry":{"type":"Point","coordinates":[-83.65079,41.07933]},"properties":{"cbsa":"22300","metro":"Findlay  OH","units":361,"sf":76,"mf":265,"small":20,"value":54269000,"mf_share":0.7341,"rank":360}},{"type":"Feature","geometry":{"type":"Point","coordinates":[-80.34803,33.8996]},"properties":{"cbsa":"44940","metro":"Sumter  SC","units":358,"sf":320,"mf":0,"small":38,"value":57303000,"mf_share":0.0,"rank":361}},{"type":"Feature","geometry":{"type":"Point","coordinates":[-96.7906,44.45164]},"properties":{"cbsa":"15100","metro":"Brookings  SD","units":357,"sf":141,"mf":198,"small":18,"value":70254000,"mf_share":0.5546,"rank":362}},{"type":"Feature","geometry":{"type":"Point","coordinates":[-88.71036,43.41447]},"properties":{"cbsa":"13180","metro":"Beaver Dam  WI","units":356,"sf":179,"mf":161,"small":16,"value":94136000,"mf_share":0.4522,"rank":363}},{"type":"Feature","geometry":{"type":"Point","coordinates":[-94.0688,44.15227]},"properties":{"cbsa":"31860","metro":"Mankato  MN","units":356,"sf":234,"mf":78,"small":44,"value":87074000,"mf_share":0.2191,"rank":364}},{"type":"Feature","geometry":{"type":"Point","coordinates":[-110.8122,31.5678]},"properties":{"cbsa":"35700","metro":"Nogales  AZ","units":353,"sf":353,"mf":0,"small":0,"value":87668000,"mf_share":0.0,"rank":365}},{"type":"Feature","geometry":{"type":"Point","coordinates":[-89.76972,44.8572]},"properties":{"cbsa":"48140","metro":"Wausau  WI","units":348,"sf":236,"mf":98,"small":14,"value":114492000,"mf_share":0.2816,"rank":366}},{"type":"Feature","geometry":{"type":"Point","coordinates":[-67.05588,18.11747]},"properties":{"cbsa":"32420","metro":"Mayaguez  PR","units":343,"sf":329,"mf":0,"small":14,"value":33335000,"mf_share":0.0,"rank":367}},{"type":"Feature","geometry":{"type":"Point","coordinates":[-93.09935,41.32593]},"properties":{"cbsa":"37800","metro":"Pella  IA","units":339,"sf":255,"mf":84,"small":0,"value":75878000,"mf_share":0.2478,"rank":368}},{"type":"Feature","geometry":{"type":"Point","coordinates":[-78.00457,38.24886]},"properties":{"cbsa":"29470","metro":"Lake of the Woods  VA","units":339,"sf":339,"mf":0,"small":0,"value":87849000,"mf_share":0.0,"rank":369}},{"type":"Feature","geometry":{"type":"Point","coordinates":[-80.24868,35.31336]},"properties":{"cbsa":"10620","metro":"Albemarle  NC","units":336,"sf":336,"mf":0,"small":0,"value":56577000,"mf_share":0.0,"rank":370}},{"type":"Feature","geometry":{"type":"Point","coordinates":[-100.69237,31.30834]},"properties":{"cbsa":"41660","metro":"San Angelo  TX","units":335,"sf":333,"mf":0,"small":2,"value":99430000,"mf_share":0.0,"rank":371}},{"type":"Feature","geometry":{"type":"Point","coordinates":[-90.88818,42.49019]},"properties":{"cbsa":"20220","metro":"Dubuque  IA","units":334,"sf":159,"mf":164,"small":11,"value":92674000,"mf_share":0.491,"rank":372}},{"type":"Feature","geometry":{"type":"Point","coordinates":[-85.19709,34.31665]},"properties":{"cbsa":"40660","metro":"Rome  GA","units":330,"sf":330,"mf":0,"small":0,"value":70281000,"mf_share":0.0,"rank":373}},{"type":"Feature","geometry":{"type":"Point","coordinates":[-108.08238,39.56131]},"properties":{"cbsa":"40090","metro":"Rifle  CO","units":330,"sf":237,"mf":89,"small":4,"value":431951000,"mf_share":0.2697,"rank":374}},{"type":"Feature","geometry":{"type":"Point","coordinates":[-85.39754,40.24263]},"properties":{"cbsa":"34620","metro":"Muncie  IN","units":328,"sf":94,"mf":234,"small":0,"value":74677000,"mf_share":0.7134,"rank":375}},{"type":"Feature","geometry":{"type":"Point","coordinates":[-119.69516,38.72335]},"properties":{"cbsa":"23820","metro":"Gardnerville Ranchos  NV-CA","units":328,"sf":328,"mf":0,"small":0,"value":188858000,"mf_share":0.0,"rank":376}},{"type":"Feature","geometry":{"type":"Point","coordinates":[-73.56365,43.38479]},"properties":{"cbsa":"24020","metro":"Glens Falls  NY","units":327,"sf":278,"mf":24,"small":25,"value":109184000,"mf_share":0.0734,"rank":377}},{"type":"Feature","geometry":{"type":"Point","coordinates":[-93.10272,34.54827]},"properties":{"cbsa":"26300","metro":"Hot Springs  AR","units":326,"sf":98,"mf":224,"small":4,"value":72044000,"mf_share":0.6871,"rank":378}},{"type":"Feature","geometry":{"type":"Point","coordinates":[-82.76642,41.444]},"properties":{"cbsa":"41780","metro":"Sandusky  OH","units":325,"sf":306,"mf":13,"small":6,"value":145713000,"mf_share":0.04,"rank":379}},{"type":"Feature","geometry":{"type":"Point","coordinates":[-75.7563,35.69873]},"properties":{"cbsa":"28620","metro":"Kill Devil Hills  NC","units":325,"sf":325,"mf":0,"small":0,"value":177578000,"mf_share":0.0,"rank":380}},{"type":"Feature","geometry":{"type":"Point","coordinates":[-123.90921,40.69951]},"properties":{"cbsa":"21700","metro":"Eureka-Arcata  CA","units":325,"sf":160,"mf":117,"small":48,"value":62017000,"mf_share":0.36,"rank":381}},{"type":"Feature","geometry":{"type":"Point","coordinates":[-86.08975,35.16747]},"properties":{"cbsa":"49010","metro":"Winchester  TN","units":323,"sf":315,"mf":0,"small":8,"value":104075000,"mf_share":0.0,"rank":382}},{"type":"Feature","geometry":{"type":"Point","coordinates":[-95.45357,45.94009]},"properties":{"cbsa":"10820","metro":"Alexandria  MN","units":319,"sf":157,"mf":162,"small":0,"value":86446000,"mf_share":0.5078,"rank":383}},{"type":"Feature","geometry":{"type":"Point","coordinates":[-72.6025,42.17259]},"properties":{"cbsa":"44140","metro":"Springfield  MA","units":318,"sf":286,"mf":18,"small":14,"value":94512000,"mf_share":0.0566,"rank":384}},{"type":"Feature","geometry":{"type":"Point","coordinates":[-77.79629,40.97505]},"properties":{"cbsa":"44300","metro":"State College  PA","units":314,"sf":255,"mf":15,"small":44,"value":96122000,"mf_share":0.0478,"rank":385}},{"type":"Feature","geometry":{"type":"Point","coordinates":[-117.06465,46.22376]},"properties":{"cbsa":"30300","metro":"Lewiston  ID-WA","units":309,"sf":155,"mf":144,"small":10,"value":54099000,"mf_share":0.466,"rank":386}},{"type":"Feature","geometry":{"type":"Point","coordinates":[-82.66351,38.35686]},"properties":{"cbsa":"26580","metro":"Huntington-Ashland  WV-KY-OH","units":309,"sf":236,"mf":0,"small":73,"value":55935000,"mf_share":0.0,"rank":387}},{"type":"Feature","geometry":{"type":"Point","coordinates":[-122.61417,46.11932]},"properties":{"cbsa":"31020","metro":"Longview-Kelso  WA","units":308,"sf":298,"mf":0,"small":10,"value":104322000,"mf_share":0.0,"rank":388}},{"type":"Feature","geometry":{"type":"Point","coordinates":[-75.14015,43.44512]},"properties":{"cbsa":"46540","metro":"Utica-Rome  NY","units":308,"sf":219,"mf":89,"small":0,"value":78144000,"mf_share":0.289,"rank":389}},{"type":"Feature","geometry":{"type":"Point","coordinates":[-84.21921,40.3417]},"properties":{"cbsa":"43380","metro":"Sidney  OH","units":307,"sf":87,"mf":192,"small":28,"value":47193000,"mf_share":0.6254,"rank":390}},{"type":"Feature","geometry":{"type":"Point","coordinates":[-84.42281,42.24749]},"properties":{"cbsa":"27100","metro":"Jackson  MI","units":303,"sf":196,"mf":99,"small":8,"value":69095000,"mf_share":0.3267,"rank":391}},{"type":"Feature","geometry":{"type":"Point","coordinates":[-95.93252,28.80395]},"properties":{"cbsa":"13060","metro":"Bay City  TX","units":300,"sf":251,"mf":49,"small":0,"value":64299000,"mf_share":0.1633,"rank":392}},{"type":"Feature","geometry":{"type":"Point","coordinates":[-149.97674,61.99056]},"properties":{"cbsa":"11260","metro":"Anchorage  AK","units":297,"sf":226,"mf":36,"small":35,"value":128066000,"mf_share":0.1212,"rank":393}},{"type":"Feature","geometry":{"type":"Point","coordinates":[-87.2729,39.54095]},"properties":{"cbsa":"45460","metro":"Terre Haute  IN","units":295,"sf":109,"mf":184,"small":2,"value":54945000,"mf_share":0.6237,"rank":394}},{"type":"Feature","geometry":{"type":"Point","coordinates":[-94.2464,33.49047]},"properties":{"cbsa":"45500","metro":"Texarkana  TX-AR","units":294,"sf":156,"mf":104,"small":34,"value":65318000,"mf_share":0.3537,"rank":395}},{"type":"Feature","geometry":{"type":"Point","coordinates":[-123.62523,42.38595]},"properties":{"cbsa":"24420","metro":"Grants Pass  OR","units":293,"sf":156,"mf":119,"small":18,"value":68343000,"mf_share":0.4061,"rank":396}},{"type":"Feature","geometry":{"type":"Point","coordinates":[-124.10426,48.13782]},"properties":{"cbsa":"38820","metro":"Port Angeles  WA","units":293,"sf":255,"mf":0,"small":38,"value":82055000,"mf_share":0.0,"rank":397}},{"type":"Feature","geometry":{"type":"Point","coordinates":[-72.6936,42.36585]},"properties":{"cbsa":"11200","metro":"Amherst Town-Northampton  MA","units":291,"sf":93,"mf":136,"small":62,"value":65737000,"mf_share":0.4674,"rank":398}},{"type":"Feature","geometry":{"type":"Point","coordinates":[-86.72128,41.47595]},"properties":{"cbsa":"33140","metro":"Michigan City-La Porte  IN","units":291,"sf":204,"mf":87,"small":0,"value":98735000,"mf_share":0.299,"rank":399}},{"type":"Feature","geometry":{"type":"Point","coordinates":[-84.86748,34.50237]},"properties":{"cbsa":"15660","metro":"Calhoun  GA","units":289,"sf":289,"mf":0,"small":0,"value":67377000,"mf_share":0.0,"rank":400}},{"type":"Feature","geometry":{"type":"Point","coordinates":[-120.65629,47.18034]},"properties":{"cbsa":"21260","metro":"Ellensburg  WA","units":288,"sf":240,"mf":48,"small":0,"value":107253000,"mf_share":0.1667,"rank":401}},{"type":"Feature","geometry":{"type":"Point","coordinates":[-75.93276,44.05213]},"properties":{"cbsa":"48060","metro":"Watertown-Fort Drum  NY","units":288,"sf":226,"mf":62,"small":0,"value":48633000,"mf_share":0.2153,"rank":402}},{"type":"Feature","geometry":{"type":"Point","coordinates":[-94.74067,32.38155]},"properties":{"cbsa":"30980","metro":"Longview  TX","units":288,"sf":276,"mf":0,"small":12,"value":82759000,"mf_share":0.0,"rank":403}},{"type":"Feature","geometry":{"type":"Point","coordinates":[-71.67501,43.30377]},"properties":{"cbsa":"18180","metro":"Concord  NH","units":286,"sf":248,"mf":0,"small":38,"value":119774000,"mf_share":0.0,"rank":404}},{"type":"Feature","geometry":{"type":"Point","coordinates":[-81.63989,35.01211]},"properties":{"cbsa":"23500","metro":"Gaffney  SC","units":286,"sf":199,"mf":64,"small":23,"value":64386000,"mf_share":0.2238,"rank":405}},{"type":"Feature","geometry":{"type":"Point","coordinates":[-80.76077,41.18337]},"properties":{"cbsa":"49660","metro":"Youngstown-Warren  OH","units":286,"sf":276,"mf":0,"small":10,"value":84054000,"mf_share":0.0,"rank":406}},{"type":"Feature","geometry":{"type":"Point","coordinates":[-108.28011,38.41578]},"properties":{"cbsa":"33940","metro":"Montrose  CO","units":279,"sf":207,"mf":60,"small":12,"value":50325000,"mf_share":0.2151,"rank":407}},{"type":"Feature","geometry":{"type":"Point","coordinates":[-81.47359,24.68676]},"properties":{"cbsa":"28580","metro":"Key West-Key Largo  FL","units":279,"sf":239,"mf":8,"small":32,"value":199472000,"mf_share":0.0287,"rank":408}},{"type":"Feature","geometry":{"type":"Point","coordinates":[-82.90786,36.16899]},"properties":{"cbsa":"24620","metro":"Greeneville  TN","units":276,"sf":276,"mf":0,"small":0,"value":87675000,"mf_share":0.0,"rank":409}},{"type":"Feature","geometry":{"type":"Point","coordinates":[-76.28006,36.28113]},"properties":{"cbsa":"21020","metro":"Elizabeth City  NC","units":274,"sf":274,"mf":0,"small":0,"value":52559000,"mf_share":0.0,"rank":410}},{"type":"Feature","geometry":{"type":"Point","coordinates":[-92.5211,31.34039]},"properties":{"cbsa":"10780","metro":"Alexandria  LA","units":273,"sf":247,"mf":0,"small":26,"value":66625000,"mf_share":0.0,"rank":411}},{"type":"Feature","geometry":{"type":"Point","coordinates":[-85.79465,35.68441]},"properties":{"cbsa":"32660","metro":"McMinnville  TN","units":271,"sf":235,"mf":0,"small":36,"value":63985000,"mf_share":0.0,"rank":412}},{"type":"Feature","geometry":{"type":"Point","coordinates":[-85.01184,39.83112]},"properties":{"cbsa":"39980","metro":"Richmond  IN","units":271,"sf":47,"mf":222,"small":2,"value":32206000,"mf_share":0.8192,"rank":413}},{"type":"Feature","geometry":{"type":"Point","coordinates":[-82.41358,40.40299]},"properties":{"cbsa":"34540","metro":"Mount Vernon  OH","units":270,"sf":154,"mf":112,"small":4,"value":66627000,"mf_share":0.4148,"rank":414}},{"type":"Feature","geometry":{"type":"Point","coordinates":[-81.92205,35.40064]},"properties":{"cbsa":"22580","metro":"Forest City  NC","units":269,"sf":203,"mf":46,"small":20,"value":73324000,"mf_share":0.171,"rank":415}},{"type":"Feature","geometry":{"type":"Point","coordinates":[-117.62533,43.31058]},"properties":{"cbsa":"36620","metro":"Ontario  OR-ID","units":269,"sf":201,"mf":0,"small":68,"value":74581000,"mf_share":0.0,"rank":416}},{"type":"Feature","geometry":{"type":"Point","coordinates":[-88.86308,40.47878]},"properties":{"cbsa":"14010","metro":"Bloomington  IL","units":269,"sf":205,"mf":62,"small":2,"value":67428000,"mf_share":0.2305,"rank":417}},{"type":"Feature","geometry":{"type":"Point","coordinates":[-94.88934,33.15172]},"properties":{"cbsa":"34420","metro":"Mount Pleasant  TX","units":268,"sf":26,"mf":240,"small":2,"value":46350000,"mf_share":0.8955,"rank":418}},{"type":"Feature","geometry":{"type":"Point","coordinates":[-113.56904,42.60736]},"properties":{"cbsa":"15420","metro":"Burley  ID","units":268,"sf":239,"mf":5,"small":24,"value":85781000,"mf_share":0.0187,"rank":419}},{"type":"Feature","geometry":{"type":"Point","coordinates":[-86.87665,38.32893]},"properties":{"cbsa":"27540","metro":"Jasper  IN","units":267,"sf":137,"mf":96,"small":34,"value":51345000,"mf_share":0.3596,"rank":420}},{"type":"Feature","geometry":{"type":"Point","coordinates":[-98.38815,41.05972]},"properties":{"cbsa":"24260","metro":"Grand Island  NE","units":267,"sf":129,"mf":37,"small":101,"value":62514000,"mf_share":0.1386,"rank":421}},{"type":"Feature","geometry":{"type":"Point","coordinates":[-119.05964,45.57956]},"properties":{"cbsa":"25840","metro":"Hermiston-Pendleton  OR","units":264,"sf":238,"mf":0,"small":26,"value":72628000,"mf_share":0.0,"rank":422}},{"type":"Feature","geometry":{"type":"Point","coordinates":[-84.05927,30.86325]},"properties":{"cbsa":"45620","metro":"Thomasville  GA","units":258,"sf":186,"mf":72,"small":0,"value":86138000,"mf_share":0.2791,"rank":423}},{"type":"Feature","geometry":{"type":"Point","coordinates":[-97.82107,32.41512]},"properties":{"cbsa":"24180","metro":"Granbury  TX","units":258,"sf":258,"mf":0,"small":0,"value":81156000,"mf_share":0.0,"rank":424}},{"type":"Feature","geometry":{"type":"Point","coordinates":[-75.29633,41.03992]},"properties":{"cbsa":"20700","metro":"East Stroudsburg  PA","units":257,"sf":236,"mf":16,"small":5,"value":86031000,"mf_share":0.0623,"rank":425}},{"type":"Feature","geometry":{"type":"Point","coordinates":[-87.17745,37.65621]},"properties":{"cbsa":"36980","metro":"Owensboro  KY","units":255,"sf":183,"mf":64,"small":8,"value":27497000,"mf_share":0.251,"rank":426}},{"type":"Feature","geometry":{"type":"Point","coordinates":[-91.75996,35.27076]},"properties":{"cbsa":"42620","metro":"Searcy  AR","units":254,"sf":250,"mf":0,"small":4,"value":49966000,"mf_share":0.0,"rank":427}},{"type":"Feature","geometry":{"type":"Point","coordinates":[-122.01699,40.73128]},"properties":{"cbsa":"39820","metro":"Redding  CA","units":254,"sf":249,"mf":5,"small":0,"value":89083000,"mf_share":0.0197,"rank":428}},{"type":"Feature","geometry":{"type":"Point","coordinates":[-66.76702,18.43478]},"properties":{"cbsa":"11640","metro":"Arecibo  PR","units":253,"sf":240,"mf":5,"small":8,"value":30886000,"mf_share":0.0198,"rank":429}},{"type":"Feature","geometry":{"type":"Point","coordinates":[-111.41443,47.25028]},"properties":{"cbsa":"24500","metro":"Great Falls  MT","units":253,"sf":153,"mf":76,"small":24,"value":91255000,"mf_share":0.3004,"rank":430}},{"type":"Feature","geometry":{"type":"Point","coordinates":[-80.62065,27.69162]},"properties":{"cbsa":"42680","metro":"Sebastian-Vero Beach-West Vero Corridor  FL","units":252,"sf":178,"mf":72,"small":2,"value":132056000,"mf_share":0.2857,"rank":431}},{"type":"Feature","geometry":{"type":"Point","coordinates":[-70.05512,41.31665]},"properties":{"cbsa":"34880","metro":"Nantucket  MA","units":250,"sf":203,"mf":25,"small":22,"value":235511000,"mf_share":0.1,"rank":432}},{"type":"Feature","geometry":{"type":"Point","coordinates":[-93.57357,47.46142]},"properties":{"cbsa":"24330","metro":"Grand Rapids  MN","units":249,"sf":117,"mf":132,"small":0,"value":63245000,"mf_share":0.5301,"rank":433}},{"type":"Feature","geometry":{"type":"Point","coordinates":[-89.47511,44.37944]},"properties":{"cbsa":"44620","metro":"Stevens Point-Plover  WI","units":244,"sf":122,"mf":64,"small":58,"value":62371000,"mf_share":0.2623,"rank":434}},{"type":"Feature","geometry":{"type":"Point","coordinates":[-80.68288,36.36423]},"properties":{"cbsa":"34340","metro":"Mount Airy  NC","units":244,"sf":236,"mf":0,"small":8,"value":54839000,"mf_share":0.0,"rank":435}},{"type":"Feature","geometry":{"type":"Point","coordinates":[-84.94375,38.13521]},"properties":{"cbsa":"23180","metro":"Frankfort  KY","units":243,"sf":231,"mf":8,"small":4,"value":70361000,"mf_share":0.0329,"rank":436}},{"type":"Feature","geometry":{"type":"Point","coordinates":[-87.87363,45.45467]},"properties":{"cbsa":"31940","metro":"Marinette  WI-MI","units":243,"sf":209,"mf":32,"small":2,"value":60086000,"mf_share":0.1317,"rank":437}},{"type":"Feature","geometry":{"type":"Point","coordinates":[-80.00191,42.07546]},"properties":{"cbsa":"21500","metro":"Erie  PA","units":243,"sf":183,"mf":58,"small":2,"value":75388000,"mf_share":0.2387,"rank":438}},{"type":"Feature","geometry":{"type":"Point","coordinates":[-107.85096,40.46998]},"properties":{"cbsa":"44460","metro":"Steamboat Springs  CO","units":242,"sf":220,"mf":19,"small":3,"value":316057000,"mf_share":0.0785,"rank":439}},{"type":"Feature","geometry":{"type":"Point","coordinates":[-75.36183,38.24955]},"properties":{"cbsa":"36180","metro":"Ocean Pines  MD","units":242,"sf":242,"mf":0,"small":0,"value":92988000,"mf_share":0.0,"rank":440}},{"type":"Feature","geometry":{"type":"Point","coordinates":[-115.30831,33.02788]},"properties":{"cbsa":"20940","metro":"El Centro  CA","units":242,"sf":224,"mf":0,"small":18,"value":38908000,"mf_share":0.0,"rank":441}},{"type":"Feature","geometry":{"type":"Point","coordinates":[-104.28627,32.2605]},"properties":{"cbsa":"16100","metro":"Carlsbad-Artesia  NM","units":241,"sf":183,"mf":36,"small":22,"value":70896000,"mf_share":0.1494,"rank":442}},{"type":"Feature","geometry":{"type":"Point","coordinates":[-85.52728,41.93407]},"properties":{"cbsa":"44780","metro":"Sturgis  MI","units":240,"sf":142,"mf":90,"small":8,"value":73011000,"mf_share":0.375,"rank":443}},{"type":"Feature","geometry":{"type":"Point","coordinates":[-116.68464,46.78296]},"properties":{"cbsa":"34140","metro":"Moscow  ID","units":240,"sf":130,"mf":88,"small":22,"value":62800000,"mf_share":0.3667,"rank":444}},{"type":"Feature","geometry":{"type":"Point","coordinates":[-123.64818,46.00964]},"properties":{"cbsa":"11820","metro":"Astoria  OR","units":237,"sf":80,"mf":153,"small":4,"value":58368000,"mf_share":0.6456,"rank":445}},{"type":"Feature","geometry":{"type":"Point","coordinates":[-89.60585,39.84326]},"properties":{"cbsa":"44100","metro":"Springfield  IL","units":235,"sf":191,"mf":0,"small":44,"value":81964000,"mf_share":0.0,"rank":446}},{"type":"Feature","geometry":{"type":"Point","coordinates":[-100.75732,41.22716]},"properties":{"cbsa":"35820","metro":"North Platte  NE","units":235,"sf":44,"mf":175,"small":16,"value":42438000,"mf_share":0.7447,"rank":447}},{"type":"Feature","geometry":{"type":"Point","coordinates":[-89.45757,40.77671]},"properties":{"cbsa":"37900","metro":"Peoria  IL","units":234,"sf":191,"mf":17,"small":26,"value":89017000,"mf_share":0.0726,"rank":448}},{"type":"Feature","geometry":{"type":"Point","coordinates":[-103.81344,44.4138]},"properties":{"cbsa":"43940","metro":"Spearfish  SD","units":232,"sf":194,"mf":30,"small":8,"value":103109000,"mf_share":0.1293,"rank":449}},{"type":"Feature","geometry":{"type":"Point","coordinates":[-81.88804,40.82544]},"properties":{"cbsa":"49300","metro":"Wooster  OH","units":232,"sf":223,"mf":0,"small":9,"value":77867000,"mf_share":0.0,"rank":450}},{"type":"Feature","geometry":{"type":"Point","coordinates":[-89.89623,43.42402]},"properties":{"cbsa":"12660","metro":"Baraboo  WI","units":231,"sf":201,"mf":0,"small":30,"value":95560000,"mf_share":0.0,"rank":451}},{"type":"Feature","geometry":{"type":"Point","coordinates":[-85.80175,32.78709]},"properties":{"cbsa":"10760","metro":"Alexander City  AL","units":230,"sf":230,"mf":0,"small":0,"value":136417000,"mf_share":0.0,"rank":452}},{"type":"Feature","geometry":{"type":"Point","coordinates":[-97.11721,47.80411]},"properties":{"cbsa":"24220","metro":"Grand Forks  ND-MN","units":228,"sf":157,"mf":71,"small":0,"value":53831000,"mf_share":0.3114,"rank":453}},{"type":"Feature","geometry":{"type":"Point","coordinates":[-104.55437,38.03099]},"properties":{"cbsa":"39380","metro":"Pueblo  CO","units":226,"sf":226,"mf":0,"small":0,"value":39395000,"mf_share":0.0,"rank":454}},{"type":"Feature","geometry":{"type":"Point","coordinates":[-85.33541,44.33809]},"properties":{"cbsa":"15620","metro":"Cadillac  MI","units":226,"sf":107,"mf":119,"small":0,"value":55861000,"mf_share":0.5265,"rank":455}},{"type":"Feature","geometry":{"type":"Point","coordinates":[-109.95682,33.03291]},"properties":{"cbsa":"40940","metro":"Safford  AZ","units":225,"sf":193,"mf":0,"small":32,"value":57328000,"mf_share":0.0,"rank":456}},{"type":"Feature","geometry":{"type":"Point","coordinates":[-123.84439,47.16593]},"properties":{"cbsa":"10140","metro":"Aberdeen  WA","units":224,"sf":201,"mf":0,"small":23,"value":64603000,"mf_share":0.0,"rank":457}},{"type":"Feature","geometry":{"type":"Point","coordinates":[-106.6974,39.70144]},"properties":{"cbsa":"20780","metro":"Edwards  CO","units":223,"sf":163,"mf":47,"small":13,"value":164821000,"mf_share":0.2108,"rank":458}},{"type":"Feature","geometry":{"type":"Point","coordinates":[-86.34818,34.33789]},"properties":{"cbsa":"10700","metro":"Albertville  AL","units":222,"sf":216,"mf":0,"small":6,"value":47888000,"mf_share":0.0,"rank":459}},{"type":"Feature","geometry":{"type":"Point","coordinates":[-75.12626,44.58728]},"properties":{"cbsa":"32390","metro":"Massena-Ogdensburg  NY","units":221,"sf":213,"mf":0,"small":8,"value":44894000,"mf_share":0.0,"rank":460}},{"type":"Feature","geometry":{"type":"Point","coordinates":[-123.60248,47.81232]},"properties":{"cbsa":"39040","metro":"Port Townsend  WA","units":218,"sf":199,"mf":0,"small":19,"value":72397000,"mf_share":0.0,"rank":461}},{"type":"Feature","geometry":{"type":"Point","coordinates":[-96.98748,36.0826]},"properties":{"cbsa":"44660","metro":"Stillwater  OK","units":217,"sf":137,"mf":52,"small":28,"value":59098000,"mf_share":0.2396,"rank":462}},{"type":"Feature","geometry":{"type":"Point","coordinates":[-85.17916,34.02247]},"properties":{"cbsa":"16340","metro":"Cedartown  GA","units":217,"sf":121,"mf":96,"small":0,"value":52850000,"mf_share":0.4424,"rank":463}},{"type":"Feature","geometry":{"type":"Point","coordinates":[-112.22236,46.87383]},"properties":{"cbsa":"25740","metro":"Helena  MT","units":216,"sf":69,"mf":28,"small":119,"value":50808000,"mf_share":0.1296,"rank":464}},{"type":"Feature","geometry":{"type":"Point","coordinates":[-84.66344,35.48187]},"properties":{"cbsa":"11940","metro":"Athens  TN","units":216,"sf":198,"mf":0,"small":18,"value":44621000,"mf_share":0.0,"rank":465}},{"type":"Feature","geometry":{"type":"Point","coordinates":[-76.15547,40.72145]},"properties":{"cbsa":"39060","metro":"Pottsville  PA","units":211,"sf":169,"mf":34,"small":8,"value":50100000,"mf_share":0.1611,"rank":466}},{"type":"Feature","geometry":{"type":"Point","coordinates":[-84.03324,43.3658]},"properties":{"cbsa":"40980","metro":"Saginaw  MI","units":210,"sf":141,"mf":41,"small":28,"value":45509000,"mf_share":0.1952,"rank":467}},{"type":"Feature","geometry":{"type":"Point","coordinates":[-122.50421,48.13695]},"properties":{"cbsa":"36020","metro":"Oak Harbor  WA","units":209,"sf":181,"mf":6,"small":22,"value":75744000,"mf_share":0.0287,"rank":468}},{"type":"Feature","geometry":{"type":"Point","coordinates":[-123.83295,44.66784]},"properties":{"cbsa":"35440","metro":"Newport  OR","units":209,"sf":116,"mf":81,"small":12,"value":53973000,"mf_share":0.3876,"rank":469}},{"type":"Feature","geometry":{"type":"Point","coordinates":[-112.29802,43.19639]},"properties":{"cbsa":"13940","metro":"Blackfoot  ID","units":207,"sf":203,"mf":0,"small":4,"value":57111000,"mf_share":0.0,"rank":470}},{"type":"Feature","geometry":{"type":"Point","coordinates":[-116.5427,48.36629]},"properties":{"cbsa":"41760","metro":"Sandpoint  ID","units":207,"sf":102,"mf":90,"small":15,"value":42394000,"mf_share":0.4348,"rank":471}},{"type":"Feature","geometry":{"type":"Point","coordinates":[-91.93019,38.66134]},"properties":{"cbsa":"27620","metro":"Jefferson City  MO","units":206,"sf":181,"mf":0,"small":25,"value":65884000,"mf_share":0.0,"rank":472}},{"type":"Feature","geometry":{"type":"Point","coordinates":[-94.25453,44.79519]},"properties":{"cbsa":"26780","metro":"Hutchinson  MN","units":206,"sf":63,"mf":143,"small":0,"value":47788000,"mf_share":0.6942,"rank":473}},{"type":"Feature","geometry":{"type":"Point","coordinates":[-98.99722,31.88927]},"properties":{"cbsa":"15220","metro":"Brownwood  TX","units":205,"sf":154,"mf":49,"small":2,"value":44540000,"mf_share":0.239,"rank":474}},{"type":"Feature","geometry":{"type":"Point","coordinates":[-75.73129,38.23057]},"properties":{"cbsa":"41540","metro":"Salisbury  MD","units":205,"sf":164,"mf":33,"small":8,"value":45491000,"mf_share":0.161,"rank":475}},{"type":"Feature","geometry":{"type":"Point","coordinates":[-123.16598,47.33106]},"properties":{"cbsa":"43220","metro":"Shelton  WA","units":204,"sf":200,"mf":0,"small":4,"value":72110000,"mf_share":0.0,"rank":476}},{"type":"Feature","geometry":{"type":"Point","coordinates":[-85.8048,36.94768]},"properties":{"cbsa":"23980","metro":"Glasgow  KY","units":204,"sf":178,"mf":0,"small":26,"value":56008000,"mf_share":0.0,"rank":477}},{"type":"Feature","geometry":{"type":"Point","coordinates":[-81.95763,40.05115]},"properties":{"cbsa":"49780","metro":"Zanesville  OH","units":202,"sf":25,"mf":155,"small":22,"value":36511000,"mf_share":0.7673,"rank":478}},{"type":"Feature","geometry":{"type":"Point","coordinates":[-87.58546,37.33614]},"properties":{"cbsa":"31580","metro":"Madisonville  KY","units":201,"sf":94,"mf":72,"small":35,"value":30921000,"mf_share":0.3582,"rank":479}},{"type":"Feature","geometry":{"type":"Point","coordinates":[-98.40062,34.44761]},"properties":{"cbsa":"30020","metro":"Lawton  OK","units":201,"sf":111,"mf":46,"small":44,"value":30471000,"mf_share":0.2289,"rank":480}},{"type":"Feature","geometry":{"type":"Point","coordinates":[-106.78907,42.95481]},"properties":{"cbsa":"16220","metro":"Casper  WY","units":199,"sf":197,"mf":0,"small":2,"value":54495000,"mf_share":0.0,"rank":481}},{"type":"Feature","geometry":{"type":"Point","coordinates":[-85.99282,31.30335]},"properties":{"cbsa":"21460","metro":"Enterprise  AL","units":198,"sf":198,"mf":0,"small":0,"value":51408000,"mf_share":0.0,"rank":482}},{"type":"Feature","geometry":{"type":"Point","coordinates":[-76.16908,38.77266]},"properties":{"cbsa":"20660","metro":"Easton  MD","units":198,"sf":198,"mf":0,"small":0,"value":68919000,"mf_share":0.0,"rank":483}},{"type":"Feature","geometry":{"type":"Point","coordinates":[-121.03736,39.23948]},"properties":{"cbsa":"46020","metro":"Truckee-Grass Valley  CA","units":198,"sf":194,"mf":0,"small":4,"value":91269000,"mf_share":0.0,"rank":484}},{"type":"Feature","geometry":{"type":"Point","coordinates":[-96.43971,30.2159]},"properties":{"cbsa":"14780","metro":"Brenham  TX","units":197,"sf":194,"mf":0,"small":3,"value":35276000,"mf_share":0.0,"rank":485}},{"type":"Feature","geometry":{"type":"Point","coordinates":[-86.88198,34.10027]},"properties":{"cbsa":"18980","metro":"Cullman  AL","units":196,"sf":196,"mf":0,"small":0,"value":35776000,"mf_share":0.0,"rank":486}},{"type":"Feature","geometry":{"type":"Point","coordinates":[-86.29276,33.21856]},"properties":{"cbsa":"45180","metro":"Talladega-Sylacauga  AL","units":195,"sf":123,"mf":72,"small":0,"value":35948000,"mf_share":0.3692,"rank":487}},{"type":"Feature","geometry":{"type":"Point","coordinates":[-88.47452,34.42846]},"properties":{"cbsa":"46180","metro":"Tupelo  MS","units":194,"sf":184,"mf":5,"small":5,"value":62379000,"mf_share":0.0258,"rank":488}},{"type":"Feature","geometry":{"type":"Point","coordinates":[-96.95922,35.17061]},"properties":{"cbsa":"43060","metro":"Shawnee  OK","units":194,"sf":121,"mf":34,"small":39,"value":41264000,"mf_share":0.1753,"rank":489}},{"type":"Feature","geometry":{"type":"Point","coordinates":[-92.6416,32.62776]},"properties":{"cbsa":"40820","metro":"Ruston  LA","units":193,"sf":191,"mf":0,"small":2,"value":44699000,"mf_share":0.0,"rank":490}},{"type":"Feature","geometry":{"type":"Point","coordinates":[-84.16928,31.65097]},"properties":{"cbsa":"10500","metro":"Albany  GA","units":192,"sf":154,"mf":36,"small":2,"value":33897000,"mf_share":0.1875,"rank":491}},{"type":"Feature","geometry":{"type":"Point","coordinates":[-80.41816,39.28362]},"properties":{"cbsa":"17220","metro":"Clarksburg  WV","units":192,"sf":80,"mf":12,"small":100,"value":23645000,"mf_share":0.0625,"rank":492}},{"type":"Feature","geometry":{"type":"Point","coordinates":[-83.55116,41.90246]},"properties":{"cbsa":"33780","metro":"Monroe  MI","units":191,"sf":177,"mf":0,"small":14,"value":55669000,"mf_share":0.0,"rank":493}},{"type":"Feature","geometry":{"type":"Point","coordinates":[-105.91902,37.34699]},"properties":{"cbsa":"10480","metro":"Alamosa  CO","units":190,"sf":176,"mf":0,"small":14,"value":52047000,"mf_share":0.0,"rank":494}},{"type":"Feature","geometry":{"type":"Point","coordinates":[-88.52382,43.76253]},"properties":{"cbsa":"22540","metro":"Fond du Lac  WI","units":190,"sf":172,"mf":0,"small":18,"value":65235000,"mf_share":0.0,"rank":495}},{"type":"Feature","geometry":{"type":"Point","coordinates":[-122.51866,44.49935]},"properties":{"cbsa":"10540","metro":"Albany  OR","units":189,"sf":140,"mf":26,"small":23,"value":66309000,"mf_share":0.1376,"rank":496}},{"type":"Feature","geometry":{"type":"Point","coordinates":[-73.67524,44.73007]},"properties":{"cbsa":"38460","metro":"Plattsburgh  NY","units":189,"sf":113,"mf":70,"small":6,"value":38444000,"mf_share":0.3704,"rank":497}},{"type":"Feature","geometry":{"type":"Point","coordinates":[-82.39102,31.05163]},"properties":{"cbsa":"48180","metro":"Waycross  GA","units":187,"sf":104,"mf":72,"small":11,"value":28240000,"mf_share":0.385,"rank":498}},{"type":"Feature","geometry":{"type":"Point","coordinates":[-85.88426,39.24837]},"properties":{"cbsa":"18020","metro":"Columbus  IN","units":187,"sf":183,"mf":0,"small":4,"value":70250000,"mf_share":0.0,"rank":499}},{"type":"Feature","geometry":{"type":"Point","coordinates":[-97.15691,28.7627]},"properties":{"cbsa":"47020","metro":"Victoria  TX","units":186,"sf":43,"mf":143,"small":0,"value":29335000,"mf_share":0.7688,"rank":500}},{"type":"Feature","geometry":{"type":"Point","coordinates":[-71.97539,41.78025]},"properties":{"cbsa":"39480","metro":"Putnam  CT","units":185,"sf":183,"mf":0,"small":2,"value":51145000,"mf_share":0.0,"rank":501}},{"type":"Feature","geometry":{"type":"Point","coordinates":[-84.06514,41.89756]},"properties":{"cbsa":"10300","metro":"Adrian  MI","units":184,"sf":169,"mf":11,"small":4,"value":56779000,"mf_share":0.0598,"rank":502}},{"type":"Feature","geometry":{"type":"Point","coordinates":[-70.59511,41.39242]},"properties":{"cbsa":"47240","metro":"Vineyard Haven  MA","units":183,"sf":99,"mf":48,"small":36,"value":141309000,"mf_share":0.2623,"rank":503}},{"type":"Feature","geometry":{"type":"Point","coordinates":[-95.66845,46.89105]},"properties":{"cbsa":"19810","metro":"Detroit Lakes  MN","units":182,"sf":138,"mf":36,"small":8,"value":60776000,"mf_share":0.1978,"rank":504}},{"type":"Feature","geometry":{"type":"Point","coordinates":[-84.65361,37.45652]},"properties":{"cbsa":"19220","metro":"Danville  KY","units":182,"sf":180,"mf":0,"small":2,"value":43984000,"mf_share":0.0,"rank":505}},{"type":"Feature","geometry":{"type":"Point","coordinates":[-122.87794,43.3032]},"properties":{"cbsa":"40700","metro":"Roseburg  OR","units":182,"sf":162,"mf":0,"small":20,"value":59154000,"mf_share":0.0,"rank":506}},{"type":"Feature","geometry":{"type":"Point","coordinates":[-82.62655,30.23488]},"properties":{"cbsa":"29380","metro":"Lake City  FL","units":182,"sf":174,"mf":0,"small":8,"value":49856000,"mf_share":0.0,"rank":507}},{"type":"Feature","geometry":{"type":"Point","coordinates":[-109.41804,44.40259]},"properties":{"cbsa":"17650","metro":"Cody  WY","units":181,"sf":167,"mf":0,"small":14,"value":51790000,"mf_share":0.0,"rank":508}},{"type":"Feature","geometry":{"type":"Point","coordinates":[-121.66213,45.48309]},"properties":{"cbsa":"26220","metro":"Hood River  OR","units":180,"sf":47,"mf":130,"small":3,"value":42328000,"mf_share":0.7222,"rank":509}},{"type":"Feature","geometry":{"type":"Point","coordinates":[-83.58414,31.58205]},"properties":{"cbsa":"45700","metro":"Tifton  GA","units":180,"sf":114,"mf":66,"small":0,"value":21024000,"mf_share":0.3667,"rank":510}},{"type":"Feature","geometry":{"type":"Point","coordinates":[-99.30485,29.99126]},"properties":{"cbsa":"28500","metro":"Kerrville  TX","units":179,"sf":91,"mf":88,"small":0,"value":42659000,"mf_share":0.4916,"rank":511}},{"type":"Feature","geometry":{"type":"Point","coordinates":[-82.06524,39.35118]},"properties":{"cbsa":"11900","metro":"Athens  OH","units":179,"sf":11,"mf":159,"small":9,"value":31050000,"mf_share":0.8883,"rank":512}},{"type":"Feature","geometry":{"type":"Point","coordinates":[-88.82106,37.09009]},"properties":{"cbsa":"37140","metro":"Paducah  KY-IL","units":178,"sf":96,"mf":44,"small":38,"value":40153000,"mf_share":0.2472,"rank":513}},{"type":"Feature","geometry":{"type":"Point","coordinates":[-95.80918,32.17708]},"properties":{"cbsa":"11980","metro":"Athens  TX","units":176,"sf":166,"mf":0,"small":10,"value":52311000,"mf_share":0.0,"rank":514}},{"type":"Feature","geometry":{"type":"Point","coordinates":[-82.77308,35.21926]},"properties":{"cbsa":"14820","metro":"Brevard  NC","units":176,"sf":176,"mf":0,"small":0,"value":131110000,"mf_share":0.0,"rank":515}},{"type":"Feature","geometry":{"type":"Point","coordinates":[-88.67283,46.97325]},"properties":{"cbsa":"26340","metro":"Houghton  MI","units":176,"sf":125,"mf":33,"small":18,"value":40665000,"mf_share":0.1875,"rank":516}},{"type":"Feature","geometry":{"type":"Point","coordinates":[-109.51374,40.02791]},"properties":{"cbsa":"46860","metro":"Vernal  UT","units":170,"sf":98,"mf":68,"small":4,"value":48166000,"mf_share":0.4,"rank":517}},{"type":"Feature","geometry":{"type":"Point","coordinates":[-98.84365,45.58987]},"properties":{"cbsa":"10100","metro":"Aberdeen  SD","units":169,"sf":65,"mf":80,"small":24,"value":27466000,"mf_share":0.4734,"rank":518}},{"type":"Feature","geometry":{"type":"Point","coordinates":[-79.37785,42.29727]},"properties":{"cbsa":"27460","metro":"Jamestown-Dunkirk  NY","units":168,"sf":168,"mf":0,"small":0,"value":48194000,"mf_share":0.0,"rank":519}},{"type":"Feature","geometry":{"type":"Point","coordinates":[-94.83561,47.98985]},"properties":{"cbsa":"13420","metro":"Bemidji  MN","units":168,"sf":77,"mf":91,"small":0,"value":24839000,"mf_share":0.5417,"rank":520}},{"type":"Feature","geometry":{"type":"Point","coordinates":[-75.02888,41.34887]},"properties":{"cbsa":"25770","metro":"Hemlock Farms  PA","units":167,"sf":167,"mf":0,"small":0,"value":63213000,"mf_share":0.0,"rank":521}},{"type":"Feature","geometry":{"type":"Point","coordinates":[-72.29684,42.94987]},"properties":{"cbsa":"28300","metro":"Keene  NH","units":167,"sf":147,"mf":10,"small":10,"value":50459000,"mf_share":0.0599,"rank":522}},{"type":"Feature","geometry":{"type":"Point","coordinates":[-82.05387,35.77112]},"properties":{"cbsa":"32000","metro":"Marion  NC","units":164,"sf":164,"mf":0,"small":0,"value":79411000,"mf_share":0.0,"rank":523}},{"type":"Feature","geometry":{"type":"Point","coordinates":[-115.52966,43.47814]},"properties":{"cbsa":"34300","metro":"Mountain Home  ID","units":164,"sf":164,"mf":0,"small":0,"value":23623000,"mf_share":0.0,"rank":524}},{"type":"Feature","geometry":{"type":"Point","coordinates":[-118.50051,46.32748]},"properties":{"cbsa":"47460","metro":"Walla Walla  WA","units":163,"sf":161,"mf":0,"small":2,"value":60650000,"mf_share":0.0,"rank":525}},{"type":"Feature","geometry":{"type":"Point","coordinates":[-98.46599,33.65058]},"properties":{"cbsa":"48660","metro":"Wichita Falls  TX","units":160,"sf":133,"mf":8,"small":19,"value":43270000,"mf_share":0.05,"rank":526}},{"type":"Feature","geometry":{"type":"Point","coordinates":[-81.60236,34.33279]},"properties":{"cbsa":"35140","metro":"Newberry  SC","units":160,"sf":151,"mf":6,"small":3,"value":62571000,"mf_share":0.0375,"rank":527}},{"type":"Feature","geometry":{"type":"Point","coordinates":[-86.60451,35.18118]},"properties":{"cbsa":"22190","metro":"Fayetteville  TN","units":159,"sf":150,"mf":0,"small":9,"value":39262000,"mf_share":0.0,"rank":528}},{"type":"Feature","geometry":{"type":"Point","coordinates":[-81.81001,27.12151]},"properties":{"cbsa":"11580","metro":"Arcadia  FL","units":159,"sf":159,"mf":0,"small":0,"value":41330000,"mf_share":0.0,"rank":529}},{"type":"Feature","geometry":{"type":"Point","coordinates":[-94.62401,31.26866]},"properties":{"cbsa":"31260","metro":"Lufkin  TX","units":157,"sf":139,"mf":0,"small":18,"value":40337000,"mf_share":0.0,"rank":530}},{"type":"Feature","geometry":{"type":"Point","coordinates":[-84.1386,40.75095]},"properties":{"cbsa":"30620","metro":"Lima  OH","units":157,"sf":121,"mf":36,"small":0,"value":40989000,"mf_share":0.2293,"rank":531}},{"type":"Feature","geometry":{"type":"Point","coordinates":[-90.51822,36.12621]},"properties":{"cbsa":"37500","metro":"Paragould  AR","units":156,"sf":122,"mf":0,"small":34,"value":27197000,"mf_share":0.0,"rank":532}},{"type":"Feature","geometry":{"type":"Point","coordinates":[-90.02124,44.46785]},"properties":{"cbsa":"49220","metro":"Wisconsin Rapids-Marshfield  WI","units":156,"sf":130,"mf":0,"small":26,"value":49304000,"mf_share":0.0,"rank":533}},{"type":"Feature","geometry":{"type":"Point","coordinates":[-89.64644,33.56852]},"properties":{"cbsa":"24980","metro":"Grenada  MS","units":156,"sf":13,"mf":143,"small":0,"value":10691000,"mf_share":0.9167,"rank":534}},{"type":"Feature","geometry":{"type":"Point","coordinates":[-72.6004,44.29384]},"properties":{"cbsa":"12740","metro":"Barre  VT","units":156,"sf":130,"mf":0,"small":26,"value":55509000,"mf_share":0.0,"rank":535}},{"type":"Feature","geometry":{"type":"Point","coordinates":[-66.66743,18.0624]},"properties":{"cbsa":"38660","metro":"Ponce  PR","units":155,"sf":153,"mf":0,"small":2,"value":26177000,"mf_share":0.0,"rank":536}},{"type":"Feature","geometry":{"type":"Point","coordinates":[-96.25102,33.94473]},"properties":{"cbsa":"20460","metro":"Durant  OK","units":155,"sf":122,"mf":5,"small":28,"value":28665000,"mf_share":0.0323,"rank":537}},{"type":"Feature","geometry":{"type":"Point","coordinates":[-91.96959,30.62098]},"properties":{"cbsa":"36660","metro":"Opelousas  LA","units":153,"sf":153,"mf":0,"small":0,"value":33028000,"mf_share":0.0,"rank":538}},{"type":"Feature","geometry":{"type":"Point","coordinates":[-110.67462,33.72713]},"properties":{"cbsa":"37740","metro":"Payson  AZ","units":153,"sf":153,"mf":0,"small":0,"value":48690000,"mf_share":0.0,"rank":539}},{"type":"Feature","geometry":{"type":"Point","coordinates":[-91.84817,45.46491]},"properties":{"cbsa":"39960","metro":"Rice Lake  WI","units":152,"sf":144,"mf":0,"small":8,"value":60920000,"mf_share":0.0,"rank":540}},{"type":"Feature","geometry":{"type":"Point","coordinates":[-87.83535,44.10679]},"properties":{"cbsa":"31820","metro":"Manitowoc  WI","units":152,"sf":102,"mf":30,"small":20,"value":52454000,"mf_share":0.1974,"rank":541}},{"type":"Feature","geometry":{"type":"Point","coordinates":[-81.16981,36.21837]},"properties":{"cbsa":"35900","metro":"North Wilkesboro  NC","units":152,"sf":152,"mf":0,"small":0,"value":52095000,"mf_share":0.0,"rank":542}},{"type":"Feature","geometry":{"type":"Point","coordinates":[-78.68475,42.22113]},"properties":{"cbsa":"36460","metro":"Olean  NY","units":150,"sf":124,"mf":0,"small":26,"value":34488000,"mf_share":0.0,"rank":543}},{"type":"Feature","geometry":{"type":"Point","coordinates":[-73.18737,42.44484]},"properties":{"cbsa":"38340","metro":"Pittsfield  MA","units":149,"sf":93,"mf":50,"small":6,"value":66083000,"mf_share":0.3356,"rank":544}},{"type":"Feature","geometry":{"type":"Point","coordinates":[-103.43721,48.30703]},"properties":{"cbsa":"48780","metro":"Williston  ND","units":145,"sf":145,"mf":0,"small":0,"value":53193000,"mf_share":0.0,"rank":545}},{"type":"Feature","geometry":{"type":"Point","coordinates":[-90.50702,37.80687]},"properties":{"cbsa":"22100","metro":"Farmington  MO","units":144,"sf":88,"mf":12,"small":44,"value":34267000,"mf_share":0.0833,"rank":546}},{"type":"Feature","geometry":{"type":"Point","coordinates":[-85.86957,33.72135]},"properties":{"cbsa":"11500","metro":"Anniston-Oxford  AL","units":144,"sf":130,"mf":0,"small":14,"value":22299000,"mf_share":0.0,"rank":547}},{"type":"Feature","geometry":{"type":"Point","coordinates":[-75.11831,39.36366]},"properties":{"cbsa":"47220","metro":"Vineland  NJ","units":143,"sf":143,"mf":0,"small":0,"value":31008000,"mf_share":0.0,"rank":548}},{"type":"Feature","geometry":{"type":"Point","coordinates":[-88.48067,33.39724]},"properties":{"cbsa":"18060","metro":"Columbus  MS","units":143,"sf":143,"mf":0,"small":0,"value":17172000,"mf_share":0.0,"rank":549}},{"type":"Feature","geometry":{"type":"Point","coordinates":[-98.2743,40.52016]},"properties":{"cbsa":"25580","metro":"Hastings  NE","units":143,"sf":83,"mf":48,"small":12,"value":36728000,"mf_share":0.3357,"rank":550}},{"type":"Feature","geometry":{"type":"Point","coordinates":[-114.22356,43.32597]},"properties":{"cbsa":"25200","metro":"Hailey  ID","units":143,"sf":132,"mf":5,"small":6,"value":184922000,"mf_share":0.035,"rank":551}},{"type":"Feature","geometry":{"type":"Point","coordinates":[-103.43967,32.8098]},"properties":{"cbsa":"26020","metro":"Hobbs  NM","units":143,"sf":143,"mf":0,"small":0,"value":42402000,"mf_share":0.0,"rank":552}},{"type":"Feature","geometry":{"type":"Point","coordinates":[-97.18833,45.06355]},"properties":{"cbsa":"47980","metro":"Watertown  SD","units":142,"sf":92,"mf":42,"small":8,"value":37718000,"mf_share":0.2958,"rank":553}},{"type":"Feature","geometry":{"type":"Point","coordinates":[-99.07378,40.69434]},"properties":{"cbsa":"28260","metro":"Kearney  NE","units":142,"sf":138,"mf":0,"small":4,"value":64325000,"mf_share":0.0,"rank":554}},{"type":"Feature","geometry":{"type":"Point","coordinates":[-66.0809,18.02391]},"properties":{"cbsa":"25020","metro":"Guayama  PR","units":142,"sf":139,"mf":0,"small":3,"value":19113000,"mf_share":0.0,"rank":555}},{"type":"Feature","geometry":{"type":"Point","coordinates":[-110.76252,41.47723]},"properties":{"cbsa":"21740","metro":"Evanston  WY-UT","units":141,"sf":117,"mf":16,"small":8,"value":60056000,"mf_share":0.1135,"rank":556}},{"type":"Feature","geometry":{"type":"Point","coordinates":[-101.12501,48.45848]},"properties":{"cbsa":"33500","metro":"Minot  ND","units":141,"sf":78,"mf":41,"small":22,"value":35585000,"mf_share":0.2908,"rank":557}},{"type":"Feature","geometry":{"type":"Point","coordinates":[-88.93003,37.73112]},"properties":{"cbsa":"32060","metro":"Marion-Herrin  IL","units":141,"sf":68,"mf":8,"small":65,"value":21108000,"mf_share":0.0567,"rank":558}},{"type":"Feature","geometry":{"type":"Point","coordinates":[-93.20031,36.09752]},"properties":{"cbsa":"25460","metro":"Harrison  AR","units":136,"sf":8,"mf":116,"small":12,"value":16706000,"mf_share":0.8529,"rank":559}},{"type":"Feature","geometry":{"type":"Point","coordinates":[-92.74915,43.66714]},"properties":{"cbsa":"12380","metro":"Austin  MN","units":136,"sf":34,"mf":102,"small":0,"value":23466000,"mf_share":0.75,"rank":560}},{"type":"Feature","geometry":{"type":"Point","coordinates":[-84.56851,30.93519]},"properties":{"cbsa":"12460","metro":"Bainbridge  GA","units":135,"sf":75,"mf":60,"small":0,"value":20338000,"mf_share":0.4444,"rank":561}},{"type":"Feature","geometry":{"type":"Point","coordinates":[-84.92347,45.54533]},"properties":{"cbsa":"37950","metro":"Petoskey  MI","units":135,"sf":135,"mf":0,"small":0,"value":52124000,"mf_share":0.0,"rank":562}},{"type":"Feature","geometry":{"type":"Point","coordinates":[-73.21036,41.7648]},"properties":{"cbsa":"45860","metro":"Torrington  CT","units":133,"sf":124,"mf":0,"small":9,"value":72773000,"mf_share":0.0,"rank":563}},{"type":"Feature","geometry":{"type":"Point","coordinates":[-77.674,35.20342]},"properties":{"cbsa":"28820","metro":"Kinston  NC","units":131,"sf":127,"mf":0,"small":4,"value":26026000,"mf_share":0.0,"rank":564}},{"type":"Feature","geometry":{"type":"Point","coordinates":[-159.5555,22.05155]},"properties":{"cbsa":"28180","metro":"Kapaa  HI","units":130,"sf":130,"mf":0,"small":0,"value":106035000,"mf_share":0.0,"rank":565}},{"type":"Feature","geometry":{"type":"Point","coordinates":[-112.69474,45.91132]},"properties":{"cbsa":"15580","metro":"Butte-Silver Bow  MT","units":130,"sf":81,"mf":19,"small":30,"value":13392000,"mf_share":0.1462,"rank":566}},{"type":"Feature","geometry":{"type":"Point","coordinates":[-84.60056,37.08174]},"properties":{"cbsa":"43700","metro":"Somerset  KY","units":129,"sf":22,"mf":107,"small":0,"value":21095000,"mf_share":0.8295,"rank":567}},{"type":"Feature","geometry":{"type":"Point","coordinates":[-84.97577,35.9461]},"properties":{"cbsa":"18900","metro":"Crossville  TN","units":128,"sf":102,"mf":0,"small":26,"value":20933000,"mf_share":0.0,"rank":568}},{"type":"Feature","geometry":{"type":"Point","coordinates":[-84.38716,43.69123]},"properties":{"cbsa":"33220","metro":"Midland  MI","units":128,"sf":114,"mf":0,"small":14,"value":40059000,"mf_share":0.0,"rank":569}},{"type":"Feature","geometry":{"type":"Point","coordinates":[-85.0003,41.61311]},"properties":{"cbsa":"11420","metro":"Angola  IN","units":127,"sf":125,"mf":0,"small":2,"value":60279000,"mf_share":0.0,"rank":570}},{"type":"Feature","geometry":{"type":"Point","coordinates":[-81.78807,29.57172]},"properties":{"cbsa":"37260","metro":"Palatka  FL","units":127,"sf":91,"mf":0,"small":36,"value":34172000,"mf_share":0.0,"rank":571}},{"type":"Feature","geometry":{"type":"Point","coordinates":[-84.28075,32.82525]},"properties":{"cbsa":"45580","metro":"Thomaston  GA","units":127,"sf":127,"mf":0,"small":0,"value":36929000,"mf_share":0.0,"rank":572}},{"type":"Feature","geometry":{"type":"Point","coordinates":[-74.98843,42.59738]},"properties":{"cbsa":"36580","metro":"Oneonta  NY","units":125,"sf":125,"mf":0,"small":0,"value":31380000,"mf_share":0.0,"rank":573}},{"type":"Feature","geometry":{"type":"Point","coordinates":[-89.24772,31.22474]},"properties":{"cbsa":"25620","metro":"Hattiesburg  MS","units":123,"sf":123,"mf":0,"small":0,"value":24761000,"mf_share":0.0,"rank":574}},{"type":"Feature","geometry":{"type":"Point","coordinates":[-88.73462,44.76705]},"properties":{"cbsa":"43020","metro":"Shawano  WI","units":123,"sf":121,"mf":0,"small":2,"value":47201000,"mf_share":0.0,"rank":575}},{"type":"Feature","geometry":{"type":"Point","coordinates":[-86.04942,34.044]},"properties":{"cbsa":"23460","metro":"Gadsden  AL","units":123,"sf":123,"mf":0,"small":0,"value":30668000,"mf_share":0.0,"rank":576}},{"type":"Feature","geometry":{"type":"Point","coordinates":[-90.75888,42.83864]},"properties":{"cbsa":"38420","metro":"Platteville  WI","units":122,"sf":112,"mf":0,"small":10,"value":35406000,"mf_share":0.0,"rank":577}},{"type":"Feature","geometry":{"type":"Point","coordinates":[-93.2614,43.06066]},"properties":{"cbsa":"32380","metro":"Mason City  IA","units":121,"sf":45,"mf":42,"small":34,"value":39151000,"mf_share":0.3471,"rank":578}},{"type":"Feature","geometry":{"type":"Point","coordinates":[-95.28698,38.56442]},"properties":{"cbsa":"36840","metro":"Ottawa  KS","units":120,"sf":102,"mf":0,"small":18,"value":31603000,"mf_share":0.0,"rank":579}},{"type":"Feature","geometry":{"type":"Point","coordinates":[-72.73683,42.98603]},"properties":{"cbsa":"14710","metro":"Brattleboro  VT","units":120,"sf":115,"mf":0,"small":5,"value":39053000,"mf_share":0.0,"rank":580}},{"type":"Feature","geometry":{"type":"Point","coordinates":[-83.76723,40.40613]},"properties":{"cbsa":"13340","metro":"Bellefontaine  OH","units":120,"sf":117,"mf":0,"small":3,"value":35211000,"mf_share":0.0,"rank":581}},{"type":"Feature","geometry":{"type":"Point","coordinates":[-85.00454,42.20216]},"properties":{"cbsa":"12980","metro":"Battle Creek  MI","units":120,"sf":120,"mf":0,"small":0,"value":28060000,"mf_share":0.0,"rank":582}},{"type":"Feature","geometry":{"type":"Point","coordinates":[-91.07618,41.52471]},"properties":{"cbsa":"34700","metro":"Muscatine  IA","units":119,"sf":41,"mf":65,"small":13,"value":21038000,"mf_share":0.5462,"rank":583}},{"type":"Feature","geometry":{"type":"Point","coordinates":[-76.87896,35.46836]},"properties":{"cbsa":"47820","metro":"Washington  NC","units":119,"sf":119,"mf":0,"small":0,"value":45756000,"mf_share":0.0,"rank":584}},{"type":"Feature","geometry":{"type":"Point","coordinates":[-86.26173,41.30467]},"properties":{"cbsa":"38500","metro":"Plymouth  IN","units":118,"sf":116,"mf":0,"small":2,"value":42274000,"mf_share":0.0,"rank":585}},{"type":"Feature","geometry":{"type":"Point","coordinates":[-115.31998,40.61105]},"properties":{"cbsa":"21220","metro":"Elko  NV","units":118,"sf":118,"mf":0,"small":0,"value":31737000,"mf_share":0.0,"rank":586}},{"type":"Feature","geometry":{"type":"Point","coordinates":[-95.15105,43.37785]},"properties":{"cbsa":"44020","metro":"Spirit Lake  IA","units":117,"sf":78,"mf":35,"small":4,"value":59798000,"mf_share":0.2991,"rank":587}},{"type":"Feature","geometry":{"type":"Point","coordinates":[-134.05036,58.32822]},"properties":{"cbsa":"27940","metro":"Juneau  AK","units":117,"sf":34,"mf":65,"small":18,"value":14207000,"mf_share":0.5556,"rank":588}},{"type":"Feature","geometry":{"type":"Point","coordinates":[-87.61129,37.65621]},"properties":{"cbsa":"25775","metro":"Henderson  KY","units":117,"sf":63,"mf":48,"small":6,"value":28057000,"mf_share":0.4103,"rank":589}},{"type":"Feature","geometry":{"type":"Point","coordinates":[-93.27715,38.79605]},"properties":{"cbsa":"42740","metro":"Sedalia  MO","units":117,"sf":29,"mf":57,"small":31,"value":14545000,"mf_share":0.4872,"rank":590}},{"type":"Feature","geometry":{"type":"Point","coordinates":[-96.2226,29.29801]},"properties":{"cbsa":"20900","metro":"El Campo  TX","units":116,"sf":116,"mf":0,"small":0,"value":34026000,"mf_share":0.0,"rank":591}},{"type":"Feature","geometry":{"type":"Point","coordinates":[-90.61198,43.85641]},"properties":{"cbsa":"43890","metro":"Sparta  WI","units":116,"sf":106,"mf":0,"small":10,"value":40959000,"mf_share":0.0,"rank":592}},{"type":"Feature","geometry":{"type":"Point","coordinates":[-97.64751,38.34828]},"properties":{"cbsa":"32700","metro":"McPherson  KS","units":115,"sf":99,"mf":0,"small":16,"value":17740000,"mf_share":0.0,"rank":593}},{"type":"Feature","geometry":{"type":"Point","coordinates":[-78.39703,36.34107]},"properties":{"cbsa":"25780","metro":"Henderson  NC","units":115,"sf":115,"mf":0,"small":0,"value":35449000,"mf_share":0.0,"rank":594}},{"type":"Feature","geometry":{"type":"Point","coordinates":[-97.65009,38.95812]},"properties":{"cbsa":"41460","metro":"Salina  KS","units":114,"sf":114,"mf":0,"small":0,"value":20096000,"mf_share":0.0,"rank":595}},{"type":"Feature","geometry":{"type":"Point","coordinates":[-82.55331,40.77501]},"properties":{"cbsa":"31900","metro":"Mansfield  OH","units":114,"sf":96,"mf":0,"small":18,"value":34914000,"mf_share":0.0,"rank":596}},{"type":"Feature","geometry":{"type":"Point","coordinates":[-84.99829,41.33961]},"properties":{"cbsa":"12140","metro":"Auburn  IN","units":114,"sf":96,"mf":18,"small":0,"value":47030000,"mf_share":0.1579,"rank":597}},{"type":"Feature","geometry":{"type":"Point","coordinates":[-86.03745,38.89919]},"properties":{"cbsa":"42980","metro":"Seymour  IN","units":114,"sf":95,"mf":0,"small":19,"value":39677000,"mf_share":0.0,"rank":598}},{"type":"Feature","geometry":{"type":"Point","coordinates":[-81.54596,38.2365]},"properties":{"cbsa":"16620","metro":"Charleston  WV","units":114,"sf":110,"mf":0,"small":4,"value":12858000,"mf_share":0.0,"rank":599}},{"type":"Feature","geometry":{"type":"Point","coordinates":[-93.81142,38.70094]},"properties":{"cbsa":"47660","metro":"Warrensburg  MO","units":113,"sf":33,"mf":8,"small":72,"value":16918000,"mf_share":0.0708,"rank":600}},{"type":"Feature","geometry":{"type":"Point","coordinates":[-87.88437,41.14754]},"properties":{"cbsa":"28100","metro":"Kankakee  IL","units":113,"sf":92,"mf":0,"small":21,"value":29920000,"mf_share":0.0,"rank":601}},{"type":"Feature","geometry":{"type":"Point","coordinates":[-123.90618,41.66907]},"properties":{"cbsa":"18860","metro":"Crescent City  CA","units":113,"sf":17,"mf":59,"small":37,"value":20599000,"mf_share":0.5221,"rank":602}},{"type":"Feature","geometry":{"type":"Point","coordinates":[-85.42279,41.36582]},"properties":{"cbsa":"28340","metro":"Kendallville  IN","units":113,"sf":113,"mf":0,"small":0,"value":33382000,"mf_share":0.0,"rank":603}},{"type":"Feature","geometry":{"type":"Point","coordinates":[-83.76787,31.15957]},"properties":{"cbsa":"34220","metro":"Moultrie  GA","units":111,"sf":81,"mf":0,"small":30,"value":27446000,"mf_share":0.0,"rank":604}},{"type":"Feature","geometry":{"type":"Point","coordinates":[-73.65753,42.20015]},"properties":{"cbsa":"26460","metro":"Hudson  NY","units":111,"sf":106,"mf":5,"small":0,"value":45688000,"mf_share":0.045,"rank":605}},{"type":"Feature","geometry":{"type":"Point","coordinates":[-76.37828,41.00628]},"properties":{"cbsa":"14100","metro":"Bloomsburg-Berwick  PA","units":111,"sf":106,"mf":0,"small":5,"value":26971000,"mf_share":0.0,"rank":606}},{"type":"Feature","geometry":{"type":"Point","coordinates":[-105.4728,33.74305]},"properties":{"cbsa":"40760","metro":"Ruidoso  NM","units":111,"sf":111,"mf":0,"small":0,"value":54581000,"mf_share":0.0,"rank":607}},{"type":"Feature","geometry":{"type":"Point","coordinates":[-86.4799,38.83425]},"properties":{"cbsa":"13260","metro":"Bedford  IN","units":110,"sf":84,"mf":0,"small":26,"value":18843000,"mf_share":0.0,"rank":608}},{"type":"Feature","geometry":{"type":"Point","coordinates":[-76.60353,43.01967]},"properties":{"cbsa":"12180","metro":"Auburn  NY","units":110,"sf":110,"mf":0,"small":0,"value":32486000,"mf_share":0.0,"rank":609}},{"type":"Feature","geometry":{"type":"Point","coordinates":[-99.31756,38.91458]},"properties":{"cbsa":"25700","metro":"Hays  KS","units":110,"sf":42,"mf":48,"small":20,"value":25532000,"mf_share":0.4364,"rank":610}},{"type":"Feature","geometry":{"type":"Point","coordinates":[-79.69908,35.01376]},"properties":{"cbsa":"40460","metro":"Rockingham  NC","units":109,"sf":53,"mf":56,"small":0,"value":21668000,"mf_share":0.5138,"rank":611}},{"type":"Feature","geometry":{"type":"Point","coordinates":[-96.57165,28.40805]},"properties":{"cbsa":"38920","metro":"Port Lavaca  TX","units":108,"sf":108,"mf":0,"small":0,"value":39246000,"mf_share":0.0,"rank":612}},{"type":"Feature","geometry":{"type":"Point","coordinates":[-66.35633,18.06143]},"properties":{"cbsa":"17620","metro":"Coamo  PR","units":108,"sf":106,"mf":0,"small":2,"value":18195000,"mf_share":0.0,"rank":613}},{"type":"Feature","geometry":{"type":"Point","coordinates":[-105.67315,41.69934]},"properties":{"cbsa":"29660","metro":"Laramie  WY","units":108,"sf":108,"mf":0,"small":0,"value":36462000,"mf_share":0.0,"rank":614}},{"type":"Feature","geometry":{"type":"Point","coordinates":[-100.88196,37.91502]},"properties":{"cbsa":"23780","metro":"Garden City  KS","units":107,"sf":39,"mf":48,"small":20,"value":17270000,"mf_share":0.4486,"rank":615}},{"type":"Feature","geometry":{"type":"Point","coordinates":[-80.72445,33.44186]},"properties":{"cbsa":"36700","metro":"Orangeburg  SC","units":107,"sf":83,"mf":24,"small":0,"value":15965000,"mf_share":0.2243,"rank":616}},{"type":"Feature","geometry":{"type":"Point","coordinates":[-105.45054,38.4761]},"properties":{"cbsa":"15860","metro":"Ca\u00f1on City  CO","units":107,"sf":105,"mf":0,"small":2,"value":26658000,"mf_share":0.0,"rank":617}},{"type":"Feature","geometry":{"type":"Point","coordinates":[-82.85509,31.51828]},"properties":{"cbsa":"20060","metro":"Douglas  GA","units":106,"sf":91,"mf":0,"small":15,"value":18446000,"mf_share":0.0,"rank":618}},{"type":"Feature","geometry":{"type":"Point","coordinates":[-86.11903,40.49659]},"properties":{"cbsa":"29020","metro":"Kokomo  IN","units":106,"sf":106,"mf":0,"small":0,"value":27827000,"mf_share":0.0,"rank":619}},{"type":"Feature","geometry":{"type":"Point","coordinates":[-87.6164,46.45875]},"properties":{"cbsa":"32100","metro":"Marquette  MI","units":106,"sf":96,"mf":0,"small":10,"value":34520000,"mf_share":0.0,"rank":620}},{"type":"Feature","geometry":{"type":"Point","coordinates":[-74.42218,42.92661]},"properties":{"cbsa":"11220","metro":"Amsterdam  NY","units":105,"sf":41,"mf":64,"small":0,"value":30915000,"mf_share":0.6095,"rank":621}},{"type":"Feature","geometry":{"type":"Point","coordinates":[-105.64851,36.52189]},"properties":{"cbsa":"45340","metro":"Taos  NM","units":105,"sf":103,"mf":0,"small":2,"value":29652000,"mf_share":0.0,"rank":622}},{"type":"Feature","geometry":{"type":"Point","coordinates":[-77.41836,42.33142]},"properties":{"cbsa":"18500","metro":"Corning  NY","units":104,"sf":104,"mf":0,"small":0,"value":22540000,"mf_share":0.0,"rank":623}},{"type":"Feature","geometry":{"type":"Point","coordinates":[-121.81467,42.87157]},"properties":{"cbsa":"28900","metro":"Klamath Falls  OR","units":103,"sf":95,"mf":0,"small":8,"value":32988000,"mf_share":0.0,"rank":624}},{"type":"Feature","geometry":{"type":"Point","coordinates":[-78.19743,43.01365]},"properties":{"cbsa":"12860","metro":"Batavia  NY","units":102,"sf":100,"mf":0,"small":2,"value":27002000,"mf_share":0.0,"rank":625}},{"type":"Feature","geometry":{"type":"Point","coordinates":[-82.91783,32.46779]},"properties":{"cbsa":"20140","metro":"Dublin  GA","units":102,"sf":38,"mf":64,"small":0,"value":15772000,"mf_share":0.6275,"rank":626}},{"type":"Feature","geometry":{"type":"Point","coordinates":[-91.90723,29.75212]},"properties":{"cbsa":"35340","metro":"New Iberia  LA","units":102,"sf":102,"mf":0,"small":0,"value":22025000,"mf_share":0.0,"rank":627}},{"type":"Feature","geometry":{"type":"Point","coordinates":[-81.91235,31.56337]},"properties":{"cbsa":"27700","metro":"Jesup  GA","units":102,"sf":98,"mf":0,"small":4,"value":22495000,"mf_share":0.0,"rank":628}},{"type":"Feature","geometry":{"type":"Point","coordinates":[-83.79153,39.3967]},"properties":{"cbsa":"48940","metro":"Wilmington  OH","units":102,"sf":102,"mf":0,"small":0,"value":33873000,"mf_share":0.0,"rank":629}},{"type":"Feature","geometry":{"type":"Point","coordinates":[-91.77549,37.90096]},"properties":{"cbsa":"40620","metro":"Rolla  MO","units":101,"sf":59,"mf":0,"small":42,"value":18651000,"mf_share":0.0,"rank":630}},{"type":"Feature","geometry":{"type":"Point","coordinates":[-93.28271,44.31267]},"properties":{"cbsa":"22060","metro":"Faribault-Northfield  MN","units":100,"sf":100,"mf":0,"small":0,"value":35958000,"mf_share":0.0,"rank":631}},{"type":"Feature","geometry":{"type":"Point","coordinates":[-80.06619,41.64682]},"properties":{"cbsa":"32740","metro":"Meadville  PA","units":99,"sf":99,"mf":0,"small":0,"value":26217000,"mf_share":0.0,"rank":632}},{"type":"Feature","geometry":{"type":"Point","coordinates":[-86.85119,39.74764]},"properties":{"cbsa":"24600","metro":"Greencastle  IN","units":99,"sf":97,"mf":0,"small":2,"value":34570000,"mf_share":0.0,"rank":633}},{"type":"Feature","geometry":{"type":"Point","coordinates":[-84.59393,41.91529]},"properties":{"cbsa":"25880","metro":"Hillsdale  MI","units":99,"sf":92,"mf":7,"small":0,"value":29671000,"mf_share":0.0707,"rank":634}},{"type":"Feature","geometry":{"type":"Point","coordinates":[-85.32465,43.6409]},"properties":{"cbsa":"13660","metro":"Big Rapids  MI","units":99,"sf":99,"mf":0,"small":0,"value":25418000,"mf_share":0.0,"rank":635}},{"type":"Feature","geometry":{"type":"Point","coordinates":[-92.21853,37.78656]},"properties":{"cbsa":"22780","metro":"Fort Leonard Wood  MO","units":99,"sf":99,"mf":0,"small":0,"value":22388000,"mf_share":0.0,"rank":636}},{"type":"Feature","geometry":{"type":"Point","coordinates":[-89.73484,37.28652]},"properties":{"cbsa":"16020","metro":"Cape Girardeau  MO-IL","units":99,"sf":99,"mf":0,"small":0,"value":35096000,"mf_share":0.0,"rank":637}},{"type":"Feature","geometry":{"type":"Point","coordinates":[-81.51619,39.14381]},"properties":{"cbsa":"37620","metro":"Parkersburg-Vienna  WV","units":99,"sf":93,"mf":0,"small":6,"value":18967000,"mf_share":0.0,"rank":638}},{"type":"Feature","geometry":{"type":"Point","coordinates":[-84.93739,40.82299]},"properties":{"cbsa":"19540","metro":"Decatur  IN","units":98,"sf":96,"mf":0,"small":2,"value":22700000,"mf_share":0.0,"rank":639}},{"type":"Feature","geometry":{"type":"Point","coordinates":[-76.76312,42.07662]},"properties":{"cbsa":"21300","metro":"Elmira  NY","units":98,"sf":33,"mf":65,"small":0,"value":19172000,"mf_share":0.6633,"rank":640}},{"type":"Feature","geometry":{"type":"Point","coordinates":[-84.22697,40.50914]},"properties":{"cbsa":"47540","metro":"Wapakoneta  OH","units":97,"sf":87,"mf":0,"small":10,"value":30106000,"mf_share":0.0,"rank":641}},{"type":"Feature","geometry":{"type":"Point","coordinates":[-91.8936,44.94381]},"properties":{"cbsa":"32860","metro":"Menomonie  WI","units":95,"sf":93,"mf":0,"small":2,"value":31396000,"mf_share":0.0,"rank":642}},{"type":"Feature","geometry":{"type":"Point","coordinates":[-83.2506,33.06544]},"properties":{"cbsa":"33300","metro":"Milledgeville  GA","units":95,"sf":79,"mf":13,"small":3,"value":32393000,"mf_share":0.1368,"rank":643}},{"type":"Feature","geometry":{"type":"Point","coordinates":[-95.7531,43.67412]},"properties":{"cbsa":"49380","metro":"Worthington  MN","units":94,"sf":10,"mf":76,"small":8,"value":14800000,"mf_share":0.8085,"rank":644}},{"type":"Feature","geometry":{"type":"Point","coordinates":[-100.29045,28.63245]},"properties":{"cbsa":"20580","metro":"Eagle Pass  TX","units":94,"sf":64,"mf":12,"small":18,"value":25449000,"mf_share":0.1277,"rank":645}},{"type":"Feature","geometry":{"type":"Point","coordinates":[-102.63784,32.3336]},"properties":{"cbsa":"11380","metro":"Andrews  TX","units":93,"sf":67,"mf":26,"small":0,"value":18767000,"mf_share":0.2796,"rank":646}},{"type":"Feature","geometry":{"type":"Point","coordinates":[-82.58762,41.16055]},"properties":{"cbsa":"35940","metro":"Norwalk  OH","units":93,"sf":61,"mf":0,"small":32,"value":26468000,"mf_share":0.0,"rank":647}},{"type":"Feature","geometry":{"type":"Point","coordinates":[-85.7921,40.82616]},"properties":{"cbsa":"47340","metro":"Wabash  IN","units":93,"sf":87,"mf":6,"small":0,"value":28883000,"mf_share":0.0645,"rank":648}},{"type":"Feature","geometry":{"type":"Point","coordinates":[-86.89396,40.10884]},"properties":{"cbsa":"18820","metro":"Crawfordsville  IN","units":93,"sf":89,"mf":0,"small":4,"value":24376000,"mf_share":0.0,"rank":649}},{"type":"Feature","geometry":{"type":"Point","coordinates":[-97.42695,42.09016]},"properties":{"cbsa":"35740","metro":"Norfolk  NE","units":91,"sf":71,"mf":0,"small":20,"value":26724000,"mf_share":0.0,"rank":650}},{"type":"Feature","geometry":{"type":"Point","coordinates":[-80.2594,41.35648]},"properties":{"cbsa":"25850","metro":"Hermitage  PA","units":90,"sf":78,"mf":12,"small":0,"value":25014000,"mf_share":0.1333,"rank":651}},{"type":"Feature","geometry":{"type":"Point","coordinates":[-84.84685,43.63993]},"properties":{"cbsa":"34380","metro":"Mount Pleasant  MI","units":90,"sf":88,"mf":0,"small":2,"value":22597000,"mf_share":0.0,"rank":652}},{"type":"Feature","geometry":{"type":"Point","coordinates":[-97.39835,42.97453]},"properties":{"cbsa":"49460","metro":"Yankton  SD","units":90,"sf":37,"mf":47,"small":6,"value":49498000,"mf_share":0.5222,"rank":653}},{"type":"Feature","geometry":{"type":"Point","coordinates":[-77.56515,36.31451]},"properties":{"cbsa":"40260","metro":"Roanoke Rapids  NC","units":90,"sf":88,"mf":0,"small":2,"value":37178000,"mf_share":0.0,"rank":654}},{"type":"Feature","geometry":{"type":"Point","coordinates":[-92.5037,39.47275]},"properties":{"cbsa":"33620","metro":"Moberly  MO","units":89,"sf":89,"mf":0,"small":0,"value":31505000,"mf_share":0.0,"rank":655}},{"type":"Feature","geometry":{"type":"Point","coordinates":[-73.0228,43.5763]},"properties":{"cbsa":"40860","metro":"Rutland  VT","units":89,"sf":87,"mf":0,"small":2,"value":24103000,"mf_share":0.0,"rank":656}},{"type":"Feature","geometry":{"type":"Point","coordinates":[-80.84122,27.29194]},"properties":{"cbsa":"36380","metro":"Okeechobee  FL","units":88,"sf":68,"mf":0,"small":20,"value":32199000,"mf_share":0.0,"rank":657}},{"type":"Feature","geometry":{"type":"Point","coordinates":[-119.88341,38.04132]},"properties":{"cbsa":"43760","metro":"Sonora  CA","units":88,"sf":88,"mf":0,"small":0,"value":28263000,"mf_share":0.0,"rank":658}},{"type":"Feature","geometry":{"type":"Point","coordinates":[-102.90573,47.16919]},"properties":{"cbsa":"19860","metro":"Dickinson  ND","units":88,"sf":88,"mf":0,"small":0,"value":39185000,"mf_share":0.0,"rank":659}},{"type":"Feature","geometry":{"type":"Point","coordinates":[-89.31387,42.06465]},"properties":{"cbsa":"40300","metro":"Rochelle  IL","units":87,"sf":81,"mf":0,"small":6,"value":24357000,"mf_share":0.0,"rank":660}},{"type":"Feature","geometry":{"type":"Point","coordinates":[-79.42901,36.69879]},"properties":{"cbsa":"19260","metro":"Danville  VA","units":86,"sf":84,"mf":0,"small":2,"value":20570000,"mf_share":0.0,"rank":661}},{"type":"Feature","geometry":{"type":"Point","coordinates":[-84.67809,46.31437]},"properties":{"cbsa":"42300","metro":"Sault Ste. Marie  MI","units":86,"sf":69,"mf":17,"small":0,"value":18344000,"mf_share":0.1977,"rank":662}},{"type":"Feature","geometry":{"type":"Point","coordinates":[-78.34124,40.49414]},"properties":{"cbsa":"11020","metro":"Altoona  PA","units":86,"sf":66,"mf":0,"small":20,"value":27621000,"mf_share":0.0,"rank":663}},{"type":"Feature","geometry":{"type":"Point","coordinates":[-90.53583,41.86421]},"properties":{"cbsa":"17540","metro":"Clinton  IA","units":85,"sf":37,"mf":48,"small":0,"value":22824000,"mf_share":0.5647,"rank":664}},{"type":"Feature","geometry":{"type":"Point","coordinates":[-122.7843,39.12289]},"properties":{"cbsa":"17340","metro":"Clearlake  CA","units":85,"sf":45,"mf":40,"small":0,"value":14997000,"mf_share":0.4706,"rank":665}},{"type":"Feature","geometry":{"type":"Point","coordinates":[-91.07896,40.94083]},"properties":{"cbsa":"15460","metro":"Burlington  IA-IL","units":85,"sf":23,"mf":59,"small":3,"value":16554000,"mf_share":0.6941,"rank":666}},{"type":"Feature","geometry":{"type":"Point","coordinates":[-74.42764,43.12886]},"properties":{"cbsa":"24100","metro":"Gloversville  NY","units":85,"sf":85,"mf":0,"small":0,"value":27696000,"mf_share":0.0,"rank":667}},{"type":"Feature","geometry":{"type":"Point","coordinates":[-86.05482,40.78076]},"properties":{"cbsa":"37940","metro":"Peru  IN","units":84,"sf":48,"mf":36,"small":0,"value":16051000,"mf_share":0.4286,"rank":668}},{"type":"Feature","geometry":{"type":"Point","coordinates":[-96.11934,33.57797]},"properties":{"cbsa":"14300","metro":"Bonham  TX","units":84,"sf":82,"mf":0,"small":2,"value":18131000,"mf_share":0.0,"rank":669}},{"type":"Feature","geometry":{"type":"Point","coordinates":[-92.73495,44.45479]},"properties":{"cbsa":"39860","metro":"Red Wing  MN","units":84,"sf":74,"mf":0,"small":10,"value":27396000,"mf_share":0.0,"rank":670}},{"type":"Feature","geometry":{"type":"Point","coordinates":[-88.65273,36.62596]},"properties":{"cbsa":"32460","metro":"Mayfield  KY","units":83,"sf":83,"mf":0,"small":0,"value":24569000,"mf_share":0.0,"rank":671}},{"type":"Feature","geometry":{"type":"Point","coordinates":[-84.62918,40.53701]},"properties":{"cbsa":"16380","metro":"Celina  OH","units":83,"sf":81,"mf":0,"small":2,"value":35039000,"mf_share":0.0,"rank":672}},{"type":"Feature","geometry":{"type":"Point","coordinates":[-89.22329,41.26897]},"properties":{"cbsa":"36837","metro":"Ottawa  IL","units":82,"sf":78,"mf":0,"small":4,"value":30767000,"mf_share":0.0,"rank":673}},{"type":"Feature","geometry":{"type":"Point","coordinates":[-83.44375,39.5474]},"properties":{"cbsa":"47920","metro":"Washington Court House  OH","units":81,"sf":79,"mf":0,"small":2,"value":20632000,"mf_share":0.0,"rank":674}},{"type":"Feature","geometry":{"type":"Point","coordinates":[-93.31826,30.65257]},"properties":{"cbsa":"19760","metro":"DeRidder  LA","units":81,"sf":81,"mf":0,"small":0,"value":19973000,"mf_share":0.0,"rank":675}},{"type":"Feature","geometry":{"type":"Point","coordinates":[-96.67285,41.58928]},"properties":{"cbsa":"23340","metro":"Fremont  NE","units":81,"sf":51,"mf":0,"small":30,"value":32245000,"mf_share":0.0,"rank":676}},{"type":"Feature","geometry":{"type":"Point","coordinates":[-83.12684,41.0817]},"properties":{"cbsa":"45660","metro":"Tiffin  OH","units":81,"sf":51,"mf":0,"small":30,"value":18128000,"mf_share":0.0,"rank":677}},{"type":"Feature","geometry":{"type":"Point","coordinates":[-91.53289,40.59317]},"properties":{"cbsa":"22800","metro":"Fort Madison  IA","units":80,"sf":20,"mf":56,"small":4,"value":9287000,"mf_share":0.7,"rank":678}},{"type":"Feature","geometry":{"type":"Point","coordinates":[-87.86703,45.98285]},"properties":{"cbsa":"27020","metro":"Iron Mountain  MI-WI","units":80,"sf":68,"mf":0,"small":12,"value":21636000,"mf_share":0.0,"rank":679}},{"type":"Feature","geometry":{"type":"Point","coordinates":[-108.3334,36.51204]},"properties":{"cbsa":"22140","metro":"Farmington  NM","units":80,"sf":80,"mf":0,"small":0,"value":24363000,"mf_share":0.0,"rank":680}},{"type":"Feature","geometry":{"type":"Point","coordinates":[-92.31743,36.22811]},"properties":{"cbsa":"34260","metro":"Mountain Home  AR","units":80,"sf":69,"mf":5,"small":6,"value":15644000,"mf_share":0.0625,"rank":681}},{"type":"Feature","geometry":{"type":"Point","coordinates":[-89.40128,36.90691]},"properties":{"cbsa":"43460","metro":"Sikeston  MO","units":79,"sf":73,"mf":0,"small":6,"value":9691000,"mf_share":0.0,"rank":682}},{"type":"Feature","geometry":{"type":"Point","coordinates":[-78.90025,39.47672]},"properties":{"cbsa":"19060","metro":"Cumberland  MD-WV","units":78,"sf":78,"mf":0,"small":0,"value":20934000,"mf_share":0.0,"rank":683}},{"type":"Feature","geometry":{"type":"Point","coordinates":[-97.96534,43.67444]},"properties":{"cbsa":"33580","metro":"Mitchell  SD","units":78,"sf":65,"mf":0,"small":13,"value":18751000,"mf_share":0.0,"rank":684}},{"type":"Feature","geometry":{"type":"Point","coordinates":[-81.16627,37.89829]},"properties":{"cbsa":"13220","metro":"Beckley  WV","units":77,"sf":77,"mf":0,"small":0,"value":22435000,"mf_share":0.0,"rank":685}},{"type":"Feature","geometry":{"type":"Point","coordinates":[-78.43594,40.99951]},"properties":{"cbsa":"20180","metro":"DuBois  PA","units":75,"sf":69,"mf":0,"small":6,"value":20437000,"mf_share":0.0,"rank":686}},{"type":"Feature","geometry":{"type":"Point","coordinates":[-89.42384,36.05427]},"properties":{"cbsa":"20540","metro":"Dyersburg  TN","units":75,"sf":75,"mf":0,"small":0,"value":20155000,"mf_share":0.0,"rank":687}},{"type":"Feature","geometry":{"type":"Point","coordinates":[-104.33552,33.2224]},"properties":{"cbsa":"40740","metro":"Roswell  NM","units":75,"sf":75,"mf":0,"small":0,"value":15363000,"mf_share":0.0,"rank":688}},{"type":"Feature","geometry":{"type":"Point","coordinates":[-87.09095,38.71729]},"properties":{"cbsa":"47780","metro":"Washington  IN","units":74,"sf":26,"mf":46,"small":2,"value":16285000,"mf_share":0.6216,"rank":689}},{"type":"Feature","geometry":{"type":"Point","coordinates":[-95.00354,45.02226]},"properties":{"cbsa":"48820","metro":"Willmar  MN","units":73,"sf":57,"mf":0,"small":16,"value":21518000,"mf_share":0.0,"rank":690}},{"type":"Feature","geometry":{"type":"Point","coordinates":[-83.92924,36.9989]},"properties":{"cbsa":"18340","metro":"Corbin  KY","units":73,"sf":22,"mf":21,"small":30,"value":8364000,"mf_share":0.2877,"rank":691}},{"type":"Feature","geometry":{"type":"Point","coordinates":[-101.08919,29.76213]},"properties":{"cbsa":"19620","metro":"Del Rio  TX","units":73,"sf":73,"mf":0,"small":0,"value":17145000,"mf_share":0.0,"rank":692}},{"type":"Feature","geometry":{"type":"Point","coordinates":[-83.66237,45.03419]},"properties":{"cbsa":"10980","metro":"Alpena  MI","units":72,"sf":38,"mf":34,"small":0,"value":12886000,"mf_share":0.4722,"rank":693}},{"type":"Feature","geometry":{"type":"Point","coordinates":[-95.71815,46.49941]},"properties":{"cbsa":"22260","metro":"Fergus Falls  MN","units":72,"sf":60,"mf":0,"small":12,"value":21610000,"mf_share":0.0,"rank":694}},{"type":"Feature","geometry":{"type":"Point","coordinates":[-84.14627,42.9673]},"properties":{"cbsa":"37020","metro":"Owosso  MI","units":71,"sf":55,"mf":16,"small":0,"value":16640000,"mf_share":0.2254,"rank":695}},{"type":"Feature","geometry":{"type":"Point","coordinates":[-88.73913,36.31647]},"properties":{"cbsa":"32280","metro":"Martin  TN","units":71,"sf":71,"mf":0,"small":0,"value":15360000,"mf_share":0.0,"rank":696}},{"type":"Feature","geometry":{"type":"Point","coordinates":[-93.06642,35.26417]},"properties":{"cbsa":"40780","metro":"Russellville  AR","units":70,"sf":45,"mf":0,"small":25,"value":14074000,"mf_share":0.0,"rank":697}},{"type":"Feature","geometry":{"type":"Point","coordinates":[-85.49085,39.30917]},"properties":{"cbsa":"24700","metro":"Greensburg  IN","units":70,"sf":70,"mf":0,"small":0,"value":20908000,"mf_share":0.0,"rank":698}},{"type":"Feature","geometry":{"type":"Point","coordinates":[-77.10622,40.75701]},"properties":{"cbsa":"42780","metro":"Selinsgrove  PA","units":69,"sf":67,"mf":0,"small":2,"value":21526000,"mf_share":0.0,"rank":699}},{"type":"Feature","geometry":{"type":"Point","coordinates":[-77.06058,41.33143]},"properties":{"cbsa":"48700","metro":"Williamsport  PA","units":69,"sf":67,"mf":0,"small":2,"value":25104000,"mf_share":0.0,"rank":700}},{"type":"Feature","geometry":{"type":"Point","coordinates":[-97.21514,33.57782]},"properties":{"cbsa":"23620","metro":"Gainesville  TX","units":69,"sf":69,"mf":0,"small":0,"value":19170000,"mf_share":0.0,"rank":701}},{"type":"Feature","geometry":{"type":"Point","coordinates":[-90.11201,35.72375]},"properties":{"cbsa":"14180","metro":"Blytheville  AR","units":69,"sf":59,"mf":10,"small":0,"value":10565000,"mf_share":0.1449,"rank":702}},{"type":"Feature","geometry":{"type":"Point","coordinates":[-81.48955,40.43913]},"properties":{"cbsa":"35420","metro":"New Philadelphia-Dover  OH","units":69,"sf":61,"mf":0,"small":8,"value":26187000,"mf_share":0.0,"rank":703}},{"type":"Feature","geometry":{"type":"Point","coordinates":[-85.44294,38.77829]},"properties":{"cbsa":"31500","metro":"Madison  IN","units":68,"sf":68,"mf":0,"small":0,"value":15602000,"mf_share":0.0,"rank":704}},{"type":"Feature","geometry":{"type":"Point","coordinates":[-124.06214,43.12347]},"properties":{"cbsa":"18300","metro":"Coos Bay-North Bend  OR","units":67,"sf":59,"mf":0,"small":8,"value":22261000,"mf_share":0.0,"rank":705}},{"type":"Feature","geometry":{"type":"Point","coordinates":[-91.89486,36.64354]},"properties":{"cbsa":"48460","metro":"West Plains  MO","units":67,"sf":62,"mf":0,"small":5,"value":7991000,"mf_share":0.0,"rank":706}},{"type":"Feature","geometry":{"type":"Point","coordinates":[-84.05305,43.75613]},"properties":{"cbsa":"13020","metro":"Bay City  MI","units":67,"sf":38,"mf":25,"small":4,"value":18575000,"mf_share":0.3731,"rank":707}},{"type":"Feature","geometry":{"type":"Point","coordinates":[-82.25361,40.77501]},"properties":{"cbsa":"11740","metro":"Ashland  OH","units":66,"sf":66,"mf":0,"small":0,"value":17711000,"mf_share":0.0,"rank":708}},{"type":"Feature","geometry":{"type":"Point","coordinates":[-86.26161,43.99644]},"properties":{"cbsa":"31220","metro":"Ludington  MI","units":66,"sf":66,"mf":0,"small":0,"value":24603000,"mf_share":0.0,"rank":709}},{"type":"Feature","geometry":{"type":"Point","coordinates":[-92.64085,41.33523]},"properties":{"cbsa":"36820","metro":"Oskaloosa  IA","units":66,"sf":12,"mf":48,"small":6,"value":11862000,"mf_share":0.7273,"rank":710}},{"type":"Feature","geometry":{"type":"Point","coordinates":[-88.87985,33.5124]},"properties":{"cbsa":"44260","metro":"Starkville  MS","units":65,"sf":63,"mf":0,"small":2,"value":24173000,"mf_share":0.0,"rank":711}},{"type":"Feature","geometry":{"type":"Point","coordinates":[-78.01636,40.44033]},"properties":{"cbsa":"26500","metro":"Huntingdon  PA","units":64,"sf":64,"mf":0,"small":0,"value":19818000,"mf_share":0.0,"rank":712}},{"type":"Feature","geometry":{"type":"Point","coordinates":[-85.48797,40.78575]},"properties":{"cbsa":"26540","metro":"Huntington  IN","units":64,"sf":64,"mf":0,"small":0,"value":20762000,"mf_share":0.0,"rank":713}},{"type":"Feature","geometry":{"type":"Point","coordinates":[-89.36809,40.1074]},"properties":{"cbsa":"30660","metro":"Lincoln  IL","units":64,"sf":7,"mf":57,"small":0,"value":11435000,"mf_share":0.8906,"rank":714}},{"type":"Feature","geometry":{"type":"Point","coordinates":[-76.05978,38.38272]},"properties":{"cbsa":"15700","metro":"Cambridge  MD","units":64,"sf":64,"mf":0,"small":0,"value":15473000,"mf_share":0.0,"rank":715}},{"type":"Feature","geometry":{"type":"Point","coordinates":[-99.88677,37.60504]},"properties":{"cbsa":"19980","metro":"Dodge City  KS","units":64,"sf":62,"mf":0,"small":2,"value":16702000,"mf_share":0.0,"rank":716}},{"type":"Feature","geometry":{"type":"Point","coordinates":[-72.55731,42.52732]},"properties":{"cbsa":"24640","metro":"Greenfield  MA","units":64,"sf":58,"mf":0,"small":6,"value":23787000,"mf_share":0.0,"rank":717}},{"type":"Feature","geometry":{"type":"Point","coordinates":[-77.02929,40.99554]},"properties":{"cbsa":"30260","metro":"Lewisburg  PA","units":63,"sf":63,"mf":0,"small":0,"value":26479000,"mf_share":0.0,"rank":718}},{"type":"Feature","geometry":{"type":"Point","coordinates":[-131.12187,55.55727]},"properties":{"cbsa":"28540","metro":"Ketchikan  AK","units":63,"sf":27,"mf":16,"small":20,"value":15417000,"mf_share":0.254,"rank":719}},{"type":"Feature","geometry":{"type":"Point","coordinates":[-76.5173,41.82535]},"properties":{"cbsa":"42380","metro":"Sayre  PA","units":62,"sf":62,"mf":0,"small":0,"value":17813000,"mf_share":0.0,"rank":720}},{"type":"Feature","geometry":{"type":"Point","coordinates":[-95.58549,33.09946]},"properties":{"cbsa":"44860","metro":"Sulphur Springs  TX","units":62,"sf":62,"mf":0,"small":0,"value":12585000,"mf_share":0.0,"rank":721}},{"type":"Feature","geometry":{"type":"Point","coordinates":[-103.49514,34.19256]},"properties":{"cbsa":"17580","metro":"Clovis  NM","units":62,"sf":22,"mf":0,"small":40,"value":17448000,"mf_share":0.0,"rank":722}},{"type":"Feature","geometry":{"type":"Point","coordinates":[-95.15097,43.08248]},"properties":{"cbsa":"43980","metro":"Spencer  IA","units":61,"sf":14,"mf":30,"small":17,"value":10910000,"mf_share":0.4918,"rank":723}},{"type":"Feature","geometry":{"type":"Point","coordinates":[-94.85289,37.53224]},"properties":{"cbsa":"38260","metro":"Pittsburg  KS","units":61,"sf":59,"mf":0,"small":2,"value":12592000,"mf_share":0.0,"rank":724}},{"type":"Feature","geometry":{"type":"Point","coordinates":[-78.74708,40.45086]},"properties":{"cbsa":"27780","metro":"Johnstown  PA","units":61,"sf":61,"mf":0,"small":0,"value":22810000,"mf_share":0.0,"rank":725}},{"type":"Feature","geometry":{"type":"Point","coordinates":[-89.27996,39.58286]},"properties":{"cbsa":"45380","metro":"Taylorville  IL","units":60,"sf":60,"mf":0,"small":0,"value":20965000,"mf_share":0.0,"rank":726}},{"type":"Feature","geometry":{"type":"Point","coordinates":[-93.32486,32.67481]},"properties":{"cbsa":"33380","metro":"Minden  LA","units":60,"sf":34,"mf":26,"small":0,"value":14250000,"mf_share":0.4333,"rank":727}},{"type":"Feature","geometry":{"type":"Point","coordinates":[-83.18783,40.58584]},"properties":{"cbsa":"32020","metro":"Marion  OH","units":60,"sf":60,"mf":0,"small":0,"value":19636000,"mf_share":0.0,"rank":728}},{"type":"Feature","geometry":{"type":"Point","coordinates":[-95.30135,33.62867]},"properties":{"cbsa":"37580","metro":"Paris  TX","units":60,"sf":56,"mf":0,"small":4,"value":12141000,"mf_share":0.0,"rank":729}},{"type":"Feature","geometry":{"type":"Point","coordinates":[-91.98639,34.10958]},"properties":{"cbsa":"38220","metro":"Pine Bluff  AR","units":60,"sf":50,"mf":0,"small":10,"value":8759000,"mf_share":0.0,"rank":730}},{"type":"Feature","geometry":{"type":"Point","coordinates":[-79.47624,34.82693]},"properties":{"cbsa":"29900","metro":"Laurinburg  NC","units":59,"sf":59,"mf":0,"small":0,"value":15708000,"mf_share":0.0,"rank":731}},{"type":"Feature","geometry":{"type":"Point","coordinates":[-83.0686,39.31811]},"properties":{"cbsa":"17060","metro":"Chillicothe  OH","units":59,"sf":29,"mf":0,"small":30,"value":12893000,"mf_share":0.0,"rank":732}},{"type":"Feature","geometry":{"type":"Point","coordinates":[-94.77266,39.82534]},"properties":{"cbsa":"41140","metro":"St. Joseph  MO-KS","units":59,"sf":57,"mf":0,"small":2,"value":12623000,"mf_share":0.0,"rank":733}},{"type":"Feature","geometry":{"type":"Point","coordinates":[-96.3917,38.39137]},"properties":{"cbsa":"21380","metro":"Emporia  KS","units":59,"sf":33,"mf":24,"small":2,"value":15162000,"mf_share":0.4068,"rank":734}},{"type":"Feature","geometry":{"type":"Point","coordinates":[-84.61959,40.1437]},"properties":{"cbsa":"24820","metro":"Greenville  OH","units":58,"sf":55,"mf":0,"small":3,"value":25588000,"mf_share":0.0,"rank":735}},{"type":"Feature","geometry":{"type":"Point","coordinates":[-76.85449,42.81282]},"properties":{"cbsa":"42900","metro":"Seneca Falls  NY","units":58,"sf":54,"mf":0,"small":4,"value":16349000,"mf_share":0.0,"rank":736}},{"type":"Feature","geometry":{"type":"Point","coordinates":[-80.80328,40.78958]},"properties":{"cbsa":"41400","metro":"Salem  OH","units":58,"sf":36,"mf":0,"small":22,"value":17539000,"mf_share":0.0,"rank":737}},{"type":"Feature","geometry":{"type":"Point","coordinates":[-86.90354,45.85386]},"properties":{"cbsa":"21540","metro":"Escanaba  MI","units":58,"sf":58,"mf":0,"small":0,"value":15349000,"mf_share":0.0,"rank":738}},{"type":"Feature","geometry":{"type":"Point","coordinates":[-79.05806,39.94711]},"properties":{"cbsa":"43740","metro":"Somerset  PA","units":57,"sf":57,"mf":0,"small":0,"value":20581000,"mf_share":0.0,"rank":739}},{"type":"Feature","geometry":{"type":"Point","coordinates":[-73.13823,42.98978]},"properties":{"cbsa":"13540","metro":"Bennington  VT","units":56,"sf":48,"mf":6,"small":2,"value":18399000,"mf_share":0.1071,"rank":740}},{"type":"Feature","geometry":{"type":"Point","coordinates":[-97.24795,34.23097]},"properties":{"cbsa":"11620","metro":"Ardmore  OK","units":55,"sf":55,"mf":0,"small":0,"value":12087000,"mf_share":0.0,"rank":741}},{"type":"Feature","geometry":{"type":"Point","coordinates":[-103.80988,40.17587]},"properties":{"cbsa":"22820","metro":"Fort Morgan  CO","units":55,"sf":53,"mf":0,"small":2,"value":17418000,"mf_share":0.0,"rank":742}},{"type":"Feature","geometry":{"type":"Point","coordinates":[-93.22628,44.02242]},"properties":{"cbsa":"36940","metro":"Owatonna  MN","units":54,"sf":32,"mf":22,"small":0,"value":13524000,"mf_share":0.4074,"rank":743}},{"type":"Feature","geometry":{"type":"Point","coordinates":[-84.2294,32.14357]},"properties":{"cbsa":"11140","metro":"Americus  GA","units":54,"sf":42,"mf":12,"small":0,"value":12103000,"mf_share":0.2222,"rank":744}},{"type":"Feature","geometry":{"type":"Point","coordinates":[-77.63834,40.59827]},"properties":{"cbsa":"30380","metro":"Lewistown  PA","units":54,"sf":54,"mf":0,"small":0,"value":14916000,"mf_share":0.0,"rank":745}},{"type":"Feature","geometry":{"type":"Point","coordinates":[-94.89003,40.32421]},"properties":{"cbsa":"32340","metro":"Maryville  MO","units":53,"sf":45,"mf":0,"small":8,"value":11153000,"mf_share":0.0,"rank":746}},{"type":"Feature","geometry":{"type":"Point","coordinates":[-83.7638,38.06064]},"properties":{"cbsa":"34460","metro":"Mount Sterling  KY","units":53,"sf":51,"mf":0,"small":2,"value":12185000,"mf_share":0.0,"rank":747}},{"type":"Feature","geometry":{"type":"Point","coordinates":[-96.78043,46.45587]},"properties":{"cbsa":"47420","metro":"Wahpeton  ND-MN","units":53,"sf":53,"mf":0,"small":0,"value":20345000,"mf_share":0.0,"rank":748}},{"type":"Feature","geometry":{"type":"Point","coordinates":[-95.42108,35.59527]},"properties":{"cbsa":"34780","metro":"Muskogee  OK","units":53,"sf":51,"mf":0,"small":2,"value":13574000,"mf_share":0.0,"rank":749}},{"type":"Feature","geometry":{"type":"Point","coordinates":[-82.40261,32.09005]},"properties":{"cbsa":"47080","metro":"Vidalia  GA","units":53,"sf":37,"mf":10,"small":6,"value":8643000,"mf_share":0.1887,"rank":750}},{"type":"Feature","geometry":{"type":"Point","coordinates":[-98.9467,30.39257]},"properties":{"cbsa":"23240","metro":"Fredericksburg  TX","units":51,"sf":51,"mf":0,"small":0,"value":10794000,"mf_share":0.0,"rank":751}},{"type":"Feature","geometry":{"type":"Point","coordinates":[-79.73889,41.41331]},"properties":{"cbsa":"36340","metro":"Oil City  PA","units":50,"sf":44,"mf":6,"small":0,"value":13406000,"mf_share":0.12,"rank":752}},{"type":"Feature","geometry":{"type":"Point","coordinates":[-88.58367,39.04325]},"properties":{"cbsa":"20820","metro":"Effingham  IL","units":50,"sf":30,"mf":20,"small":0,"value":16655000,"mf_share":0.4,"rank":753}},{"type":"Feature","geometry":{"type":"Point","coordinates":[-118.0525,45.39648]},"properties":{"cbsa":"29260","metro":"La Grande  OR","units":50,"sf":48,"mf":0,"small":2,"value":16354000,"mf_share":0.0,"rank":754}},{"type":"Feature","geometry":{"type":"Point","coordinates":[-88.58635,40.84267]},"properties":{"cbsa":"38700","metro":"Pontiac  IL","units":50,"sf":20,"mf":0,"small":30,"value":12632000,"mf_share":0.0,"rank":755}},{"type":"Feature","geometry":{"type":"Point","coordinates":[-86.01361,34.74652]},"properties":{"cbsa":"42460","metro":"Scottsboro  AL","units":49,"sf":49,"mf":0,"small":0,"value":14401000,"mf_share":0.0,"rank":756}},{"type":"Feature","geometry":{"type":"Point","coordinates":[-76.67997,40.91468]},"properties":{"cbsa":"44980","metro":"Sunbury  PA","units":49,"sf":49,"mf":0,"small":0,"value":20761000,"mf_share":0.0,"rank":757}},{"type":"Feature","geometry":{"type":"Point","coordinates":[-84.60522,43.29723]},"properties":{"cbsa":"10940","metro":"Alma  MI","units":48,"sf":39,"mf":9,"small":0,"value":10228000,"mf_share":0.1875,"rank":758}},{"type":"Feature","geometry":{"type":"Point","coordinates":[-84.51615,41.33961]},"properties":{"cbsa":"19580","metro":"Defiance  OH","units":46,"sf":46,"mf":0,"small":0,"value":15335000,"mf_share":0.0,"rank":759}},{"type":"Feature","geometry":{"type":"Point","coordinates":[-110.59634,39.63928]},"properties":{"cbsa":"39220","metro":"Price  UT","units":45,"sf":45,"mf":0,"small":0,"value":19900000,"mf_share":0.0,"rank":760}},{"type":"Feature","geometry":{"type":"Point","coordinates":[-96.24146,42.75238]},"properties":{"cbsa":"30180","metro":"Le Mars  IA","units":45,"sf":45,"mf":0,"small":0,"value":17335000,"mf_share":0.0,"rank":761}},{"type":"Feature","geometry":{"type":"Point","coordinates":[-84.58569,40.83752]},"properties":{"cbsa":"46780","metro":"Van Wert  OH","units":45,"sf":45,"mf":0,"small":0,"value":14098000,"mf_share":0.0,"rank":762}},{"type":"Feature","geometry":{"type":"Point","coordinates":[-90.38945,36.73417]},"properties":{"cbsa":"38740","metro":"Poplar Bluff  MO","units":45,"sf":25,"mf":0,"small":20,"value":4258000,"mf_share":0.0,"rank":763}},{"type":"Feature","geometry":{"type":"Point","coordinates":[-85.70186,34.55632]},"properties":{"cbsa":"22840","metro":"Fort Payne  AL","units":45,"sf":45,"mf":0,"small":0,"value":6859000,"mf_share":0.0,"rank":764}},{"type":"Feature","geometry":{"type":"Point","coordinates":[-83.76351,40.14771]},"properties":{"cbsa":"46500","metro":"Urbana  OH","units":45,"sf":45,"mf":0,"small":0,"value":16438000,"mf_share":0.0,"rank":765}},{"type":"Feature","geometry":{"type":"Point","coordinates":[-79.88028,36.6611]},"properties":{"cbsa":"32300","metro":"Martinsville  VA","units":44,"sf":44,"mf":0,"small":0,"value":12544000,"mf_share":0.0,"rank":766}},{"type":"Feature","geometry":{"type":"Point","coordinates":[-117.79612,44.68558]},"properties":{"cbsa":"12520","metro":"Baker City  OR","units":44,"sf":42,"mf":0,"small":2,"value":10907000,"mf_share":0.0,"rank":767}},{"type":"Feature","geometry":{"type":"Point","coordinates":[-85.3937,39.90978]},"properties":{"cbsa":"35220","metro":"New Castle  IN","units":44,"sf":40,"mf":0,"small":4,"value":13273000,"mf_share":0.0,"rank":768}},{"type":"Feature","geometry":{"type":"Point","coordinates":[-85.05936,41.91588]},"properties":{"cbsa":"17740","metro":"Coldwater  MI","units":44,"sf":40,"mf":0,"small":4,"value":13251000,"mf_share":0.0,"rank":769}},{"type":"Feature","geometry":{"type":"Point","coordinates":[-91.46904,39.62837]},"properties":{"cbsa":"25300","metro":"Hannibal  MO","units":44,"sf":42,"mf":0,"small":2,"value":13174000,"mf_share":0.0,"rank":770}},{"type":"Feature","geometry":{"type":"Point","coordinates":[-97.62117,26.47597]},"properties":{"cbsa":"39700","metro":"Raymondville  TX","units":43,"sf":43,"mf":0,"small":0,"value":9547000,"mf_share":0.0,"rank":771}},{"type":"Feature","geometry":{"type":"Point","coordinates":[-95.18635,31.7783]},"properties":{"cbsa":"27380","metro":"Jacksonville  TX","units":43,"sf":37,"mf":0,"small":6,"value":11298000,"mf_share":0.0,"rank":772}},{"type":"Feature","geometry":{"type":"Point","coordinates":[-92.40963,41.03056]},"properties":{"cbsa":"36900","metro":"Ottumwa  IA","units":42,"sf":10,"mf":28,"small":4,"value":3494000,"mf_share":0.6667,"rank":773}},{"type":"Feature","geometry":{"type":"Point","coordinates":[-124.21221,42.47591]},"properties":{"cbsa":"15060","metro":"Brookings  OR","units":42,"sf":42,"mf":0,"small":0,"value":18807000,"mf_share":0.0,"rank":774}},{"type":"Feature","geometry":{"type":"Point","coordinates":[-91.78962,44.01286]},"properties":{"cbsa":"49100","metro":"Winona  MN","units":42,"sf":26,"mf":14,"small":2,"value":11074000,"mf_share":0.3333,"rank":775}},{"type":"Feature","geometry":{"type":"Point","coordinates":[-83.65919,36.75923]},"properties":{"cbsa":"33180","metro":"Middlesborough  KY","units":41,"sf":41,"mf":0,"small":0,"value":4276000,"mf_share":0.0,"rank":776}},{"type":"Feature","geometry":{"type":"Point","coordinates":[-103.64435,31.39165]},"properties":{"cbsa":"45880","metro":"Town of Pecos  TX","units":41,"sf":26,"mf":0,"small":15,"value":8196000,"mf_share":0.0,"rank":777}},{"type":"Feature","geometry":{"type":"Point","coordinates":[-97.85084,34.38955]},"properties":{"cbsa":"20340","metro":"Duncan  OK","units":41,"sf":41,"mf":0,"small":0,"value":7061000,"mf_share":0.0,"rank":778}},{"type":"Feature","geometry":{"type":"Point","coordinates":[-81.47614,40.05112]},"properties":{"cbsa":"15740","metro":"Cambridge  OH","units":41,"sf":41,"mf":0,"small":0,"value":12874000,"mf_share":0.0,"rank":779}},{"type":"Feature","geometry":{"type":"Point","coordinates":[-100.40932,44.44112]},"properties":{"cbsa":"38180","metro":"Pierre  SD","units":40,"sf":40,"mf":0,"small":0,"value":15166000,"mf_share":0.0,"rank":780}},{"type":"Feature","geometry":{"type":"Point","coordinates":[-79.11419,40.6168]},"properties":{"cbsa":"26860","metro":"Indiana  PA","units":40,"sf":40,"mf":0,"small":0,"value":11931000,"mf_share":0.0,"rank":781}},{"type":"Feature","geometry":{"type":"Point","coordinates":[-90.43881,31.4807]},"properties":{"cbsa":"15020","metro":"Brookhaven  MS","units":40,"sf":38,"mf":0,"small":2,"value":4338000,"mf_share":0.0,"rank":782}},{"type":"Feature","geometry":{"type":"Point","coordinates":[-118.3156,39.53157]},"properties":{"cbsa":"21980","metro":"Fallon  NV","units":40,"sf":36,"mf":0,"small":4,"value":11569000,"mf_share":0.0,"rank":783}},{"type":"Feature","geometry":{"type":"Point","coordinates":[-91.43277,40.02694]},"properties":{"cbsa":"39500","metro":"Quincy  IL-MO","units":40,"sf":27,"mf":5,"small":8,"value":9178000,"mf_share":0.125,"rank":784}},{"type":"Feature","geometry":{"type":"Point","coordinates":[-103.71161,41.69852]},"properties":{"cbsa":"42420","metro":"Scottsbluff  NE","units":40,"sf":36,"mf":0,"small":4,"value":13170000,"mf_share":0.0,"rank":785}},{"type":"Feature","geometry":{"type":"Point","coordinates":[-91.37043,29.65534]},"properties":{"cbsa":"34020","metro":"Morgan City  LA","units":40,"sf":38,"mf":0,"small":2,"value":13235000,"mf_share":0.0,"rank":786}},{"type":"Feature","geometry":{"type":"Point","coordinates":[-98.99155,35.2942]},"properties":{"cbsa":"48220","metro":"Weatherford  OK","units":39,"sf":26,"mf":5,"small":8,"value":7371000,"mf_share":0.1282,"rank":787}},{"type":"Feature","geometry":{"type":"Point","coordinates":[-87.42019,38.65855]},"properties":{"cbsa":"47180","metro":"Vincennes  IN","units":39,"sf":39,"mf":0,"small":0,"value":12830000,"mf_share":0.0,"rank":788}},{"type":"Feature","geometry":{"type":"Point","coordinates":[-121.24996,45.28264]},"properties":{"cbsa":"45520","metro":"The Dalles  OR","units":39,"sf":37,"mf":0,"small":2,"value":13039000,"mf_share":0.0,"rank":789}},{"type":"Feature","geometry":{"type":"Point","coordinates":[-88.98179,39.85451]},"properties":{"cbsa":"19500","metro":"Decatur  IL","units":38,"sf":32,"mf":0,"small":6,"value":14235000,"mf_share":0.0,"rank":790}},{"type":"Feature","geometry":{"type":"Point","coordinates":[-99.70288,40.69234]},"properties":{"cbsa":"30420","metro":"Lexington  NE","units":38,"sf":34,"mf":0,"small":4,"value":13176000,"mf_share":0.0,"rank":791}},{"type":"Feature","geometry":{"type":"Point","coordinates":[-85.65437,40.48621]},"properties":{"cbsa":"31980","metro":"Marion  IN","units":38,"sf":36,"mf":0,"small":2,"value":11148000,"mf_share":0.0,"rank":792}},{"type":"Feature","geometry":{"type":"Point","coordinates":[-88.68136,32.07868]},"properties":{"cbsa":"32940","metro":"Meridian  MS","units":38,"sf":33,"mf":0,"small":5,"value":10426000,"mf_share":0.0,"rank":793}},{"type":"Feature","geometry":{"type":"Point","coordinates":[-85.27595,31.90237]},"properties":{"cbsa":"21640","metro":"Eufaula  AL-GA","units":38,"sf":38,"mf":0,"small":0,"value":6573000,"mf_share":0.0,"rank":794}},{"type":"Feature","geometry":{"type":"Point","coordinates":[-66.27171,17.99467]},"properties":{"cbsa":"17640","metro":"Coco  PR","units":38,"sf":38,"mf":0,"small":0,"value":7231000,"mf_share":0.0,"rank":795}},{"type":"Feature","geometry":{"type":"Point","coordinates":[-98.08725,38.03504]},"properties":{"cbsa":"26740","metro":"Hutchinson  KS","units":38,"sf":34,"mf":0,"small":4,"value":11228000,"mf_share":0.0,"rank":796}},{"type":"Feature","geometry":{"type":"Point","coordinates":[-77.62193,41.2358]},"properties":{"cbsa":"30820","metro":"Lock Haven  PA","units":38,"sf":38,"mf":0,"small":0,"value":8924000,"mf_share":0.0,"rank":797}},{"type":"Feature","geometry":{"type":"Point","coordinates":[-76.07085,42.58702]},"properties":{"cbsa":"18660","metro":"Cortland  NY","units":37,"sf":31,"mf":6,"small":0,"value":8962000,"mf_share":0.1622,"rank":798}},{"type":"Feature","geometry":{"type":"Point","coordinates":[-86.84038,40.78707]},"properties":{"cbsa":"33900","metro":"Monticello  IN","units":37,"sf":33,"mf":0,"small":4,"value":14038000,"mf_share":0.0,"rank":799}},{"type":"Feature","geometry":{"type":"Point","coordinates":[-83.27433,34.56281]},"properties":{"cbsa":"45740","metro":"Toccoa  GA","units":36,"sf":36,"mf":0,"small":0,"value":6213000,"mf_share":0.0,"rank":800}},{"type":"Feature","geometry":{"type":"Point","coordinates":[-86.46907,40.29475]},"properties":{"cbsa":"23140","metro":"Frankfort  IN","units":36,"sf":34,"mf":0,"small":2,"value":9213000,"mf_share":0.0,"rank":801}},{"type":"Feature","geometry":{"type":"Point","coordinates":[-94.86031,42.03638]},"properties":{"cbsa":"16140","metro":"Carroll  IA","units":36,"sf":29,"mf":0,"small":7,"value":12382000,"mf_share":0.0,"rank":802}},{"type":"Feature","geometry":{"type":"Point","coordinates":[-98.19291,32.1604]},"properties":{"cbsa":"44500","metro":"Stephenville  TX","units":36,"sf":16,"mf":16,"small":4,"value":5852000,"mf_share":0.4444,"rank":803}},{"type":"Feature","geometry":{"type":"Point","coordinates":[-122.25156,40.12301]},"properties":{"cbsa":"39780","metro":"Red Bluff  CA","units":36,"sf":28,"mf":0,"small":8,"value":10034000,"mf_share":0.0,"rank":804}},{"type":"Feature","geometry":{"type":"Point","coordinates":[-108.98904,41.61773]},"properties":{"cbsa":"40540","metro":"Rock Springs  WY","units":35,"sf":35,"mf":0,"small":0,"value":13892000,"mf_share":0.0,"rank":805}},{"type":"Feature","geometry":{"type":"Point","coordinates":[-96.83737,37.15086]},"properties":{"cbsa":"11680","metro":"Arkansas City-Winfield  KS","units":35,"sf":33,"mf":0,"small":2,"value":6524000,"mf_share":0.0,"rank":806}},{"type":"Feature","geometry":{"type":"Point","coordinates":[-88.59367,34.92699]},"properties":{"cbsa":"18420","metro":"Corinth  MS","units":35,"sf":25,"mf":0,"small":10,"value":7822000,"mf_share":0.0,"rank":807}},{"type":"Feature","geometry":{"type":"Point","coordinates":[-79.2742,41.73273]},"properties":{"cbsa":"47620","metro":"Warren  PA","units":35,"sf":31,"mf":0,"small":4,"value":7557000,"mf_share":0.0,"rank":808}},{"type":"Feature","geometry":{"type":"Point","coordinates":[-92.99926,42.0358]},"properties":{"cbsa":"32260","metro":"Marshalltown  IA","units":33,"sf":23,"mf":0,"small":10,"value":11254000,"mf_share":0.0,"rank":809}},{"type":"Feature","geometry":{"type":"Point","coordinates":[-94.64841,44.31131]},"properties":{"cbsa":"35580","metro":"New Ulm  MN","units":33,"sf":25,"mf":6,"small":2,"value":12550000,"mf_share":0.1818,"rank":810}},{"type":"Feature","geometry":{"type":"Point","coordinates":[-118.47067,47.08769]},"properties":{"cbsa":"36830","metro":"Othello  WA","units":33,"sf":31,"mf":0,"small":2,"value":9632000,"mf_share":0.0,"rank":811}},{"type":"Feature","geometry":{"type":"Point","coordinates":[-102.60531,35.04944]},"properties":{"cbsa":"25820","metro":"Hereford  TX","units":33,"sf":15,"mf":0,"small":18,"value":6551000,"mf_share":0.0,"rank":812}},{"type":"Feature","geometry":{"type":"Point","coordinates":[-78.56981,41.73619]},"properties":{"cbsa":"14620","metro":"Bradford  PA","units":33,"sf":21,"mf":12,"small":0,"value":5800000,"mf_share":0.3636,"rank":813}},{"type":"Feature","geometry":{"type":"Point","coordinates":[-91.57444,35.76067]},"properties":{"cbsa":"12900","metro":"Batesville  AR","units":33,"sf":9,"mf":9,"small":15,"value":5960000,"mf_share":0.2727,"rank":814}},{"type":"Feature","geometry":{"type":"Point","coordinates":[-87.40154,35.17253]},"properties":{"cbsa":"29980","metro":"Lawrenceburg  TN","units":32,"sf":20,"mf":0,"small":12,"value":5477000,"mf_share":0.0,"rank":815}},{"type":"Feature","geometry":{"type":"Point","coordinates":[-89.28513,41.75706]},"properties":{"cbsa":"19940","metro":"Dixon  IL","units":32,"sf":24,"mf":0,"small":8,"value":9298000,"mf_share":0.0,"rank":816}},{"type":"Feature","geometry":{"type":"Point","coordinates":[-90.11929,33.5465]},"properties":{"cbsa":"24900","metro":"Greenwood  MS","units":32,"sf":5,"mf":27,"small":0,"value":2708000,"mf_share":0.8438,"rank":817}},{"type":"Feature","geometry":{"type":"Point","coordinates":[-95.80039,34.89837]},"properties":{"cbsa":"32540","metro":"McAlester  OK","units":31,"sf":31,"mf":0,"small":0,"value":15905000,"mf_share":0.0,"rank":818}},{"type":"Feature","geometry":{"type":"Point","coordinates":[-94.60002,31.5532]},"properties":{"cbsa":"34860","metro":"Nacogdoches  TX","units":31,"sf":31,"mf":0,"small":0,"value":7509000,"mf_share":0.0,"rank":819}},{"type":"Feature","geometry":{"type":"Point","coordinates":[-146.35983,64.88318]},"properties":{"cbsa":"21820","metro":"Fairbanks-College  AK","units":31,"sf":13,"mf":12,"small":6,"value":11091000,"mf_share":0.3871,"rank":820}},{"type":"Feature","geometry":{"type":"Point","coordinates":[-83.13109,41.36026]},"properties":{"cbsa":"23380","metro":"Fremont  OH","units":30,"sf":18,"mf":0,"small":12,"value":7498000,"mf_share":0.0,"rank":821}},{"type":"Feature","geometry":{"type":"Point","coordinates":[-90.01239,36.32997]},"properties":{"cbsa":"28380","metro":"Kennett  MO","units":30,"sf":28,"mf":0,"small":2,"value":5117000,"mf_share":0.0,"rank":822}},{"type":"Feature","geometry":{"type":"Point","coordinates":[-79.73775,39.49208]},"properties":{"cbsa":"34060","metro":"Morgantown  WV","units":30,"sf":30,"mf":0,"small":0,"value":7443000,"mf_share":0.0,"rank":823}},{"type":"Feature","geometry":{"type":"Point","coordinates":[-97.10674,36.89046]},"properties":{"cbsa":"38620","metro":"Ponca City  OK","units":29,"sf":23,"mf":0,"small":6,"value":4849000,"mf_share":0.0,"rank":824}},{"type":"Feature","geometry":{"type":"Point","coordinates":[-85.60345,31.46647]},"properties":{"cbsa":"37120","metro":"Ozark  AL","units":29,"sf":29,"mf":0,"small":0,"value":3904000,"mf_share":0.0,"rank":825}},{"type":"Feature","geometry":{"type":"Point","coordinates":[-91.76174,39.19383]},"properties":{"cbsa":"33020","metro":"Mexico  MO","units":28,"sf":28,"mf":0,"small":0,"value":5858000,"mf_share":0.0,"rank":826}},{"type":"Feature","geometry":{"type":"Point","coordinates":[-86.37482,40.8228]},"properties":{"cbsa":"30900","metro":"Logansport  IN","units":28,"sf":28,"mf":0,"small":0,"value":8513000,"mf_share":0.0,"rank":827}},{"type":"Feature","geometry":{"type":"Point","coordinates":[-96.68988,40.30595]},"properties":{"cbsa":"13100","metro":"Beatrice  NE","units":28,"sf":24,"mf":0,"small":4,"value":7983000,"mf_share":0.0,"rank":828}},{"type":"Feature","geometry":{"type":"Point","coordinates":[-87.84689,34.39204]},"properties":{"cbsa":"40770","metro":"Russellville  AL","units":27,"sf":15,"mf":12,"small":0,"value":6507000,"mf_share":0.4444,"rank":829}},{"type":"Feature","geometry":{"type":"Point","coordinates":[-98.9436,46.80561]},"properties":{"cbsa":"27420","metro":"Jamestown  ND","units":27,"sf":27,"mf":0,"small":0,"value":4810000,"mf_share":0.0,"rank":830}},{"type":"Feature","geometry":{"type":"Point","coordinates":[-96.66943,34.7237]},"properties":{"cbsa":"10220","metro":"Ada  OK","units":27,"sf":15,"mf":0,"small":12,"value":5430000,"mf_share":0.0,"rank":831}},{"type":"Feature","geometry":{"type":"Point","coordinates":[-85.92939,31.83561]},"properties":{"cbsa":"45980","metro":"Troy  AL","units":27,"sf":27,"mf":0,"small":0,"value":7531000,"mf_share":0.0,"rank":832}},{"type":"Feature","geometry":{"type":"Point","coordinates":[-89.17826,36.32241]},"properties":{"cbsa":"46460","metro":"Union City  TN","units":27,"sf":27,"mf":0,"small":0,"value":7106000,"mf_share":0.0,"rank":833}},{"type":"Feature","geometry":{"type":"Point","coordinates":[-83.7663,31.91845]},"properties":{"cbsa":"18380","metro":"Cordele  GA","units":27,"sf":27,"mf":0,"small":0,"value":7853000,"mf_share":0.0,"rank":834}},{"type":"Feature","geometry":{"type":"Point","coordinates":[-118.16659,41.32453]},"properties":{"cbsa":"49080","metro":"Winnemucca  NV","units":27,"sf":23,"mf":0,"small":4,"value":3875000,"mf_share":0.0,"rank":835}},{"type":"Feature","geometry":{"type":"Point","coordinates":[-117.51363,46.84984]},"properties":{"cbsa":"39420","metro":"Pullman  WA","units":26,"sf":22,"mf":0,"small":4,"value":8525000,"mf_share":0.0,"rank":836}},{"type":"Feature","geometry":{"type":"Point","coordinates":[-93.20573,31.74789]},"properties":{"cbsa":"35060","metro":"Natchitoches  LA","units":26,"sf":26,"mf":0,"small":0,"value":7195000,"mf_share":0.0,"rank":837}},{"type":"Feature","geometry":{"type":"Point","coordinates":[-78.7463,41.42105]},"properties":{"cbsa":"41260","metro":"St. Marys  PA","units":23,"sf":21,"mf":0,"small":2,"value":5260000,"mf_share":0.0,"rank":838}},{"type":"Feature","geometry":{"type":"Point","coordinates":[-93.19068,39.17284]},"properties":{"cbsa":"32180","metro":"Marshall  MO","units":23,"sf":19,"mf":0,"small":4,"value":6766000,"mf_share":0.0,"rank":839}},{"type":"Feature","geometry":{"type":"Point","coordinates":[-89.93328,41.72907]},"properties":{"cbsa":"44580","metro":"Sterling  IL","units":23,"sf":23,"mf":0,"small":0,"value":8549000,"mf_share":0.0,"rank":840}},{"type":"Feature","geometry":{"type":"Point","coordinates":[-95.83684,44.36946]},"properties":{"cbsa":"32140","metro":"Marshall  MN","units":23,"sf":19,"mf":0,"small":4,"value":8437000,"mf_share":0.0,"rank":841}},{"type":"Feature","geometry":{"type":"Point","coordinates":[-94.16462,42.34097]},"properties":{"cbsa":"22700","metro":"Fort Dodge  IA","units":23,"sf":23,"mf":0,"small":0,"value":5687000,"mf_share":0.0,"rank":842}},{"type":"Feature","geometry":{"type":"Point","coordinates":[-98.31833,32.79477]},"properties":{"cbsa":"33420","metro":"Mineral Wells  TX","units":22,"sf":22,"mf":0,"small":0,"value":6512000,"mf_share":0.0,"rank":843}},{"type":"Feature","geometry":{"type":"Point","coordinates":[-95.02876,35.90765]},"properties":{"cbsa":"45140","metro":"Tahlequah  OK","units":22,"sf":16,"mf":0,"small":6,"value":4762000,"mf_share":0.0,"rank":844}},{"type":"Feature","geometry":{"type":"Point","coordinates":[-96.98337,42.94747]},"properties":{"cbsa":"46820","metro":"Vermillion  SD","units":21,"sf":16,"mf":5,"small":0,"value":4898000,"mf_share":0.2381,"rank":845}},{"type":"Feature","geometry":{"type":"Point","coordinates":[-98.27795,44.37056]},"properties":{"cbsa":"26700","metro":"Huron  SD","units":21,"sf":21,"mf":0,"small":0,"value":7056000,"mf_share":0.0,"rank":846}},{"type":"Feature","geometry":{"type":"Point","coordinates":[-105.5471,44.34858]},"properties":{"cbsa":"23940","metro":"Gillette  WY","units":21,"sf":21,"mf":0,"small":0,"value":8649000,"mf_share":0.0,"rank":847}},{"type":"Feature","geometry":{"type":"Point","coordinates":[-108.56669,43.14755]},"properties":{"cbsa":"40180","metro":"Riverton  WY","units":21,"sf":11,"mf":0,"small":10,"value":4396000,"mf_share":0.0,"rank":848}},{"type":"Feature","geometry":{"type":"Point","coordinates":[-97.78262,36.31399]},"properties":{"cbsa":"21420","metro":"Enid  OK","units":20,"sf":10,"mf":0,"small":10,"value":4219000,"mf_share":0.0,"rank":849}},{"type":"Feature","geometry":{"type":"Point","coordinates":[-99.4243,34.54758]},"properties":{"cbsa":"11060","metro":"Altus  OK","units":20,"sf":20,"mf":0,"small":0,"value":5371000,"mf_share":0.0,"rank":850}},{"type":"Feature","geometry":{"type":"Point","coordinates":[-100.85045,37.19067]},"properties":{"cbsa":"30580","metro":"Liberal  KS","units":20,"sf":16,"mf":0,"small":4,"value":3887000,"mf_share":0.0,"rank":851}},{"type":"Feature","geometry":{"type":"Point","coordinates":[-88.26631,36.5911]},"properties":{"cbsa":"34660","metro":"Murray  KY","units":20,"sf":12,"mf":0,"small":8,"value":5323000,"mf_share":0.0,"rank":852}},{"type":"Feature","geometry":{"type":"Point","coordinates":[-81.30698,37.26081]},"properties":{"cbsa":"14140","metro":"Bluefield  WV-VA","units":20,"sf":20,"mf":0,"small":0,"value":3745000,"mf_share":0.0,"rank":853}},{"type":"Feature","geometry":{"type":"Point","coordinates":[-90.85731,33.85084]},"properties":{"cbsa":"17380","metro":"Cleveland  MS","units":20,"sf":20,"mf":0,"small":0,"value":4624000,"mf_share":0.0,"rank":854}},{"type":"Feature","geometry":{"type":"Point","coordinates":[-95.33501,39.5436]},"properties":{"cbsa":"11860","metro":"Atchison  KS","units":19,"sf":19,"mf":0,"small":0,"value":4891000,"mf_share":0.0,"rank":855}},{"type":"Feature","geometry":{"type":"Point","coordinates":[-95.90532,36.76973]},"properties":{"cbsa":"12780","metro":"Bartlesville  OK","units":19,"sf":17,"mf":0,"small":2,"value":4792000,"mf_share":0.0,"rank":856}},{"type":"Feature","geometry":{"type":"Point","coordinates":[-101.89303,35.84138]},"properties":{"cbsa":"20300","metro":"Dumas  TX","units":19,"sf":15,"mf":0,"small":4,"value":3019000,"mf_share":0.0,"rank":857}},{"type":"Feature","geometry":{"type":"Point","coordinates":[-92.58219,33.20809]},"properties":{"cbsa":"20980","metro":"El Dorado  AR","units":19,"sf":19,"mf":0,"small":0,"value":3585000,"mf_share":0.0,"rank":858}},{"type":"Feature","geometry":{"type":"Point","coordinates":[-95.69675,31.81004]},"properties":{"cbsa":"37300","metro":"Palestine  TX","units":19,"sf":19,"mf":0,"small":0,"value":4329000,"mf_share":0.0,"rank":859}},{"type":"Feature","geometry":{"type":"Point","coordinates":[-90.18136,40.44371]},"properties":{"cbsa":"15900","metro":"Canton  IL","units":18,"sf":14,"mf":0,"small":4,"value":5976000,"mf_share":0.0,"rank":860}},{"type":"Feature","geometry":{"type":"Point","coordinates":[-97.68729,27.3725]},"properties":{"cbsa":"28780","metro":"Kingsville  TX","units":18,"sf":18,"mf":0,"small":0,"value":3017000,"mf_share":0.0,"rank":861}},{"type":"Feature","geometry":{"type":"Point","coordinates":[-66.86766,18.27795]},"properties":{"cbsa":"29720","metro":"Lares  PR","units":18,"sf":18,"mf":0,"small":0,"value":1715000,"mf_share":0.0,"rank":862}},{"type":"Feature","geometry":{"type":"Point","coordinates":[-88.3068,36.30799]},"properties":{"cbsa":"37540","metro":"Paris  TN","units":18,"sf":18,"mf":0,"small":0,"value":1484000,"mf_share":0.0,"rank":863}},{"type":"Feature","geometry":{"type":"Point","coordinates":[-94.8087,36.85483]},"properties":{"cbsa":"33060","metro":"Miami  OK","units":17,"sf":17,"mf":0,"small":0,"value":3319000,"mf_share":0.0,"rank":864}},{"type":"Feature","geometry":{"type":"Point","coordinates":[-83.16135,31.71859]},"properties":{"cbsa":"22340","metro":"Fitzgerald  GA","units":17,"sf":13,"mf":0,"small":4,"value":2348000,"mf_share":0.0,"rank":865}},{"type":"Feature","geometry":{"type":"Point","coordinates":[-80.69399,40.37087]},"properties":{"cbsa":"48260","metro":"Weirton-Steubenville  WV-OH","units":17,"sf":17,"mf":0,"small":0,"value":5388000,"mf_share":0.0,"rank":866}},{"type":"Feature","geometry":{"type":"Point","coordinates":[-120.529,40.44595]},"properties":{"cbsa":"45000","metro":"Susanville  CA","units":17,"sf":9,"mf":0,"small":8,"value":5201000,"mf_share":0.0,"rank":867}},{"type":"Feature","geometry":{"type":"Point","coordinates":[-88.21708,39.56645]},"properties":{"cbsa":"16660","metro":"Charleston-Mattoon  IL","units":16,"sf":16,"mf":0,"small":0,"value":4158000,"mf_share":0.0,"rank":868}},{"type":"Feature","geometry":{"type":"Point","coordinates":[-95.15114,42.73572]},"properties":{"cbsa":"44740","metro":"Storm Lake  IA","units":16,"sf":14,"mf":0,"small":2,"value":5275000,"mf_share":0.0,"rank":869}},{"type":"Feature","geometry":{"type":"Point","coordinates":[-101.49006,36.74661]},"properties":{"cbsa":"25100","metro":"Guymon  OK","units":16,"sf":16,"mf":0,"small":0,"value":2295000,"mf_share":0.0,"rank":870}},{"type":"Feature","geometry":{"type":"Point","coordinates":[-85.16735,39.62049]},"properties":{"cbsa":"18220","metro":"Connersville  IN","units":16,"sf":16,"mf":0,"small":0,"value":4015000,"mf_share":0.0,"rank":871}},{"type":"Feature","geometry":{"type":"Point","coordinates":[-82.46718,37.47676]},"properties":{"cbsa":"38210","metro":"Pikeville  KY","units":16,"sf":5,"mf":0,"small":11,"value":5035000,"mf_share":0.0,"rank":872}},{"type":"Feature","geometry":{"type":"Point","coordinates":[-66.71568,18.26721]},"properties":{"cbsa":"46580","metro":"Utuado  PR","units":15,"sf":15,"mf":0,"small":0,"value":1516000,"mf_share":0.0,"rank":873}},{"type":"Feature","geometry":{"type":"Point","coordinates":[-106.32832,35.88496]},"properties":{"cbsa":"31060","metro":"Los Alamos  NM","units":15,"sf":15,"mf":0,"small":0,"value":3000000,"mf_share":0.0,"rank":874}},{"type":"Feature","geometry":{"type":"Point","coordinates":[-90.28143,39.61274]},"properties":{"cbsa":"27300","metro":"Jacksonville  IL","units":15,"sf":5,"mf":0,"small":10,"value":2687000,"mf_share":0.0,"rank":875}},{"type":"Feature","geometry":{"type":"Point","coordinates":[-89.66062,42.35172]},"properties":{"cbsa":"23300","metro":"Freeport  IL","units":14,"sf":14,"mf":0,"small":0,"value":4970000,"mf_share":0.0,"rank":876}},{"type":"Feature","geometry":{"type":"Point","coordinates":[-97.70531,28.41956]},"properties":{"cbsa":"13300","metro":"Beeville  TX","units":14,"sf":14,"mf":0,"small":0,"value":4147000,"mf_share":0.0,"rank":877}},{"type":"Feature","geometry":{"type":"Point","coordinates":[-94.55102,43.67425]},"properties":{"cbsa":"21860","metro":"Fairmont  MN","units":13,"sf":13,"mf":0,"small":0,"value":3954000,"mf_share":0.0,"rank":878}},{"type":"Feature","geometry":{"type":"Point","coordinates":[-85.43895,37.28699]},"properties":{"cbsa":"15820","metro":"Campbellsville  KY","units":13,"sf":13,"mf":0,"small":0,"value":3381000,"mf_share":0.0,"rank":879}},{"type":"Feature","geometry":{"type":"Point","coordinates":[-93.34888,43.67384]},"properties":{"cbsa":"10660","metro":"Albert Lea  MN","units":13,"sf":13,"mf":0,"small":0,"value":4193000,"mf_share":0.0,"rank":880}},{"type":"Feature","geometry":{"type":"Point","coordinates":[-81.90571,40.3036]},"properties":{"cbsa":"18740","metro":"Coshocton  OH","units":12,"sf":4,"mf":0,"small":8,"value":1558000,"mf_share":0.0,"rank":881}},{"type":"Feature","geometry":{"type":"Point","coordinates":[-88.9232,38.36527]},"properties":{"cbsa":"34500","metro":"Mount Vernon  IL","units":12,"sf":12,"mf":0,"small":0,"value":1345000,"mf_share":0.0,"rank":882}},{"type":"Feature","geometry":{"type":"Point","coordinates":[-88.9187,38.6712]},"properties":{"cbsa":"16460","metro":"Centralia  IL","units":12,"sf":4,"mf":0,"small":8,"value":763000,"mf_share":0.0,"rank":883}},{"type":"Feature","geometry":{"type":"Point","coordinates":[-93.23575,33.13845]},"properties":{"cbsa":"31620","metro":"Magnolia  AR","units":11,"sf":7,"mf":0,"small":4,"value":1888000,"mf_share":0.0,"rank":884}},{"type":"Feature","geometry":{"type":"Point","coordinates":[-99.76231,29.3573]},"properties":{"cbsa":"46620","metro":"Uvalde  TX","units":11,"sf":11,"mf":0,"small":0,"value":1458000,"mf_share":0.0,"rank":885}},{"type":"Feature","geometry":{"type":"Point","coordinates":[-92.60223,40.32275]},"properties":{"cbsa":"28860","metro":"Kirksville  MO","units":10,"sf":10,"mf":0,"small":0,"value":3447000,"mf_share":0.0,"rank":886}},{"type":"Feature","geometry":{"type":"Point","coordinates":[-80.26098,39.51646]},"properties":{"cbsa":"21900","metro":"Fairmont  WV","units":10,"sf":10,"mf":0,"small":0,"value":1197000,"mf_share":0.0,"rank":887}},{"type":"Feature","geometry":{"type":"Point","coordinates":[-117.52664,36.64448]},"properties":{"cbsa":"13860","metro":"Bishop  CA","units":10,"sf":10,"mf":0,"small":0,"value":2908000,"mf_share":0.0,"rank":888}},{"type":"Feature","geometry":{"type":"Point","coordinates":[-87.73604,40.18676]},"properties":{"cbsa":"19180","metro":"Danville  IL","units":10,"sf":10,"mf":0,"small":0,"value":2223000,"mf_share":0.0,"rank":889}},{"type":"Feature","geometry":{"type":"Point","coordinates":[-82.96268,38.80257]},"properties":{"cbsa":"39020","metro":"Portsmouth  OH","units":10,"sf":10,"mf":0,"small":0,"value":2796000,"mf_share":0.0,"rank":890}},{"type":"Feature","geometry":{"type":"Point","coordinates":[-98.75637,38.43509]},"properties":{"cbsa":"24460","metro":"Great Bend  KS","units":9,"sf":9,"mf":0,"small":0,"value":2520000,"mf_share":0.0,"rank":891}},{"type":"Feature","geometry":{"type":"Point","coordinates":[-100.40611,32.3041]},"properties":{"cbsa":"45020","metro":"Sweetwater  TX","units":8,"sf":8,"mf":0,"small":0,"value":1221000,"mf_share":0.0,"rank":892}},{"type":"Feature","geometry":{"type":"Point","coordinates":[-100.81308,35.62228]},"properties":{"cbsa":"37420","metro":"Pampa  TX","units":8,"sf":8,"mf":0,"small":0,"value":2370000,"mf_share":0.0,"rank":893}},{"type":"Feature","geometry":{"type":"Point","coordinates":[-93.02751,34.30989]},"properties":{"cbsa":"31680","metro":"Malvern  AR","units":7,"sf":7,"mf":0,"small":0,"value":2047000,"mf_share":0.0,"rank":894}},{"type":"Feature","geometry":{"type":"Point","coordinates":[-90.89156,33.25148]},"properties":{"cbsa":"24740","metro":"Greenville  MS","units":7,"sf":7,"mf":0,"small":0,"value":3523000,"mf_share":0.0,"rank":895}},{"type":"Feature","geometry":{"type":"Point","coordinates":[-83.12634,36.00763]},"properties":{"cbsa":"35460","metro":"Newport  TN","units":7,"sf":1,"mf":0,"small":6,"value":1056000,"mf_share":0.0,"rank":896}},{"type":"Feature","geometry":{"type":"Point","coordinates":[-82.38218,38.81365]},"properties":{"cbsa":"23680","metro":"Gallipolis  OH","units":7,"sf":4,"mf":0,"small":3,"value":728000,"mf_share":0.0,"rank":897}},{"type":"Feature","geometry":{"type":"Point","coordinates":[-101.56472,34.07296]},"properties":{"cbsa":"38380","metro":"Plainview  TX","units":7,"sf":7,"mf":0,"small":0,"value":1166000,"mf_share":0.0,"rank":898}},{"type":"Feature","geometry":{"type":"Point","coordinates":[-81.52473,39.42]},"properties":{"cbsa":"31930","metro":"Marietta  OH","units":7,"sf":7,"mf":0,"small":0,"value":1412000,"mf_share":0.0,"rank":899}},{"type":"Feature","geometry":{"type":"Point","coordinates":[-99.27901,36.33561]},"properties":{"cbsa":"49260","metro":"Woodward  OK","units":6,"sf":6,"mf":0,"small":0,"value":1205000,"mf_share":0.0,"rank":900}},{"type":"Feature","geometry":{"type":"Point","coordinates":[-101.43558,32.30582]},"properties":{"cbsa":"13700","metro":"Big Spring  TX","units":6,"sf":6,"mf":0,"small":0,"value":1777000,"mf_share":0.0,"rank":901}},{"type":"Feature","geometry":{"type":"Point","coordinates":[-99.21386,34.14344]},"properties":{"cbsa":"46900","metro":"Vernon  TX","units":6,"sf":6,"mf":0,"small":0,"value":1777000,"mf_share":0.0,"rank":902}},{"type":"Feature","geometry":{"type":"Point","coordinates":[-90.26644,31.15434]},"properties":{"cbsa":"32620","metro":"McComb  MS","units":6,"sf":4,"mf":0,"small":2,"value":700000,"mf_share":0.0,"rank":903}},{"type":"Feature","geometry":{"type":"Point","coordinates":[-93.15133,34.02689]},"properties":{"cbsa":"11660","metro":"Arkadelphia  AR","units":6,"sf":6,"mf":0,"small":0,"value":1685000,"mf_share":0.0,"rank":904}},{"type":"Feature","geometry":{"type":"Point","coordinates":[-90.83442,32.34927]},"properties":{"cbsa":"46980","metro":"Vicksburg  MS","units":6,"sf":6,"mf":0,"small":0,"value":2016000,"mf_share":0.0,"rank":905}},{"type":"Feature","geometry":{"type":"Point","coordinates":[-80.87651,39.95674]},"properties":{"cbsa":"48540","metro":"Wheeling  WV-OH","units":5,"sf":5,"mf":0,"small":0,"value":2097000,"mf_share":0.0,"rank":906}},{"type":"Feature","geometry":{"type":"Point","coordinates":[-103.1182,40.7273]},"properties":{"cbsa":"44540","metro":"Sterling  CO","units":5,"sf":5,"mf":0,"small":0,"value":5521000,"mf_share":0.0,"rank":907}},{"type":"Feature","geometry":{"type":"Point","coordinates":[-87.13534,32.41188]},"properties":{"cbsa":"42820","metro":"Selma  AL","units":5,"sf":5,"mf":0,"small":0,"value":942000,"mf_share":0.0,"rank":908}},{"type":"Feature","geometry":{"type":"Point","coordinates":[-89.41479,37.77796]},"properties":{"cbsa":"16060","metro":"Carbondale  IL","units":4,"sf":4,"mf":0,"small":0,"value":269000,"mf_share":0.0,"rank":909}},{"type":"Feature","geometry":{"type":"Point","coordinates":[-92.58938,37.68119]},"properties":{"cbsa":"30060","metro":"Lebanon  MO","units":4,"sf":4,"mf":0,"small":0,"value":1367000,"mf_share":0.0,"rank":910}},{"type":"Feature","geometry":{"type":"Point","coordinates":[-91.44751,31.43518]},"properties":{"cbsa":"35020","metro":"Natchez  MS-LA","units":4,"sf":4,"mf":0,"small":0,"value":1140000,"mf_share":0.0,"rank":911}},{"type":"Feature","geometry":{"type":"Point","coordinates":[-82.91903,40.85302]},"properties":{"cbsa":"15340","metro":"Bucyrus  OH","units":3,"sf":3,"mf":0,"small":0,"value":1028000,"mf_share":0.0,"rank":912}},{"type":"Feature","geometry":{"type":"Point","coordinates":[-105.86499,32.7393]},"properties":{"cbsa":"10460","metro":"Alamogordo  NM","units":3,"sf":3,"mf":0,"small":0,"value":890000,"mf_share":0.0,"rank":913}},{"type":"Feature","geometry":{"type":"Point","coordinates":[-92.71656,33.60035]},"properties":{"cbsa":"15780","metro":"Camden  AR","units":3,"sf":3,"mf":0,"small":0,"value":625000,"mf_share":0.0,"rank":914}},{"type":"Feature","geometry":{"type":"Point","coordinates":[-98.14598,27.45051]},"properties":{"cbsa":"10860","metro":"Alice  TX","units":3,"sf":3,"mf":0,"small":0,"value":435000,"mf_share":0.0,"rank":915}},{"type":"Feature","geometry":{"type":"Point","coordinates":[-123.44121,39.38425]},"properties":{"cbsa":"46380","metro":"Ukiah  CA","units":3,"sf":3,"mf":0,"small":0,"value":339000,"mf_share":0.0,"rank":916}},{"type":"Feature","geometry":{"type":"Point","coordinates":[-101.35453,35.84027]},"properties":{"cbsa":"14420","metro":"Borger  TX","units":2,"sf":2,"mf":0,"small":0,"value":592000,"mf_share":0.0,"rank":917}},{"type":"Feature","geometry":{"type":"Point","coordinates":[-107.76086,32.29835]},"properties":{"cbsa":"19700","metro":"Deming  NM","units":2,"sf":2,"mf":0,"small":0,"value":408000,"mf_share":0.0,"rank":918}},{"type":"Feature","geometry":{"type":"Point","coordinates":[-99.68137,35.30218]},"properties":{"cbsa":"21120","metro":"Elk City  OK","units":2,"sf":2,"mf":0,"small":0,"value":1092000,"mf_share":0.0,"rank":919}},{"type":"Feature","geometry":{"type":"Point","coordinates":[-85.33487,34.45526]},"properties":{"cbsa":"44900","metro":"Summerville  GA","units":2,"sf":2,"mf":0,"small":0,"value":506000,"mf_share":0.0,"rank":920}},{"type":"Feature","geometry":{"type":"Point","coordinates":[-89.11598,32.02506]},"properties":{"cbsa":"29860","metro":"Laurel  MS","units":2,"sf":2,"mf":0,"small":0,"value":575000,"mf_share":0.0,"rank":921}},{"type":"Feature","geometry":{"type":"Point","coordinates":[-90.64131,34.24882]},"properties":{"cbsa":"17260","metro":"Clarksdale  MS","units":2,"sf":2,"mf":0,"small":0,"value":65000,"mf_share":0.0,"rank":922}},{"type":"Feature","geometry":{"type":"Point","coordinates":[-90.67681,40.49595]},"properties":{"cbsa":"31380","metro":"Macomb  IL","units":1,"sf":1,"mf":0,"small":0,"value":80000,"mf_share":0.0,"rank":923}},{"type":"Feature","geometry":{"type":"Point","coordinates":[-100.9161,32.74559]},"properties":{"cbsa":"43660","metro":"Snyder  TX","units":1,"sf":1,"mf":0,"small":0,"value":180000,"mf_share":0.0,"rank":924}},{"type":"Feature","geometry":{"type":"Point","coordinates":[-90.21332,40.93178]},"properties":{"cbsa":"23660","metro":"Galesburg  IL","units":1,"sf":1,"mf":0,"small":0,"value":115000,"mf_share":0.0,"rank":925}},{"type":"Feature","geometry":{"type":"Point","coordinates":[-90.72348,35.07334]},"properties":{"cbsa":"22620","metro":"Forrest City  AR","units":1,"sf":1,"mf":0,"small":0,"value":296000,"mf_share":0.0,"rank":926}},{"type":"Feature","geometry":{"type":"Point","coordinates":[-108.17787,35.48893]},"properties":{"cbsa":"23700","metro":"Gallup  NM","units":0,"sf":0,"mf":0,"small":0,"value":0,"mf_share":null,"rank":927}},{"type":"Feature","geometry":{"type":"Point","coordinates":[-90.04034,30.85577]},"properties":{"cbsa":"14220","metro":"Bogalusa  LA","units":0,"sf":0,"mf":0,"small":0,"value":0,"mf_share":null,"rank":928}},{"type":"Feature","geometry":{"type":"Point","coordinates":[-104.78065,35.60104]},"properties":{"cbsa":"29780","metro":"Las Vegas  NM","units":0,"sf":0,"mf":0,"small":0,"value":0,"mf_share":null,"rank":929}},{"type":"Feature","geometry":{"type":"Point","coordinates":[-98.79451,26.52509]},"properties":{"cbsa":"40100","metro":"Rio Grande City-Roma  TX","units":0,"sf":0,"mf":0,"small":0,"value":0,"mf_share":null,"rank":930}},{"type":"Feature","geometry":{"type":"Point","coordinates":[-79.82505,38.76327]},"properties":{"cbsa":"21180","metro":"Elkins  WV","units":0,"sf":0,"mf":0,"small":0,"value":0,"mf_share":null,"rank":931}}]}